1.6009736919651982,15.495844143134521,15.631403616150546,15.393213701143218,4.229928978813227,1.5
1.6392871554571904,15.585111466816837,16.508926442580968,14.572149184146335,4.035563828806419,1.5
1.7648121119263855,15.704176467191319,14.340418064085632,15.478551637334308,4.368004575858553,1.5
1.8400361555106317,15.793561667178766,15.584963820885427,15.306951174515385,4.205329109260298,1.5
1.8225034477522433,14.861233806082309,14.873497358030416,14.530982944727494,4.1287168463809705,1.5
1.8162500307316936,14.251361288879849,14.931763815324167,15.587321285518057,4.125628777084415,1.5
1.9555004566223066,14.921663960494424,14.272761074750052,13.830419981970453,3.9192322566363167,1.5
1.9907398258200102,15.076192356963137,15.35989713121712,16.011494606422747,3.757831393038721,1.5
2.142905183307292,12.719616756755977,15.067882519367755,14.489254330092363,3.8866562760908376,1.4335005098183267
2.225417819670302,13.922867135911668,14.196815801276248,15.029353100135229,3.7385838217091214,1.2318023273181389
2.2098546473798293,13.939028396981206,13.618523321421774,14.287928250956956,3.8337413758028123,1.0706019168079217
2.30723422698264,12.750273966299957,14.494529556892182,13.872780513230868,3.6866785917808644,0.9465524766029954
2.3782802552182525,13.76596309859965,12.860089123586956,14.437115991822875,3.6479673679218627,0.8517739336929359
2.373181221128359,13.270624611169792,14.139834354556548,13.747127481046757,3.387293973300455,0.7786088426300946
2.454733861535708,13.79146567512101,13.884316905664734,13.164832747516366,3.6140898898679947,0.7208795623223361
2.7033584187131847,12.751483849698069,13.962429240603635,12.617944620853194,3.4368581807092573,0.6739585106636609
2.55571773434109,12.833053047924555,13.94042336096896,11.539518370914669,3.5247328719250475,0.6345014460752174
2.622127230755856,12.780428458658967,13.01808262681614,11.583148423886582,3.5618650053627916,0.6001379400636733
2.785590029828199,12.16556613270936,13.609688633040498,11.265169918776834,3.466017536733419,0.5692072402398478
2.854972270684494,12.926219916245328,13.243443089438623,9.858699332469659,3.367046675853006,0.5405552323050444
2.815668461952406,12.844831832913655,13.609804686895515,9.8014030070338,3.269341556532104,0.5133855226206064
2.8591950621791242,13.20154628758594,13.775813529119732,9.584359194567348,3.290499194123139,0.4871527559706408
35.630836687065475,11.875837994205035,13.325664159967998,9.069287098301144,3.251869070582512,0.4614871350727703
35.39850721497349,12.680070687236137,13.709599225436863,9.313067844646506,3.3616734867401092,0.43614137557868154
33.43058424987048,11.578480507079876,13.293487143360997,8.463328376774863,3.477742351094334,0.41095356585440196
33.08518457144831,12.346940357580795,12.240899472788657,8.33774771191654,3.053745417973764,0.3858212155217443
30.996049066678722,12.27046500512568,13.702107435650976,8.160739617571483,3.1574500305337274,0.3606831418997512
30.169505379928705,11.538923078938206,12.868863184261677,7.521264189963475,3.0578822949214026,0.3355068341619407
29.460407891840788,12.578254516710109,12.15039143695825,7.481350798769588,2.9492147390490877,0.31027964076406145
29.020403374734457,12.166833105117394,12.890239658030747,7.415371085422313,3.0609413200833053,0.28500262348684136
29.681302552356136,11.780093239003113,12.48109223530093,7.4287658630695805,2.6662020957526695,0.2596862706466205
29.303957669622747,10.706857601480387,13.196493391529112,7.189237537347314,2.883719803162026,0.2343475062629314
28.682862163366195,11.860995467126756,11.892066847747834,6.413003505077402,2.882706174757508,0.20900760250190445
27.501734157514356,11.898826297428512,12.430963113343193,6.696810438240471,2.888919148679965,0.18369072166768813
28.65806644755926,10.80974762459914,12.270442176658305,6.8428196510875186,2.739591969003582,0.2381392150135797
29.636114616073282,10.377130639829426,11.433517093106564,7.016529493654816,2.620096014470934,0.2993285036841624
27.816880027201965,10.213631800271202,11.022367148285346,7.223530038683624,2.6243944509907715,0.34630552613519777
9.38749867814089,6.893584125969579,5.373347384537343,3.8289343878894457,5.318123714308285,-0.8884850566195402
9.339626539131551,6.850220544332136,5.142990384626327,3.6505570614661966,5.531133756565648,-1.3229887526163773
8.717884498406022,6.733815607999304,5.114748384590318,3.5559598302632267,4.950429217090842,-1.45930421321707
8.556653392847533,6.792194451377518,5.07852112610963,3.429318663317464,4.494066174361263,-1.4894931424145745
8.523744793068749,7.4514331072626785,5.530436697491248,3.268271702778794,4.434414941681069,-1.4854501381816911
8.10413528010841,8.38316670352824,5.141831893334003,3.349849279153421,3.6046799115044856,-1.4729692655007678
7.917937243935141,7.154504074481555,5.178580656410339,3.1282253205227057,3.6222556633618037,-1.4604931029527306
7.785144896062982,7.994349826124691,5.4593940917033725,2.964014459439484,3.638541445360817,-1.4501701931535
7.446970731487856,7.663473205792115,5.5243004591210765,2.9653824829817985,3.491773105292602,-1.4420370792991746
7.5785384997786265,8.430930850920749,5.815441659477027,3.205910322455746,3.2291617331161824,-1.4355500569822606
7.196524727469263,7.811697398157033,5.78050532375223,2.9995974267507495,3.111664638765298,-1.4301103623822824
6.954118809080637,9.049735385813472,5.5557805823483015,2.930978941774499,2.9436827905051093,-1.4252176356508444
6.608063703240019,8.782782919422015,5.864638141562064,2.993884698921307,2.6977712830510163,-1.4204936496122138
6.4738999878966075,9.204129375970723,6.4121924893814555,2.812716580368112,2.5119430745679745,-1.4156663090932973
6.086295314154663,9.198987638496199,5.9002776308043785,2.907351498110873,2.392949004023785,-1.4105458063366654
6.534585675124971,9.265976868333073,6.303794958645209,2.988795647404448,2.5864022194440786,-1.4050030669124562
6.410886269488833,9.56711131573786,6.393327964319576,3.021488455311248,2.348773700152308,-1.3989528163087397
6.020242844300097,10.371900216373417,6.759773410654525,2.893252334933811,2.2367178194224473,-1.3923410408472983
5.781786675320302,11.16269922481184,6.578667817065753,3.097370722118134,2.1745616020422407,-1.3851359635353575
5.753539650945183,10.880722253973119,7.176270134014653,2.9318861830245897,2.0993826423827486,-1.3773216416795004
5.587897739331696,11.58060961086778,7.23557218448289,3.0036747508273085,2.138427968361728,-1.3688934556582104
5.3708069297375705,11.650322293192408,7.79128659461818,2.9703058936672138,1.9329599317470212,-1.3598549384681355
5.23581290306856,12.876903823475125,8.017703878940733,3.3274948449644772,2.0491333657152992,-1.3502155471024226
4.979280389370353,13.202346933043861,8.447093103373387,3.2230355588562403,1.961015047197934,-1.339989092237102
5.257583276129984,13.43967188668092,8.274364910802097,3.350923660902778,1.86905249594452,-1.3291926268386014
5.247561129625376,14.576763046748033,8.679874826354835,3.3303831305794196,1.9313924519180088,-1.3178456542802441
4.793666723699576,14.649672796408447,10.044288120049671,3.6264291565123883,1.949064853808315,-1.3059695588031883
5.096247498743042,15.57107042044072,9.134006210869602,3.8786327932911635,1.8042336189557464,-1.2935871907270096
5.028654959427858,16.411633912599534,9.490189111064335,4.267054868245129,1.8462018982182964,-1.2807225594394736
4.671266292155868,17.827645551571646,10.714387922730403,4.299074702947704,1.8514761791185963,-1.2674006015518446
4.710115111279242,18.66058773511148,11.203241465585519,4.442446875269381,1.9020890152177774,-1.2536470015893597
4.152720071141498,18.943685713771682,12.529970591774246,4.34941162882216,1.7192922320812223,-1.239488049523402
4.594024767533398,19.891216995247323,12.649722546157117,4.898113196234694,1.9120155816643671,-1.224950524270139
4.4451211638578565,21.336323769011198,13.871616938091066,4.872940745395727,1.8383255027821153,-1.2100615956246719
4.413802380292866,21.77910590795102,14.190515080268879,5.467376843817269,1.9132411188595866,-1.1948487394198999
4.423786773960051,23.58293143795673,14.803056540609404,5.977558248957063,1.9475287195737228,-1.1793396623076637
4.188701569740297,25.598724823819843,17.002425607491283,6.027460548636377,1.878903283977119,-1.163562233673028
4.411527943046296,28.18670337140346,18.145096277382073,7.258027351206683,1.964091247956569,-1.1475444229623424
4.0734003182964384,28.348913952159826,19.06184442835072,8.087741298769387,1.9903618070902485,-1.1313142412366675
3.9496349177170047,33.16023677249052,20.781829148834277,8.348094430328688,1.988779503759278,-1.1148996861273592
3.9065323918698973,37.757274930363096,23.77594796105466,9.384793310728995,2.101983471189463,-1.0983286896213975
3.868950859154749,38.06170081928949,25.619655463238676,10.807415609191263,2.049029226320861,-1.0816290682749048
3.730672825604953,47.09331971295062,28.448070676000803,12.066752561246528,2.0247229091675156,-1.0648284755698616
3.7773053517126414,50.790329925992594,30.380591270982602,12.891340295063822,2.1579971387563024,-1.047954356207703
3.6707193066098083,45.715379467679774,36.08949977193715,15.426590720853813,2.2373157597996807,-1.0310339021868165
3.7604515544607997,37.01929100001738,39.370188837145754,17.148963056068485,2.2208412938457194,-1.0140940105467386
3.4025576644731643,30.8639519093653,46.08839409515383,22.789229920747076,2.155392341446519,-0.9971612426862906
3.58586721120513,27.99560034445218,53.63171835077883,24.994727919028335,2.5845866072123957,-0.9802617851799085
3.3663963082767707,23.371022312514626,48.442322327911214,31.16938228859426,2.468895303898928,-0.9634214120283444
3.6339624065914298,19.616342079182612,40.69296332069424,45.18408042793787,2.44281777602103,-0.9466654482895607
3.2685672748291417,20.167998612753166,36.43405469117313,52.42881956514757,2.5031862007261827,-0.9300187350434919
3.615347348060284,17.507897946057327,33.53999113152212,52.423863768429186,2.6116709464073224,-0.9135055956512533
3.3570212804651534,15.624810605245216,30.44490102823551,45.55627745589787,2.6142806348626446,-0.8971498032768845
3.3927130243707477,14.411777933258865,27.256468751907494,38.762136327567895,2.7540763859184425,-0.8809745496466355
3.309735744867569,13.280778234358207,24.386846317401858,40.22054518706666,2.820486970916594,-0.8650024150287037
3.286165927734224,12.656272144355322,24.00273356156487,36.21198004320641,3.048722875293048,-0.8492553394243629
3.1550182387209693,11.324183849151632,22.59096197444603,34.7902089345978,2.7973021660856547,-0.8337545949699531
3.14145814691636,11.533927324395556,20.618886067256497,34.29320066336342,2.9457548155440563,-0.8185207595581736
2.8997099566537754,10.36657695644511,20.832298552006417,31.49685230694686,3.181018306617473,-0.80357369169592
3.11330556815409,10.016940794007086,18.339449981548576,26.22302557464138,2.961176617126517,-0.788932506625367
3.0926742167000745,8.402540815190306,17.13034591013634,26.06527843411406,3.2235934943975666,-0.7746155537434873
3.2061180024943323,8.664257119598865,17.604712614482114,26.28222776570769,3.180068670948159,-0.732381666323342
1.6911145044664628,14.36460523685769,14.37824664891606,14.320822163438526,4.490341650818303,0.7940775304170709
1.6369965279190173,14.4772898087437,14.742276949237889,13.59326575106082,4.490030269344635,1.219964641983601
1.6596936054134035,14.799512398901086,14.629913159956365,13.901887713085438,4.429689688270348,1.2656673756641745
1.7281226161461958,14.319041259008527,14.093083518605917,12.744162935643732,4.052627069185774,1.217961006575001
1.6804155786253436,13.829141553964567,13.829913804781057,13.81017339216328,4.013896777448186,1.1502480118687262
1.7755345632069772,14.26862084048232,13.301773791811714,14.060977702760555,4.183281438526906,1.085961171913048
1.901660340146245,13.915509048974675,13.695057042639906,12.980907138344701,4.549979418825439,1.0305890455713014
1.783849194347135,12.952622372189863,13.305113810979444,12.737992806540202,4.101798519076861,0.9837134053403105
1.8868679107018087,13.157394189957161,12.407127792307422,12.13105606190943,3.697605695815474,0.9433833745181068
2.102294074363707,12.651011392842678,12.3339811335991,12.529538525303028,4.062459291493009,0.9075948856249894
2.087829310132218,12.004466172454325,12.520805510271094,12.537791295755872,4.215066458024577,0.8747077657497959
2.2039075368926078,12.551143755333358,11.610942963879445,12.665845405669945,3.7600133006576777,0.8434955013700504
2.1103391019542235,12.479883668727338,12.391115431649359,11.361624623955583,3.939065899042736,0.8130849187566082
7.488042305388408,11.393283010879028,12.536626495753753,12.15119401133911,4.007470559342751,0.7828763339346053
17.68290054941861,10.93751783824525,12.878580230699175,11.770053478810858,3.65776959759034,0.7569260744925439
39.71445498545135,11.692167209574048,11.513461626112962,11.92031116173197,3.6981041113839357,0.7336044188534404
38.355281180225695,12.277168564120222,11.950903648086975,12.013922879523722,3.9443937778005362,0.7118564971173387
37.10098583742445,11.265712304451023,11.637357279159398,12.758905615900066,3.6335799930983015,0.6909852179326892
39.962979127045905,10.97305839353861,11.394239264595077,10.669412094360325,3.6188770945186572,0.6705260679253923
39.85431747211052,10.767977175503438,10.66484593184443,12.345525620949827,3.6958120795539653,0.6501700753338879
37.57784509236117,10.598049954645964,12.199886359957485,11.576639990897181,3.4792765466612834,0.6297141211710027
36.58451383812907,11.38177060917164,11.07998029668397,10.80817175064175,3.658365447604054,0.6090278706971667
35.33121290738046,10.16238323991226,11.490489202215834,12.077429924384816,3.640849709014796,0.5880313313397586
36.305872988050425,10.647717349365369,10.850108933029402,10.999129721495773,3.205841356934455,0.5666794411530595
32.44755075873597,10.797922435162924,10.868801051166537,10.305766766427476,3.34912774832356,0.5449514099291025
32.42262523271348,10.522609177716488,9.888230236416122,11.111422030070734,3.4087964647364366,0.5228433150987357
29.39396207384938,10.83841540413774,9.947854860977051,9.629951515864477,3.0861969661319466,0.5003629438106254
28.89841286313176,10.171309658735543,10.668644955971034,9.564903596089664,3.304357841473539,0.4775261921761511
27.114698503925357,9.80481746072894,10.85677910686374,8.560773652078101,3.3870791076955498,0.4543545469901768
25.07239476073688,10.69126181215098,9.976464532112484,8.541759508768934,3.187892439278909,0.4308733212772093
26.283812212023186,9.739856325816767,11.043804256524247,8.282369951418914,3.1403365338011007,0.407110415466999
24.80087491088302,9.353057044326471,10.419882793503382,8.563601312199909,3.217493200011236,0.3830954454803937
23.731527805406394,9.573218407690439,10.18030738984444,7.994880644626127,3.1055358500868095,0.35885912720671487
23.619098969325314,9.630452591278406,9.951338626480732,7.427483834442427,2.9653074272446727,0.33443284035359233
22.288174023931624,9.100785379149116,9.86682821357154,7.35505160871654,3.0234648774260937,0.3098483179554273
23.83275783262286,8.924419786557332,10.055771590675704,7.566268421499243,3.0579940060820556,0.285137424049351
22.44977160856718,9.599394933046993,9.716137690796845,7.753650886001121,2.987327665595984,0.2603319933232535
23.246652858145335,8.41912139365025,9.159852625524781,7.300604625680487,2.939173759191444,0.23546371440907823
22.242237548756705,9.079477323726891,10.131547947438236,6.816541488835662,2.9233414043388692,0.21056404397545506
20.79547340978117,7.991084212241345,9.850485621544486,7.18202329243271,2.7613321695309874,0.1856641425941341
20.969279066663244,8.645144648439208,9.839065894274354,7.118810615655535,2.6865741259978693,0.2412581821316133
22.367677009756928,8.46153127764402,9.33229592931496,6.436484950529297,2.8369963631407153,0.3037077924610457
22.64006185836776,7.933206295464904,8.771822761448778,6.662130209152963,2.4831795053015986,0.18191625671954875
21.384887115859215,7.930863464626931,8.895168688255266,6.680046007862357,2.6948311747160325,-0.008047081464890762
21.591718990250456,7.5309431607330275,9.225153078299318,6.75580912092468,2.670205233908399,-0.1859033875672038
20.925476272088826,8.323798058204503,8.85247719258492,6.709585761446221,2.380484261516313,-0.3320353292412146
21.97664985599723,7.577434237241119,8.397989647894157,6.710477857603345,2.57483013960814,-0.44701911314070936
22.334950396320515,7.669270124034952,8.711313437271196,6.86373649498763,2.66250135287551,-0.5368270166422564
20.436004948960587,8.257181325303128,8.006611201305834,6.747747594082752,2.559850377018197,-0.6077844357256637
23.05521444952962,7.347587031488539,8.209374964652104,7.191871605224102,2.7414469596321274,-0.6651274000456978
22.104114343516056,7.74808252618045,8.430100659612556,7.0262638351467706,2.4319467403090034,-0.7128116699179671
23.0264279626,6.7706672162010015,8.05066462032328,7.510178238800158,2.6586075627058077,-0.7536992681184602
23.704352431402587,7.510916964365464,8.081566130455728,8.213377247882931,2.6583953001661076,-0.7898134161647011
24.49715500089256,7.424048102984128,7.626979645208622,8.562299001529356,2.5249016703856206,-0.8225646781490864
25.314288834568355,7.648677528977147,7.705639102025392,8.647503969067715,2.683427554394868,-0.8529270914757081
26.836404086978735,7.366893351570926,7.762450947237421,8.758953079725433,2.5220602438394124,-0.8815677899143255
28.454058273205312,7.4349769095774585,7.073571546212017,8.347253616043519,2.6419276571048362,-0.9089397390550693
28.27313749789215,6.914927476531742,8.048522174316366,7.723897899251375,2.739603754449373,-0.9353470891985467
29.796624764702273,7.125393554616227,7.036504212581052,7.3155583391733385,2.7240396264551676,-0.96099085098834
32.215952605686056,7.002991636966848,7.061343255640474,7.418118461481126,2.797741079440879,-0.9860006721283192
33.947089539174705,6.483663932392572,7.092804487718089,7.223312147266554,2.786559119650513,-1.010456889762249
35.764883141820626,7.136441581558098,7.0110061376251,7.06821244170638,2.7438100709941895,-1.0344058160660479
35.58083157549324,7.211805226595557,6.483106507890815,7.232224618580031,2.8870255189647858,-1.0578703299612573
40.90931351622696,6.6046333034954,6.997997755219373,7.171304613533576,2.8709306921846,-1.0808572189717798
40.73997407742677,6.847665915258225,6.877136816795186,6.772264207672301,2.740215324608556,-1.1033622735733293
37.9733524132916,6.3223115239936085,6.485193519268741,6.499359250211196,2.9851019357856203,-1.1253738283157455
40.331366934542594,6.977775014382023,7.11736822057583,6.9793545019158545,3.0064191932401227,-1.146875229973024
40.839871345407104,6.054284159599904,6.565881034945643,5.958258613238421,2.9253857986303373,-1.1678465646354477
37.444115367587926,6.459495482200194,6.377116945587653,6.457496741450783,3.2199297657971755,-1.1882658729918039
40.077595521321356,6.5574258138165495,6.271721878790545,6.230292378960459,3.2568877125574485,-1.2081100120576713
24.188493843152273,6.145149260818556,5.562688656743364,6.035578636619074,3.0723448513194986,-1.2273552725440922
24.573327148245003,6.806645944306282,6.111913048675106,5.780727587581805,3.2394775302496956,-1.2459778271679154
21.66452451166157,6.6166234937853465,6.248291133280243,5.628992748794276,3.5069839487759245,-1.2639540617961917
18.860438558251005,6.5153995767879715,5.808067817155749,5.463225818718318,3.5335396470070184,-1.2812608251529167
18.250704398260346,5.904909921561823,5.467834586745837,5.196956004969187,3.9565004567121855,-1.2978756216548017
17.303496740961634,6.637317972021464,6.139852453521806,5.079088547757628,3.682275647368683,-1.31377676423819
16.03942058557227,6.692179557648212,5.751372084792501,5.161508439049507,3.8549474540760773,-1.3289434987197397
15.197050882905945,6.045896125137941,5.742237388516837,5.001545443109282,4.050642226094555,-1.3433561075631495
15.307339765502855,6.469959409498905,5.213737994307788,4.651561725227212,4.061827604079751,-1.3569959983918394
12.942365025238137,6.804673255015966,5.4676741822096595,4.26188616458113,4.367018935811153,-1.3698457808424607
13.120243578898213,6.762580633382563,5.140376609746556,4.585448449735061,4.643456988477019,-1.3818893341526866
12.00940091158442,6.504541863054321,5.180451401240474,4.205238095018353,4.558292742827724,-1.3931118670521945
11.85498051999369,6.371965480449971,5.763345085097069,4.445426315980568,4.999236334283602,-1.4034999709621037
11.301944765230859,6.665853124595929,5.34029755634968,4.139700740703771,4.8512989681291065,-1.4130416671256645
11.26028836662867,6.435829325043843,5.400574764134728,4.033438043466731,5.116285837838073,-1.4217264480366856
10.530228713367691,6.874814182704574,5.124407384549825,4.174437676913127,5.401046235573237,-1.4295453133633114
9.358645001431015,6.652137876797788,5.613151013335772,3.891724881846224,5.337865496040519,-1.436490800458334
9.496337426760725,6.5843121365559005,5.340405140762326,3.8878005215219886,5.964168201126145,-1.4425570094831195
9.387510399879632,7.329251384262633,5.255973824844295,3.6832057506040674,5.621621032339378,-1.4477396231391126
8.76880787915473,7.178123947686845,5.192874715837133,3.488096020699214,5.250566066779854,-1.4520359209889682
8.676957457509124,7.358530459889178,5.374987139586006,3.244120066642319,4.866428148279463,-1.455444788352653
8.090853238844314,7.34435055715858,5.476671136894387,3.45982513186322,4.694018844588603,-1.4579667197779274
8.043527688375784,7.853675622267784,5.485207591277789,3.3987406127182,4.683669764809043,-1.4596038171056869
7.742022671515192,7.557013172850052,5.369084927611655,3.1431822261882627,3.897111569118018,-1.460359782176825
7.590832070266932,7.863744041751875,5.777621140488117,3.413948455001513,3.978193194231752,-1.460239904256712
7.4474291383716125,7.42131295811064,5.1684466194176375,2.8333840721187116,3.604148864541389,-1.4592510422835676
7.191004352686424,7.660573960203571,5.787547890327713,3.1120469845103687,3.589290276368355,-1.4574016020789478
7.07697962960337,7.9509993889692945,5.7402421457842445,3.1418530729972534,3.289505562864789,-1.4547015086890893
7.09238081336242,8.144820166238514,6.073657782415199,3.3802218034940736,3.272699629356428,-1.4511621740557104
6.660789917100163,9.645481721961154,6.123455937883874,2.928823244075261,2.9755704041120445,-1.4467964602424532
6.34678683272965,9.205883676124465,5.9395735738426865,3.1784745166012067,2.875500463961508,-1.4416186384693792
6.065509969162273,9.310645561738637,6.46730704557903,3.0275203812662452,2.7050821256584596,-1.4356443442303022
6.0873168139270835,9.678913275028775,5.5539223661137544,3.0529805585609435,2.4972116800179265,-1.428890528787878
5.742697958185397,9.594560647510383,6.8551497067142835,3.238117353126568,2.590697835571146,-1.421375407357826
6.2505877550303515,10.02285017560673,6.320007032288886,3.1097284896798,2.4143977288686456,-1.4131184043069194
5.548038949375037,9.848357464746215,6.818516512579313,3.0066534265562717,2.413225309196662,-1.404140095698415
5.913045669064641,10.4121525789309,7.529860122151335,3.2513743584542047,2.305392709471814,-1.394462149525058
5.584824618379529,11.059524046480698,6.981808125216977,3.429462513574843,2.177863518616219,-1.3841072639713823
5.46594646901972,11.340578948462733,7.2084584471305675,3.1132950286504575,1.973446580380485,-1.3730991040461353
5.18760759861012,12.162974777126271,7.870101081400543,3.402965277944649,2.073331753332681,-1.361462236920508
4.957099875286526,12.589200380785906,7.7918322725086675,3.479376402078956,2.013256728006688,-1.3492220663002952
5.216998762835762,13.46456861351653,8.569696087863754,3.5184186627406193,1.9792037876791195,-1.3364047661486111
5.2819149693175,12.967074296541515,8.723181837270802,3.6102557335856305,2.0126278436693044,-1.3230372140626998
4.657207387893741,13.395472283195883,9.269821869050237,3.747596066463202,2.0223278953263577,-1.3091469245914364
5.090443359526634,15.594721339515912,9.370661650127794,3.711908004512307,2.056266261260355,-1.2947619827626522
4.722661454119484,16.46891776518519,9.977530645054292,3.914213980154262,1.982222214651693,-1.2799109780687976
4.638643471575309,16.98884498331689,10.95352096311545,4.238134560881052,1.9362589746549748,-1.2646229391384134
4.597518702946666,17.090764852582478,11.205708624913676,4.400462576188237,1.8374055408820402,-1.2489272692980078
4.363135579370692,18.796597545419065,11.961412233300777,4.837554993072109,1.7904058166399701,-1.2328536832062815
4.157953786565887,19.16032291559958,12.655398776343517,5.06022493609969,1.9287236370391878,-1.2164321447186919
4.412074070624611,20.340591009866582,13.406933890710288,5.062113891280705,1.9563299043229088,-1.1996928061171546
4.173591343820862,22.664319705922587,14.56869659559716,5.3749555077744136,2.0038666440195256,-1.1826659488163855
4.174819173642512,23.047360304479735,14.553356658010891,5.814078243626132,1.9824045595402018,-1.165381925636127
4.023894834994653,25.502733834162747,14.409245559826457,6.076808760197815,1.9580123769862885,-1.1478711047067645
4.161998204810899,26.559075377764287,16.511457638954706,6.762714199955954,1.882555766264948,-1.1301638150556432
4.100802172553306,29.6694501852474,18.033842496319256,7.300564843665302,2.0064335773923117,-1.1122902939023893
4.216395391181001,31.366614961974776,19.71569010675174,8.499918109011302,2.2202604631110066,-1.0942806356745334
4.216913740306863,36.82609742459893,20.76431327546148,8.827604896264384,1.9052680566329083,-1.0761647427390462
4.062636295420065,32.81019420299282,23.111473611940553,9.866316622394782,2.135440595744832,-1.0579722778320588
4.0806017002802095,34.19250990616621,26.892540792718073,11.468953660931488,2.209219999969197,-1.0397326181574829
3.8561427142600557,35.10328419312316,30.622428670097317,12.54071130703461,2.2405008633086587,-1.0214748111161762
3.4080654362865284,37.33960223804223,31.817015206389055,14.106964005090607,2.1822742433907814,-1.0032275316199613
3.7808748289743397,32.93762140223427,32.33310121704652,17.328916384099,2.2276648653252678,-0.985019040939999
3.670654313704619,34.8683096688551,34.43195823270515,19.362399887093325,2.393362400637933,-0.9668771470361066
3.695558598116912,33.3043382416161,35.72476360913179,21.382352282453585,2.4331928313410094,-0.948829166313349
3.446810880812768,33.0451075396627,33.624505071421716,26.27769356180518,2.5173156034302724,-0.9309018867531794
3.393022496187211,34.39611681363302,35.79583856931226,32.109587473599255,2.559794235786409,-0.9131215323699744
3.648862631013237,21.65343450038859,36.154780107150955,30.817635979386598,2.50365371894147,-0.8955137289490485
3.3081529034805066,18.423879548044525,33.99852632927715,35.18791419216542,2.775140392828536,-0.8781034710287989
2.862816288436332,16.925195907359466,34.5637365703491,32.818336328100706,2.5735354493259646,-0.8609150900982416
3.28160955706367,16.312477938553897,35.54143596954414,33.39598875198105,2.725810285495858,-0.8439722239903593
3.1513367201866482,14.682079339850008,31.74238312495799,35.6760749229407,2.848091732189087,-0.8272977874625138
3.3421228669367284,13.65713449166083,33.325056056041866,31.40194507843792,2.8547144191427405,-0.8109139439666988
3.3730582393782287,13.156755823660673,31.72440642715957,35.63886202156351,2.8805397142881173,-0.7948420786239958
3.154564197642869,12.502301404103466,32.42307425290904,31.417670641422312,2.7614200857296773,-0.7791027724301375
3.000907160377314,10.623813218396226,22.169274543165834,34.61085500211766,3.0473883537096285,-0.7637157777312931
3.069354800397121,10.856363057648464,21.34216105411652,32.52067327229644,3.2168711726277404,-0.7486999950211404
2.8213827500130297,10.081638989836762,20.049751538558933,32.36441863003873,3.0979510865816873,-0.7340734511215956
3.025001210462528,9.381421385814726,17.239244043371038,33.34716787948862,3.2010878860462957,-0.7198532788203428
2.843586538686672,8.923991429571766,18.44256250109096,33.45792207298367,3.317483177707381,-0.706055698047705
2.772577688451049,8.667451750521474,17.89694214172116,33.26182519947212,3.2222663627475154,-0.6926959986833034
1.5798145979290537,17.96941508540425,17.558886487947674,16.77917213136236,4.693332444690736,0.7216459850143329
1.6338235989835725,16.575024225260375,18.13965263609491,16.44321358676307,4.614842444199378,1.1310147376092108
1.6816317615339718,16.99605234196377,15.625875182287313,16.768403545659734,4.685185926000987,1.1895512491443896
1.7800045727252667,15.162334358219955,17.117058697926154,17.05476956092081,4.3320788531588565,1.1403409965474325
1.722117835729323,15.933082307237282,15.446222429212522,15.399843863704337,4.258086645256118,1.0884915936512538
1.7145656378966598,16.02019421196361,17.528744433280362,16.47999474702748,4.451113769659968,1.0424137769499373
1.8124376671719384,15.743363326949549,18.086806947883307,15.690008927695603,4.320171140396625,1.0030237473261407
1.806028842326689,16.216629250849568,16.490355031034092,15.692814543624017,3.976866569357652,0.9690272078543689
1.8899290243747857,16.325236175349456,16.514234858097918,16.141668093694946,4.17560833872124,0.9387711312898461
1.97367116319771,15.997018218618505,14.453987834173683,15.229197128006398,4.069214743517354,0.9108183092951484
2.2272300191068988,14.635517223000733,14.572453251081184,14.445748624979174,4.14626948456174,0.884067175648594
2.000363260280575,14.152373728796457,15.609760378555215,15.018173118583121,4.103861976391205,0.8577249145674463
2.043488074355355,14.562274058954097,15.759052454004983,15.326514308247157,4.148886449858749,0.8312449580420992
2.2009852648383808,14.247767062035727,14.293672101103798,15.387625833502495,3.81387151508546,0.8042658372953723
2.18571128697094,14.177447354729685,15.028338240857222,15.45909093596593,4.00173099843554,0.7765613159572107
2.277423100903604,13.995905761799479,13.98934471068704,15.28015441028463,4.092340382546912,0.7522624792300949
2.082768425925085,14.20432073748641,14.893211882246279,14.773932226579038,3.723874379577992,0.7300795619801324
2.3196414156593086,13.136120449768915,15.080884189182566,15.187712690682927,3.8773715931990105,0.7091449750638228
2.2793499760861216,13.694501363587062,15.35823826142686,14.77175687694026,3.6482751183987747,0.6888726492439713
2.552635203417208,14.553773286261299,14.415411218027762,15.078907784804038,3.465820116953145,0.6688677635125418
2.5830974530503816,14.057807152417011,14.098965064966892,13.728272845531675,3.606283070243947,0.6488668690431301
2.5527093238364245,13.018191804344957,14.56057137470326,12.40419151623255,3.6060001182992076,0.6286973446872944
2.79191738190392,13.57009504965818,13.874195635868174,12.612426136062956,3.3782539365808195,0.608249597727715
2.7520655516216137,13.582281516734053,14.061177373762105,11.645899177235256,3.595444110667432,0.5874578612301546
2.7632927399424183,13.021583675795293,13.48408106082701,10.721528908005547,3.4659748787258584,0.5662868702316907
2.8933471790724816,12.98303821183351,14.068956893201364,11.110934468810381,3.150888589536087,0.544722591037604
2.7507151687416047,12.502367889451794,13.604037347611758,9.849955221682828,3.2002284498575793,0.522765758235099
2.8169335272150366,12.826194392192,13.194231799763475,10.201960089766965,3.2241942872584124,0.50042736219441
2.8657314923196693,13.63077656870933,13.30219119918821,9.773737671814263,3.369789684287475,0.47772549391071273
2.9482292732761883,12.423147141526753,13.427806781660134,9.40678484027776,3.2626451550669042,0.4546831355225638
2.9218157003742644,12.919989290458679,14.01585022222107,9.592875469837637,3.1894193594770774,0.43132661029373465
3.1308628898895656,12.741220906395801,14.616592350420405,8.978306353667564,3.050928504866609,0.4076844928516656
34.62417447931577,12.344875555823386,12.905531567163896,8.450423114576736,3.4516209091131183,0.38378684093521964
33.79341432851242,12.029841744207458,12.690286950626014,8.19676435679835,3.1040224645495975,0.3596646519599196
31.863655404860047,12.10971355850134,13.444262033016118,7.681546207297556,3.021426326120739,0.33534947698129536
34.59526956118392,12.318693066878426,12.147688286935098,7.545021132505646,2.683911794308968,0.31087314501840607
29.26208384721512,12.06354235649156,12.917999514393104,7.353796676620313,2.7985811198547634,0.28626756489230054
28.8214773064334,11.906797409805014,12.605770483543616,7.612873752167763,2.7303995305538207,0.26156458162093954
27.68169037194386,12.516487980889902,13.820100666773842,7.001760048715941,2.9825729441039557,0.23679587129771593
27.58009622664038,11.704648404559721,13.886928788252305,7.63637647709389,2.975971878473797,0.2119928631790445
29.661482871645948,11.988139914984009,13.26770623156845,6.869162148894894,2.7362358941428035,0.18718668105055702
29.134444693941916,11.843563053147697,12.284214374199212,6.8936900306511255,2.7864245632144815,0.24307409521190876
30.94224492754067,11.655898642323733,11.939139131431647,7.011033512635986,2.757640743747201,0.30584697146359663
28.49294391638564,10.803764535908273,12.089494583895705,7.127918419250142,2.6412691142256572,0.3543021747101277
9.694962142800843,7.014872440441656,5.428551026995851,3.5915789650989196,5.61758786374738,-0.9305176738598837
9.578896862997524,7.298758916725069,4.9789954592214505,3.4366303186461282,5.38937504791486,-1.3714093250275803
9.09236790424997,6.656964702422005,5.499448374006477,3.5486106529008437,5.507282359987258,-1.5
8.751805679718707,6.7847857793299395,5.4571017982239445,3.4696939464410494,5.086268046677193,-1.5
8.670700499635371,7.3008749145188805,5.43909966556034,3.2453667777973108,4.152600272892286,-1.5
8.635751929547922,7.5558380945354005,5.1397293968033155,3.3251996724789343,4.118811353368759,-1.4952267125594458
7.690348802033473,7.544286644916009,5.5278958738067185,3.3369426684027137,3.745829599945975,-1.477454789427513
7.884680073224656,7.601990934453193,5.790198650109101,3.2429128312791624,3.7952232462912905,-1.462579866226485
7.603255958910122,8.459513752481184,6.467146551482614,3.560174605075648,3.6844035934555777,-1.45084798587492
6.821745371477755,8.032013515487021,5.52627015473857,3.0658337307469474,3.4010366421392213,-1.4415966802243105
7.2222658558504875,8.453446443959882,5.859501441927826,3.20068423952511,3.0417515322066686,-1.4340412061527639
7.036292703872362,8.250304672114348,5.950435793530746,2.963139666350713,3.0064434523178143,-1.4275115738311592
6.287859757849306,8.75148600927299,5.555950093583555,2.9651991577014916,2.9341075984758485,-1.421495988693863
6.488867518970257,8.957158471848182,6.3305864921765505,3.0779486580660245,2.7259307661475276,-1.4156235189541888
6.431314226132695,8.94289051793323,5.992973452307224,3.1143446198489504,2.6372105528713035,-1.409633438218938
6.109776729975063,8.887427185243931,6.38431279021925,2.8636024349392097,2.405046394697493,-1.4033466321643244
5.761731893723134,9.701921431770652,6.770544934508375,3.0917589061693573,2.546082820031401,-1.3966428712601726
5.894468312934207,10.290717750038084,6.204044149447338,3.041575620296941,2.1881525336757925,-1.3894438921229169
6.109446949167494,11.225164714159675,6.8253998896439825,3.2550028474624275,2.197633288752711,-1.381701191246297
5.821472462130393,10.521321224215763,7.108279534347336,2.927430418367309,2.256145113435882,-1.3733873564981458
5.150629667796107,10.68837449401543,6.668125608107482,3.2966031245631573,2.1084409031574576,-1.3644899591254365
5.363131749088684,11.838932661813987,7.669305049343992,3.2191348235256694,2.1370234483111568,-1.3550072645471685
5.3182615180079145,12.650896378167255,7.786415093396269,3.3946540910191927,1.9930886954460765,-1.3449452222628508
4.916166522788201,13.246998092517671,7.769838507473946,3.02217403927982,1.9491702335478756,-1.3343153505291332
5.093691449598266,13.357544832842155,8.302265818082638,3.3431119032818457,1.940946733788429,-1.323133245170244
5.102378582423279,14.043486848775839,9.155423889103188,3.517377788170932,2.061495786471498,-1.311417523130814
4.903257212575676,14.19872197779714,9.26777671068958,3.8081671804567696,1.8588035147386193,-1.2991890686842817
5.02399700533066,15.764122959604464,9.33041662713935,3.7258119194430828,1.8322876867146343,-1.286470490350645
4.681724017052129,15.591916936952291,9.62020884853736,3.8687049006592447,1.9254673899248793,-1.273285724589793
4.9864554302914375,16.355654832681378,11.036839545224609,4.214617255489018,1.8666819694955061,-1.259659741844824
4.5532583982312005,17.908151389740354,11.468776068486031,4.210534169504088,1.8084336316904024,-1.2456183240803256
4.575327685634339,18.814732362193865,11.104858165581668,4.784754017361178,1.940954203156225,-1.2311878923942134
4.501667402234835,21.099619262841205,12.417249649470598,4.891756859622048,1.8933312630534693,-1.2163953698371865
4.124751845778101,20.795231069592745,12.975121563991904,4.977516817758466,1.8940792877603938,-1.2012680691270679
4.675813256043762,24.485839612282913,14.280530333521975,5.182026342594718,2.058083347861866,-1.1858335981067818
4.202847760314481,24.7218349806393,15.880954455808341,6.511160958624559,1.9641419631643426,-1.1701197779885613
4.154393424869762,25.88704550651189,15.745308721472641,6.355472123345188,1.9307221534746346,-1.154154570948374
4.013370767066599,28.382471021567703,16.85882659897624,6.805153743756877,1.9363815750194213,-1.1379660146881854
3.904467880257864,30.32171607775519,18.652098277504873,7.467077957736101,2.0345079743144048,-1.121582162312957
3.759801276487504,33.13090114186091,19.94162087736229,8.110497677801206,1.9065268443648082,-1.10503102637276
4.151612107207666,36.33206556183781,21.98680531329335,8.815148894380938,2.048583875427571,-1.0883405262675623
4.141921788544324,40.89545110555561,26.469412494686026,10.458185723088887,2.1270781936439374,-1.0715384384509365
3.739722304020467,42.55686225677692,26.114799976957872,11.794856380431876,2.175764937470062,-1.0546523490328337
4.179119338429258,50.91010390200618,30.92966440823181,12.692123081092998,2.250566963498953,-1.0377096084937127
3.8097569456346587,52.69258499587661,33.82980846936124,13.862359343251846,2.395216782368461,-1.0207372882993375
3.706382199304849,42.53250944806794,34.71302198693364,17.234159080396584,2.2450012447222973,-1.0037621392579412
3.8174497365854485,35.385639633786575,44.506498696885124,19.99730993811952,2.3662613825640264,-0.9868105514982419
3.541111862874565,27.957643539201875,51.513465557658854,21.44418178276001,2.471692738355788,-0.9699085159722576
3.598480730946631,27.931202355423064,48.79421782089669,27.648885161691272,2.285245146003221,-0.9530815874055195
3.375244146293341,22.248206582908104,43.945396829373045,33.205472691851604,2.604738599749373,-0.9363548486313209
3.4509728222809968,20.341033402201788,38.338412145081705,47.93888989908081,2.74385957290881,-0.9197528762573255
3.425745415667501,19.568523383038052,35.133634925485644,49.520824070131276,2.6265147955419104,-0.9032997076226037
3.311921133259484,17.44144410587541,33.433160677600625,44.67880643811612,2.6071396088272794,-0.8870188090122944
3.34617890930258,15.844442234423173,29.844156735810316,42.13047086635696,2.6556486648267623,-0.8709330451063475
3.500839983280649,13.56522050811512,27.97131443240021,40.72473624793053,2.9577831461730617,-0.8550646496475625
3.271018916777117,12.486880364393237,26.263067259984716,37.9802422948176,3.0430013247452123,-0.8394351973232035
3.1732585310252155,12.11538404218751,25.154264530387604,32.089434897684654,2.8609920940265514,-0.8240655768639082
3.2428959679121463,12.081954429112994,21.163930149677235,32.78611830934823,2.9369239902608886,-0.8089759653731126
3.2172104519287186,11.16404523427162,21.479592355204367,32.91532060941991,2.9255456121126318,-0.7941858039093612
2.755413256813122,9.939292008175585,20.376604831057854,30.46761418908043,2.9580088036197356,-0.7797137743532386
3.0980162936266344,9.664809389361638,19.626642693409885,27.842949019077057,3.1377964092004853,-0.7655777775997124
2.883023349662741,9.248277120096631,18.07612861066836,27.081541275041673,3.1957424398979954,-0.7517949131252978
1.6893061717109314,15.373569835374623,15.480412342516919,14.589549129575797,4.481884819219984,0.7760746646974853
1.6155089689224416,15.760844655362385,16.124064802937507,14.698067456242565,4.700291965369186,1.2052778681581444
1.6222466473310146,15.802787145417579,15.629489208334581,15.631525105439108,4.745116787607519,1.2542226869358455
1.6646492451117911,14.963837699706447,14.069089099708718,14.030910769805262,4.490196169198614,1.209233160373811
1.839285841380813,14.197277632047914,13.44275808997895,12.991621234501565,4.104041450652185,1.1436392726594167
1.7854645905992423,14.938860137449739,13.628765557539692,14.107048245603442,4.393534741213431,1.0809610661883486
1.9113528773106627,14.303904811694569,13.720043516502681,13.688840074276577,4.381588107627717,1.0268025129389107
1.9479487509528481,13.536384344874435,13.869610285310541,15.06498600772153,4.230576798192838,0.9808477059839331
1.8594238368318954,13.882139152704557,13.702944985677657,14.467427850813351,4.005090303167446,0.9412260153696448
1.9746301977696177,13.436626149644558,13.499135464128354,14.416342138417471,4.286006741331738,0.9059930492518684
1.955219270704152,13.396962319278714,14.020152848691984,13.520856474231154,3.9947423727322713,0.8735518536438529
2.0284447733309543,12.892878648516657,12.710826458546817,13.179108033819745,3.987990592595425,0.8427067699949523
2.175678638908584,12.11288495616599,13.375758950062151,13.344436387693115,4.087586659153647,0.8126064669152961
2.0936140728565062,13.107926450261719,13.158256099670915,13.058057589844307,4.031371662398236,0.782666635494556
2.1623724445439625,12.9821294620666,12.369452345134045,12.778003313941797,3.7593430915021986,0.7567965969186435
2.3308607899186433,11.844783566986132,12.743942201451867,13.738450166854296,3.8782092476537993,0.7335046486182968
2.371901900033025,12.363236336899067,12.724665057173024,12.291742053502139,3.6425019171546866,0.7117827239459461
38.610839109764704,11.226366781074876,12.072834322421878,13.389806886853941,3.76892039092361,0.6909469836167141
38.85523946209006,12.081628541117576,12.232177517906717,12.141263302529168,3.2209347239586386,0.6705345456851883
37.753549051138975,11.680570614776581,12.283825012904925,12.297502412636453,3.5780427129609738,0.6502345800622105
41.211105226879575,11.339842881465893,12.349276700922083,12.26850148640176,3.574595956268576,0.6298414838215325
40.67437060050991,11.534565219397658,12.453794988134542,12.108245843279484,3.6889207290233714,0.609222710821872
41.77045233971259,11.427949717946838,11.871112377539943,12.206993012919469,3.2338717495784426,0.5882965254278729
38.64318879343984,11.005280903698063,12.262818172330324,11.105975240133546,3.404457971552977,0.5670165589137577
36.66762734373448,10.595141094290142,12.116917106828776,11.543269359905295,3.3800984552255953,0.5453610622069925
35.60150292000563,11.960113850082985,12.111250748174845,10.36711577409203,3.7288608107637873,0.5233254143216511
32.86722082123541,11.211101060544934,11.535622932643443,10.163200006306916,3.2144173681474797,0.500916893316598
31.99595243919363,10.743546188606654,11.758593291278533,9.268310339949943,3.2659959950961786,0.47815102196493403
31.46540568541343,11.19002759020498,12.218042297064441,8.855119283676915,3.4373396983619466,0.45504901053373525
29.633974674507087,9.940595778770994,11.118434481266522,8.770683007582985,3.1886440282993593,0.43163596452834685
26.666738281908998,10.482233668239523,11.152839302378435,8.745128150851906,2.887955987181775,0.40793962619614227
29.32071741404622,9.982693170553047,10.725659631057882,8.75377394876082,3.2630054780326554,0.3839894887491897
27.70540319424226,11.073197953307783,10.657435173295262,8.567490745860464,2.963050205337272,0.35981617108297476
27.518317909346326,10.209394525138437,11.168950888074345,8.071802060489622,3.121633566671267,0.3354509747507713
25.886581605967862,10.78544845792144,11.131142792201185,7.500612689285565,2.957181466462165,0.3109255686160556
25.407182462544785,10.048611481195211,10.838443481074618,7.854363014219114,2.9091210644469974,0.28627176308547747
24.924331423832616,8.968003401104871,10.91621103232687,7.178316917983237,3.006229160550593,0.2615213473029536
24.12254453486941,9.701647085314754,10.383024567815243,7.149154210796829,2.943965514843204,0.2367059706824604
22.096947106777954,9.934284451466567,10.467232880193468,6.448321824458684,2.686051551937628,0.2118570557276132
24.495772066617004,9.547855856974842,11.003102006543482,6.571632982158884,2.7456258804578004,0.1870057329693365
22.074279831945805,8.771057562296647,10.138193025622984,6.860804839229901,2.8714890527938257,0.24276112681210513
22.835975239123595,8.61016390461639,11.16930318129253,7.681731306071397,2.7911208065306448,0.30538741865911073
24.896372530247667,8.683980747588661,9.552577673291413,7.154390986760859,2.8274699804891203,0.3537047163957283
28.290084376822637,8.169431016887518,8.734822327311596,9.072933120577984,2.7736870090519026,-0.034922028390035734
27.94447260698603,7.785807367776628,8.307149058358263,8.635460841960134,2.5480932290458385,-0.28799498245544636
27.89245216672839,7.767322358892596,8.661989216450085,7.717498757288775,2.7465206682933276,-0.46094247932196714
30.87261614319317,7.860799791015373,8.79405451579987,8.78660091327842,2.555266080335576,-0.5837607170226807
30.85293775730048,7.893679375173297,8.35949898478041,8.536641965979562,2.5916528262379224,-0.673935808435072
30.167504401407815,7.1735742199445225,7.941984574661349,8.143096121026602,2.5964649348695876,-0.7422865627800158
30.887209588543005,7.9502584999126675,7.759600626588025,8.199130885339715,2.770269284138357,-0.7957953038898038
32.40592805376767,7.683124087845506,7.052323085390014,8.388960747678963,2.779204149567263,-0.8390928062626075
34.55824525244692,7.309913610599635,7.3187790449044146,7.7262104371028055,2.738205159835635,-0.8753007490435714
37.90666162860277,7.249959881328769,7.648689235872843,7.455937510497523,2.8694868594807015,-0.9065424993512123
41.009274860088354,7.235384803965307,7.1664551945884405,8.044280641085027,2.852416325845959,-0.9342684754697197
37.364096551916,7.175540681075396,7.394660480988094,7.4305100658199645,2.881475452335396,-0.9594703905780344
40.05639088544748,7.504270322340705,7.398084960663375,7.656066333826989,2.811630426588528,-0.9828252901531311
41.959415854009904,6.82001234838602,6.836486815026916,7.352105841191405,3.2017098191625433,-1.0047936021912636
36.4587504213911,6.645654567006052,6.733188035633584,7.550593802361885,3.024929589917896,-1.025686368801256
38.303971807922736,6.99481990142256,6.9690079371945455,6.878853226160976,3.0672853785381338,-1.0457115390864071
42.54690308456066,6.885042151794585,7.181916172411235,6.902986239294334,3.0393001908986363,-1.0650059219982464
38.07053868637891,7.475775281697822,7.064299810421108,6.4337706568986235,3.0594309849615793,-1.0836572737611998
24.80518784956203,6.851457603587237,6.692612705608812,6.567652850851532,3.2394278317405614,-1.1017195810823357
23.419164613544282,6.719909270368422,6.330121239197775,6.736985111597946,3.2538370675063235,-1.1192236449592126
23.413932913987413,7.161672728104961,6.287304608146929,5.5312519366739785,3.3190852051036788,-1.1361844163344896
20.908363456779725,6.71388360246685,6.745041264126821,6.011534383080039,3.5815679666208755,-1.1526060857208051
19.38241484249874,6.445300917871904,6.382041132577656,5.447851470617371,3.372947359993396,-1.1684856193238446
18.672068288594936,7.0352679390982225,6.240550918409274,5.758687541830041,3.6682979510014087,-1.1838152204161838
17.67851080102292,6.636539807965736,6.084092520596655,5.645376590390694,3.711322359345896,-1.1985840469728455
16.594454129452355,7.391920036454467,5.434108074098639,5.106618383133188,3.967733971165083,-1.21277941442889
15.485385217337665,6.209898679436465,6.021013514732031,4.833316191138662,4.144635941199702,-1.226387641776341
14.477467063824728,6.388608458643528,5.981539349438637,5.296832251569265,4.211036952604954,-1.239394650362093
13.345593291552618,6.620732003360307,5.666646743456491,4.850985713436747,4.307004694690969,-1.2517863909588196
13.641245519684595,6.633110111965526,5.689745445267029,4.940309878305693,4.044896480916245,-1.2635491513146266
12.997368954102528,6.7394398933499335,5.841215560108711,4.610919652428942,4.524020516880296,-1.274669780228444
13.038383172258829,6.871453760069796,5.669591006312697,4.809910092934797,4.616431174344916,-1.2851358530260408
11.351919856396432,6.651839126943759,5.925236047848545,4.526993506077594,4.610201522503742,-1.2949357955885925
10.992730195260295,7.175915273543511,5.602236591382157,4.501336475498634,4.887149721093708,-1.3040589787480754
10.785386994123678,6.722459073437036,5.646187465323164,4.470163003678741,5.174978863022301,-1.3124957911773083
9.719771178895474,6.978893518926954,5.605677518971207,3.9789916034389234,5.033160454660588,-1.3202376963568603
9.568556125968053,6.876030387646112,5.840003079774864,4.146924626786625,5.6313167465158065,-1.3272772774465083
10.165097272787161,6.909295969933145,5.465350387599513,4.055387914429489,5.222012704695419,-1.3336082726804661
9.231066212304212,7.341580597692251,5.319193990102008,3.7159043841858073,5.8497887097298245,-1.3392256030762142
9.004169715005657,7.223421723080011,5.738545764473704,3.8767822616329837,5.814292545566524,-1.3441253936788182
8.76208072918635,7.683014602517406,5.585468829479405,3.709136061809059,5.861618350531449,-1.3483049891769645
7.895042185334646,7.663413647992867,5.761951747606609,3.904873034324845,5.234467915774144,-1.3517629644659417
7.897629942275661,7.257849731234591,5.901913326410671,3.6749737745241293,4.9028701758074185,-1.3544991305602445
8.371495171402964,7.618652270228823,5.565604417348208,3.6271845270938967,4.391895599223763,-1.3565145361443967
7.495647287558563,7.476643530811735,5.591839420007176,3.3782383670277434,4.55701558674113,-1.3578114649795303
7.364528198803553,8.090869185223074,5.496627655282322,3.4297502317604995,3.9800231073328756,-1.3583934293402524
7.6003086598725815,7.9405768831618655,5.5276605900071925,3.245273325739504,3.7183774782323824,-1.3582651596324864
7.2747312877124655,8.542910963510696,5.754560620269363,3.4674991303063627,3.6740529822342274,-1.3574325903333648
6.782239416241415,8.262000555092474,6.075857461713699,3.4727251883306733,3.6517205520065037,-1.3559028423921213
6.499753358622943,8.918046894336882,6.013252089958831,3.0819279140932374,3.324578628911745,-1.353684202235864
6.851623918959824,8.587416295772503,5.609993469289748,3.425040377772132,3.2441505030871562,-1.3507860975310089
6.464041581843731,9.024107263120735,5.5473938386030355,3.1605771302099654,3.0393585209989307,-1.347219069861266
6.14149971671361,9.286381568816559,5.9766370588149105,3.4244164546559457,3.1135693304290335,-1.3429947444924923
6.350077302861077,9.429340861389463,6.276150527762595,3.2001840630854006,2.8621502232597025,-1.3381257974052494
5.7412463235266396,10.135496306041228,6.050325149009123,3.1063868119237563,2.5696461496768737,-1.3326259197847208
6.273985955482802,9.929077976983443,6.781124590269917,3.224581667013438,2.498831158288878,-1.3265097801657832
6.009545564282775,10.6713029131479,6.765586363207766,3.1049246576098035,2.539014871503583,-1.3197929844377052
5.416721558391985,11.320195973161086,6.912655216752624,3.181414119697111,2.4480798637158148,-1.3124920339178743
5.68873850235348,10.520144013083996,6.948081608988208,3.0994185941882946,2.216069073577237,-1.3046242817069567
5.504616652097709,11.233883271321845,7.093507421737745,3.067247303077461,2.197458756092046,-1.296207887539608
5.138608721409563,11.071158905863909,7.650444514960453,3.3594551623501245,2.3091231785714528,-1.2872617713439887
5.278242189580512,12.155373552141347,7.938351053405285,3.5758476158199635,2.0796265253286497,-1.2778055657216352
4.868380738624876,12.633380099231124,7.9950254967518655,3.410506607863434,2.3733494332662124,-1.2678595675545676
5.024348957981527,13.22316717753234,9.07677616636629,3.637668756719335,2.07542303805613,-1.2574446889418733
5.05976660163937,12.78677171263499,9.220002683646538,3.7156763296600968,2.033187839687188,-1.2465824076602667
4.836265483381658,14.079633178506223,8.966781733224702,3.814594112803331,1.9372095542711505,-1.2352947173349942
4.758949482058433,14.601676490089963,9.214127924119818,3.838072900655465,1.975292981295278,-1.2236040774981873
4.480175126358248,15.41761374990369,10.124372491900672,3.9273766442047937,2.000597426677247,-1.2115333637006978
4.733253712995599,16.735780288223904,10.791263812780413,4.241462682993378,1.97771309396504,-1.1991058178329195
4.3759775626080994,16.979933157646776,10.82068232675389,4.037882891550835,1.9022994246208618,-1.1863449987972632
4.6282814835479,17.29905986775813,10.555436396877555,4.3731023388776435,1.9579611145199671,-1.1732747336631737
4.382713479143629,17.52381350576622,11.312446882006276,4.677996670946266,1.9936168062604365,-1.1599190694230015
4.426512968200617,20.04354518965888,11.806751619630298,5.159966370086573,2.056848874816481,-1.1463022254537654
4.144436687779852,19.54924498243708,12.82314492826592,5.4906367192646695,2.009363062661577,-1.1324485467779415
3.8568594113223638,21.193590824070714,12.64746557121838,5.132678456507299,1.973328696329586,-1.11838245820377
4.330067788160076,23.013586736327866,14.343417419695921,6.40420184478214,1.9540045793671639,-1.104128419413828
4.146549265145966,23.23549375587386,15.121069305185902,6.715020435155949,1.9711270064614819,-1.089710881059282
4.278386071591612,26.973942697317984,15.822451218413507,7.0353479461649675,2.081283383438517,-1.0751542419067681
3.974799556123682,29.03594637511547,16.739986780706907,7.5522787804195985,2.2381670974082373,-1.060482807075123
3.8695445759676286,32.826595758949395,20.586004090877058,7.405675557633973,2.274017691058661,-1.0457207473903798
4.04882899913403,34.77393126162056,20.133925220528116,9.028297173189742,2.2045521358265705,-1.0308920598794464
3.7785369893264,35.96721337211126,22.897451369424893,9.405219847177118,2.1109541383075507,-1.0160205294163926
3.871941182475002,35.1859556491847,25.063684819734654,9.881115731382394,2.209705287967223,-1.001129691529437
3.676435053806505,34.95559857319824,24.956087753462157,10.983508867731123,2.3131292555329908,-0.9862427963723508
3.5740068731430688,33.92282478259783,30.73175666475734,13.038657878926552,2.1438263418063883,-0.9713827738601286
3.9326433205237064,34.90103439338229,31.999080861721517,16.087295140563903,2.265207729086906,-0.9565721999670902
3.832662388353645,38.11722665925634,33.84046114867497,15.969368779968754,2.3432744266615146,-0.941833264183902
3.375615206502205,32.59424767290343,32.116973339382874,18.719017684170467,2.2698481084188282,-0.9271877381297908
3.759523743785103,32.25791985632506,36.44236291476507,21.45889220604334,2.3895786025517993,-0.912656945317255
3.6123197326346967,35.20914873708191,35.56288861728617,25.76065393886942,2.513636009062616,-0.8982617320679577
3.4944997013403265,34.74544598788879,36.21677646735016,30.81756483277776,2.5559481846382184,-0.8840224395809954
3.2174552375584775,21.365185410818857,35.1776068937283,35.152501229535986,2.430018691585228,-0.8699588771578644
3.538122233583219,20.151469651682202,33.135170130237775,37.05533698172037,2.714465201967811,-0.8560902965921127
3.173368242197143,17.787632794380347,33.87805193289265,32.36550705184655,2.6103985844825006,-0.8424353677358396
3.1893323322539535,15.16826664768524,37.39314258439621,33.05183192869428,2.771779960400343,-0.8290121552594456
3.046571594672891,15.044496986782237,34.01697371172259,34.61989820348905,2.7423234258528435,-0.8158380966259398
3.151343084173156,13.761238739758864,33.98464993351484,33.13674829889769,2.798487558067611,-0.8029299813054066
3.1215248554794575,13.340855334628229,33.28154412928327,33.18658739533913,3.0009412779588205,-0.7903039312599871
2.997902964796389,12.417451112010847,32.20023662446305,33.98106471726236,2.896582202625874,-0.7779753827336462
3.158412869488568,10.76065240664073,22.00853694204717,30.46307439823313,3.1512215478598025,-0.7659590693851541
2.9262378858336584,10.03167671616646,20.22743167537814,32.69602807981353,2.9308755681036343,-0.7542690068056437
2.880659840733388,10.306881176626437,19.06836149384784,33.41010911015178,3.1789252649974693,-0.7429184784646854
1.5419626355898197,17.700478542188904,17.729641465861583,17.08524785495658,4.319164259577111,1.0411935228106246
1.615347954078117,17.033151107442325,16.575712406158218,16.076269803884234,4.367703049698367,1.4901374303904156
1.5493445312303482,16.431751455741562,16.200950457863513,16.355891179007497,4.474332383101945,1.4905329539122467
1.7130943372050846,17.65281414138622,17.938456300214796,15.461370792855787,4.2665146333002175,1.38756674551081
1.741960581642595,16.77030749584177,16.07331100356864,17.508258867724823,4.222115716688883,1.271611557660504
1.8840434128307952,16.459628460428945,15.958511861037325,17.43140113436135,4.171094476994594,1.169519925747438
1.929390030605917,16.2397056730254,16.969914696489056,15.90346020326303,4.226062053495785,1.0858579885598787
1.7325597123527432,15.968761544229423,16.189267758102925,15.401614480939278,3.8669793470071263,1.0182564211970209
1.9081460563064243,15.783162177086906,15.263653401034572,16.38047361333587,4.146212024382017,0.9628808193672371
2.0498342170918264,15.688978681389361,15.08621082754233,16.295521894035275,4.1668433755787175,0.9162005046058961
2.118652347124554,14.667479464084689,14.97978968432401,14.7531769961504,4.409471055576866,0.8754210361956991
2.1169784719485207,16.01698374511322,15.711923670354327,15.790899373515288,3.646208179121356,0.8384713007008247
2.0345164130529567,15.410204444491814,14.901097061183911,14.356077934569203,4.062954522145101,0.8038703020716349
2.4145698743041395,14.876371537954833,14.390732601555975,15.698321030352517,3.8341359885622257,0.7705847093903204
2.2805599079314427,14.38796269660083,15.212126571415618,15.163947002005884,3.7001561041889803,0.7430975396416802
2.2708911663718307,14.290156422441637,14.69208049649035,14.914508371925209,3.4551187083750308,0.7189173359902938
2.346322174564375,13.706457938745181,14.077774823255323,14.929310067869556,3.67203596905443,0.6966331710222035
2.463261389631529,14.080313745281474,14.875325095010064,14.366677386365213,3.530314616435324,0.6753955704561101
2.350239921115026,14.276525375962269,13.606004577680459,13.855484085903742,3.7348779483940437,0.6546712972086712
2.496769881435761,13.435726626609425,13.775675397543024,13.052422789429334,3.6768126345711827,0.634118116116168
2.5032899803999102,12.731085718469643,13.402617836779037,12.185306078602157,3.5919590275033038,0.6135154015573865
2.625979096132593,12.91699669711423,13.997085370819416,13.245009698455746,3.4309964998793774,0.5927227789749846
2.858675463277222,13.617957555328735,13.996165566458306,11.985912755643195,3.347010961407057,0.5716540381668591
2.739780851656442,13.56610559493152,13.225805482607147,11.617284511107302,3.509281524009305,0.5502600179725181
2.5336080150918034,13.797163431126267,14.388089634545693,11.011338836088314,3.3252307221116295,0.5285170881716008
2.807868019809456,12.674869011107813,14.522186780458593,10.499233205794747,3.452342097661855,0.5064192756539065
3.1438218124929023,13.653218056916801,13.551798539983723,10.732974125295652,3.296061181494867,0.48397283014554365
3.0569871602030694,12.520327990578393,12.974956966620265,9.517662727853393,3.118285352637426,0.46119245124281705
3.0353715513599253,12.067495099240643,12.63001160302565,9.279290788468083,3.1738126150460495,0.4380986584587039
3.3048229492021544,13.537877779398062,12.430473625274804,8.560014363715922,3.1541548892885403,0.41471595252543747
32.424948459281225,11.757601598986932,12.724156004946769,8.582717463277623,3.0762129936177036,0.3910715265090311
33.30106401474712,12.879196644005036,13.077155349597524,8.711750515831126,2.9956810699858667,0.3671943599030424
33.9273977443626,12.006050292036777,12.777475834070653,7.827574244434977,3.2752681291417294,0.34311457996870953
32.43883890909529,11.6300159314486,12.70709241562863,8.15528347011781,2.8531912306543896,0.3188630098424829
29.165553261276575,11.859121430691197,12.816600234016464,7.44095879607877,2.839242416794752,0.294470847355129
31.31320473114499,12.819952036387253,13.00000519076076,7.148738794341473,2.9954987462705773,0.26996943546872854
29.793873581872692,12.087897617032873,12.58884744784212,7.89301796388023,3.1934526360859756,0.2453900970325289
27.84546262563985,12.540215162720491,13.118642304244036,6.9968477842023145,2.8227966849444166,0.22076401476905044
29.473741821014983,11.91195339662094,12.7929389043469,7.251853941011479,2.7856553043365238,0.19612214311888776
30.949707487804194,11.057740470727017,12.620854269099006,6.640104966233242,2.760422357892085,0.25262905600357394
30.312748227751353,11.785688052540433,12.176249598889724,7.502122136958426,2.5917127088477474,0.316071790644008
5.862657500233995,10.08938542371273,6.263953988776279,2.8618604461644614,2.1103308143555926,-0.2679742220120569
6.732324791913752,9.908745312261777,6.326379384504072,2.78943244008868,2.1743209455109116,-0.6298621187305015
5.781761065863033,9.821891286210802,6.794030839325331,2.586769680374267,1.9012140013436505,-0.8643538710364762
6.366818855271628,9.686928486907087,6.095413020282959,2.501096893937137,1.9653013897144076,-1.020728006933997
5.9930882469404745,10.687683161673496,6.416299435553683,2.4205130417582232,1.841345419735658,-1.1267503145056585
6.000930633435194,11.36823141803486,6.389070286644795,2.7707228962897927,2.0222975982993048,-1.1991841735852729
5.884065865953416,11.503311228143906,7.270144893753139,2.6439710238443275,1.7119779319120805,-1.248690821740564
6.059686646036415,11.488075670640454,7.297280899389727,2.8692687143022266,1.6809023530098748,-1.282294794178895
5.5830440590398,11.912827919484684,7.405278896078994,2.677094740211991,1.5728260770534497,-1.3047297033216303
5.1145986262836916,12.518630216004862,7.819588101355628,2.6751104071900182,1.6331890566981646,-1.3192297400839044
5.494512908209465,13.054312388328585,7.796661635466099,2.5834360192697825,1.6573909129545654,-1.3280234971550435
5.472126263933346,14.43855958896592,8.710647535252402,2.827534983983308,1.745167338992967,-1.3326551418185326
5.321140074535107,14.647149680198659,8.41832760241215,2.948572178622096,1.519771314837368,-1.3341989900093147
5.415071960489579,15.0655683532862,9.48423669114898,2.9615043770338945,1.5110876605464214,-1.3334052382618835
5.0066079166629285,16.81655425576989,9.90030555394848,3.2955735465924536,1.4119380407013238,-1.3307999067600953
4.899613279447467,16.766035788445365,9.73002194725899,3.366092661636892,1.5639499749362875,-1.3267537672765628
5.1899650299215745,18.11579200883212,11.434256483209303,3.831203855310394,1.5655984089948816,-1.3215300340345557
4.8908323956523,19.604460943289844,11.295549474990821,3.9549485358938985,1.623618572498858,-1.315317420417777
4.65692325710562,20.264649770271248,12.560750974821005,3.8832703721418556,1.645132993643645,-1.3082530742850704
4.609104461195689,21.190565818159513,12.324670178100407,4.496222070440148,1.6542966856229036,-1.3004384979054038
4.29536292523039,22.218794194471574,14.346647510817052,4.648267436849052,1.62627910060202,-1.2919505990642668
4.310415505680628,25.15177834931579,15.874818410670795,5.178283002530541,1.7030733273041168,-1.282849360363461
4.4707530964870035,28.1326458301928,16.421360073238215,5.903863611939964,1.5724616434649417,-1.2731831583237845
4.215251073141165,31.32729696638796,18.269122571570858,6.5522131230662035,1.7651643477978423,-1.262992448602024
4.379007290480096,31.195209962214484,21.26788172864829,7.017630368380473,1.7144786525411462,-1.2523123150012214
4.3383588237830875,33.134015349227546,22.677530175133196,7.99219765488317,1.8175587853031667,-1.2411742282052174
4.492337034546415,41.76660246068548,25.26982545421632,8.817165731983225,1.7652130027578268,-1.2296072547774384
4.339758220456877,47.726163735848054,26.420272766264727,11.434589353107715,1.817634441762366,-1.2176388837357086
4.179620873203965,50.419430708758,30.66039268556198,12.317793828053683,1.9020928955341931,-1.2052955871167061
3.7540598621157195,42.17368041529943,38.64741742661222,14.756507199381694,2.100011633758183,-1.192603195555285
3.8334353314744627,33.20542371181305,46.255655590796124,19.111734786997683,2.0767218264973533,-1.1795871452917306
3.7829553219178584,28.975680516477475,52.37869151694669,22.301803170815994,2.1161188015166412,-1.166272635898328
3.7485674624987038,26.177690896363636,41.96881734503863,30.49532453933632,2.124272747091825,-1.1526847261010293
3.62027250898059,21.276125198761118,38.527760277156126,44.262340745584794,2.23971175356734,-1.1388483867776569
3.764260981377291,19.10528827473631,35.45118143353025,49.58028915892058,2.3351644851624918,-1.1247885244380182
3.3436958420187852,17.975680106430545,31.843221092214332,43.965061358821785,2.5207474802014413,-1.1105299844667464
3.4433747663576546,15.088684780756497,29.488845858699882,42.22332079832127,2.463178322887957,-1.0960975406053497
3.5325200981277844,13.367148534837742,24.90940530815825,36.4147078660444,2.785866946571086,-1.0815158751931886
3.103485311178773,12.729658632360405,23.665750741502375,32.65027940220157,2.413569999099628,-1.066809553322976
3.1781355816184047,12.417120846696925,21.478554627576827,32.84894263016617,2.777329112338563,-1.0520029931133625
3.399538665099476,10.654267262247163,21.388448099647636,30.698691914172432,2.966696370323476,-0.9359109516648751
3.034512034768256,9.405861195203366,19.446278685486902,29.540565880300473,2.9501190015522973,-0.807714036626769
3.505907165224889,9.616594521775685,19.260074649531933,26.22168027288415,2.882584676641191,-0.6954135956052232
3.2084517225954197,9.310467606060937,17.274245190693634,24.168262833079353,2.840590008862242,-0.6036764788318209
3.0651701131450535,8.639007432785128,16.899351866139938,25.248405720670387,3.170557130667486,-0.5299445535123283
3.306007114829617,9.023188945996377,16.404873753787907,24.445421996736062,3.0556528342785683,-0.4701654928365765
2.994998838158702,9.01247765955305,14.478516336833483,24.076810979920676,3.499488683756082,-0.4206329766665611
2.88285126089858,8.161551328679575,15.21570596835783,24.783875185357147,3.221551433854658,-0.37842521299716236
3.064731455950256,7.0450493061799,16.12129982477019,24.133841540657713,3.384936460151174,-0.34137984833898793
2.8619886861845965,7.340756298764942,14.945415448655421,22.804244257084008,3.4200440773693472,-0.30794691213801084
2.8361091310491005,6.667591030809566,13.415965095829034,21.690125788484078,3.265262697158481,-0.2770355822058217
2.6612532568529796,7.107734783592783,13.78889813093323,21.967566766835464,3.4103239643301295,-0.24788753025248744
2.708850385922022,6.636963907152651,13.6066969910028,20.741364085087714,3.721824906190863,-0.21998089133274293
2.8691663698508334,6.722372647079297,14.367530661940638,19.4633448879618,3.786408771775593,-0.19296031289887844
2.7576330127263744,6.740117862364392,14.461252875838667,22.556268397143185,3.5963616073189906,-0.19749964902756315
2.6292358182414057,7.078277855413646,13.481301810982316,21.79610296847273,3.2816710567177525,-0.203449074983407
2.556372920058571,7.0444453865382,13.311572151046478,21.0160482576218,3.5369861362235047,-0.20255985416848138
2.5750794416569414,6.755681411151304,14.981110408541731,20.19443601425996,3.752389796529157,-0.19410374008452316
2.484083845824219,6.867590408672572,14.15637240709499,22.639309370338164,3.4850383320934752,-0.1795624028379893
2.47107719316872,6.620947423879324,15.335148018382903,22.507781760285166,3.6473574382250074,-0.16076793707008502
1.6306975621357747,14.999670838802375,14.862324982060766,13.920676251021918,4.563187477754074,0.6584939098915167
1.681567449606255,14.938273909021197,14.468129688120404,13.492530914641565,4.56683119893932,0.9176200341174464
1.7880381645823091,14.382997284282773,13.258432466262489,13.67469589190859,4.364855382017617,0.9751824307736547
1.7163235974166526,15.335241920265661,14.815749951937903,13.860623360692102,4.542085657577847,0.966046826652696
1.656256518948899,14.296218709225759,14.419239130375736,13.254929624933052,3.967091328393765,0.9584994408349329
1.8330367577282891,13.966925228056471,13.884571473732247,13.280760784475028,3.9187234734468985,0.9501783641077357
1.830119647549733,14.202351252665165,14.179033421179966,12.351961990558785,4.451151106050704,0.9401992484400759
1.6773078415658953,13.338528473804397,13.077777033455071,12.539083012323815,4.5102890084046985,0.9282591164332057
1.9061330322492696,12.917475711354026,13.09757575889553,12.922479768107832,4.38534408558123,0.9142860381437947
1.889363068545504,12.608313261215836,12.6039266680885,12.962753907636511,4.290935489497419,0.898301883711581
2.0363085796458633,11.75962660356375,12.45396661502762,12.140521628197218,4.034684359383452,0.8803682834274253
2.1118421971700085,13.002144917341004,12.766858303598712,12.916649767071828,3.6259946330715023,0.8605651072308342
2.1180974169055737,11.770114005046512,13.104695581057848,12.221772960464246,3.98434757272827,0.838981674016142
2.0506683308365923,11.935305710154818,12.648263885568387,12.53336820829727,3.867861652391733,0.8157129605060831
4.890003103591491,12.271379938978713,11.861354890873395,11.892973722237064,3.812023542230826,0.790857787574373
14.391659801098152,11.672691330868622,11.29351146421883,13.40929946079958,4.054501282459608,0.7645178009958549
39.417261343588905,11.335296845221237,11.749634382479261,11.315710029108498,3.7422827393484708,0.7416789697067099
38.24567146502378,10.984936806154156,11.884574531059624,11.915762441249267,3.6899474135668457,0.7206741329876782
37.05273535460375,11.160831653882674,11.858427327296686,11.035336005831569,3.8314501328242594,0.7005867802838119
39.77783265527374,10.797542769765581,11.329438564790967,12.757564496875997,3.601097640671387,0.6808806210692906
35.69208430140784,11.103608209144259,11.084772494022051,11.447896232041211,3.4603588552002127,0.6612283823056712
38.78476026392086,10.718481326746547,11.797364220352671,11.517278084145607,3.5844040191039412,0.6414265596820545
38.66566334914815,10.413154424001512,11.306552517902407,12.018373880904049,3.452281772367004,0.6213493463730213
36.0890013775832,9.997887510643398,10.893351676947528,12.268635296338221,3.445803416731645,0.6009217439588863
37.015351885166524,10.10214954522861,10.692193897573043,11.169316317397216,3.3760310098448576,0.5801028592755221
31.738640565686456,10.219139128224873,10.920025176601506,11.595682320169244,3.5754426004889637,0.5588750530514977
32.349618755906064,9.966471825949,10.896816351956163,10.466060350508966,3.476202847695192,0.5372366783893874
32.74652729871377,9.854278381408996,10.938231634072851,10.374541900455263,3.274835924633296,0.5151971300871402
30.08274971759508,9.672093354915777,10.565084972888156,10.590590636567372,3.2615112085466924,0.49277343005094265
28.60183314484814,9.110569159546579,9.999317707485377,9.991106709690007,3.317600401956642,0.46998785460307035
27.778085855434423,8.896138592300717,9.541870120362965,9.327301460741,3.269921014126275,0.4468662772118853
28.709725165233156,8.972550586800834,10.638732301153867,9.070375399996013,3.2552174935546905,0.4234370061488182
26.360592226971786,10.091463062098414,10.679233252221591,8.140815761842454,3.2607647718283492,0.3997299661439656
24.3504932795605,9.692957190962456,10.134468598730939,7.711109778306646,2.9825208998875,0.3757761199041369
25.331992236408215,9.729559631456917,9.6189833202022,7.992799519929495,3.076258062831371,0.3516070572965453
25.550136085647047,8.731955842688011,10.208569169218029,7.437958290088286,3.000265035410291,0.3272547019932314
22.613448414238736,9.503114495209294,10.080829483916299,8.112162539952562,2.905961760513847,0.30275110058962607
23.194304150373238,9.292832588437014,8.896662572872485,7.508258777004057,2.6868003127699858,0.278128269770507
22.40064100051581,9.247829891091973,9.226019905111897,7.3663149269569095,2.902324293240233,0.253418084438966
20.912668203194936,8.566788606886359,9.658646007056461,6.913155609643681,2.968483091677663,0.2286521948315685
20.26139584256168,8.738948264902795,9.362551976450687,7.097778724641937,3.1717550464202104,0.20386196420069239
20.622437598436402,8.58450435303623,9.799510370944558,6.748542960483613,2.8138231743670232,0.17907842112426375
20.290280877405426,8.27112513693569,9.589146950500881,7.201367528706558,2.805925336463602,0.23489712100673532
19.29154023524081,8.33141549512468,9.470864008340985,6.555529747702496,2.693315376054165,0.15370917407278706
19.749782156365878,8.657778291794163,9.429098592284042,6.396960453465128,2.5570224726920316,-0.015286139872110374
19.721854474297345,7.983614534244047,8.506218116891478,6.9176992391722445,2.5414222304449763,-0.18153235611294258
21.15041487331523,8.047952792287372,9.499758254653095,6.777065077837616,2.6934955718378686,-0.3208746814648428
20.613843906260147,7.5104533523614,8.790128076733373,6.475235959737152,2.6370929051490855,-0.43176062480338984
21.727297629537794,8.016144956297548,8.384109676921364,6.6905789597598995,2.5171319847067277,-0.5190862532897569
20.069880820697524,7.134562899991106,8.8100798183269,6.996388627932356,2.606456246418105,-0.5885877317523116
21.13637931605618,7.571470428077816,8.456432216950551,6.7240042091648755,2.6885504651607817,-0.6451540972303815
21.446720697368438,7.540912079325173,8.09402327114181,7.1525345706522865,2.6447143128029555,-0.6925245836363324
21.396666151021364,7.547819793244933,8.37072021965229,7.316445394157355,2.4749274285398197,-0.7334204170584321
22.981245797258214,7.6233138134292195,8.40851845862512,7.126726009027231,2.702362294422982,-0.7697707417274164
23.199706013959013,7.53045458607035,8.233688471279905,8.109463769772317,2.5465475259380623,-0.8029221596749967
24.028184930789397,7.24900622716036,8.147081439665374,8.922865748332008,2.704823041331971,-0.8338047254385316
24.90030889721397,7.196660897035007,7.8486718829658315,7.792517498409106,2.7194875558732954,-0.8630550800650365
24.57000369383904,7.184916304426218,7.415440459898344,8.229010636483451,2.5414011304451223,-0.8911048976063322
25.63587095869886,7.678948309779214,8.296389937436913,8.004643833750428,2.929289182253123,-0.9182433458715957
29.485999808562916,6.548525448909654,7.237110200559669,8.143857142168287,2.6077339909369655,-0.9446607882446101
30.483066957324205,7.131076678478021,7.562118398270793,7.5218221041507505,2.7126987898010664,-0.9704792038761116
30.585121687932883,6.7552184538430735,7.016956582268427,7.298256416134764,2.7521918170965907,-0.9957733041220789
35.95922556169629,6.835092666070041,7.373183872424143,7.393451053089782,2.8182659334905056,-1.020585171065965
34.39679413350072,6.766511566331791,7.2127683344529405,7.420965125033488,2.611613277719072,-1.0449344015134254
39.258119455362454,6.805864004813695,6.788665239758246,7.200264733117112,3.0817689619962287,-1.0688251390958725
37.09334870611425,6.671809823438882,6.897177337558372,6.50782337102528,2.8519911752922775,-1.0922509545200498
38.191467947203414,6.969364778039794,6.870854208964844,6.995242836980848,3.0142372114844345,-1.1151982389906676
38.38117982740214,6.20277666838675,7.261111738371147,6.779336853323842,3.110130446861087,-1.137648570801256
40.428097631773795,6.270524172032465,5.961250645120387,6.550421898590068,2.961803525669562,-1.1595803729615113
41.02000490755581,6.737459798718334,6.520792859078044,6.262953667680723,3.3535326983824376,-1.1809700813656592
40.60734878498437,6.120206344033538,6.07739032446756,6.133775053512853,3.3937581402531785,-1.2017929749959464
39.615528266940636,6.902118980197693,6.160724161180213,6.182695399305811,3.5094879679017197,-1.2220237726616783
23.770244738705877,6.423448635570602,5.894856025906801,5.720351307408607,3.258487282945928,-1.2416370683151667
20.941071048860298,6.759003088756591,6.331961488330693,5.679956956072309,3.344567030184019,-1.2606076545725762
20.538838698942275,6.56912176120101,6.2960857552906,5.2952314290486795,3.622604396733718,-1.2789107685928442
18.985660553788072,6.520732584017506,6.2591957341727396,5.742027807194486,3.4685408793316745,-1.2965222837849144
16.571444416547273,6.868259768472269,5.282147620173273,5.535191129851604,3.7310613586165284,-1.3134188634389998
17.485876476689626,6.8861856286712015,5.956604226578694,5.377304306597983,3.5788916501528676,-1.3295780872878278
16.28287697375042,6.259995728786944,5.813286846860291,5.040149083610201,3.967192000235622,-1.344978558490464
15.250804673692091,6.070304945684728,5.718892585639188,4.704926462834579,3.891768344683444,-1.3595999961079919
14.099230996605874,6.502107236468152,5.369748971842905,4.61263794574982,4.101045180984073,-1.3734233164691343
14.008574871738722,6.847164264268306,5.5553851669816625,4.411918161156331,4.369087370564624,-1.3864307056735574
12.978828803857636,6.5567443906721765,5.715639020106046,4.673439367166662,4.636693751309713,-1.3986056846903479
12.649241355045131,6.560719471841574,5.150823068717933,3.9344788588240354,4.819459272227436,-1.4099331679684606
11.916477520863921,6.5656426222802535,5.492868864159585,4.421063170885625,4.7882211755808735,-1.4203995161091942
11.374949116788558,6.645744627318337,5.276981218708522,3.913661308513932,5.281707460425026,-1.429992582904898
10.788521862986206,6.818527721598067,5.153858094779698,3.968131440474614,5.426903123333167,-1.4387017568859242
10.179245841068498,7.021901845196358,5.533041177316408,3.767319853493218,5.322049820109815,-1.4465179974164348
10.01383236723003,7.075186947531314,5.35323696551835,3.631554539250504,5.667996189120948,-1.4534338653187966
9.263821721995784,6.94035401000495,5.111532521708524,4.008302774320464,5.814510915309969,-1.4594435479763477
9.520289779514375,6.843056353804008,4.977318771697602,3.5955424196164394,5.508418778077331,-1.464542878853929
9.267283180545938,6.835431131387665,5.089911775565141,3.38144514698522,4.609898830364414,-1.4687293513822657
8.465586560947518,6.92147123906005,5.258557904701563,3.3122242241110467,4.522011710286205,-1.4720021271678236
8.869482543252403,7.364670872090579,4.895086954679895,3.1622388891785507,4.557760048343574,-1.474362038513975
7.778963335113071,7.488886867179627,4.842257847959513,3.3698454504910806,4.326837752979205,-1.4758115852684266
6.9469832582940265,7.701109953738237,5.459942515186433,3.061528376467046,4.040620441678822,-1.4763549260442421
7.809072049801403,8.270071283723098,5.246253401406488,3.100269011497271,3.9231443029338493,-1.4759978638959161
7.829407775371706,8.479131344076482,5.954822726484072,3.1066687948973093,3.5283641177761274,-1.4747478265677203
6.9967636388631105,7.865039330388284,6.033190659123377,3.027073523398942,3.4091719566327185,-1.4726138414655097
6.8852511432993815,8.785459470891954,5.9298605277870795,3.1322652223950276,3.2549379343464144,-1.4696065055381449
6.684018915082711,8.821003847010683,5.700245553225782,2.879585466811941,3.090481594073226,-1.4657379502863868
6.497721637960203,8.6351139517701,6.101289319481444,3.1132349420733596,2.961663832612211,-1.4610218021474166
5.881127800584574,9.021305164324112,6.040326081659619,2.985719777789042,2.742551733831529,-1.4554731385301212
6.1262209218060715,9.403229666474035,6.138418993967332,2.9427101066228896,2.772847642607471,-1.4491084398013039
5.981868077298008,9.951862341748763,6.57316776376774,2.9306421562167277,2.577004072332918,-1.4419455375426804
5.80280505662571,9.648173267348344,5.92282683915578,3.2371163494734354,2.573014782217378,-1.434003559416361
6.1810844864315575,10.584290121598269,6.739052438047501,3.01889228703323,2.39367411740319,-1.4253028709894697
5.45731812834575,10.662463175411782,7.071803511605636,2.820640869929033,2.1815275392098674,-1.415865014877513
5.583768005273685,11.591403806250417,7.310470663258806,3.0934932419788392,2.418389888980019,-1.4057126475718709
5.370494372804519,11.484501424849867,7.49400130515532,3.125262463265025,2.1895464502955284,-1.3948694743174108
5.350282087163298,11.791392001768322,7.89525531533916,3.3166653769273764,2.1432591534226826,-1.383360182404082
5.2732742044580085,13.197804902315164,7.800445199939781,3.3442539314479096,2.0616897128474254,-1.371210373230029
5.106832226918876,12.066130222860446,8.058954924883366,3.3355961139043937,2.0156828937571487,-1.3584464934839717
4.769858368583307,13.44656380762897,9.35785959736105,3.422797814858147,2.133364952279302,-1.3450957657815379
4.8286775283192895,13.717442107726566,8.67741029655874,3.4383229633750654,1.939555801992879,-1.3311861190750331
5.014569079882144,14.721781877734822,8.739866338617102,3.696751447141802,1.940881311299703,-1.316746119136648
4.878233723070282,16.28337353141616,10.424329683386649,3.971891188473946,1.9134235171076066,-1.301804899395809
4.774215237459137,16.08725702840375,11.058006469573629,4.0470790021501095,1.9111731115770674,-1.2863920923882828
4.679878672879813,17.887679784743863,10.668709720347671,4.68231505780124,1.948753664771644,-1.2705377620507465
4.448471410642439,17.771438729842377,11.993791860258957,4.78680479132435,1.8775267164298524,-1.2542723370704323
4.526440433223628,18.608911482161027,11.978765742519732,4.619386087329829,1.8477130656763527,-1.2376265454734274
4.435249273247036,20.250071788017834,13.494527174785595,5.294570393768013,1.8409567796573096,-1.220631350609663
4.510321697273976,20.468407877167603,13.231956108427166,5.104639294068841,1.8948758867017887,-1.2033178886674292
4.231661037319426,23.62293427491197,14.875763500896637,5.857157635285178,1.8404376294631224,-1.1857174078246828
4.196603272730626,25.95731973431099,14.751151023902821,6.265882657222916,1.8775955816550391,-1.1678612091209741
4.186617134970089,27.22353899372445,16.66264958696703,6.5525380790758545,1.8710462080803087,-1.1497805891097106
4.025948510857136,28.763496949441205,17.804854933225176,7.634113161840298,2.1088083624033174,-1.1315067843298234
4.114254021787613,29.316914907586103,18.199353546999582,7.986131461758092,2.072609910404402,-1.1130709176151692
3.8256890972999695,34.060517554286406,22.223607097549465,8.072918057912586,2.177711410608115,-1.0945039462421093
4.02458776828438,34.0578507228642,24.383453878232302,10.864603857513583,2.1383503034721154,-1.07583661189924
4.054386300381818,35.358772126918964,25.190147851470083,11.162854210979127,2.259403582802136,-1.0570993924498915
3.7156874488689526,33.78726112412685,29.194182668570065,11.861473922186505,2.2957870749811207,-1.0383224554454198
3.6954993400079084,36.20501800022911,29.96790465627368,13.178867971244408,2.252293855022808,-1.0195356133388398
3.5899871215778543,35.90550705388284,33.43204149098563,15.968013406296057,2.1261970436458113,-1.0007682803405475
3.4862736435576984,36.24052306582895,34.95505668019767,17.17567526307747,2.1963049748373247,-0.9820494308539593
3.5857794934654534,34.99684312013999,33.74470021372981,21.609859023569726,2.4413364052994733,-0.9634075594264901
3.490293320293465,34.796001620097044,35.76825042245345,25.543057758856982,2.550489413203531,-0.9448706421508299
3.43488615332941,33.52775173600049,31.55143732652811,32.45932091097393,2.4842385353884575,-0.9264660994548253
3.5614019839428415,21.163297834308757,34.116841360013865,33.81553760088253,2.5017676689207735,-0.9082207602216561
2.9761661761447753,19.55244668871226,35.34703449996904,34.509137346620264,2.572446176846295,-0.8901608271888655
3.33809738573713,17.428372353212772,35.16179791554774,31.928048779092677,2.7790726928058627,-0.8723118435830161
3.495390961422445,17.028841848620864,34.759947545636024,34.72378669034618,2.7000908338327405,-0.8546986609559316
3.298229896921346,16.02030850195831,34.74701895767735,34.60555281284574,2.6810540194967656,-0.8373454081999172
3.2621906695678073,12.97253950755511,36.067514074268445,32.159800435459566,2.7468188243646856,-0.8202754617314685
2.9096156061917977,12.247028313764153,31.431668162411004,33.09421862856712,3.042499873245302,-0.8035114168459057
3.162171691376284,11.186330333079074,32.0364056686878,34.953225904150734,2.925589761875818,-0.7870750602588246
3.0156294921672786,11.011250631949487,21.528681029986323,32.06894931977238,3.0633520961298513,-0.7709873438643156
3.0575392873655307,9.963460552428918,20.078640413436737,32.3050791059018,3.214147796330675,-0.7552683597535416
2.79400554248092,9.246853223896432,19.1608905874776,33.14034122879473,3.2539305613988567,-0.7399373165509252
2.970439363802963,9.110745724934365,18.206769224658526,32.145720481517046,3.4074540681844736,-0.7250125171377924
2.9094810564171256,8.34393445993919,18.028996400186895,30.370126629464178,3.217737108209057,-0.7105113378452738
2.926580289317844,7.8959638061246045,17.85923458258394,32.36322588131044,3.144685374716457,-0.6964502092089697
1.767034798082864,19.132817727753057,18.92777114276339,16.20594580135928,4.3983932714837675,0.6154643093671313
1.575111968374247,18.05629260998878,16.38318076945681,17.267614775847452,4.5508499102176705,1.0167259449199726
1.6552560582297622,17.39295957368522,18.10592403050642,16.72652406559014,4.4129790872656685,1.0943874486190874
1.5360425818127086,18.079785616548914,18.245868080769498,16.52299423110865,4.37774106162159,1.068197992671017
1.765735397066522,16.55990702842068,17.05742194799398,16.994368671184112,4.559096420958914,1.0357149891791628
1.753258011981021,17.76143776691141,15.6067059275422,17.081610608685022,4.041681295155791,1.0045175994980853
1.7308056519448454,15.713629652816081,16.07070528408839,15.753900000177964,3.972840673728239,0.9760988079252187
1.7740458343545817,16.050984161136384,15.962721171673765,15.330801559660172,4.167088274269232,0.9500249347153467
1.8791520335733145,15.990004372715205,16.47147755349681,15.652954006693149,4.3679014973028085,0.9254270514999668
1.9075780098109756,16.021816606401917,16.090582370828557,15.568871727528858,4.15289332852105,0.9014901619488027
1.8933563805850193,15.611678398167385,16.06470843307467,15.14219892618311,3.7082897258442475,0.8775786352156529
2.088692865902312,15.485941529915273,16.11329829871114,15.125861355727704,4.1022750703960105,0.8532389368659534
2.172250018819735,14.271639176090519,15.092979603453154,15.325313484967825,4.0057080999790164,0.8281680275853867
2.089652122541394,15.608116094350027,16.09807957112855,15.327029696166463,3.7320455349976753,0.802177913709649
2.198242490064471,14.89563201666907,15.110559887676361,14.610257559388156,3.8657716399392448,0.7751654305705968
2.09976409305828,15.865764160347537,14.633946730130353,13.87887387836723,3.929796435427256,0.7513723166689135
2.227241915229136,13.766142920613943,15.26855395850484,16.420467175907373,3.7885927111544704,0.7295486984246811
2.258435659005983,14.363922697503277,14.366111449582684,14.997934150290595,3.737097846196964,0.7088648446816272
2.383274707354471,14.690150196866057,13.772371898707297,14.899266771479104,3.5815793521705626,0.6887650084443937
2.4645719357393334,14.371304955342655,14.500036035316183,14.616294609463289,3.7093130480659977,0.6688770437130945
2.4265338440037487,13.833385594941902,13.94958388700966,14.253326969946034,3.6676071928244567,0.6489539098235921
2.52000184664389,13.2183271147434,14.703339897334697,12.313691033727233,3.5299346407933214,0.6288346598347828
2.7165824718642155,13.465376152849815,13.436672304603041,12.644476718644464,3.585561749642333,0.6084179329793526
2.531679270417541,13.56589864297977,13.216079395764048,11.731495397947171,3.393553578976178,0.5876437395684689
2.800984475213401,12.360493662753917,14.198974429595415,11.832239037021388,3.482934691018096,0.5664808595202818
2.868580618189868,13.55905325832086,14.376810657546269,10.994259606694026,3.2694421985763187,0.5449180883417502
2.759426920353782,12.984591238916266,13.674546861073317,10.015254637574753,3.4380587211649063,0.5229581393697391
2.7163597299915017,12.437750137459,13.48276328482833,9.971800376282307,3.3228644501021796,0.5006133877779764
2.967902348230317,12.887877716266374,13.323687145760733,10.238782050719902,3.3600283256833223,0.47790289492570287
2.8759402632337356,13.305554501268894,13.980398352575548,8.722544897680505,3.296652125850634,0.45485032424880834
3.0195887689911127,13.26259683547838,15.744244628927902,9.946307726119661,3.1598797642785263,0.4314824787085609
3.0995278132546424,12.23718909511763,12.515146340423454,8.624626715616833,3.1262741680414274,0.40782827201460037
32.320492787743085,12.598134611355222,13.13232940217952,8.526505810984865,3.0684950401212863,0.3839180028790601
34.49870592389588,12.716382538873297,14.115952535137586,7.797163976808884,2.991440212339587,0.3597828412045165
34.772422794993574,12.84770548329912,13.67880817695766,8.13391317015694,2.8497280395675997,0.3354544626907805
32.15172733089496,11.889044121224531,13.59347093434018,7.699740985639347,2.9700657888697615,0.3109647875450037
32.58244324684412,12.256365128877386,13.204433562490616,7.079402643078876,3.047491343706783,0.2863457923484784
26.426797907550423,12.883109052053387,13.295182329242797,7.312914331399812,3.0156069460414887,0.2616293734432489
29.23124364431114,12.13946657092697,12.577637111802346,7.17477123673538,2.8721613266960606,0.236847246687507
27.041857326144942,11.622063096364265,12.551345940289252,6.779338575397315,2.694679784480566,0.21203087294682504
29.64536105960837,11.721301521504698,12.029707155919075,7.334413614757975,2.8396452745255663,0.1872114018377834
28.492988707159647,10.976208455554085,12.396981089976418,7.053848927250756,2.8183173504047083,0.24306097711361738
29.887828745469086,11.080863921560532,11.93406069812123,7.342944455850477,2.7361584279882263,0.30579163208811777
29.65611937428644,11.071107773798317,11.925889908207393,7.210055206081058,2.7779284944911384,0.2882511890899333
7.105708407825414,8.351201041168485,5.70913090439726,2.9630502496710185,3.0052051203168584,-0.441025884201836
7.74131321964548,8.810398863987631,5.6587636693084535,2.9566502341834906,3.0457185568029908,-0.8134605521678905
7.0158579620094,8.314177819482069,5.557677700039384,2.697686534425596,2.7269740326794008,-1.0199258163114517
6.5971490427278034,8.260391750762018,5.803592025265422,2.842065186064689,2.888897940124433,-1.1430739999100896
6.340288646164562,8.322204013732684,5.810064930301703,2.978940729974667,2.7782702615498533,-1.220742353189286
7.124741865350256,7.687038057286355,5.6071515944984744,2.626133133088679,2.4147482939689118,-1.2715389417577254
6.303558321721624,9.144227068939689,5.603394282863162,2.6381939870603874,2.3781678457991213,-1.3053811728509128
6.429010562739912,9.332824428926624,6.242625756100731,2.7075728112452864,2.342997654266881,-1.3279798886293501
5.82842745006852,9.235551082214714,6.149882157482711,2.6838406814569358,2.2195166162839177,-1.3428419457564
5.963129891903116,10.145455150339654,5.763701003437072,2.8511083106322026,2.1901350121812886,-1.3522250797242166
6.085981195885619,11.034201966789528,6.034895314377824,2.735673678468459,1.93850627731208,-1.35763009528367
5.900502430041199,10.655518252102002,6.758877662010399,2.705623719305735,1.9804420200555883,-1.3600756380105956
5.91391680617965,11.14974469912915,7.186026834167071,2.860768422760731,2.0749282735422914,-1.360262719580424
5.606072363030033,12.193324071518312,7.4324217602727645,2.7383863326461433,1.9618790431464828,-1.3586786603717358
5.480996599592388,11.491237394511897,7.059688334666412,2.7851031477535946,1.8391077529876432,-1.355665227065541
5.586023935127134,12.253405715171139,7.736178198835786,2.9342604552679017,1.6678572360321233,-1.3514643630876377
5.116071506888972,12.642450778727488,7.5021906129887075,3.1029708958916857,1.8458082965387135,-1.3462493217197609
5.220723815076633,13.826918671217303,7.739706575731667,2.992252831301051,1.7387581835289738,-1.340146039021255
5.001343064343192,14.036259249422756,9.03578390169569,3.2114393658989497,1.5457596925854291,-1.3332478755629453
5.0214583522707725,14.76259345600505,9.316954692390494,3.0947370100702116,1.7658371594691755,-1.3256258096122138
5.214237164799026,15.070775613108887,9.793227481467596,3.544858536058715,1.7390372480985046,-1.3173354927069862
4.952921939665929,16.56474244129674,10.00144239621798,3.5504383482717032,1.7170691862396685,-1.3084221336995854
4.465074761992159,17.166591754699972,10.872920765498474,3.933801124298855,1.8058473345131298,-1.298923876918053
4.847123583631026,17.653756621320166,11.014445836655758,3.902951034638589,1.657360811590173,-1.2888741347935893
4.550802107668891,19.496510422669346,12.406921423140716,4.2366980097568065,1.5748348944339183,-1.2783031940346268
4.7955598413753755,20.877021707109872,11.187464590880367,4.821888014884036,1.7601111431113108,-1.267239316819739
4.512208447794193,22.944596561532027,14.260740572371134,4.927631583154499,1.6518138023391093,-1.2557094908765722
4.563014211557999,23.27362819365681,13.975596458086324,4.94043166743225,1.6782781851287316,-1.2437399354196084
4.5955770286792434,25.923496255077644,15.852491366956237,5.771315758537155,1.7522314042838874,-1.2313564373589176
4.428957881689981,27.483609430874374,17.004469729942855,6.382495453213361,1.7776206801537024,-1.218584569569986
4.516810961201974,31.943596546303034,19.502827562488793,7.453744328499259,1.9689482745602802,-1.205449827288405
4.078491770929387,32.4965960936379,20.000343933032102,7.815490610167755,1.8002882825751765,-1.1919777077554303
4.117183426424105,37.23606225648911,23.00517445747686,8.803992566129445,1.807120739292432,-1.1781937506309885
4.1430396227358,40.23923939958923,24.03588326250104,10.204955801203019,1.7875857950878098,-1.16412355139162
3.9779006643316572,47.502499132130765,27.289174383395636,11.908594857716103,1.9120396787018907,-1.1497927562415922
4.049384387251457,50.67258616577188,35.00236583176893,13.587939225320564,2.044981884655713,-1.135227044492828
3.9527228108577814,43.72281132358472,38.84450899845545,16.037144825925512,2.002793726228069,-1.120452102575486
3.9097996932749544,35.718857891293666,43.528968947647655,19.102407135617813,2.123002603062587,-1.1054935925880973
4.08948399125438,30.53698313199945,56.43943114734667,21.702253237541605,2.147711168851306,-1.0903771174214372
3.7357028728310464,25.70882867029282,46.196244325836815,29.670007881755122,2.35967272029224,-1.075128183877114
3.7319843547026097,21.49848317177752,39.81270982379802,40.451635803812074,2.3602533355791326,-1.0597721647730975
3.7584212266659023,21.17224864305021,36.22040690355394,54.83645934804987,2.617779359953217,-1.0443342607273987
3.573135296674684,17.92465362023274,33.641530770695624,45.25424450344902,2.4646853854505624,-1.028839462099369
3.6815449504203306,16.391573475063424,30.68529440227101,44.81530353882686,2.5668457741179926,-1.0133125114198447
3.5545118738473906,15.048679718667087,25.941917621376987,42.465961517527525,2.593924206845533,-0.997777866536806
3.440873498748911,13.356331406894034,25.889594983029347,36.04705687824323,2.466921718075494,-0.9822596646297581
3.2974339733914126,12.098837242391733,23.862547475317687,32.164599661222915,2.707778420201727,-0.9667816871954853
3.259475686148374,10.808649013664548,22.265895588545398,29.623427619860504,2.8473419988003235,-0.9513673260722517
3.3074135256488444,10.639485249388262,19.01120728974688,29.309729496364227,2.8716597778787896,-0.9360395505452621
3.1629352374703084,10.305707737464004,19.332395758525365,29.826842160779197,2.800840975642374,-0.9208208755616862
2.9970352244864724,9.484072486257945,18.196635771519166,26.746668062538177,3.123597774108691,-0.8082971428489036
3.113841083637419,8.838650316724026,17.57685096702,25.09302791808571,3.0631832152891505,-0.6787002421882188
3.1257759503107665,8.41561254636057,16.189010741736826,23.748549960658256,3.1592610123686993,-0.5639372135493875
2.966886629088926,8.164739259544996,16.696083195399115,23.63788690481209,3.2361770536515713,-0.4699681578019705
2.9685393557527995,7.89260107165508,15.500734306531058,24.005094896158393,3.4220151213728442,-0.39457590510474083
2.8878585412879088,7.298731551857216,14.570325078272957,22.293555069302663,3.46469523497479,-0.33372587120920094
2.7869078704959684,6.870466006209504,15.25303536670481,22.76775315176752,3.5465669017681476,-0.28363763258172575
2.9753980922485215,7.280886692412858,13.551787615014572,23.145269936817076,3.3903397411144938,-0.24130351080248813
2.7582541861327985,7.108128501925398,14.134333091884805,21.981766892318856,3.518114655118803,-0.23768087513006925
2.7617540284102544,7.10558868149969,15.336478600961781,23.996955493010944,3.679507346449208,-0.23920301746563588
2.5213916643923246,7.269111267246091,15.121016312661013,22.753362497192633,3.501580131052485,-0.23599030934884252
2.5072957730904912,7.059536888028669,14.254051945586193,23.634970488383395,3.6924217044392402,-0.2264681506776438
1.5909160470736947,16.20989329869385,13.874355900273168,15.112797252317929,4.392263566884726,0.7608104114356309
1.64073124447045,16.05689674973539,15.149836791119805,14.009587282117042,4.8206676819982714,1.0458806633291688
1.6479142469204535,15.266662243922086,14.859151813409117,14.85450425048683,4.285603657434462,1.085689239023556
1.7130776552919358,14.993205014680393,13.583272447946216,14.251864939983209,4.192579071025635,1.0500176493658087
1.76360523490624,13.816376198669838,13.700111040549611,14.41234146058004,4.135854995693793,1.0173562751758998
1.9311903929410512,15.011412646502311,14.509585466464785,13.344479827010238,3.9610330465130343,0.9885876202050561
1.6978609974342955,14.28865963593896,12.997364079134822,13.349616037736649,4.006029039118661,0.9628953439737145
1.756297551175693,13.273268434582157,13.014412730292992,13.978977808834554,4.274629591631013,0.9391585833599829
2.0006612529609757,14.165104938022896,13.534804861855468,14.141714081648432,4.133138969384324,0.9163909807270672
1.9582832775276862,12.916067778711962,13.381097691514618,14.014048986246944,4.1531075699664655,0.8938379038154001
2.007941653478486,13.347940132667238,13.063056868314435,13.774460860714207,4.11679047301582,0.8709620764279025
2.0839573636365256,13.639644808379831,12.540633936836127,12.628663381150982,3.8171622186709686,0.8474010109256691
2.0674893420876295,13.281529917750458,13.471071063166765,12.351882366777449,3.857816447372455,0.8229242515744013
2.0651796098513087,12.518658582191497,12.509990412305157,12.571945270257572,3.8069964612438882,0.7973981693347398
2.31115755610803,11.829319114393545,12.476233641049495,12.451718260387542,4.057610022713457,0.7707590830708301
2.4344863751864914,12.1431276949165,12.833255861364288,12.583050116303736,3.771015246291116,0.7472179949985525
2.2822332921187374,12.390370228474389,12.91353165727673,12.48521870572928,3.620643689445289,0.7255835052155588
37.98819385190387,12.176114882148513,12.238063681024931,12.791175507444148,3.922693898815111,0.7050540838691151
40.35734123661199,11.584251571315477,13.051142619758915,12.496470282605152,3.925669508844402,0.6850886842491464
39.8537013467666,11.846569197199868,12.153121689343395,12.3853416998027,3.615725656840289,0.6653234283065182
36.088744591928574,11.278155811023566,11.34808992240742,12.352569468957551,3.775866173607054,0.6455162272633134
39.425348321159724,11.616665010483601,11.732663750401514,11.977122548420024,3.626062142060935,0.6255092326049191
37.437990236116484,11.788014584850334,12.470143213519876,12.285812488755887,3.6061600887067025,0.6052030700093564
39.28343854157236,10.814224181122642,11.771033731839966,12.60584660409012,3.2782220032568,0.584539032179304
38.197591801737,11.405269408930213,11.506902006971977,10.782720046499746,3.3948942489788836,0.56348671906492
38.17381984675543,11.137899455725277,11.47843677468155,10.73482768586408,3.1852850118310427,0.5420354356354635
33.435554823514245,11.46094360005379,11.916552018692947,10.455996610478516,3.068323009191519,0.5201881934149323
31.580714467477225,9.855263803691301,11.397729311875626,10.283250664192234,3.5716236470168017,0.4979575211739232
31.442716280876294,10.470146749529807,11.0249200031051,9.239358436764002,2.989502281900769,0.4753625347871221
31.562671055708268,10.552613292918018,10.724687945276997,9.653479926901387,3.0418456589383904,0.4524268844756032
30.03934089753841,9.960977257976042,11.420165030596026,9.668427676018569,3.14798366092266,0.4291773139677
28.34000220286425,10.423647106281889,11.459106685138744,8.578800316077231,2.9647897553969003,0.40564264679913653
28.505271436581747,10.909746447094246,11.658230817020213,9.193746570216042,3.0264264305308655,0.38185307104598465
26.408289094113233,9.58544583426556,11.395063986473682,8.660535611448932,3.145877412845551,0.35783963279124453
25.142482198689795,9.938684711700251,9.771704359576947,8.185565651725367,3.0483135555072467,0.3336338757765229
24.590756026830668,9.547061553139754,10.978637295987722,7.31605451285733,3.06738555693972,0.30926758359476736
23.84526542977262,9.969027232087033,10.971055786615464,7.482225598758195,3.043821102728233,0.2847725939445521
23.026806557076387,9.858905710908124,11.130342981814193,7.405427928495178,2.8133947965472306,0.2601806636361092
25.666744915667223,9.731180517354199,10.300370746912954,7.2408776417888925,3.0666152106275293,0.2355233694263562
22.176952383456012,8.925705395302781,10.605238441500552,6.210106888746655,2.8438457617519606,0.21083203421053892
23.771821618577444,9.613897517337763,10.998954866150976,7.391029025680651,2.656235773412974,0.1861376711999974
23.297899560975583,9.390046749651663,9.899419567989344,6.843032564514706,2.6290931427595288,0.24232832003885102
23.216504852362547,9.89580405779259,9.640058197052133,6.601951674069298,2.750408866802892,0.3054413053851859
26.312088808956464,8.051913663539889,8.935942919882526,8.205833773685386,2.606782315072426,0.051529482193061124
25.618031878490157,7.760228218619217,8.384780303706778,8.30508027127476,2.7251952461315456,-0.1709346452250916
24.460178655571013,7.657894182130633,8.35608725124641,8.29804680324871,2.660849013964121,-0.34754459990838277
27.57844073714981,7.6161706835033804,8.197277612397736,8.777723777269319,2.5283323162145908,-0.48289354819371616
25.785330583879176,8.115047588149324,8.064612637983354,8.529186703822498,2.5628711014255576,-0.5859038276738747
26.792004068535757,7.6225432838719955,8.39027198448258,9.347881801794673,2.4807116729671055,-0.6650155153130871
26.90738872515384,7.3877420817587565,7.330366165253478,8.590446735885344,2.6889251825336355,-0.7269611919308006
29.014845683935857,7.330373416688115,8.167851774476755,8.381493686007543,2.521480548105464,-0.7767484113427972
29.671657646428645,7.293494460076791,8.107516464909262,8.088680883970342,2.546486041779948,-0.8179757123095359
29.845038970312746,7.622122219710052,7.472781593146995,7.904281195197765,2.7330972684026897,-0.8531811922093593
33.23302504313448,7.296467169506947,7.367268610924967,8.187038103320532,2.6084189063237777,-0.8841352286784474
35.433779013423695,7.282780072430928,7.266646428275788,7.856729915440634,2.5802651061999993,-0.9120635069090441
36.35187318794256,7.993762337033067,7.787846264466884,8.205469596403116,2.7544816660013827,-0.9378095001582936
36.65976465107393,7.6352002284869736,7.9420324324082605,7.6691342481558715,2.852154447313621,-0.9619501546240017
37.911582010063135,7.02814694480822,7.521802466255073,7.614276838881616,2.670249512171646,-0.9848772414224825
39.24460386780997,7.139486186917676,6.698745860815746,7.97411371555095,2.944847796550287,-1.0068541728004907
40.209079354308095,6.453619818401309,7.551857819276578,6.830463389717312,3.1016701519210716,-1.028055530124722
42.1585955404939,6.584202185377928,6.789820828151416,6.636301094329445,2.861959493029292,-1.0485945059741222
39.64094755527241,7.071972300248201,7.058787667456042,6.705717073158175,2.989963032561696,-1.0685419351193277
38.71952731888205,7.326913905510333,6.726418875554758,6.704123022312147,3.0968317598532713,-1.0879394871251515
39.97957927149262,6.714083702922266,6.532538552480729,6.693551640797676,3.093397589774907,-1.106808812625191
26.238822662565635,7.293029549781718,6.107554076717602,6.04352668158175,3.4406175325734423,-1.1251578878256006
26.189831946211353,7.351993960803015,6.372812578705639,6.310999808504655,3.2471279553312864,-1.1429854200326324
22.991677531639258,6.832452775267047,6.8041311035825895,6.07149891828956,3.6284419784431856,-1.160283911683631
21.1559076250997,6.9688283380371585,6.432248916007517,5.920183498001954,3.6298608172097797,-1.1770417963365323
20.715604757217026,6.6213911369813205,6.153183992238997,5.802189114945965,3.3735075804895605,-1.1932449325861634
18.227826978911825,6.580977260752855,5.520974373946138,5.5566924706696685,3.6253645555918967,-1.2088776536216472
16.883097173168693,6.680793691270501,5.745156039758613,5.42414508932674,3.73213658295231,-1.223923509075055
17.340733250422712,6.98854634786425,5.832926406869274,5.457413229404327,3.732003078856275,-1.238365793572925
14.660188419816881,6.564574624492256,5.684198816702623,5.06047412427674,4.132651108571671,-1.2521879271930458
13.996359748136113,7.047322486052924,5.532201062486916,5.237651340984617,3.9673973751617315,-1.2653737328332593
12.832238185978996,6.713151833956889,5.571505900594737,4.724170908580012,3.8689354211385267,-1.277907641537793
12.50813495236379,6.841296113384938,5.60160722936508,5.063775730869609,4.258342301812542,-1.2897748471767887
13.673630979766964,6.539625819278384,5.721743724958179,4.3010773234213575,4.473273825476261,-1.3009614252066306
12.393348189031427,6.865314809685828,5.8198626033361744,4.775081349521214,4.74744932959742,-1.3114544256324152
12.282467995657425,6.546097109036774,5.528954444090447,4.511955899247803,4.573844753630785,-1.3212419471133625
11.625901841227254,7.258459659743286,5.493616132954837,4.661439645688122,5.074277878777758,-1.3303131969581152
10.635450452072373,6.859149994396421,5.718762631164985,4.34886629157215,5.188693400199619,-1.3386585402452327
10.499855290521245,7.368444935147952,5.607992210332429,4.279548271503832,5.105505904012429,-1.3462695402643867
9.92330999023381,7.234008882637612,5.398897102098739,4.10889723014873,5.46516786543952,-1.353138991761661
8.980889615542676,7.371014117300064,5.721538748303036,3.9568869014447547,5.687140683714047,-1.3592609479861513
9.644296542871464,7.321099981015784,5.5684552921518,3.7338570648112133,5.7732042744873855,-1.364630742205736
8.83238334006194,6.777232683177795,5.521383242431481,3.8916883947817675,5.7962836246206075,-1.3692450041400275
8.71241187319827,6.746630314670102,5.619410509563443,3.4086437175242033,5.634827144076813,-1.373101671613196
8.330125956229187,7.396400134346218,5.502558164430345,3.607074019465866,4.97022873060121,-1.376199997637141
7.929198287030503,7.784178208283044,5.728290805055514,3.691588942024325,4.868813660072888,-1.3785405530792818
7.461541347862122,8.038071856965002,5.997386358139808,3.3660187983567087,3.9919977352891873,-1.3801252250374083
7.245997030735016,7.406880949798801,5.615973784692405,3.603741917977572,4.308886819748084,-1.3809572110306532
7.149674814802268,7.851157675061188,5.486328246885674,3.334395727467657,3.996014710965501,-1.3810410091126761
7.317174862803519,8.222311408874036,6.046620411025163,3.5414598802777606,3.7784884662860345,-1.380382404018555
7.487802472083486,7.763492245749761,5.688470623577439,3.2855100733192457,3.398156022454421,-1.378988449467075
6.452639610707134,8.234827949649869,5.682929256575455,3.266139227527647,3.2927035789943955,-1.3768674467533712
7.032332331366684,8.420173481929046,6.33932213595276,2.8897392287349266,3.4314381105377723,-1.3740289197814262
6.717325500807824,9.09594630219911,6.260251294270838,3.1898928260713313,3.10310160248935,-1.3704835867010088
6.258732846011221,9.019933410028104,5.701638168243037,3.251756502614666,3.073505912541461,-1.3662433283281346
6.036027610264062,9.308564875722317,6.789875127096844,3.2015244353687335,2.838996181216557,-1.3613211535425551
6.199429955890625,9.149360348542313,7.017442306205366,3.1176197321198074,2.7643646720054664,-1.355731161867101
5.654255534693473,10.053364307434947,6.349907328102427,3.2907936519566383,2.506961723767906,-1.34948850344533
5.74848540166802,10.652352219184742,6.730964689476093,3.3242816297759674,2.4925706998601886,-1.3426093366419949
5.707646276051092,10.57325229633198,6.689127197288619,3.0561979197005873,2.470826749424403,-1.33511078349774
5.555818017287197,10.736285237557057,7.042100083126691,3.22933615126049,2.482767628302769,-1.3270108832739982
5.488278754299977,11.426808876035556,6.876474968492763,3.130968838893396,2.2069848180445377,-1.3183285443259438
5.408765632690565,10.967893229876658,7.738700537791967,3.29330749155884,2.198498711388479,-1.3090834945420018
4.99596117740825,12.05177440568039,8.211370707361247,3.3103612942810043,2.3567433026390927,-1.2992962305858025
5.516500435743812,12.594922115595121,8.189546845028573,3.3477072985016036,2.135260769804961,-1.2889879661728623
5.418038929865571,13.091231210259743,8.08598424078562,3.5004997040847026,2.223461407151422,-1.2781805796077768
5.157966365991662,13.285912953193435,8.6265956245684,3.412913664847226,2.0213819334537084,-1.2668965608005731
4.896558642616026,13.854876257459122,9.054754619532995,3.3185874670603197,2.060891442490094,-1.2551589579708755
4.790745370131364,14.246849644054768,9.905687679240962,3.865650452500181,1.997962938286654,-1.2429913242382842
4.751746833372989,17.074503636432357,9.466801389892108,3.7939226743013665,1.8994652682064892,-1.2304176642849503
4.724539675224876,15.421167353810874,10.137978082074403,3.9348881122446837,1.985524924184853,-1.2174623812638379
4.71315618001353,16.88046779967027,10.682474824382309,4.129547964142957,1.9902428111515507,-1.2041502241120896
4.758293162006817,17.37223795927752,10.742578823809614,4.457950952233482,1.9337606002003511,-1.1905062354148215
4.741621797545289,18.97286826720378,11.815946887040568,4.5172868878975265,1.9892847477337972,-1.1765556999500646
4.252833384740051,20.142819292309262,11.972704808718051,5.1167834696475145,1.9303545513518765,-1.1623240940306034
4.581920831068628,21.480116120116907,13.685238311142664,5.245034178671968,1.9251414494134693,-1.1478370357445673
4.158607874146762,22.370878372843602,13.586875040881349,5.706487680726477,1.9240397334679389,-1.1331202361814627
3.9816856039039026,23.570010488281962,15.353594459422569,5.482073990594013,1.8247311338780625,-1.118199451717037
4.280978613439,26.077164287990477,15.674237434636812,6.520196068899608,1.9327875832313481,-1.1031004374170545
4.121619934986369,28.84956097988465,17.109755719264008,6.695662662682395,2.0476225152568666,-1.0878489016077282
4.077620780298938,27.914447436413088,17.51573648826544,7.742467410926352,1.9429100973939748,-1.0724704616491967
4.1364832454468345,30.61043932790222,19.611931140590077,7.929164017600121,2.1380802761817925,-1.0569906009376298
4.030657543913847,33.44636991452832,21.696973256091816,8.278348791408964,2.1110046862098812,-1.0414346271530925
3.799812499321857,35.152613692769464,21.95456100111118,9.223033312262942,2.0358967482131876,-1.0258276317615
3.7600462790657105,34.44943073927904,24.673589245983585,10.456572908365931,2.1345208188396914,-1.0101944507729455
3.7887015324817317,35.78329300964273,26.528542456700137,12.03055028192325,2.255404039709952,-0.9945596267526957
3.573135439546831,34.50936489616355,30.505791840321628,13.079094245638393,2.2123587606250474,-0.9789473720775419
3.5169432778542746,32.59786333089219,34.130490122041145,13.97070390351687,2.2905354106086873,-0.9633815334271754
3.6918205763716236,36.13746622867509,35.427614182422246,16.446127172432867,2.3528128633998953,-0.9478855574986615
3.704264177943732,35.624981702145156,37.414683593696346,19.029972355584487,2.1659491449416497,-0.932482457932354
3.4854055434319746,34.90979625099763,33.27046849607943,23.165477821343703,2.347128068981813,-0.9171947834376829
3.493296595910476,34.04799286028366,33.363351736686596,28.261049034119317,2.3223465932459706,-0.9020445871101348
3.564137412997198,34.718910883821,35.39223319582206,34.50143138324871,2.557424276627213,-0.8870533969330201
3.729403201741788,21.775545941929874,35.06096910887531,34.30259005130531,2.5704683350235475,-0.8722421874619022
3.3097180236149026,18.454275660002292,32.639621419702905,33.11277120663507,2.8293861896884835,-0.8576313526939174
3.2799719156824594,17.512374865636815,33.33691797786138,30.00000470863224,2.774972154833297,-0.8432406801295065
3.2718602657753015,15.233952686712305,32.70875398797102,34.17117803591557,2.7922531409378566,-0.8290893260395589
3.301723863997305,15.551413636951732,31.839968861419226,35.78910320672894,2.863529591365803,-0.8151957919569592
2.928096079335435,13.651649265367519,32.84551036501989,35.90437236478675,3.0165941693398093,-0.8015779024174982
3.212793762426859,12.232839874987604,32.5695437315241,34.13965884449733,2.837480398638189,-0.7882527839809137
3.178740016059588,11.057555572897671,32.77759850091084,32.32637485664933,2.791302745532854,-0.775236845568584
3.225522183490276,11.567280071183959,21.24264115854244,32.91424949599193,3.1089740192571123,-0.7625457601598233
3.0420773483217567,10.048530932865978,20.79311343964505,32.57223669072708,3.13361507426313,-0.7501944478929594
3.0172012410319207,10.139429952268094,19.654001425912657,33.96475743941416,3.190684115278311,-0.7381970606219153
1.551979351192743,19.844388765530816,19.036515678037627,15.58569177192825,4.255987601125517,0.9217541165552119
1.5748591717319194,17.33942375363652,17.739529694531353,16.53031784427132,4.5527940657442745,1.3589588116178493
1.633343608757126,17.43955036420949,17.035023051865867,16.346943918237667,4.259129059879931,1.3804936788601934
1.7507663308590582,16.144906772699315,16.751314928049222,16.816459286845344,4.450217967847823,1.3033868742705086
1.7733419779214343,18.08410143021785,17.25696920051294,16.247518895657077,4.298346161529197,1.210013458869604
1.7793419358357012,16.501927015019447,15.875218958899252,17.440132344614387,4.119628148287821,1.1256118469223881
1.7925778317835515,15.664286869097532,15.648306296013434,15.796755876441766,4.460723923505011,1.0551800603628638
2.0699572470477907,16.78722778325289,16.143798481549453,16.098614172107485,4.378416216482029,0.9972657638465745
2.014657164922491,15.854711843754838,15.584553369271314,15.795362076888903,3.8814312342909933,0.9489201609008611
1.986147845586183,15.522687902027787,16.002599048512245,15.55151312716489,3.792197435646266,0.9073304004174636
1.9902903348940528,15.010634863554435,15.603935334950425,16.026865539522834,3.854695443859267,0.8702447315265995
2.118161642009422,15.018231674792979,15.373942215421321,16.741173025661332,3.969628725357887,0.835989042550074
2.1258053841946607,14.737828453385394,15.722755645622415,14.966143775902419,3.380637651640608,0.8033679291951865
2.1724571329351896,14.633945354458538,14.699514334283789,14.830993618858146,3.5753497666548917,0.7715516890233557
2.223600204369001,13.60778670897493,14.477371245762738,14.762753427467937,3.7707296485462956,0.7448754878867396
2.1984427892713287,13.575809179244938,14.263758907258094,13.926542641949515,3.7827306446760787,0.7211969413459366
2.4155008183242686,14.351365315918743,14.937484335970247,14.803332127461752,3.712609713361718,0.6992563960944893
2.5535637787751764,15.000276557226773,13.960404699319971,14.29542610364632,3.606149177163621,0.6782737444217297
2.484262820726094,14.597634153714088,14.246951856406557,13.41458921333431,3.5414622232242134,0.6577499545815064
2.4955620920936887,13.826214642072816,13.931407770895106,13.33027548594395,3.453550665884259,0.6373610841749051
2.4546206360425065,13.193302498577562,13.92204831675551,13.112085335077902,3.7235014800344053,0.6168970795005927
2.60279542003984,13.484819220304413,14.484607746573573,12.797621132478323,3.301110993094826,0.5962240793355985
2.721896338949352,13.597644192795308,14.731787901945127,11.691317739142653,3.353645370481986,0.5752600783675907
2.8661838085424516,13.285300940754517,13.507138443979779,10.930628398866498,3.121313907470466,0.5539587170920781
2.923334573213709,12.487104379272253,14.08179603124772,10.16956389698986,3.424319032632332,0.5322982711699152
3.0160433728508713,13.506688195121788,14.4045676276785,10.142493278582657,3.1351133747321516,0.5102740827475254
3.0435865592640714,13.248571899686489,13.937539026556815,9.403215994448873,3.283118544922547,0.48789331969929284
2.942492777684038,12.85359008929415,13.48132875748096,9.996830025946833,3.256693584940969,0.46517132989370114
2.9964038398227104,13.448692061377018,12.969578387042056,8.357580043305495,3.160525483814145,0.4421290968008992
3.0682479588323583,12.07859700993034,14.267662546378233,9.40684329764698,2.983059001884452,0.4187914590976842
3.191851661427559,12.560586964864605,13.347220134495576,8.765523966907248,3.1983344143035524,0.39518586179604387
38.350950892662375,13.000644403585634,13.446808089664238,8.115508446329128,2.9206796912860264,0.37134147789253985
31.61753245060961,12.24258763394497,13.27760773468666,8.33471431328087,3.0829370823522453,0.34728858870379364
32.93989413761113,12.542708031077346,13.24212838135532,7.462839379337978,2.800448694789952,0.32305814506035735
31.38032788476867,11.574118539079832,13.183351505722541,7.517357426481018,2.9543614879314672,0.2986814551257636
32.27604935780059,13.2270348850986,13.72988957910264,6.970943861381243,2.8767828712676864,0.274189961006422
30.32501544042134,11.762209737037853,13.07694025093064,7.372736274531568,2.8531347718043016,0.24961507772732233
28.94158787962232,11.345002978832305,13.851055280948316,6.945521060836514,3.1221130398243875,0.22498807609152366
30.07028508114259,11.068614818086607,12.156394290300058,7.150518796924345,2.632730524078955,0.20033999647395861
30.471504679846742,11.875419855605886,12.630875736597451,6.710159558274871,3.013523533578549,0.17570158445521525
28.950729692955274,11.570584390063011,12.322884258037838,6.655140970482737,2.691557415320581,0.2318820096597301
28.826259517077666,11.06448701946988,12.001603528608008,7.100555978656271,2.429878301524055,0.2950074426696903
29.203796557479976,10.741054378302655,11.612512477110977,7.387654610306556,2.512084836597508,0.3438494243012273
8.867749886306964,6.930523677782727,5.465965064822841,3.5033825040500224,5.428690059579717,-0.8430755516265694
8.737461471234653,6.945672479231551,4.96385031106728,3.333094241502265,4.887845055285331,-1.2722080181931041
8.698258245363556,7.74185396440743,5.358697267810903,3.606328076869459,4.827641122563193,-1.4156235047090706
8.208396072445218,7.196989724946009,5.60855451739516,3.6294923832165202,4.376570809017881,-1.454876179108682
8.669152052281358,7.264362493311623,5.247301796727211,3.310787666844918,3.8149412391614903,-1.458632326807076
8.240314996452765,7.52521647904351,5.154179298186044,2.8782870218889474,3.8338607506228515,-1.4520437160047224
7.314658008658681,7.593188905314352,5.24838377816999,3.203652483594888,3.7563469506526728,-1.4437352576156595
7.276162334153293,8.305465437571293,5.662309603155551,3.040391697839869,3.4540137674449105,-1.4362287712308954
7.605156378502535,7.634035137181183,5.402310522005061,3.1097797086216983,3.256187918983738,-1.4299168055920877
6.806551259788809,8.203429811679676,5.665520212607054,3.149787900010544,3.100598775301096,-1.4245408931023258
7.051973218391135,8.596258701271596,5.591313426367488,2.9400023903325185,3.039405841600643,-1.4197153435047378
6.027979281224447,8.81985199249662,5.789782764262544,3.0697083254141915,2.7674854076763853,-1.415093755108041
6.322179551391339,9.071646570336991,5.708235716890705,3.098003919216345,2.705576632804171,-1.410407289282266
6.22052465755358,9.079433463296967,6.176569371515052,2.8448928909291213,2.6951083647571763,-1.4054609122537665
6.199193901097933,9.39731328088771,6.5199138499429266,2.975298610045316,2.739951000270537,-1.4001188853941369
6.053235632908973,9.567750180758955,6.273221551115295,2.7516375990464508,2.308933454785158,-1.394290016409471
6.051613908182069,10.050471493027652,6.197672705573142,2.970627249910754,2.451168807679755,-1.3879155760858326
6.041975258269356,9.622170135453665,6.864993942659749,3.1017788790911496,2.1774042160496365,-1.3809601748945213
5.505216010585362,10.641387438793206,6.821781820242343,3.064528586014749,2.0687919731826603,-1.3734051289392024
5.924644580453,11.958639423245085,7.325815705853311,3.110925832525119,2.0595345142170953,-1.3652437242890731
5.439072696954789,12.289554035485958,7.689503101887694,3.0027322898834843,2.030862048452949,-1.3564778659718064
5.2523862141435576,12.357040204685019,7.804067367442963,3.106058483182539,2.0855625470867567,-1.3471157144995334
5.197097919305635,12.842057367482994,8.117908129546993,3.1649410892352834,1.954793237403188,-1.3371700183983144
5.015275637351047,13.766512504091876,8.299979936822165,3.3843949903409127,1.9018180450080056,-1.3266569341632863
4.9518935794150485,13.911182049698747,8.51534714608372,3.356512711566602,2.006273016501236,-1.3155951864206346
5.182731735184645,14.66720656088328,8.663206449255814,3.452901557478449,1.9420326385838937,-1.3040054651518802
5.066663949618707,15.492018339794724,9.889017041736441,4.099480377718101,1.8599489883422216,-1.2919099880124256
4.9557030937789,16.563062124441224,9.73375207483194,4.210890259902947,1.8212638413690636,-1.2793321776502982
4.801747822549578,18.155638067624505,10.548102760860534,4.030482722135771,1.8405973662647983,-1.2662964192070203
4.50902275308623,16.548707540936515,11.555312560637253,4.270226611522676,1.8084580944806474,-1.2528278738255443
4.41805891706463,19.28089991772654,11.56224125622919,4.503947927693024,1.8116989414775257,-1.2389523313937167
4.341014225081852,18.14945689695042,11.909259722764956,4.6770708633524585,1.831925892848726,-1.224696090896734
4.334303994617469,19.253841427027478,13.001372692287035,4.970689850146001,1.7923415863898466,-1.210085860325874
4.193799865451279,22.527213895497987,13.823878198804023,5.40154264627258,1.7792099015203802,-1.1951486705703886
4.326295496317864,23.400056203701983,14.808126890585415,5.727606279573069,1.931711131349914,-1.1799117994395567
4.31806741473471,24.651857122378882,16.04777718641306,6.667908516312687,1.9228408997231186,-1.1644027031524518
4.09839543911915,27.153408852266917,17.516262463810655,6.847162846031533,1.9891498548026398,-1.1486489534573383
4.455414669815508,30.00287750431555,18.088086460501504,7.042905617634709,1.8942011050345493,-1.1326781791110272
4.102178814596828,30.586491078105933,18.931389925713386,8.050120844614334,1.9559661243211275,-1.116518010840355
4.059856208559795,36.13789242025653,21.87023126741508,9.297173020693819,1.9685467894135837,-1.1001960291766943
3.927785263308881,35.92018762479635,24.52754208985101,10.002889060266432,2.0804273126816653,-1.0837397147381065
3.636417406298171,41.40150369222483,27.8274815541752,12.008321360420256,2.1156828221151915,-1.067176400659625
3.9122428280265336,47.12703170427954,29.616312421309182,12.523453430885532,2.047412784476383,-1.0505332269560719
3.8230061649970155,54.253431146519425,34.2914663730342,14.156955430933971,2.0110946757466452,-1.0338370966599837
3.8224099813228425,43.30979756740599,37.802927243853446,16.608169363750534,2.1877102245896527,-1.0171146336154446
3.6129308957876862,31.726416225601305,47.04852935254088,18.591521082996444,2.329224695789059,-1.0003921418349992
3.6534455085401274,30.23843658073559,50.78135883634978,22.332139276939532,2.2515816544115386,-0.9836955663448512
3.554651133303418,25.45378702035094,49.6920609449576,26.98982130456944,2.4463441101642815,-0.967050455456193
3.7215718634602104,22.12363973517109,41.55351670727546,36.474414233284755,2.536107193506528,-0.9504819244102714
3.6344049849471243,19.37371500918883,40.18621565894493,52.44363616739914,2.286043971100343,-0.9340146203527868
3.513176246553297,18.17144802354155,34.629531752130994,53.49093068685367,2.6290010539107316,-0.9176726885997817
3.4209325473456005,14.803275540381923,34.32020024823871,42.40809924973978,2.6096866066636126,-0.9014797401645473
3.0860575633952227,15.783623796461681,27.437025854300323,39.92082993953034,2.7017850395206464,-0.8854588205213514
3.2316135212606687,13.684430672355704,27.30809554939779,39.342222192630814,2.78767423381687,-0.8696323795893285
3.1327992077156352,11.84282321082111,24.628022963543078,36.72622915347182,2.898440285622791,-0.8540222429274857
3.0782311312178554,11.521523195870918,23.37127490695978,35.17944868186962,2.8600611787222427,-0.8386495841395051
2.912078925891903,10.081749625761486,21.54929793632175,31.84638568238978,3.113655727999819,-0.8235348984956624
3.110361614139971,10.121318516461185,20.83263991823808,31.282618389858502,2.865637997384602,-0.808697977787203
3.065557508882691,9.885433142953806,20.05028898968555,31.406317763782923,3.069461736703866,-0.7941578864380692
3.0341091484957756,9.03951126831862,19.230846018736656,26.80282253161941,3.144786739484689,-0.7799329389062095
3.141406939487833,8.755474318633754,17.19352243242248,27.529715818672972,3.2797414111275827,-0.7660406784151728
1.5509105211316434,16.48549546279718,16.548927444217085,17.219279620232985,4.565328221949598,0.7981428111386806
1.6394076440404566,16.74641235524238,17.104000200028853,15.672610298201032,4.318051118402541,1.2331777401251074
1.6567877699444709,16.89570546692794,16.877627556738823,15.798726915844556,4.453975651423184,1.2785131179035576
1.7807060423442829,17.80509093281114,16.397897241253514,16.459788291661194,4.502527971311343,1.2276573661721084
1.7821019920128915,16.742058838522823,15.994560478386557,14.53037655139655,4.486811723859817,1.1565469037618241
1.6543468652223812,15.58017756293872,16.722107685700276,15.247199232179002,4.399909344182481,1.0893597115914937
1.8905659394803664,16.82752134457989,16.248099721871263,15.245276106287523,4.382684966023627,1.0317035137168404
1.853043235903418,16.86066866086017,15.159538588231333,15.088233030557813,4.05956356848504,0.9830856030318578
1.9825573986271001,15.113487521169663,14.97449645990416,15.539103310846176,4.0709592891956365,0.9414407287857793
1.936265655125903,14.379072022056429,14.024258613363877,14.447552425672237,3.9766747928959965,0.9046600165657974
1.8900222541744656,14.240159542558764,14.584431559479093,14.956465532893386,3.7624952325700924,0.871019935849289
2.032937568383015,15.401531355102358,13.76975454363898,13.914980354579749,3.926054076049365,0.8392314731178707
1.9672986502128367,14.219155567134916,14.40920179492924,15.214156298479663,4.199934662919248,0.8083758948344213
2.1570044120667107,13.977720735654822,14.407543851648049,15.44176612203927,3.5648637191239088,0.7778207687111174
2.223734624673114,13.618465095462732,13.719594543593157,13.3190099276821,3.6970846022992263,0.7518181130002404
2.277128234126467,13.021872234757133,14.198185432591403,14.910611445009145,3.536604912702593,0.7285272447296212
2.255440171397448,14.059765619850598,14.726305756083605,14.154527270575663,3.756710930099167,0.7068216473417032
2.681537388264525,13.806063404372784,13.964314546242527,13.200480187119476,3.648219719030552,0.6859838137351555
2.52662361105739,13.30827487523976,13.203158972241892,14.252463010904725,3.732672204923228,0.6655465494864485
2.4968725839716104,13.28812706854658,14.045644783994781,14.056739146290617,3.5793709377463547,0.6452035199833521
2.4831984484004206,13.954663196401508,12.183654792198627,12.154119345705,3.563418031886906,0.6247551897373531
2.6251379719169132,12.561938027000535,13.618679043425132,11.88511019723904,3.382855738566979,0.6040743845478168
2.429931716200507,13.310019947725298,13.646364757207047,11.878725818751358,3.8099188641345183,0.5830835524488964
2.7373012404325388,13.353372032203769,12.60459379720149,11.862137542309927,3.693664897984809,0.5617394028360839
2.6395451170530215,12.821679019043552,14.224966450838219,10.115294646138771,3.084906446919073,0.5400223839279499
2.7684182099288313,12.078674456621517,12.916577466953605,10.64334373975795,3.4389033309712547,0.5179294133838825
37.8013164663952,12.507292435911882,12.207504126756733,9.958448616391395,3.3300261853431996,0.4954688299223401
35.067291673465625,11.500087860758446,12.244060428272453,9.728509250688614,3.150686033180555,0.47265687513534593
35.77877518072327,12.339616913814362,12.092024043611474,9.806086549089839,3.3502499763336657,0.4495152352854188
34.528940901657805,10.591222773456293,13.213355550038258,9.108928628835207,3.0135806454723784,0.4260693197941242
31.76608609690429,12.098311707833297,11.96625351633309,8.022793804369304,3.1721611417207383,0.4023470528396984
31.365327714105835,12.363577226402004,13.091953027409739,8.545275993891428,3.320441175567167,0.3783780229033109
30.40555649805548,11.691718303820739,12.434221375077463,8.630029395144458,2.995492349268638,0.35419288235821433
32.209855466598896,11.755939364478785,11.966450078129496,8.046497970549956,2.828626014728704,0.3298229219583226
27.59480799230375,11.300817111795702,12.735171505266857,8.127003552917266,2.9449433049145797,0.3052997678390196
30.461292631869085,11.336399268697534,12.351589125832378,7.649467530569247,3.1090369952512766,0.2806551644721579
27.32643055606059,11.726466455155895,12.50638733352898,7.4134123284954985,2.913387194427572,0.25592081803478695
27.06472786399665,11.128599827014625,12.128405886023165,6.814855624049281,2.7656042847775324,0.2311282823223313
26.977826043198302,10.774152422780713,11.81214956270706,7.197760564259325,2.907254421647016,0.2063088746812365
27.86134613295136,11.01885854838498,12.266430942991011,6.326906727746601,2.6471783967724116,0.18149361315945817
27.588341175470802,10.386127290720664,11.623286452516465,6.657025566756356,2.8103123151713176,0.23726186958209686
25.90795600380085,10.683832359268045,11.276017841903814,7.246511804058223,2.641132639686818,0.29991500872965554
29.237837715009285,10.606798356937613,11.253508726969498,6.8776252687526345,2.603141759552694,0.34828314389406967
38.173282408147585,7.4382080430002775,6.662423331873289,7.387079904122249,2.92803310213308,-0.7784978864556512
37.61563918932235,7.494495198663329,7.446230074628677,6.696994376260118,3.029995945056844,-1.1492999648943871
27.41360515581909,7.109395813009375,7.084593763568448,6.722374276384987,3.059629570912854,-1.247732692261254
23.673814725781046,6.75739457464652,6.447884551463941,6.438616224444875,3.024069767861213,-1.256177267005875
22.3004025287605,7.041674624857584,6.643161875277673,6.197808522237018,3.1585412915622144,-1.2409791984346974
20.216737163411242,7.691128233872471,6.714734514140809,5.73179767621795,3.44077496804466,-1.2245149564375253
18.66833515767746,6.708962329099403,6.775741691057608,5.544651896261374,3.3302190721269196,-1.2130152881793936
16.91571133230428,7.374934179384535,6.523882981415226,5.920515433237719,3.7079075033477595,-1.2071515997030278
16.68298519665063,7.339409891206945,6.481612119962603,5.867940846824205,3.640297159788935,-1.2059546537898296
15.498779707333505,6.674776847881451,5.661112865833167,5.170187124933792,3.797983627950973,-1.2081872154588595
14.604502959372686,6.633988559496514,5.981237914446842,5.623699541082656,3.8899219661077473,-1.2127676850971851
12.942134421486623,7.211389560593549,6.0155583915040705,5.242351572128184,4.162429260619678,-1.218856466497134
13.42485152519616,7.002482920064722,6.281567142190993,5.198606614946908,4.225914610385034,-1.225834473585056
12.517384010065399,6.650434590903858,5.974347881132845,4.781033865436189,4.324017648025274,-1.2332563173053699
11.19487331606011,7.006783983844446,5.97693530152583,5.1737413430441315,4.611512200064415,-1.240805349486488
12.383714789718155,6.8044685869298736,6.06882777417095,4.434968293446397,4.073674171645634,-1.2482576069010198
11.608834542515847,7.182496132267036,5.8631205901111505,4.689176033140885,4.82588937666464,-1.2554549082054187
11.045565781289278,7.214770590891519,5.850698740990682,4.683873457208608,4.901951671633412,-1.262285462937944
10.534271123592848,6.830756011384997,6.094958716044227,4.70249657389268,5.023720801621654,-1.2686701434626524
9.64474292975465,6.979128966894863,5.371260026492857,4.5577021439042795,5.500580720577441,-1.2745528594979822
9.101557667357849,7.167628033389897,5.6966585134274705,4.404355611882333,5.336898603413002,-1.279893844770555
9.015417597995205,7.268161934001312,5.421135660025107,4.400084610706875,5.448401765075419,-1.2846649881821701
8.493452109995188,7.255471580113277,6.194341626786878,4.068662067267838,5.723881550324089,-1.2888465916208336
8.596534272735907,7.687046899424331,6.174114596555768,3.8622534000407205,5.691746798775329,-1.2924251197720988
8.738960838208572,7.35483983807434,5.887910425049982,3.7068138139561313,5.93839911144531,-1.295391638215165
8.155444122542304,7.485442241272595,5.167190798472834,3.7746231546685407,5.72872642650819,-1.2977407283561702
7.795152804880163,7.571098899261935,5.592200828832848,3.7552636210128862,5.287365078645799,-1.299469732288037
7.824727678746035,7.890956815851326,6.139684630151791,4.062382191848792,5.113174625873578,-1.3005782256217984
7.988305006388792,7.828656645502423,5.471910558887296,3.676579610541926,4.849796324253832,-1.301067647580303
7.109256894237928,7.565483520483222,5.787300564397289,3.761601322485898,4.387988297796778,-1.300941039338202
7.016096673209874,8.680579249275363,6.458012120090899,3.802719458224513,4.131462489346896,-1.3002028566431032
6.973763511340995,8.21409100688619,5.938019316919559,3.544098671949488,3.849081226115873,-1.298858833194472
6.947366196306346,9.155947236122195,5.9315802504914155,3.514541008071398,3.7982561766731635,-1.296915878500727
7.017504931470083,8.83466804230869,5.864160396309572,3.649508713865915,3.6326189378402787,-1.2943819989609242
6.504660895664723,9.010609612433395,6.141835106038034,3.597341867733904,3.565502337857118,-1.2912662344049088
6.267795392694665,9.332223782690779,6.452456405418008,3.642122383857581,3.3272238936977145,-1.287578604748394
6.44285720365897,9.131361682304016,6.358336994034322,3.362775094641516,3.252386108891955,-1.283330063100116
6.055817954379215,9.451639221847948,7.056457319776575,3.387853608201065,2.8802109994232947,-1.2785324528269137
6.071471485501522,10.085715011085957,6.374813603054387,3.367631985648656,2.8487052511471704,-1.2731984668946068
5.714090046477761,9.787369866065735,6.304134340277419,3.2895769663240952,2.9308053274574606,-1.2673416083658529
5.4039154813394275,9.530912952125648,6.878486004198429,3.2344211689822715,2.751271196936026,-1.260976151328682
5.037847755932016,10.471202494581243,7.53238573773808,3.7352592119132506,2.6697953377268604,-1.254117101801245
5.535019077803032,12.276139150559287,7.2243884492832855,3.2846148521284317,2.4998715895644943,-1.2467801583462381
5.234633929446657,11.047671128384016,7.333589325097691,3.593105973407632,2.5791699499714635,-1.2389816722589369
4.999484981329477,10.992428770788983,7.288606285001753,3.6779924639463286,2.515338103130228,-1.2307386072815574
5.369155587084517,12.745086023043179,7.543117095805577,3.661101456776998,2.3507613789207635,-1.2220684988570998
5.209793582384982,11.446725657407827,8.27412535154461,3.656307582018882,2.2498678464028696,-1.2129894129758843
5.020493902958001,12.510550182234956,8.386893999103899,3.6409722495456402,2.2775237764821363,-1.20351990469393
4.692965231476483,13.144269084874324,8.553315448910007,3.9714960648722513,2.240916202852535,-1.1936789764179208
4.592752804729874,14.631192029906103,8.741839720514466,3.937523088329545,2.3432136303200926,-1.1834860360602257
4.703699588125956,13.730801030927573,8.679116899892824,3.7064257095867137,2.13043861984647,-1.1729608551704387
4.574291217025673,14.228098952072775,8.793402455089133,3.879005750158418,2.179748464860763,-1.1621235271496924
4.502410499260421,14.973918767240455,9.893928133820078,4.059925119327247,1.9259063797413547,-1.1509944256514617
4.7198227612053465,14.971773563636395,10.061161071678514,4.134356329864709,2.164224624163221,-1.1395941632669164
4.716182513509646,15.43656733134723,10.401517172672479,4.4093545706293815,2.1283165631620604,-1.1279435505879125
4.630038993472326,16.502365899715212,11.216070042922642,4.602159887205375,2.00895798909119,-1.1160635557331715
4.489762165558558,18.431471430785404,11.671961929825294,4.629301903939836,2.1286203928216834,-1.1039752644162995
4.490497671591385,19.249596009023193,12.498278889932422,5.426710064359655,1.9949503992664082,-1.0916998406264993
4.5777017989826305,18.53317437923759,12.941832085231766,5.226384269481255,2.173670098755945,-1.0792584879857943
4.247986450920665,22.513554821511022,13.77083695044222,5.419049509789172,2.084321201025591,-1.0666724118389372
4.19245163058426,22.80088843948125,13.530236368986074,6.043166810504184,2.077233574701096,-1.053962782125224
4.432318081570026,21.295615803445433,15.197785960562502,5.715302925452805,2.117821246981433,-1.0411506970751385
3.813962800208337,24.695044415748292,15.188197467954929,6.790925177683419,2.157238488305557,-1.0282571477682776
3.9891932456614976,27.569285674607883,16.789330622041582,6.828769839623309,1.9405611400322358,-1.015302983583972
4.085888154621754,27.212140984068267,18.32236644851086,7.686720512559246,2.1451409402575417,-1.0023088785709144
3.9137252183618125,28.971539764738484,20.058824821391596,8.247313838432493,2.0165898777757234,-0.9892952987578408
3.422985480701531,31.866969609609516,21.0233386219404,9.144754282336466,2.26244567054656,-0.9762824704243283
3.8293077871037187,37.04619624671582,23.252137808587676,9.308065830171943,2.17241847351114,-0.963290349347174
3.8612085989740885,34.969021008077554,24.609541831698248,11.065419002976476,2.2808343700898,-0.9503385910364204
3.6192768682443397,34.34540998879761,25.582766790350153,12.308193600793654,2.2000847287426786,-0.9374465219734381
3.993131123093814,34.76871041360444,29.327353919955364,13.712357815228337,2.156295342729773,-0.9246331118622139
3.7878381284543448,34.14852172247254,31.818292748353343,14.268916154317266,2.066781866836299,-0.9119169469056922
3.526884533105119,33.03216917910404,34.75560613808604,15.410870240283096,2.205314201121348,-0.8993162041181921
3.7024758101602107,38.16775637502969,36.814181213894926,17.449134326388897,2.225599320189168,-0.8868486266867062
3.625371765720737,35.93329641133215,34.65692984886627,21.56076618442209,2.4149332172666207,-0.8745315003944321
3.2365912626498927,31.737522760354107,35.61563538708978,25.781283829260126,2.3153566452991043,-0.8623816311216034
3.337178113404007,32.84350795436515,36.66705230209652,29.658008171031017,2.557126026968929,-0.8504153234403974
3.3126540744975292,34.805634642998314,33.72674629989509,33.379914476657426,2.593975063309597,-0.838648360322649
3.2690066471599275,20.38573988288529,36.92567198580244,32.958595634070086,2.6070888310863625,-0.8270959839809642
3.3701563598666895,18.474121990249614,35.174937634795256,34.48361575388051,2.7438538477988037,-0.815772877865678
3.007501839020886,16.431203712304697,31.472133051198313,31.085965955421884,2.7473891657864393,-0.8046931498421706
3.3185014334180107,15.294266312856992,33.62833521463507,33.02582267169453,2.7998134228976856,-0.7938703165740553
3.269226695584118,13.968875850169066,33.79265361938876,33.81017555582542,2.926729971263712,-0.7833172891397927
3.3555005205067556,13.302685836665393,31.994223188589174,34.53225604871966,3.0760401846226593,-0.7730463599102311
2.8847978008605906,12.640351853121992,32.81069664429028,29.63065289601054,2.909905823706151,-0.7630691907159481
3.034993478198876,11.45496289804868,31.832635146445327,33.11478552541309,3.0345306440560225,-0.7533968023321084
3.0677564919869833,11.637573290119132,20.47353055485184,32.034092753411834,3.058142080313998,-0.7440395653085471
1.5866180906684606,18.12558382507133,17.197154705956045,15.55951545542819,4.579074809954653,1.1179196072935582
1.5832403153837185,17.858686409044484,16.579643250454204,17.069629909378214,4.514371732672162,1.5
1.7941057755499314,17.472111899485583,17.975022899166976,16.101062702823242,4.170809745723815,1.5
1.7919149072125806,16.364279939384385,16.196702602916115,17.638292756357504,4.655971216538614,1.4494983962318597
1.8277443733150793,16.90087138173523,16.202537153227563,15.508101503898398,4.316754766513369,1.313791169167064
1.9561097820670528,17.14357918654756,16.63933891649111,16.358579815267387,4.008815550681092,1.1930455859743128
1.8450942608665364,18.2435330105425,17.30529120121427,15.380721586602652,4.051632028843355,1.0940248592364514
1.953727589552265,14.513009913070137,15.117419639784115,14.95102686994762,4.2613587692616735,1.0143978833675202
1.8500440796016737,16.43283319271024,16.198572102731234,15.632848401619949,4.016752102965554,0.9497675936462611
1.9983895181288476,15.327465821289657,16.459564455096675,15.213082969215682,4.118690498759384,0.895976387420359
2.013246722692705,15.40825914566607,15.000421492841287,14.282477456389117,3.9108917856530963,0.849697814437956
2.203381385383375,15.324809389723699,15.685174320284103,15.480804244163476,3.6317543638875023,0.8084503852255179
2.295671124880923,15.300435159659054,15.251628703554646,14.79360738175913,3.859772836046779,0.7704498228375137
2.3116976841711283,14.344469206079104,15.50050173550936,14.810456645777638,3.8521744853747455,0.7398250456074464
2.2491288852018223,15.48566695736813,14.945872393178977,14.643928155335121,3.7673394072690356,0.7135224002525562
2.3753265540386703,14.536239878917801,14.824311453703512,15.128298101338421,3.5806551848072736,0.6897926123578367
2.61905744456081,14.152875122898674,14.689064736494128,15.66501155934822,3.406350797740028,0.6675713327973293
2.415425285205969,13.94267263189928,15.020382783856324,14.053868255788041,3.5788921697648934,0.646183741180094
2.5064766622143066,13.118978830549091,14.482693910053872,13.478857638765534,3.491251223010917,0.6251920897101441
2.5817237715974604,13.778651898900021,14.315440169007582,12.854926333152749,3.4527547014223745,0.6043103792595063
2.612284784729688,13.838842958601855,14.82906216428078,12.745077854176412,3.328490189374023,0.583353090306754
2.6624420930569577,14.075255928659681,14.312991881444345,12.165326064017385,3.4083986417714014,0.5622026577506231
2.6988324227817237,13.483815573183472,13.848912753306966,11.411041829526862,3.4925971791749557,0.5407880529125793
2.6976966023158413,13.181108789410771,13.707823892585067,10.160786466057216,3.2812129800432666,0.5190703397484832
2.72495691697929,13.58943966262745,13.898103327293722,9.915280467462608,3.515749644389218,0.497032791156066
2.8357347712443035,13.459096266432878,14.78713373638568,9.972120403521892,3.17520889150034,0.4746740658087466
2.8095509813308888,13.307324683655661,14.509421200286138,9.201951183813796,3.536251338943106,0.45200347220495096
3.1602436257804034,12.507284856248171,13.580423272573563,9.306748036083688,3.2495637306877168,0.4290376698000448
3.1008830550885302,12.738361376901057,13.080261488684672,9.26897708678144,2.997851065073178,0.4057983652048312
2.9979262099720634,12.27638186742324,13.359414884514724,8.703460636388254,3.0610402325778856,0.38231069974775156
33.757467218400826,12.1189025098145,12.862355176730963,8.312743117845578,3.1012835695034986,0.3586021184380908
34.4423514306853,11.869146007127444,12.38390363310437,7.920098588945991,3.038597486807586,0.33470157464744765
35.209994261867,11.896715399408324,13.382240362801028,7.12780086693287,2.9709010550672446,0.31063896920239015
32.48683211374802,11.961509029684251,14.305550746444569,7.378930670521545,3.0506487477058406,0.28644475334052144
31.81330156223718,12.975013753044308,13.015222143385147,7.001527638270791,2.9084134744839667,0.2621496463469229
30.09481327795707,11.894824045550667,13.335983514917386,6.923345266022359,3.1006196366550407,0.23778443354824866
28.766041464204676,12.4212617230016,11.778142328822138,7.01026024801147,2.7060124097837672,0.2133798206861777
27.64601513909346,11.191426969972476,12.385314637599883,7.07127841031329,2.807239250213323,0.18896632789541284
31.338934636601106,12.225414358090175,13.582341135479624,6.753166154251752,2.7122488385431742,0.24601160951597192
29.580431992778077,11.822769659447145,12.809600593007087,7.155452911192404,2.7681753640298976,0.3100703769957396
32.41293065709303,11.515926385686065,11.880728477973138,6.77843040061124,2.77005007556796,0.29377913518295895
4.919528466722384,16.669532604675616,10.661461167333332,3.4508046534865,1.4795339303199333,-0.19880656600295157
4.892153495354178,17.394973838098522,10.126679463049477,3.454307935319173,1.3933235607327854,-0.5479672807351764
5.140639398265523,17.5223094291126,10.088815146230166,3.3452865062570716,1.4219153261241027,-0.7935573486125637
4.834403148271828,17.445718647046416,10.741810571144752,3.412192007157417,1.3642354911537837,-0.9654621360671664
4.627043410761211,19.175560254322136,11.087135369201114,3.4466286032988283,1.3136200491584675,-1.0853336663838218
4.8430272914067825,20.13170872558319,11.8714199290215,4.270268084050626,1.5174089142795084,-1.1685775854365095
4.885227404272309,22.268097167140525,11.969849902176797,4.356618832434748,1.4942368635269967,-1.2260472171501462
4.3435110229874265,24.097494327892722,13.883731109990041,4.807508153654665,1.4832800985017738,-1.265346964194889
4.841509006351441,24.043582231456778,15.181562268911254,5.009987788000845,1.576279133663915,-1.2917890350815657
4.681944571905717,27.80255527128506,15.9339739109064,5.417292631394596,1.5715833172260165,-1.309078921724847
4.376549385918901,30.754300430837688,18.84584751489771,6.2097111461029675,1.5851605228411123,-1.3198001038825882
4.532715517854987,31.958683695918424,19.819467176037698,6.921996861473092,1.521505248817785,-1.3257542566946245
4.213564605728831,36.91458920320738,22.272027778535982,7.902483397836642,1.7592883808973208,-1.328199028245764
4.209774996976283,43.68163214045809,25.401363906345917,9.327781506568774,1.731826990542972,-1.3280138215879738
3.9671099692058154,45.61245769223178,29.86346036294283,11.149475466621347,1.8228941625623116,-1.325815217856205
4.00544911420749,49.365295786154945,34.10435426848036,12.287795759232969,2.001966538199512,-1.3220372728865746
4.162208357472587,38.233581122960004,41.848937571549136,15.35996069829174,1.8877511219059258,-1.3169873513426718
4.028184298529382,34.506420975172745,54.13168667455458,20.892978872916707,1.9091066051528482,-1.3108849400250133
3.9633095369608142,25.11703335885474,46.29065741878628,30.691602757047658,2.072583765311013,-1.2512225818117928
4.074044438110745,22.959530010936685,42.081998471123946,35.90409143480748,2.102097222973143,-1.201548664366043
3.9164347916870903,22.74556104007103,35.29302602748162,44.312506874620745,2.1613880635358504,-1.1590869279401264
4.068728817125403,20.397551217513396,35.69166795947531,54.956283207003715,2.1804038242523416,-1.1216514353107934
3.6439605142621314,18.319358703118663,33.412651384197304,47.721200950515176,2.2545225717724007,-1.0269776591755428
3.6248427075957577,17.293332474208164,30.78050906694485,43.44102003726235,2.3941050498137253,-0.9305586958961762
3.8075748230865076,15.330039281377266,25.838035283989935,41.04169118593237,2.4039213637375756,-0.8477484919368607
3.6461649077588008,13.901558093058593,26.515841187655518,39.18248773721711,2.2448135732070025,-0.780118414506892
3.5242850409485134,13.21934163318295,24.043792648755637,35.524504667236116,2.503837790852109,-0.7251941903399939
3.6487962553845166,13.18608365753169,23.546795288654295,32.93602868789066,2.41158752002891,-0.679860131656758
3.6635833434033027,12.201156936082045,21.955525406505267,31.335238880944782,2.7561773996846717,-0.6414067543401689
3.342132264035377,11.20782806484285,21.58427545129956,30.81622286526473,2.720728934712504,-0.6077418386041461
3.5425702232894856,11.114431974963551,21.51965743553276,31.96055856015218,2.8335566832969445,-0.5773341777973469
3.4537164711467483,10.056345039959131,19.659391349985704,29.325577700033747,2.9358976981800464,-0.5490947178800303
3.2040583192422982,9.771989688165627,19.435922048644436,27.79980409657459,2.9227034014824773,-0.5222625194140441
3.5243717091692077,9.83867336733456,17.914624063196676,24.999446027755756,2.7072461026874266,-0.49631306271863396
3.202175184574038,9.499404010796958,17.680421005964455,25.08111703546805,3.0147591763782864,-0.47088955941316646
3.3182946386670142,9.268634073311377,17.11519207883335,25.649371636776596,2.818161802649918,-0.4457532088707283
3.0304198740156356,8.192749327013027,16.32299489815403,23.39638867771225,3.301506745451023,-0.4207477971412159
2.900490154316764,8.5327458252215,15.27159912933288,23.91726847143199,3.296873083321376,-0.39577473695570364
2.972995643744528,8.097320478407157,15.88530416130393,24.18096170029349,3.3203621795981793,-0.37077555830115694
2.8860946412269075,7.792722603657773,16.01784901530848,22.39052762552187,3.043882430672793,-0.34571965924514697
2.848479657780279,8.078179402196348,14.093227150462921,23.63747328084149,3.003681828237625,-0.32059574909186894
2.898257015883508,7.022055111185144,14.132865246442273,23.271064581638434,3.2251275224753986,-0.2954058750244161
2.922992313018236,7.550556017640949,14.396764864393758,22.83402507438614,3.306907784255441,-0.27016125320813517
2.835179866899264,6.513554873934004,14.798648441388492,21.5475478424938,3.5009574201456535,-0.24487935902431807
2.87928181060958,6.862886054479388,14.831011440764758,20.101132944911786,3.6209693346961864,-0.2195818954573221
3.075147943616078,7.359029404707333,12.983349499490018,20.04573691245647,3.565912433531608,-0.1942933737624479
2.9129310071790036,6.253083381773041,13.130711129034752,21.541389932127633,3.5148591479844575,-0.16904012097294382
2.76241178151265,6.968203617886119,13.794060053057924,21.06456711495119,3.893379704084612,-0.17393674351800678
2.5410647676657523,6.864904950414498,13.621307325646493,19.197857031773637,3.543166443168687,-0.17975184349223042
2.652409782478139,6.10795804285947,13.81125593248584,21.856443369580667,3.694666154022663,-0.17859041632010597
2.5867616821800716,6.65736197314714,14.856734178538021,21.710548294056665,3.6111897754123543,-0.16985878023425383
2.5843398469791405,6.374279163144156,14.478270374904078,21.805162607953957,3.8584674243141643,-0.15508845906927926
2.3947587756404776,6.794615078803503,13.885522524011387,22.965726278437142,3.794789019842922,-0.13612891531341978
