1.6203192416218173,9.019367704998626,11.334876008819881,11.581231686857818,22.308991950728107,1.5
1.77227845183222,10.592977694271324,11.489730310702248,11.7826841245412,14.38041431988894,1.5
1.859027575197883,11.419013891481494,11.661480573661512,11.450158356223882,11.18232147120948,1.5
2.0947708568061443,11.582147424634355,10.191615803022497,11.696618813559144,9.739954169124328,1.5
2.0248672603981337,10.520976597807419,11.051069575860838,10.03375440159045,10.269033928864614,1.5
2.1190763324630137,11.191612406485113,10.259209348872693,10.842255774200602,8.85759076958352,1.5
2.359468354387193,9.945310787135757,10.737831428323853,10.788613838123519,8.008594148072959,1.3844951322216748
2.2630535858580108,10.522966887062642,10.838857376285322,10.344672999211966,7.412408872456424,1.1826542357050276
2.400494601428682,10.266139906386188,10.503441017198204,10.34907336640972,6.615078915140836,1.0221325345626258
2.6917326506511223,9.343148456653411,9.81172564672723,10.50631622479258,6.627265383000699,0.8987816209187987
2.6090814888181724,9.465178775771674,9.999864779053722,9.68522571165059,6.1098406996804675,0.8045110978432994
2.4803619434356454,9.62828158950026,9.813137961008435,10.50933658029275,5.831472756516973,0.7316531707791532
2.645913641968091,9.030383546810569,9.417406712047757,10.919461567852165,5.8779331446267555,0.6740761899940686
2.834655750451558,8.968960880980458,9.542651554494238,10.730809110381546,5.9647453596230315,0.6272053248406833
2.8290288419755183,9.894072731349233,9.53962203399181,10.515613880081583,5.96036121607879,0.587741062215058
2.816774856795657,8.718669456274954,9.300998471050715,9.983883835559505,5.749480927762524,0.5533471126963901
2.6926781108286777,9.064514153310167,9.268255391402302,10.466683377121866,5.9100582212715205,0.5223875128217103
3.0819122671344443,8.76861586854491,9.040834744836479,9.34584804252919,6.112887979243529,0.49372563684515014
2.8837258875334086,8.008579858407291,9.887837911905986,9.387034173266809,6.42300839496515,0.46657717359313633
3.14805798944752,8.593858735046878,9.586893731974326,10.01617463127287,6.130734183538049,0.4404049483294
2.8803263187383807,8.130635916208714,9.077441888390739,9.952441279829927,6.219753041077807,0.44969745480009155
3.0920211150892216,8.782694999168646,9.389039641403404,9.251747501640583,6.32044435136353,0.5309309178307896
3.0683783093090486,8.30258881553302,9.104084221464674,10.106774397320576,6.366323143363895,0.61422970743551
3.099990095428893,7.917654942725283,8.906412406035619,9.069004865696067,6.0417676460641605,0.6801350757056959
3.393546718059369,8.361677402984382,8.849911593085979,9.070881025885548,5.950034983090234,0.7265455864706623
3.264639251331691,7.720222999523872,9.528740495952723,10.375473777222345,6.3374689466239404,0.7564974392434578
3.5406925753683853,7.302860563908022,9.070415200347165,9.886090679690435,5.884027712767995,0.7738810709745259
3.6263579000624797,7.335998858230256,8.61161189926874,9.30515162813952,5.940857969335285,0.7821126150855571
3.62284586778664,7.828117760957116,8.577418720423244,9.356362095753267,5.9157387963979,0.7838569061700271
3.713783374998358,7.002219980991794,8.418606833163091,10.060163228228667,5.548791088483915,0.7810889149377471
4.164599889154963,7.566828913602629,7.928515677103339,9.763597260223982,6.0388116099279365,0.775236570503047
4.025644773130454,7.265660718561438,9.00203933847361,9.671469423910292,5.7517669644483895,0.7673197380758667
4.140848461221485,7.23982606761947,7.939842261119445,9.723502841097364,5.691381545719672,0.758062727332067
3.983248246659505,7.572886025426214,8.687381990099766,9.197152468183578,5.411172975778461,0.747978979589347
4.378786491258623,7.462218755538864,8.393137195793043,9.54223818575979,5.827430397194457,0.7374326517738438
4.413885710430668,7.200050972313036,8.428458532223365,9.48512178633105,5.419430449877599,0.7266826138131056
4.516689209017567,7.377155613139779,8.059223990504202,9.790763291457568,5.650197946649389,0.7159135858368465
4.732868675315485,6.630530650795061,8.335505228238329,9.353485495583708,5.584122916914655,0.7052580609014525
4.843404640149835,6.644835358164458,8.103501767167739,9.822928081895865,5.287379568061301,0.6948116964300255
4.924677795121474,6.553239247207269,7.9978612363118184,8.79300989626232,5.704800076028202,0.684644103409062
4.991784645039087,6.23418254189715,7.726036236997892,8.810767364995652,5.647397846192028,0.6748064031971801
5.5225781721536515,6.522127603681515,8.30706475095165,9.654417580763775,5.4490683551334556,0.6653365182505873
5.385611688100659,6.568861265696823,8.289311176289276,9.278931899526643,5.401598311122544,0.6562628759226687
5.422575585379291,5.905866262707446,7.882384831229993,10.11806324222558,5.516316423324885,0.6476070017207632
5.3824973400050915,5.878730464231341,8.226103425282783,9.911550140439404,5.37703222606351,0.6393853358028101
5.717577509477926,5.983246689656521,8.028458085295181,9.193356269808953,5.152600214198601,0.6316105064397748
5.693554079116542,6.034182707005882,7.836262640482135,10.152429567895492,5.35280603204371,0.6242922240507047
5.626830254718368,5.917392724937911,8.014805776983064,10.07888724529119,5.269970773412771,0.6174379103099663
5.881751614259214,6.212222708653885,7.428671245528733,10.059491112171413,5.371251249912149,0.6110531424452037
5.85141891361177,5.945187085897514,7.549625500855755,9.531631219657918,5.296021474851278,0.6051419687769842
6.060128251257951,5.826175675719134,7.829958278805587,9.617860014095728,5.5865766543429665,0.5997071347027766
6.722355727429573,5.6332844546027285,8.179735548248125,9.69507185485345,4.812892019231039,0.594750246532853
6.80935259358166,5.37384783834772,7.521840349717641,9.919840010974347,5.1727631963137,0.5902718923267897
6.5604861697845145,5.408869603520082,7.748758205922897,9.652708197647769,5.301315681775893,0.5862717330951293
7.175915678918646,5.986906179413895,7.311171784750023,9.021976179948782,4.9504565897068575,0.5827485736793628
6.605432492641949,5.617951891318027,7.036033208985462,9.940668476685524,5.343850834013215,0.5797004197838364
5.84775128753146,5.0771354830605695,7.073212489473499,9.971940664358184,5.534453364844573,0.5771245256434546
6.180816526320392,4.722325474715248,7.79362507552567,9.80252872661624,5.482427133231639,0.5750174354155636
6.627875340603941,5.0275850631524595,7.214307587526834,9.713094183565815,4.965850260741034,0.5733750204059024
5.60002685242961,5.254345253141982,7.260377820217103,9.802281300459113,5.412659410908178,0.5721925135524849
5.68902104854454,5.359203369973424,7.8236028176027865,9.593254327849817,5.148225459902395,0.5714645421102913
1.5251951825913108,3.303492376846741,9.68100518753826,15.069116364707801,4.6248535940508715,1.5
1.495749491740804,3.4592541335577685,10.665205198566586,16.879775190856268,4.76906561478437,1.5
1.548781820879533,3.8350372295985258,11.595686926071926,19.730051785508447,4.527729176918907,1.5
1.5441395697846494,4.283580887841417,11.48779703783428,19.723296076883003,5.053550862283847,1.5
1.696137441912342,4.734500565495899,13.458162174021004,21.451699653212035,4.5530931306169435,1.5
1.6755866668900703,5.382853632103487,13.696279902782095,23.5344219360807,4.558248367397714,1.5
1.6555431606549595,6.064474457617579,15.71646742004929,25.232679841697397,4.703889393854465,1.5
1.7523841755151244,6.782368995872936,18.68094687418194,27.086569484847924,4.504294393333369,1.5
1.852581593577575,7.212179526640937,19.807314759125898,28.72964057226075,4.562342020008305,1.5
1.8728559804720877,7.824643886900548,21.26013194881294,35.30979921763692,4.285822406523102,1.5
1.6108625667954477,7.402621133171293,12.738156541408367,12.59811047184156,4.071322800208456,1.5
1.6798901664339674,8.338355066081688,12.686011424108369,11.913928436901756,4.195305485437181,1.5
1.8015810531298067,10.285519432965895,11.82005554388855,11.587008482624245,4.193042042801816,1.5
1.9213902017219897,12.050006969681723,12.656063764902129,11.753458300978503,4.032409384332061,1.5
2.08060383117966,12.160975393436779,11.455166825634107,11.769901661884418,4.1699406269073185,1.5
2.0148220934388203,11.072584033267182,11.359227158044666,11.016643703171274,3.9372556455321166,1.4390688053147227
2.2325389885930402,11.896980166311366,12.363633985598488,11.867075473486473,3.9601637616718097,1.254270400268827
2.032575967444415,11.13862696502184,12.15975853559307,11.208501216897966,4.026230162340013,1.1016392505450299
2.3138581379333854,10.762640885107666,10.656913776605615,10.508304708992,4.3593854040313325,0.979625203693167
2.21980900244754,10.823503486548084,11.260346247007819,11.080115990742456,3.9587106843686253,0.8867460864293686
2.426527604426639,10.23364123093285,11.520208488386634,11.310092643256437,4.100692533839702,0.815579963516325
2.383888621483566,10.254961191998138,10.9584172444241,11.442625450922332,4.079733902318323,0.7599782100972106
2.5215424726585507,9.745811725001971,9.777449907063929,10.620451033362922,4.301826954742684,0.7152802706134406
2.6297399674644097,10.458508890269355,10.561479476887738,11.237944843297988,3.9840789732961266,0.6780977968740802
2.4600571513055933,9.470209482826078,10.137757388956274,10.127374648697257,4.420921907470402,0.6460210671921242
2.587929273350301,9.372007041342748,10.941475734065426,11.567106983654224,4.284776598806889,0.6173583411325839
2.729729394650495,9.57940761476345,10.659210789473615,10.428510882871416,4.363468287591373,0.5909322758595161
2.7479658054177034,9.507706257474432,9.91229333838872,10.301053501663622,4.373823516118734,0.565929463288801
2.820770125564936,8.609887754683474,9.78019380000499,10.907409537888856,4.463691766591597,0.5417922138430513
2.8720693397565182,9.063970798721869,10.112098984925733,9.935417450433478,4.564541805454492,0.5181418261614289
2.8496502160739454,9.025472330054418,9.508283465730544,10.429285039260677,4.5956184351013265,0.4947245980909486
2.757823052014786,9.037046234112637,10.779267744724903,10.728816431308523,4.922680681221478,0.471373997619546
2.92158437984049,8.707575290761765,9.97347041793171,10.837931219261264,4.6242777677995965,0.4479842169010675
3.0042301498560118,8.21719517822683,9.164544967085364,10.471952272079859,4.856074123739287,0.42449170619837007
2.998098184722384,8.960930876354743,9.085399545058324,9.852782460556353,5.063101642563825,0.4008622872597253
3.0162788676332712,8.663313490924406,9.869693930211904,9.840640477933439,5.125188713859387,0.37708216210858514
3.2481446756721364,8.051070070349173,9.178327944601957,10.504117906341559,5.58310797144544,0.3531516394022193
3.4218030478183836,8.557489062564306,9.316283695946444,10.914982971634856,5.397953770193682,0.32908075591729513
3.1517541389158343,8.747921943867109,8.756899579103878,10.025272759654293,5.562237405148274,0.3146794013911407
3.4753701433567734,8.952073408157613,8.99494515880411,9.643995550582805,5.760867104929441,0.3953263606790487
3.2926759186426153,7.931997976089807,9.480023669234267,9.840028387184688,5.706777413084699,0.4845943183777014
3.5238635804670153,8.044357624440533,9.78577741432948,9.535309949304185,5.612431510453356,0.5573176100213719
3.6743063702429453,7.725475165428932,8.774136006007307,9.994231323761742,5.840533923244692,0.6096984327531074
3.4507468144170335,8.056355770641037,8.38777969337672,9.540436463966268,5.856693823493857,0.6444849126796466
3.6300056278480093,7.7437052119862955,8.878300848907193,10.367287198744101,5.52668220242316,0.6657180915780441
3.742448012953623,7.901729646742323,8.90117056719652,10.041190162885417,5.746389168343483,0.6770575328095367
3.8948666927325264,7.449202943469259,8.704610970099385,9.783237102601271,5.750186810358804,0.6813923939322049
4.120938963293858,7.988353443555882,8.098546097929347,9.393005312787945,6.0428920206580425,0.6808754692555429
4.2765644279639154,7.006527732885821,8.307733306464991,9.459903867112676,5.541806625284517,0.6770668267181192
4.184300552347157,7.603331147133678,8.204442281895956,10.423775570559611,6.018436961924497,0.6710812213134074
4.162603836378641,7.095707914778681,8.153843854768684,9.01017042187904,5.636914055261753,0.6637096198415522
4.218088207651697,6.545658997115336,8.578311463183292,9.44727163657645,5.533766927789991,0.6555114414555657
4.6368976507781685,7.220486622409807,7.821260352958394,9.953909356496537,5.86463998976653,0.6468819324347979
4.6344147970965235,7.163857795619742,8.332456273169235,9.400661040906098,5.470157608772995,0.6381004267390098
4.7778848466813475,6.879371378562312,8.777095632382801,9.643153784678681,5.735506993035851,0.6293645586954582
4.902602344255646,6.696591544632684,8.36911503060079,9.446720389069165,5.435918167052842,0.6208143813023806
5.347454251101302,6.682452530798748,8.194114933135626,9.769580087791432,5.608525668534398,0.6125493168428375
5.037061491197387,6.341597277055908,8.238418983105294,9.665099075697517,5.4853551789944985,0.6046400507949802
5.272951529296624,6.866928257619889,7.588629039186386,9.630056860326066,5.43075354441044,0.5971368710905115
5.363746145793428,6.100542280853705,7.896026388224219,10.168721063201966,5.627602962546445,0.5900755136785689
5.43962249885553,6.547576819209017,8.357977403246714,9.308455949738038,5.483068595632155,0.5834812607782183
6.142236202571681,5.79743545082793,7.669887826627492,9.905346351174364,5.2462179449818525,0.5773718157284042
5.944978371935788,5.594581257939126,8.187652828626032,9.484546608289577,5.521374603354405,0.5717593217198623
5.464688589133281,6.048809077514558,8.23369749623291,9.600605385733262,5.491723675961964,0.5666517817045738
5.596065412156562,5.942593880493938,8.721585341915494,8.798919279605164,5.10467292632878,0.5620540596438058
6.148442240231769,6.084436972925969,7.702893652103612,8.825255673515333,5.804908473210636,0.5579685892023385
6.47627901088832,5.9494440390298085,7.378189311158796,9.702053833952533,5.936145076038817,0.554395878132056
5.975303871085203,5.787956370498389,7.60854270208107,9.475147096433336,5.49211329547698,0.5513348700694631
6.76656699327316,5.395561391657178,8.001555477340146,8.325189349320452,5.448672084041209,0.548783206899424
6.727728918190252,5.334472060194005,7.912283482228513,9.459323064873407,5.429564150477211,0.5467374218325973
6.315642842767617,5.58927525733636,7.584261034493173,9.465464156520952,5.409513803891905,0.5451930842358765
6.89144938377614,6.020781521111065,7.0691249964260505,9.084139124552067,5.534710910788524,0.5441449108779932
6.628984037984397,5.29317989395335,7.346079551748158,9.405443100866387,5.413904831147017,0.5435868537860863
1.6874704420221756,3.3305045506488113,8.743901849160633,15.726580825375638,5.022578877078818,1.5
1.590028679953101,3.3494158194225347,9.418335099196801,14.185796685683894,5.105491186183722,1.5
1.5906409790802647,3.38651540582423,8.958297935548819,15.161850689149388,4.971649382721433,1.5
1.6406494552963715,3.6585667006350735,10.241548632892679,17.53308488684528,4.7731036833376885,1.5
1.6171800668805771,3.7547740189203305,11.052381792996886,17.391929030915293,4.6817113016252705,1.5
1.6140462827331525,4.346136801067613,11.955728286109409,18.585486125505753,4.459804192827869,1.5
1.6547285684788364,4.453075425936781,12.715661347533583,20.779368969205674,4.7031127291306865,1.5
1.7014118794434951,4.713025704346275,13.233025134318092,24.22460204865908,4.482702010923999,1.5
1.6976598314323987,5.508863150167153,14.302371393675159,23.809717222899508,4.552172894806318,1.5
1.7523168126562485,6.453637653603686,16.85165485256995,25.30221346617303,4.261639034656852,1.5
1.8517253379045093,6.986796743200688,18.645932317268535,28.62174112817552,4.07039256120939,1.5
1.828405731617533,7.890857012976901,20.341305696989693,29.66908299361223,4.261106157346274,1.5
1.788710882626835,9.29276172065118,25.77763468652983,31.43938067203546,4.066915363014015,1.5
2.303405430750162,6.898505917068022,6.725265339380063,6.656437039886537,33.90965954255853,1.5
2.674454186894466,6.792642833015172,6.503480048047399,6.960600921554577,28.88207763163255,1.5
2.604502036275047,6.286107328320749,6.367270763994415,7.237214388371386,25.724709265392605,1.5
2.7481385683342636,6.582007900577518,6.7541270975720025,6.861627076731911,22.822639021856155,1.5
2.7157982963523706,5.956273864042087,6.449919903171651,6.887318998358081,19.729399936690193,1.5
2.941818448805169,6.211747702444303,6.430861226849936,6.836087936009271,18.16237310835149,1.5
3.130667725042205,5.703978388583579,6.272344355385625,6.9856480218043275,16.686991653287382,1.5
3.100122351111133,5.419597322822862,6.4164069031143125,6.904852297611468,15.361915270140496,1.5
3.0828194295021247,5.642828066137819,6.427748963643307,7.15234521047665,15.39482302989636,1.5
3.636021032903245,5.55329945193761,6.027671730981499,6.829672517657988,13.081813509140485,1.5
3.6772200828275716,5.37002376033155,6.080458168094916,7.1026315486783345,11.88751237831293,1.5
3.9231548107309915,5.228990033490311,5.979160045699787,7.338673893039429,12.022232115690754,1.5
3.984488147385071,4.802133731237715,5.8821872788587655,7.455526380353266,10.856867790550446,1.5
3.714237478150667,5.423540624191069,5.6457829890273175,7.650367410875103,10.278969081952892,1.5
3.911325834270985,4.83485515330584,5.897401017286509,6.650825959565099,10.791905440707104,1.5
4.587954332839588,4.64865750836757,6.04718779298144,8.101736060649204,10.181195415397552,1.5
4.98224753604135,4.655216341078017,5.845820793408751,7.192727123145261,9.293038102673494,1.5
5.0740460624906,4.241790242267956,6.382978286559666,7.686132121092465,8.665473368715698,1.5
4.992558943813651,4.6734632418276565,5.723528150129773,7.459402810948743,8.2378487879326,1.5
5.3160989676744,4.521170086807433,5.752227931033902,7.5241328070407505,8.722821194672932,1.5
5.37558553300519,4.248495283134272,5.705501170448,8.036096571179161,7.314578451722641,1.5
5.653456731316269,4.049913594596559,6.298816263282592,7.997250851663794,7.2918623756348415,1.5
5.379043856889769,4.497193172870831,6.307091380097246,8.729382896009968,6.881961064560719,1.5
5.5272798723526675,4.2582083626449565,5.52849178561359,7.9188456306019495,7.251509748060675,1.5
4.990047733590569,4.114916903981561,6.759790417112225,8.578529789804191,6.7598587729154,1.5
4.791730670360464,4.199301942722435,5.863964304146111,8.535385762379647,6.225739572412759,1.5
4.663729740356284,3.9588056446372306,6.170377532852223,8.701363803816735,6.448600115220236,1.5
4.110690254226559,3.7049451450976556,6.473563332696907,8.67654864133526,6.438353811577585,1.5
3.961237701616088,4.070999209620506,6.6875841994721075,9.737216904015243,5.689395569473685,1.5
3.62810793960714,4.068632129485771,6.87624753732575,9.618913522762075,5.609215604995437,1.4955231746345348
3.8502355791494303,4.050877133285979,6.557948845292456,10.170064476676597,5.437353193289652,1.4579267072613429
3.519122169088626,3.9519084814869663,6.643010834803453,9.483888301828287,5.2954602189510975,1.4240622821892568
3.487857604597967,3.9308814581788254,7.097327294684683,9.826775479002338,5.328512322389856,1.39426160821957
3.179911370454877,4.204290553800687,6.719590890441738,10.750119921910192,5.268865171800977,1.3677823707972054
3.275514068435007,4.099432134133289,7.561345228461682,11.047323583128538,5.108339015976479,1.34373206897832
3.1095608104641372,3.9837856793351816,7.633153569462954,12.153421178593133,4.900919645097675,1.3213478256839424
3.030734347105127,3.9655495650241943,7.719662865902061,12.076580607713234,4.563519692700556,1.300048887801777
2.874147688682583,4.253961338372833,7.771014811666014,11.489863481446697,4.73224586875035,1.2794174260545055
3.0118896006245373,4.205645986377375,7.218563156158069,12.927952948019906,4.483292109984196,1.2591633044730397
2.827127909776428,4.569601363192606,8.765784329078052,13.264011858009015,4.7383887682445796,1.2390909588874204
2.761499988090817,4.143379416991432,8.857423435706611,13.337854645824482,4.440770644950084,1.2190729422157123
2.682874524557513,4.012320096462429,8.915776339435157,13.329105469898401,4.763248153987968,1.1990301502813283
2.64050860089776,4.577936763247194,9.328679437555344,14.320281124990748,4.132631105132543,1.1789175006355868
2.5893777083268343,4.676545162986701,10.233719530941583,13.968376341872673,4.557373419813142,1.158713725029287
2.435026454378175,4.768687072932301,9.084092946906399,15.22961214746069,4.5172124830156895,1.1384141527789475
2.489560786101193,4.663368145767076,10.572596148591716,16.926794770909506,4.196897473205558,1.1180256283736065
2.520652679141126,5.313752699541324,10.290014186037135,15.973269822985618,4.283154790641244,1.0975629371280304
2.574917424207971,5.046215842778957,11.427224563238042,17.816297962723922,4.028328700312096,1.077046290902775
2.4511070532124193,5.443491303088022,11.488969528517593,17.27419827347674,4.164753119880605,1.0564995570082725
2.4384854048991293,5.951780448182909,12.53019344528877,17.600477539103828,3.7581890620832445,1.0359490074892266
2.2350177090700782,5.632399531747292,13.36390290310144,20.564824822078016,4.152984049427857,1.0154224326324648
2.4278215358826865,6.384440301756097,13.06364389057928,19.04789766407283,4.145472576516593,0.9949485094304231
2.4254972810582345,6.702716647448229,14.921283729856917,22.766647696223558,3.936255409612939,0.9745563485997693
2.449634386536379,6.517128528950224,15.077690151723559,22.13419317251904,3.861620017960445,0.954275166749221
2.445496951969424,7.087045222038022,14.75879808053401,24.417595295703038,3.9687881534436307,0.9341340463634793
2.5377258461414205,6.841306235576501,15.698443630234724,24.915024147907847,3.826300750536717,0.9141617575003849
2.4924340676990573,7.884083995478981,15.995786276084747,25.91981174899705,3.355267414732453,0.8943866229462889
2.5400117933521393,7.909912662910967,18.238123063033616,26.794442093258233,3.5718419053988026,0.8748364140595757
2.379457544482195,9.373506301152862,17.35682841534242,27.228431670805485,3.578377553724043,0.8555382683689594
2.483272284872302,8.578011582486605,20.141364011800974,30.111425791240794,3.426082614385078,0.8365186226783775
2.6218554344050045,9.95859558772957,20.01786916307321,33.27033619212141,3.476270520864862,0.817803157312407
2.6755810219199114,9.9806750045439,20.025562863949652,35.40207226013935,3.664349434755954,0.7994167484577
2.453038244304262,11.060661321794148,23.482077868183975,35.05498355262137,3.5966169590807273,0.7813834264850898
2.632772543609222,11.441393639644872,24.871240485201202,39.194244079282484,3.585154081989133,0.7637263387934625
2.6744054886834556,11.586949935011534,26.468843949575415,39.180775534586694,3.5619590541277275,0.7464677161810347
2.5910455766647127,12.677761768888356,30.006635894832005,44.744335552422775,3.33309630198817,0.7296288420804121
2.731516377430643,14.623344469845252,30.68140184009867,45.48738072358885,3.850511842980384,0.7132300242302668
2.850503404550068,15.786673956615124,33.0421829484644,48.35744094639801,3.270022136541901,0.6972905685270786
2.7835268227000554,17.213099014136297,37.36111860966692,52.570962973210285,3.158679984709501,0.6818287549231472
2.6491799120109807,17.6986307259088,41.28720793279565,41.14050025000048,3.224235321792987,0.666861815326991
2.702249054893772,20.788063396526468,42.60489419443657,36.06555706261295,3.2704789231725098,0.6524059135268359
2.8537233635052632,22.844105187350156,43.164057030880535,31.90950030674076,3.1418936893636817,0.638476127205078
2.7634423842723885,25.241245019300543,51.00765297187335,28.726190891779975,3.1412991178804623,0.6250864321441957
2.744780524932114,26.489288496264063,53.16176784868907,25.86200199099797,3.248503585903848,0.6122496887471285
2.8370930763770406,32.448592111384734,50.113877467788434,22.910485828655034,3.1753611199498186,0.5999776310081966
2.855418625130137,34.03523476451358,44.26201759705004,21.615339781574338,2.957560980145127,0.5882808580765487
3.028582579417642,38.76448667062412,41.00500625662511,19.222223626668587,2.8998584079952625,0.5771688285539259
3.10292163493044,46.27056382211774,37.294367485583074,17.116739272910266,2.903211905827753,0.5666498576617812
3.121931477758332,55.591746227160186,35.87946895633486,17.290379929588056,3.0125126246985197,0.5567311174017835
3.105455021254602,49.42262337205868,31.38105779021352,16.212433628372153,2.8389061636189235,0.5474186398174559
3.2634181090435574,47.30660341921395,29.747148477285485,15.362188994445328,2.962386925024916,0.5387173234441409
3.1731269831398,43.31308611157586,28.486409702419376,14.106326270422413,2.8330352786841293,0.530630943010565
3.0300639843939248,41.676907694008975,28.64293878426097,14.5647037343661,2.7104145195706537,0.5231621624273882
3.30199130355773,41.74032167455644,28.70911289536909,12.781075456039583,2.661193544204855,0.5163125510682103
3.589371122855739,41.783334936417255,24.240248618961406,11.593351178074538,2.612152134082732,0.5100826033153432
3.331263357677836,36.83304259300855,23.56907844656901,12.27747657491509,2.6103521939546033,0.5044717613089358
3.450032218147623,38.18901793490559,23.019648395145627,10.735333836267618,2.79959500782609,0.49947844080318476
3.521917456381301,34.77027564877782,21.03624647872062,10.33680248975819,2.7448926743111492,0.49510005999692425
3.4923486889408775,33.564953902185,23.245878723007422,10.599786599890404,2.382305662338261,0.49133307117289576
1.6494134058202268,7.548658615431774,13.640670021006311,11.750243649841694,12.589506549858386,1.5
1.70309554897247,9.134973915210029,11.974217134715486,11.852192939695845,7.180674522132134,1.5
1.7241287327360566,10.781579348620848,12.396705997830564,11.621805989141235,6.721347603572908,1.5
1.870359213684704,12.507299244091493,11.602244132220525,11.801404141077855,6.55409487596811,1.5
2.0399477205523433,12.040707019587169,12.16447812996783,10.76497129773014,5.442370391418618,1.5
2.1956635590923517,10.794837465572229,11.374577487266908,10.995568369851103,5.561286994049954,1.5
2.0735403612441425,9.700965068076012,10.877631997406839,11.056613033053484,5.804037116623599,1.5
2.1022220896614527,10.786733909333007,10.364096977101735,11.496905962664744,5.2041608377231565,1.5
2.281455447016404,10.167720417987155,10.272479921690703,10.816549461117924,4.920472361945113,1.5
2.3510501821810137,9.95216745648587,9.62913906918588,11.312473686303129,4.063214700247901,1.5
2.470408262791831,10.198632932435618,10.338506089968625,10.870842626674428,4.132226294057061,1.4493630230229826
2.519821629796541,8.973836976611535,10.812973684132809,11.14236427685301,3.5198875225926347,1.2082676901399088
2.664615426017245,9.817229654347402,9.380212381218474,11.341615535191549,3.623215054524575,1.0135554309582775
2.8371585955248984,10.101449080560279,9.325848447467525,10.993552254581072,3.483352347500695,0.8628076795860409
2.817048186984536,9.722304294677157,10.691616504853492,11.188952830840064,3.57094410157444,0.7471895608556773
2.9724016453464186,9.993884872044385,10.349334713848753,10.447503449041529,3.5295853712987793,0.6577505722523075
3.1507668410226395,8.98100345642224,10.089173347867431,10.797588007073148,3.4394525945885763,0.587166368026802
3.0826377186583076,8.810168507379512,10.394982019038471,10.620592727142554,3.68537633411358,0.529914488350719
3.215461400883982,8.981815744469243,10.073268683706958,11.515763117440315,3.6523127117441585,0.4819899887166463
3.1279983356018626,8.477077621696663,8.960763541273733,11.21164101270509,3.860417897992486,0.4405478272095854
3.286970388718403,8.656029935739504,10.014248507139872,10.836353090847192,3.86628979504204,0.4035911773497922
3.3001417457197384,9.229003724007836,9.878361633266184,10.155793766166378,3.841181795659699,0.3697297543748815
3.261738414401545,8.785374640286152,9.959378647816088,9.958439666419721,3.8630651912655662,0.33800182993464056
3.3483183968303494,8.853329427228186,8.886979390953936,10.634719690150622,4.201886070543244,0.307746466724204
3.579044794575537,8.550751064327331,9.356267382237311,9.93965423916213,4.5412132240960155,0.2785130348816533
3.27796366217361,8.595499667027655,9.561203390172636,10.464472498198672,4.703584218468104,0.2499976013979231
3.527870348163325,8.066185425808493,8.948346125226283,10.177086555329552,4.464283585265127,0.30237276911149136
3.4673891623569553,8.896355860217268,9.210054614132648,10.146461509757993,4.857646465286837,0.38677855720423626
3.626006327779224,8.036277984670614,9.22096051756727,9.65190449612398,4.743189169576936,0.4616685131563292
3.4469918972599185,7.394196907375221,8.98948325886921,9.91245922338767,4.384725131859801,0.5174960954641384
3.806879846581557,7.919617143726068,9.124702640703775,10.731970577435167,4.951994102437447,0.5552213901062248
3.91898981427395,7.330250171809213,8.774989606469074,10.09741360208398,5.27470155044772,0.578509378892005
3.8457994482781053,7.835566179120593,9.938037397863326,9.781876049987579,4.5262336997398975,0.59109993866506
4.26603859413683,7.667599030985511,8.750833030880901,10.047318835628726,5.1993586629792095,0.5960737016056061
4.044084943082407,7.418749735410766,9.094419885538617,9.689341975026698,4.949267457930141,0.5957710083489407
4.326444033543471,7.699460602748292,9.08790541003735,9.562959421899041,5.0079597631414945,0.5919045121285139
4.434773047055062,7.210890717020093,9.320219786403097,9.884197498141969,5.11566554681001,0.5857042866883386
4.418236013361018,7.036965599415481,8.44625703906967,10.176403995156885,4.998365510533869,0.5780453724207985
4.883347524713605,7.378283152121044,8.54283667439777,9.802095149273695,4.841691259072596,0.5695472501586112
4.607242411881697,7.5915843880080605,9.107737848703518,10.588331193814435,4.976362710262015,0.5606474836152695
4.5646957925854785,7.0396886568075825,8.697096581458116,11.002475788731568,5.286968911722589,0.5516548559206464
4.847566607189076,7.105594679835225,8.605676240314756,9.89923752922342,5.354494838808891,0.5427871995246486
5.363116704192742,6.7844924367462855,8.45533543159474,9.794629753020773,5.315225236294239,0.5341981360139909
5.201742799253458,6.838092625880293,7.939049298464463,10.275843993769758,4.866647744154847,0.525995904192882
5.389148215060855,6.558120851765842,8.83014356148642,9.665263403637015,5.02858217387825,0.5182565907090404
5.537711812776305,6.4529706117488645,8.068893547836145,9.53730489649837,5.444303364295848,0.5110334187109306
5.409839082328756,6.386110621815145,7.9740071029235216,9.455024611785406,5.454372753117726,0.5043632676034467
5.535849473375544,6.5434742440952265,8.064701965207757,10.180095501229573,5.400884906236446,0.49827125084599727
5.940652000386255,6.197784061168091,8.070136389821206,9.626871542486217,5.362342450915847,0.49277393306899814
5.806638432571644,6.042740004004427,7.954862934243074,9.461664717835365,5.496906537321153,0.4878815944358742
5.821000603368262,6.505846886939064,7.8260582636865825,8.583494460500582,5.366176070388578,0.48359982824714054
6.436634831425725,6.061429914786513,8.129458447140054,10.276817503832579,5.3036258268492364,0.47993067216979424
6.04962178888446,5.664740464968864,7.9483114636524705,9.291931392330977,5.061409544810874,0.47687341341918066
6.444824863168926,6.153376612237459,8.188094223583992,9.438404197640654,5.554327700012309,0.47442516611206353
6.675416780113518,6.10850846444455,7.400795186845416,9.391666397263098,5.406871694357977,0.4725812894947557
6.695268657623928,5.795402759801877,7.475953293508169,10.19221671376745,6.07144019033896,0.47133569506373224
7.210784755995609,5.922135807876148,7.382936257832582,10.109571307593033,5.44661820877387,0.47068107610003196
6.777161521597813,5.5310518730988445,7.69106227330501,9.927925851494807,5.712276103499549,0.4706090829807442
7.429696981591722,5.562941162649637,7.274594157218487,9.36553241613983,5.443645002605417,0.47111046051560146
1.7970525976594387,3.1359308585382206,8.057641087012689,13.076288458937679,5.364262525508947,1.5
1.8126912762984828,3.224546270313832,7.943191657132873,14.109969136501862,5.142881578803218,1.5
1.7773282754356465,3.385574472184825,9.00564995302374,13.853513041951723,4.8098429076543185,1.5
1.6916934138451074,3.277111071928079,9.193921124303865,15.156474612316766,4.835796902083469,1.5
1.7194989819813113,3.6639330235986667,10.236362165953707,15.513424151669454,4.8048687644637935,1.5
1.7363613853014008,3.9840205802264723,10.423780933580924,15.754779907476742,4.832296969420801,1.5
1.7866482810279074,4.095129302996097,10.588693966290917,16.632996050579067,4.796121233620352,1.5
1.612559814825213,4.586206183987479,11.973594712015263,18.56008377976966,4.639558266786195,1.5
1.732991718481307,4.902243021680206,13.037423854390111,20.666724408145004,4.7228014009498684,1.5
1.841720244977255,5.023234375396942,14.534601598374435,22.486358889047803,4.651562441136239,1.5
1.7532106393876572,5.471062649979859,15.353536062844924,23.737640605923627,4.249435724905955,1.5
1.7860722469821293,6.594570041226704,15.627551002778878,27.926746737309333,4.141146217939657,1.5
1.875162063802528,7.406360322889419,18.528711336776077,28.787293768035546,4.449975720551225,1.5
1.7975780607592744,7.665181853264506,20.27967330079509,31.74073988914598,3.9219109416690343,1.5
2.050146375376411,9.477096557989952,22.73454184465412,32.82728823454141,4.162228984879069,1.5
2.3098833067353803,6.884217660836295,6.641313662807496,7.136232318115357,34.39537458694835,1.5
2.5017373453499157,6.393752528576761,7.251851993414933,7.069411994915362,29.55009905233613,1.5
2.615254378920243,6.549989546678428,6.597472342265682,7.009065693166275,25.731684170707535,1.5
2.627337793686997,6.695617458864841,6.752864250669423,6.976255417073753,22.064467465065285,1.5
2.9041583901232086,6.516425212620252,6.540015749522526,6.946215238000682,20.204824403663448,1.5
2.550028244661134,5.830900526241977,6.57034826612062,6.7910554265647765,19.844671682148796,1.5
2.7364598874157555,5.983748848565524,6.681960189348179,7.001749186908714,16.52181847920128,1.5
3.125881515379504,5.492646010137825,6.336477986838797,7.212207034637063,16.021281083371345,1.5
3.1719368668229024,5.710157200553322,6.662963221809559,7.051142882634656,15.53369840230772,1.5
3.253158116457782,5.283521025332813,5.95077106502168,6.719134013627239,12.685088068963637,1.5
3.4084458160202873,5.524118143419496,6.423577629642881,6.9591727363153515,11.97928323576216,1.5
3.6392967741672964,5.334207191928655,6.455941283953503,7.402378429024024,11.367048195316652,1.5
3.7549068406986272,5.147115104461276,5.824944091256977,7.22998817243572,11.970736918448793,1.5
3.6195836944336053,5.0175511215406665,6.155686165167799,7.250898382149642,10.909295522970714,1.5
4.17529935498495,4.985204875734877,5.645800514335766,7.610683422092591,10.13512610038894,1.5
4.012435896370873,4.734034994213703,6.031636486984787,8.045041725502397,9.738593107384009,1.5
4.607140774031807,4.873867640467602,6.039886916507803,7.5170535529410065,9.052383701705207,1.5
4.702326489173342,4.741023321463691,6.073395662047076,7.621334837196414,8.652275157720597,1.5
4.887356686848775,4.529294062689339,6.335894400214798,8.191258610902011,8.503185373896665,1.5
4.773520059803772,4.520811182701958,5.857761050773793,7.799302544685567,8.421372819147125,1.5
5.659434889314547,4.3237555415014635,5.718065052027642,7.056442406326011,7.200747468325072,1.5
5.6657010346144245,4.34828676410398,6.100667971994252,8.076797277507826,8.002968412678179,1.5
5.842187918714277,4.404678569046185,6.274810969825816,8.320283395572792,7.5369813799494185,1.5
5.257750369042333,4.240904165386428,6.296159872763848,8.209144180927286,6.5464756282127965,1.5
5.1298356934667515,4.432056832264339,6.134677430267695,8.561037130298052,6.710190443436446,1.5
5.058638464931549,3.937051130270765,6.4155779062568286,8.081490188687788,7.153162728979453,1.5
4.383068960855951,4.161650982125029,6.622700708765326,8.567788948873755,6.486108876376871,1.5
4.272273902433644,4.252133050129175,6.570284031530802,9.09426179888023,6.577252245031563,1.5
4.304527582321795,4.134410666189439,6.553569525879075,9.574381564043597,5.7688243008964335,1.5
4.035671036280514,3.7854050693826715,6.357258626970537,9.773764933409348,5.533668057516139,1.4812186408522392
3.8483000263066494,3.9561597068853818,6.570822084993782,9.704828865381051,5.6245827744471955,1.4444427739768255
3.9068983042987435,4.20746305497961,7.074087496801303,10.523576910081854,5.342172612835375,1.4116367816048134
3.531441321313342,4.350118857011346,7.217800529888826,10.821470002077518,5.210964789205996,1.3826933254359215
3.462378193207297,4.090690977643021,7.362751726625016,10.410177531532893,5.351720471484409,1.3567910120165774
3.2607800666879014,4.515922031029699,7.616241380481119,10.32668335183465,5.101646697120233,1.333071093469645
3.1292515178113964,4.086292695230055,7.429347683003946,10.76800117113375,5.094709916304336,1.310829045875971
3.0795710366213647,4.115829619272153,7.9355688483287965,11.9436020294858,4.460793184225103,1.2895384630515143
3.1173570405344293,4.060612021366351,8.151227500139193,12.417880378944664,4.989314448010266,1.2688247893640634
3.0075008835182313,4.379704976290461,8.083676658951179,12.618164280522018,4.980430233563931,1.2484301987836606
2.986425282277856,4.579201055311737,8.561718679632088,12.553152980937176,4.801613026231882,1.228182518805461
2.9373374210649974,4.306350512103641,8.629762862151665,13.376172248732312,4.628802492993366,1.2079709711722155
2.688098465641779,4.289225300213667,8.773386965102164,14.392197854403012,4.616865211996275,1.1877282288536473
3.0308836785868545,4.65308668306092,8.758338116660635,14.617698806902924,4.598982515886507,1.1674174889818612
2.54150920821522,4.671662153104444,9.56445590659643,15.275435540733266,4.423887578665204,1.1470232833119547
2.7224949409813384,4.802595945090643,9.951650133766822,15.32239093779652,4.045830583569757,1.1265449895213153
2.7478535029175717,5.264753396412181,10.711411341622004,15.39873429325774,4.0001439901813,1.1059922636917845
2.630400511053051,5.008916135381503,10.268268278223154,15.311873315862291,4.072066786148684,1.0853818280752336
2.6500675684783737,5.139704418855242,11.571267954394552,17.334403208223968,3.982983291793703,1.0647352107656367
2.604505652002451,5.421622650716161,11.331727409659761,16.893378935346025,4.318791789422214,1.044077152485093
2.4773370194083104,5.7635699845160255,11.789181533787128,17.20148467031416,3.991785844924711,1.023434480436271
2.4051149928743585,5.989596015146741,12.300926161929997,19.23406985931572,4.032892600350031,1.0028353090786954
2.393057432307607,5.798272072189217,13.29686845617481,21.117912939786088,3.777509342213665,0.9823084697840245
2.373946155309902,6.105127425806589,13.813304318030289,22.684592052761815,3.9054247116143492,0.9618831008188525
2.5055052208924953,6.457038006876448,13.435302025038043,22.34096667545704,3.595538602252522,0.9415883497325516
2.5273027317991463,7.234750479219845,14.780568197449654,24.50298119320323,3.7609820455836904,0.9214531546467781
2.4551320150728335,6.391322647053655,15.114988422032974,24.114091565279505,4.057838941609983,0.901506081018997
2.8734562958316685,7.864180729417356,16.497697305489936,27.217044666792187,3.587790557657283,0.8817751974944845
2.5287224190396893,7.141790829736784,16.35836920782321,23.72055221745221,3.413557274824255,0.8622879793847591
2.5831290953416466,7.637760668934422,18.859686175452122,27.469040537186928,3.8474232081029696,0.8430712317553539
2.5408392827234327,8.165950555327239,17.93613489675367,27.02007835032634,3.7948493285544016,0.8241510265179997
2.444140742262047,8.670637729207456,19.85882311001035,29.689791917954686,3.5004347574901895,0.8055526496143959
2.617963281677786,9.869854285870487,19.81618121690069,33.60535997319753,3.4443734639825676,0.7873005555672895
2.4682476551079193,9.276982754043845,21.93483346028381,33.09457551548202,3.388737293055056,0.7694183275116122
2.5988422645702753,11.190407246933724,23.016300783287885,36.29407390015358,3.491434865356519,0.7519286414102708
2.6503684146357127,12.159528164372011,23.983286251822403,37.170443237197716,3.44243946520526,0.7348532335783254
2.7958599014454313,11.670628944104429,25.087684329583706,39.894287445533465,3.4278535717126006,0.7182128709385146
2.5183447995003356,13.096241187691739,26.468937692105634,41.53297200485975,3.4530290647723407,0.7020273236455407
2.74639897395746,13.411945542629816,31.149742908212758,45.5590652567291,3.2098398424286225,0.6863153398703415
2.866324694893666,14.706245385391554,31.07964452159926,50.312203068260935,3.3910068145900785,0.6710946226479171
2.694513914546132,17.346120727643402,36.18948859096085,53.14751523913518,3.4085284153803856,0.6563818087725154
2.5870634279575104,18.118127954180853,34.826806254196946,50.081453539528255,3.268467140211708,0.6421924497830233
2.7051828709291827,19.159071100327814,38.56633800261187,41.221494911066955,2.9428651184829158,0.6285409951225753
2.9015400318279996,21.278036286884856,43.905252910458245,32.69823624727966,3.1079074541919947,0.6154407775852541
2.949033701553755,22.873353899445895,47.641413854086956,30.53606890875485,3.036030608096779,0.6029040011811471
2.7722123310543343,26.747671778811828,51.90749746894982,28.455272144087388,3.1049753641244076,0.5909417315607077
3.0338552124577935,27.882354943845943,50.30165506987137,27.080834666388306,3.247379075865841,0.5795638891423835
2.8299431631973766,33.43048706371625,44.99998523909208,22.60533211262285,2.986237977514169,0.5687792450834598
2.8963041558326057,35.5325862566346,42.24930105139641,19.670673097142032,3.0461127744447025,0.5585954202252904
3.0795148391711877,40.277687209811404,39.18435869608718,19.371266219260892,2.9546016661685104,0.5490188871294536
3.0322598536977483,47.87623047691347,36.96593649839419,18.18779077627439,2.8179590338588567,0.5400549753026389
3.118918887845012,49.87975194443646,36.48355104298539,16.621253185565326,2.7198996692408905,0.5317078796850174
3.20375996058598,49.35997586301931,33.769403508614616,15.861180990283199,2.8745037468222714,0.5239806724500723
3.0906911047948777,50.496228252689804,31.07868778697829,15.795315860001903,2.737194388940862,0.516875318134461
3.259222638108699,46.104929332539825,28.960153724201604,14.40967158478114,2.8629205910689133,0.5103926920838289
3.4314703010591536,42.04031859407434,28.57327012109294,14.409093873621783,2.7038990820964885,0.5045326021664274
3.1105963497044273,43.610066637108666,27.590729231752995,11.97479887118307,2.700427765882273,0.49929381367142645
3.346718733194831,41.4978920001478,25.577960223043362,11.376242533478093,2.6135558290545626,0.4946740772719578
3.467864075797833,38.323650630843694,22.806680016498326,12.251513427823014,2.5815498913801305,0.49067015989837226
3.3900930812255883,35.39338767699892,23.83837128969517,10.892705351731445,2.812204484704622,0.48727787833200087
3.5767644174773783,34.01913224648061,23.411996715959074,10.337717602864329,2.585022284274382,0.48449213529609597
1.6365240355446378,9.196527025552133,11.816637415932787,11.301072627533001,26.62386792905628,1.5
1.815469674112044,11.12708611314769,11.98815682865971,11.4296426933401,16.474845183156823,1.5
1.9393569472104644,11.217452232164188,11.648988965110163,11.170046371875035,12.399233098702396,1.5
1.9911973134064103,10.996834731548201,10.740700208083261,11.19958533354817,10.082066328394447,1.5
2.0450456165385864,10.518607348728807,10.376712570928083,10.789039274363029,8.996014055007336,1.5
2.1004078015333305,10.013788794704828,9.986852199525776,10.438728259927437,9.08726980804365,1.5
2.1713658197187145,10.345028935328449,10.137028086829575,10.379979528751319,8.131263758593414,1.5
2.269491948593915,9.313728633011502,10.916225626525081,10.206156583310426,7.309526171056734,1.5
2.2627525276839875,8.899330843850132,9.93039363892711,9.897481197794677,6.887950786388025,1.5
2.5043074353898347,9.47160190377321,10.263375924341638,10.83158354999177,6.335411568877961,1.5
2.6457219593343533,9.543350177684834,10.080120565726034,11.272104894529758,5.2838122402076095,1.3126997504257827
2.5336608136916063,9.369288930983782,9.854222889463252,10.566753451773408,4.932057731877581,1.0944720212185268
2.7738373973975237,9.744501277761632,9.886582138127674,10.324743246833147,4.823878561477611,0.9226992039284194
2.693599699623461,9.19157593565286,10.015202253815088,10.378036581646501,4.857160584674902,0.7906389608859707
2.9230121000337443,9.18547217720606,9.80439591465576,10.48993133364872,4.697002342524539,0.6890659646020555
2.8213929388290744,8.136854276011446,10.494070660748829,10.471481366528113,4.994479273546222,0.6097852624713878
3.0726649207725782,9.373181544123488,10.077374937343546,10.319783712494328,4.483066632267268,0.5464016443657302
3.039150284841995,9.263782858584353,10.251032789511626,9.724123488924247,5.365606548034236,0.4941977957461279
3.182998946998431,8.575119652584904,9.707910258707232,10.456960427984738,5.14016558667888,0.44979150306933746
3.318200285260106,8.83281202271618,9.671194265357574,9.7948366171269,5.189619576893964,0.4107957076648827
3.552371321343134,8.423935784671215,8.945823581055553,9.388813517286323,4.87950850000907,0.3788391935086362
3.5403008215158143,8.483598049336136,9.035802444387484,10.011054039564376,5.103950601191503,0.44853757506782216
3.3599840939178534,7.9020096543011,9.519720384802147,9.829062399737458,4.925894996738048,0.5302185176546418
3.496071334242397,8.71253703999408,9.162039042433841,10.466716407183188,5.090063709369149,0.5972120723232985
3.6362355075609063,8.009670635927638,8.823054770927547,10.401309993876874,5.437004502926519,0.644967103361782
3.6021917290816248,7.506791725999217,9.309370242444263,10.044377687484173,5.049483924709431,0.6758220255578525
3.7012434459711274,7.729083427611044,8.752376625656673,10.033201087228946,5.4320224273124325,0.693577858081661
3.884396728144658,7.261603436016434,8.990809804387546,10.16677307240675,5.46109607465903,0.7017453362713133
4.421368371214669,7.620615298250601,8.761164999441032,10.007591830313084,5.335691797437256,0.7031178531709086
4.0900538482083135,7.224174333529531,8.497184694681188,9.94645726021811,5.402290587972,0.6997853446672603
4.319871279582778,6.671271308706256,8.608340755624237,10.448420797744571,5.475669970264655,0.6932663577384082
4.551780710149394,7.7148349872674675,7.958560784021725,9.69454908242144,5.046465795757732,0.6846483574706392
4.737358549999878,7.079277031131915,8.95491435764291,9.88769135437894,4.992198680013337,0.6747046670040938
4.370745693010668,7.2943338088084,8.423552965898658,9.323762031705341,5.413765995720374,0.6639836540071873
4.859411304964655,7.056701300155685,8.759870910124915,9.773690193330475,5.156627598417337,0.652874031001486
4.458366928812226,6.943066827310262,8.754748292056963,9.978166635509053,5.0705733278093295,0.6416516906392098
4.2702389337091695,7.113181056557191,8.189278402285494,9.544196758525437,4.8459824714482975,0.6305129325580949
4.953513450199737,7.208534528910034,8.400250084688471,9.876998470324931,5.065561301350763,0.6195978970171359
5.306706398810935,6.8242669630832395,8.328187724841452,9.913420595402908,5.268187749576843,0.6090070386712353
4.788177968774516,6.723185711029644,8.486546740121117,10.261247614877917,4.746785954084843,0.5988126876122751
5.337096692201166,6.7667614114066525,8.233771927696685,10.028571116395646,5.043507440355514,0.5890671557158367
5.757953428217391,6.843187856254443,8.15486869232547,9.249896108773708,5.211673316345772,0.5798084188014859
5.4411163412109955,6.7686802020479195,8.020276494809302,9.691985759307675,5.292910952591194,0.571064099892822
5.945984011073393,6.436236880285119,8.137351412615288,10.195357334065914,5.201649503017876,0.5628542628623365
5.73538312870969,6.155528707233221,7.907909124578543,9.6729791833062,5.2172385489368995,0.5551933736146862
6.048846028355099,6.702605868598782,8.110367612787911,9.303272396631625,5.159851524120294,0.5480916790905699
5.877996630898032,6.025500189656307,7.8971211089790225,10.34622542832887,5.048698052521614,0.5415561794039406
6.3411266521233145,6.019095327436947,7.728490553448205,9.446628752813764,5.270918382369264,0.5355913158721812
6.3729161845753115,6.22132643218409,7.7061143066797735,10.019197051490558,5.064759261698954,0.5301994608728214
6.9565093653528205,5.472649528352076,7.823347600247439,9.942313045273792,4.910949297688477,0.5253812696589992
6.391228827474448,6.224018990577499,7.8485675002921385,10.223947841982893,4.93885439219159,0.5211359361874728
6.592248877903016,5.954577571646407,7.893679938989694,9.924454047136376,5.5149775426717875,0.5174613823443711
6.78383592469026,5.40474142777584,7.472002448777634,10.263533392326295,4.994137940925118,0.5143544010772112
7.337721297964123,5.440744027713372,8.012349473891256,9.552224928860783,5.2750127258184545,0.5118107677169589
7.03198790261307,5.414962864097255,6.9555875530796225,9.764533724906498,5.253350292513398,0.509825329411597
6.801467494080403,5.467896896808359,7.8705287484911715,9.337495218170103,4.9963705816041,0.5083920795334419
6.551806961703964,5.211417080468959,7.684637129904882,9.893344945365893,5.0732330233210154,0.507504221776542
6.238860854869893,5.323794173115601,7.916459482831915,9.619220726375476,5.3234145654552565,0.5071542271578638
6.0678013012616265,5.508481797982754,7.636408311770655,10.43734711818732,5.3341271860891615,0.5073338860824348
1.6868578483325287,3.262722036349583,8.825315479102965,15.169699594735786,4.9249937179430745,1.5
1.5834349324456014,3.5908792600554102,9.465315726962773,16.0501811019377,4.829663315599283,1.5
1.7411890054653172,4.172765786417885,10.458160922448407,17.241096308596436,4.480909437225022,1.5
1.6098402715022868,4.207227603369465,10.857161558138037,17.900714407842866,4.856794705038336,1.5
1.7500563608932078,4.213768347482696,10.940547031711095,18.3787255380059,4.952491037148039,1.5
1.769192380409891,4.332318234523847,11.576468035337907,18.875548532369965,4.437718306515421,1.5
1.7280060241347186,5.229642284038837,13.243953528644559,22.58633131942825,4.243207568234845,1.5
1.886046419044984,5.802467411633992,14.73494676231588,23.539213491706864,4.242063682110075,1.5
1.9328037811546415,6.5683962343161095,15.64638848600585,26.24866634249895,4.392810798138856,1.5
1.7132099511012953,6.994913606081539,18.245551721077828,26.370017575528383,4.3813239133244695,1.5
1.8906554149850416,7.940665331747711,20.826087698225937,31.45019447856497,4.06890605012589,1.5
2.0341257696769444,8.884708880600536,24.467245934756257,32.383206885736584,4.235381420573675,1.5
2.227463002211936,6.565129168356556,6.867480841830411,6.969467204991076,33.527387914395554,1.5
2.3842860017947736,6.830436813649625,6.640846440029688,7.274977209187169,29.71155756922765,1.5
2.6703880123129924,6.642829851804674,6.568236366782447,6.951706677565646,24.766947070030874,1.5
2.8082794151481347,6.164158318833777,6.256855304952401,6.778717242052452,22.11992465423315,1.5
2.7600859836621687,6.462343723405047,6.658406672818982,6.749037720557925,18.93982194114804,1.5
2.921176964864396,5.9608830473573775,6.502773267298909,7.046918507074939,18.36215575972811,1.5
2.971169854454956,5.98910791696928,5.857158435778614,7.081722232347698,18.247586557497403,1.5
3.1368551400614413,5.513719084234575,6.193694858765064,6.6187641589616915,15.980913124070256,1.5
3.13774457419996,5.327889669385605,6.090419294949998,6.894409080770182,13.222071492739682,1.5
3.2402633232367215,5.382357655258447,6.167543117619736,7.640607199672513,12.441763689204567,1.5
3.4095113988415435,5.31897000634347,5.764649977758619,6.93405882460832,13.3159707375208,1.5
3.595115735667474,5.0632984087276185,5.925393876054542,7.038809149679589,12.17620763494011,1.5
3.5001863023789084,5.158354099814186,6.278400658708985,6.786520318267176,10.82326877426163,1.5
4.299204792032086,4.913835713712922,5.828522286575054,6.565034298666503,10.460038109959031,1.5
3.878692328311022,4.879210325852331,6.094799389919365,7.75947898835753,10.447211893260286,1.5
4.337246319978282,4.856353265991792,6.0902188860429245,7.398748752015251,9.714701834267082,1.5
4.612848747568032,4.274051057455727,6.590891519661859,7.996104489476818,9.864176005836683,1.5
4.699218321506397,4.894961208746766,5.988845994030021,7.8524333868107075,9.298000436994863,1.5
4.752782714143858,4.4362476637397075,5.919565817503155,7.919293018642594,8.646512618290705,1.5
5.183411773773358,4.327498739766577,6.133808493883401,7.159655835973608,8.430093909055635,1.5
5.415704715610091,4.160710130216082,6.325970127383046,7.7922400265504415,7.65763977968124,1.5
5.76737762435766,4.27935113412395,6.319521686181158,8.443195833929703,7.769189752345117,1.5
5.543603089395025,4.187235319931523,6.099828326500451,8.592788077544249,7.395639349226316,1.5
5.083796664391745,4.123421786588103,6.220895923347836,8.535472644190088,7.445386253254713,1.5
5.043616553787527,4.171833589839083,6.420881957025443,7.991418218127976,6.5893682529377475,1.5
4.599433206854968,3.8796660675128045,6.140786381114976,8.913402388370246,6.538119789131935,1.5
4.527705628256802,4.020637405431828,6.620888645867931,8.459109535927496,6.290835380215592,1.5
4.451449606735511,4.043008001366008,6.542725617448177,8.657697389680745,6.666598771632311,1.5
4.094382679487365,4.06813493005329,6.631743787501656,9.026167652379872,5.79536535846483,1.5
3.8975980176396074,3.924756018123022,6.559837131380784,9.565327017927885,6.104721113381525,1.5
4.050242224958506,4.133234040320922,6.9313827656649565,9.920832308532212,5.706093062610074,1.4650001834779458
3.651591995017097,4.22790054493426,6.461264849527245,9.704391236512294,5.458869059133564,1.4293021475332677
3.3692124149671603,3.883103864365715,7.3415293363600975,10.527554509844284,5.419803766458405,1.3978274829132646
3.5102685264978897,4.070956244928996,7.2582250642343045,9.852589676812258,5.1444026259296525,1.3699687083290795
3.2933302538941334,4.351551444437323,6.668234152398939,10.32295896548246,5.312531287239314,1.3448171409359508
3.0887561420447898,4.135757527608698,7.3904549254351695,11.449953485641958,5.00787234428864,1.3215555288474683
2.9961035057291676,3.9388151771411537,7.124007120227754,11.19154917165626,4.88336114830366,1.2995483796135794
2.9781409047447687,4.137599548272713,7.890052041829281,12.588794186974656,4.669886123069201,1.278333152350997
2.807903177153464,4.273357583219285,8.135651706017294,11.689444629701091,4.742642178368826,1.2575860173651674
2.9034582077401723,4.095397059820061,7.928576774718504,11.808045402050503,4.383011173508161,1.237086976110309
2.860433631899851,4.2409477460063645,8.57238658119637,13.413961440119484,4.844019985542637,1.2166912211649477
2.709091974871038,4.286028396735462,8.935682945374236,13.720391775541717,4.351057788697904,1.196307462159708
2.63384218262698,4.511510838151177,9.414629613332604,13.941697060974342,4.435046002684955,1.1758821319559782
2.4985088437251344,4.876700229980643,9.632536233236378,14.513014278612612,4.495182561752481,1.155388093806836
2.681684808599871,4.892109563599231,10.571101803430992,15.728169799368553,4.040430207056671,1.1348166446068144
2.500992937942547,4.659707488822624,10.109228559025071,16.561776477526408,4.050344193650821,1.1141718790392243
2.4227931558843596,5.347103846588432,10.660295294037084,16.64525958144754,4.244291482716999,1.0934667253277301
2.379992440385107,5.21627833377767,11.103602524515685,17.631111161263718,4.054153427192535,1.0727201573339529
2.4641803899406938,5.339819030668745,12.56272546223717,18.084384743541015,4.21419572594138,1.0519552318515082
2.5617537823742205,5.403251626436944,12.051337052767623,17.080863459976264,4.113753196460047,1.0311977038753268
2.5166927878366865,5.752376954749976,13.306260791553564,19.217833141014307,4.150868432579345,1.0104750464471608
2.50247737555148,5.734894018471913,13.423851681002192,21.293202970234148,3.69092080168083,0.989815753692187
2.3576639145110176,6.328722507423494,12.838815609954446,20.70200798211152,3.6727759498891697,0.9692488421525579
2.5857659285887418,6.951124799529108,13.7524241451612,22.48681130866525,3.798989913933206,0.9488034910668217
2.5199043840804993,7.109882190961496,14.729291812105142,21.616914386288908,3.7756594130708154,0.9285087801032836
2.754837070749403,7.232363261415575,16.018208156786603,23.642140378949026,3.6403942208517535,0.9083934955362962
2.3194687115583013,7.177497308584983,17.04600985010661,26.14199119196709,3.6504724169028533,0.888485984577702
2.733575722158883,7.640951918047888,18.56947224873224,27.26821120474424,3.6101161343664026,0.8688140436727381
2.6004286005336814,8.558095003718533,18.173388362718505,29.799250634355637,3.621394349817793,0.8494048308340483
2.5610430654760385,8.88898683109792,19.857686641849615,28.257738826893828,3.4456768916009985,0.8302847950730576
2.589952731863431,8.958434932497179,21.852776725956954,32.01264269557525,3.6139343068137295,0.8114796180792572
2.571232820849059,9.441847158826008,20.654599092201625,33.791498315337705,3.3131287425866356,0.7930141647665236
2.563272844408178,10.56698676005209,22.94810579963104,36.79090198884271,3.564850841183129,0.7749124403380454
2.3899888116407615,11.249654436006606,23.587380777271488,36.24684259854569,3.4728772363236975,0.7571975522495699
2.610302730689152,12.485230926724137,25.01349095045287,39.063473911565346,3.274348293578305,0.7398916759664624
2.6981298007636423,11.937622605368503,27.041899136483266,38.73697239455982,3.175951321491783,0.7230160237757692
2.477727710961697,13.745792194973811,28.966649726374115,45.6767446553721,3.472489851360136,0.7065908161768255
2.764921332269922,14.971515266666097,30.675681075131536,45.893504401925625,3.258757467900377,0.6906352555609859
2.71194051473668,16.102147482816047,33.76834073261409,53.306982366156944,3.2167214635370054,0.6751675020270802
2.608268219621498,16.72775368399957,38.697455538439584,52.80459517913018,3.2592328488147673,0.6602046512768337
2.8734988606987453,19.644830912934335,39.722050959981296,41.44839770612427,3.162296963851518,0.6457627146058506
2.8027567010637853,21.143302463183304,42.76948962173697,35.31829837515753,3.1819697863320444,0.6318566010555442
2.8956281237926342,22.940519894853345,44.06209277953498,31.828363621798957,3.2155790522200225,0.6185001018281404
2.809276678097121,25.23405974897297,51.29774350168311,26.153298373118666,3.203296517377297,0.6057058770892705
3.0878983656607284,28.66267577181729,47.59123821792466,24.35742953440073,3.256102405678791,0.593485445297672
2.82397326267072,32.4453752700926,47.67222995989421,23.568757631041237,3.1017387929177276,0.58184917520708
3.070865312263798,36.237372253875726,41.01463539413464,20.411827990582154,2.9911928187125243,0.570806280684461
2.870987781422747,43.26613420053855,40.92595701331544,18.736475724976227,3.1097227334642894,0.560364818482188
3.0724182631520165,49.34515329219541,39.07093378465281,17.14269153744216,3.190863909545875,0.5505316890887741
3.1522274613749763,51.289251610664984,34.39846206289938,16.46460175588968,3.090798457138364,0.5413126407660696
3.104479329497085,53.4245629542753,32.1340345341687,16.209829658965216,2.8134471895038407,0.5327122768584979
3.1187668617246125,46.67548032409669,30.795510939026656,15.13586008058109,3.0458838541994804,0.524734066434624
3.08772837215622,46.27595788583071,30.207777226643124,14.435413599188244,2.6115072363510965,0.5173803582921076
3.4389304143851174,43.355879633905474,28.784574662900166,13.98662894934276,3.0339933253318305,0.5106523983251972
3.2373291050628983,41.88018029923083,25.56705230920865,12.667715228417702,2.828848561479756,0.5045503502198807
3.1897488424838545,36.402832825970286,25.34115662552356,12.479723964590013,2.6704008118901204,0.49907331940616995
3.5261021710161877,39.49411561253496,23.24848941578301,12.411093727815052,2.6016826534670474,0.4942193801607376
3.4268959419333087,35.60800368534709,24.963186429882793,11.311770818696834,2.353981572937883,0.4899856057162723
3.5338257527151336,34.158968039241785,22.625040989793973,10.841070036737618,2.6070367128451926,0.48636810119848845
1.7017513079314035,7.351031560634586,12.390219369074527,11.486446366576137,37.205004178297045,1.5
1.6741369465985392,8.362632684457882,12.977323225150744,12.378260620897604,4.289778490172498,1.5
1.913558216773304,10.678309167803365,12.201728469117677,12.55879204543125,4.170622704339182,1.5
1.7387443412369432,11.277778970987843,12.762623706207636,12.050815828286732,4.137680770098065,1.5
1.8645346500581785,11.655008645267511,10.68464305934554,12.038151256077816,4.07026954598453,1.5
1.9041375855811442,11.550489155940015,12.327145839446635,11.525365318462725,4.180559392187443,1.5
2.0262807983847293,10.815573692422989,11.657701431508306,12.355388874994475,4.653812487919708,1.5
2.2512144091460673,11.18171525850622,11.146578809768387,10.796952219638627,4.183664941790544,1.5
2.194363256049234,10.79071905756573,10.649133966980473,11.394885573762263,4.066417652582929,1.5
2.350231339465072,9.70960422826241,9.27392817386538,11.653724827443348,3.843211315042269,1.5
2.6155792026265936,10.392403212243329,10.96423151350419,11.617387147861697,3.6197388531312233,1.5
2.438016944444806,9.689962943819012,10.562664918572684,10.77021559468207,3.6336498070852854,1.2774954124529652
2.67746800982958,9.589429607347093,9.97789462569633,11.540083316442109,3.3397179654111127,1.0715062042624035
2.6804136603735693,10.642192399745941,10.915571086673857,10.864344043899141,3.5921500189905906,0.9106751753418403
2.75579218380277,10.042188685280399,11.045686514540533,11.35287903221404,3.811914247250528,0.7871827127345721
2.783779523119093,9.71443595919935,10.48234569367731,11.145713992527352,3.3727908673274554,0.6919432273854331
3.0299481510537034,9.843834181966699,10.863558639737072,10.762920953947164,3.44180628859589,0.617208111023494
2.921266466884413,9.549490156151863,10.422372187197471,10.534564778574737,3.4755138045723895,0.5570299511338005
2.9658888686960045,8.79245349810084,9.508049328079553,10.650953682560305,3.6443856029857655,0.5070570815623567
3.202204135482934,9.551571526813001,10.254152553903378,10.367694886415322,3.6165673846128774,0.4641831092094368
3.1774562692317456,9.09573667225672,10.43239454226484,10.351894658819225,3.1732875342700884,0.426221442956898
3.3381141306668334,9.838560116819366,9.685065806680022,11.130624290001093,3.67793950719685,0.3916466601747341
3.242543782042328,9.086174358880571,9.937309270577433,10.857273844585716,3.3973336906300258,0.3594018192892795
3.229218178289412,8.710305442343497,9.31375479428178,11.08241137251867,3.8996455002489836,0.32875931848808826
3.4249824837174088,8.337095885361766,9.519602467682194,11.007606997980504,3.9551749947323125,0.29922204152154963
3.3884398648278253,8.733652994502439,10.240160590197444,10.450172066817265,4.036604896537899,0.27045374044473447
3.620049246708429,8.702299179697505,9.994286278065529,11.285261233114303,4.220305647542768,0.24223024538439838
3.7793872105271933,7.927590470837372,9.763207789550036,10.592242626495281,4.379873654422329,0.21440536304410346
3.817507694825785,7.918743366491543,10.161483104610735,10.150292792610907,4.06919121592944,0.19909320755580312
3.6928943472877527,8.242101494493133,8.710233581987907,10.400229415054184,4.559454938691965,0.277000794187793
3.8045182493597447,7.7312996607856554,9.48432065670778,9.866371618432712,4.695134780729535,0.36337812992794427
3.9152081540432184,8.254512262148634,9.055425632233398,9.914303884440436,4.848048777406461,0.43357588064607383
3.9772066029684057,7.864119159348299,9.199601925610517,10.695479239400576,4.79631770959439,0.4838998293355957
4.008730426786376,7.66989454166471,8.988253231515188,9.878466957592876,4.837350971207689,0.5170708992284241
3.9976440782210703,7.74680316191052,9.11943274481566,10.365280690046811,4.9802780077528785,0.5370734017028154
3.9903057315549173,7.817194880245501,8.76925885869004,10.375769811778147,4.616667290843026,0.5475134496095379
4.0202254635129915,7.958681374772332,9.482251229816805,9.801511741252702,5.196740235620937,0.5512380090211698
4.174101335645083,8.008298568734386,8.6173331891612,9.948798168324515,5.173593178897139,0.5503687023095172
4.411845717069191,7.783521943384061,9.133869528507068,10.17664173719334,5.337234238872392,0.5464430666370325
4.347944127228091,7.017369737283469,8.432449165284117,10.345877554271,4.871173301608582,0.5405595022067364
4.970630445015861,7.326482184971818,8.320131937739028,9.698999487922848,4.946303701520304,0.5334968105692953
4.63587825622103,7.1567554158206335,8.39098825622277,8.92658006518234,4.885273381721866,0.5258049823991668
5.1788192925681935,7.265517726726755,8.081969812818151,9.415155393809925,4.90105458162819,0.5178715605527785
4.988526343217225,7.079766924340867,8.36985720422614,9.3893919706272,5.461717555598844,0.5099692164193272
5.05907473652097,7.321816478006882,8.659693673714058,9.871673110408613,5.506160049414507,0.5022895095531057
5.30806199392234,7.055333120070948,8.376365413852751,9.936997498513735,5.534310755327338,0.4949667116710387
5.258291712049023,6.938394402755469,7.761864373934214,10.144380978222735,5.253468999706275,0.48809457029872394
5.685691985902616,6.692959278368624,8.499804600826694,9.919503772481631,5.039561989875364,0.4817380876254461
5.4935635201194515,6.573979966523387,7.657773133584769,9.922855916029015,5.309838242161658,0.4759417926277948
5.799218916689891,6.440400489722697,8.275086077615999,9.510521297511586,5.410132799514273,0.47073555133330447
5.228277253518348,6.2709871502940215,8.115784078249517,10.174456207853412,5.664408072035948,0.46613865088384515
5.608637083722873,6.4517248701740995,8.125897363245144,9.321698319904577,5.5148578708194975,0.46216267417465157
5.63051827171631,6.054523955532255,8.00519013833454,10.417652154354831,5.358570502103965,0.4588135276029794
5.797242046249585,5.769471197817523,7.657647769742821,8.808117191702916,5.375479418887703,0.45609287604079557
6.096572924926066,6.0033282834717285,7.9361580521304305,9.775837812214743,5.551072341436062,0.45399916304037435
6.545296031370154,5.835660737458214,7.891621411607531,8.98504311505132,5.315602160799697,0.45252834089889027
6.257604907836136,5.692652123451086,7.838922684314755,8.911553194809825,5.5227339290232695,0.4516743977797585
6.7472603371787585,5.839659902782881,7.6008612472941985,9.529339522762735,5.484621043594268,0.45142974285307663
6.267577250566824,5.7454277979542425,7.567701488525069,9.749499541348762,5.5695335926079155,0.45178549203204144
6.621889594850487,5.660470143786379,7.3070616769480345,9.297571295166247,5.715067947939644,0.4527316839998624
1.7354006473792618,2.907657014760538,7.598636688166168,12.24342654450565,5.590562569721092,1.5
1.8962415849725547,3.124457167671357,8.118884409718286,11.905140417083281,4.961756865955422,1.5
1.8369862139668256,3.2140836319765858,8.651784977771158,13.291078245513727,4.996531616601643,1.5
1.8315168030251114,3.157682156653095,8.5517081239011,14.982449699119092,4.857077641655192,1.5
1.7128293653443587,3.430127061184464,9.322796595330516,14.404362116389606,4.991889130918784,1.5
1.8031655381244087,3.799151348981142,10.535126043380881,16.569399817377484,5.132535271822307,1.5
1.7263982744898996,3.818185499283354,10.975722170637901,16.612128176808962,4.408801851714918,1.5
1.776663420961161,4.088447779157986,10.95846796505493,18.23932495492029,4.70642237970725,1.5
1.745548852265926,4.411752882493586,12.277138589379472,18.79916777573149,4.8449401926696085,1.5
1.754425085288486,4.877418549721648,12.264838707946753,21.081662231694224,4.659323551846963,1.5
1.7171145805544603,5.261679206583972,14.22519059710694,21.31773252119467,4.302637619376032,1.5
1.8063816156358241,5.562313753192874,15.049002566016476,25.007901349486414,4.444425373706446,1.5
1.8639544881064836,6.416788259137578,16.089946614432208,27.24384670813644,4.302556568812026,1.5
1.850534834355404,6.812095109379451,19.540688090836227,30.487267220677985,4.060500383395753,1.5
1.9076232563064066,7.95727999721748,20.934477308295545,31.632219116486105,4.043594014752219,1.5
2.0914156998519204,9.555914289786635,22.429560218626236,33.17566100524802,4.3102955243749985,1.4512802102375226
2.5453884580380777,7.390003111064142,6.898868653799937,6.909930220048178,35.89267783329335,1.5
2.815138318765344,6.459129486819771,6.86198623806566,7.145087851064022,30.244499524581403,1.5
2.533538310409744,6.064079473032524,6.996487061972062,6.944458000942874,25.78974812689645,1.5
2.969469626923286,6.47074950726798,6.795508362597173,6.836566351788523,22.057609166162102,1.5
2.819954327446683,6.4743958319605746,6.4232631746761015,6.629199199009981,20.040842271155825,1.5
3.064004841769262,5.779938660355129,6.70484279668267,7.13372639031248,18.052304144078978,1.5
3.34509442737696,5.934127710367211,6.546477618318603,6.577873579009824,16.26384220561799,1.5
3.3543927021578774,6.008673520029173,6.087487903763743,6.737072225878853,15.475269234607262,1.5
3.4336151135787385,5.301942047908659,6.368474781496067,7.558428329457059,13.964257245362552,1.5
3.602752388944798,5.515429856748974,6.0998919828737845,6.880135511994436,12.801620797458085,1.5
3.8410927401967143,5.347490676141865,5.9115774456161505,6.837877292903146,12.741932926915428,1.5
3.9510037309473645,5.401568561445917,6.188517224592824,6.875666238278936,11.89562611985334,1.5
4.125267002897752,4.8398462868115315,6.400992283672132,6.787036622466372,11.759296918756782,1.5
4.026697705845155,5.069145074431744,6.065769460112046,6.862765431527201,11.147940937499325,1.5
4.494672068146218,5.0423619627719365,5.901911226635571,7.224280177046279,10.217895749233927,1.5
4.456687704613418,4.699763653192461,6.357065976133937,7.537090174042276,9.756142677471418,1.5
5.038070612681175,4.924911429688281,6.177362463726072,7.3112289211653945,9.214453218921273,1.5
4.972919966147967,4.440722533436648,6.064019002363084,7.468123380169487,9.055464993571368,1.5
5.06565971230293,4.552332935024388,6.229573875234453,7.691514522387228,8.093069720738905,1.5
5.405551491586679,4.421924202458601,6.196106514074984,8.242763207256946,8.39227199839389,1.5
5.086795140937209,4.2990918612277085,6.299113976478993,7.8537043271909,7.834995088238846,1.5
6.081864661861363,3.9461790308879086,6.317518063520413,7.672928660485051,7.655831791749286,1.4656622923769267
6.220294986140766,4.280700255622446,5.934149724969636,8.1884670669756,7.7373332111402,1.4349121468517483
5.537315261522618,4.175262004939473,5.7225754130278546,8.80539863266066,7.156587126748523,1.4096469087493941
5.0158816781669575,4.318605482145422,5.923014559660343,8.86097512642913,6.593948273000199,1.3887874880442883
4.786124145966412,4.231915253709221,6.416556530652818,8.124966559178672,6.6336202541175115,1.3711188614531726
4.428765915164496,4.011419435335649,6.3387890038689205,9.218441900674865,6.52138302689628,1.3556176165326452
4.367922883983304,4.132567103296041,6.137064095371754,9.1532246075509,6.404084723328829,1.3415059103425417
4.411870199636033,3.978596527616976,6.356671016581957,9.009223008104037,6.573717376144072,1.328220881524136
3.8730795992873253,3.822316364954756,6.666728821589267,9.613860675317175,5.676477807997096,1.3153666785303282
3.99973948039949,3.8190337854254324,6.947595817946968,10.068487775184286,5.645093155119885,1.3026706189324246
3.6815025883434203,4.278758864626534,6.767481619547422,9.500865721114431,5.651931450046645,1.2899485745950903
3.355005951757725,4.103568894596581,7.0521878491265815,10.21302606690516,5.605754070811342,1.2770792618700069
3.5966772810336773,4.1030985057208165,7.120952488117997,9.730689770661474,5.681688882236024,1.2639857009059154
3.2832965852844866,4.1101016525933165,7.312133085618087,9.924814849048985,5.090736001230502,1.250622044612108
3.197361759591385,4.035449570880261,6.995150415369224,10.852525649039052,5.2982095075841364,1.2369642938964396
2.9236388816402537,4.036270746044096,7.914788844547454,11.197594748470307,5.162257172469565,1.223003776594507
2.991767710507293,4.083347909632903,7.391893572394112,11.339928591851354,4.921721777226894,1.208742573584651
3.0731801588169465,4.185052159281769,7.7212038787550785,12.206280563749688,4.595992265689068,1.194190310042398
2.9584080008688396,3.9432388336530786,8.29638163517006,11.860661023071964,4.696657251441793,1.1793619013171508
2.762634320567669,4.165291419072327,8.544463290866847,13.174147950655932,4.747707102123726,1.1642759655465165
2.7659707406250806,4.219632001918816,9.060185576139375,13.06402369245546,4.835340179032928,1.1489537017440288
2.592690394115494,4.352535883773291,9.002530072974686,13.210799521707257,4.626383421703047,1.1334180928810023
2.6817177245211297,4.355771304708268,8.991755457784375,13.851433729429997,4.733737194114612,1.1176933359913928
2.593878448427388,4.7101715861826206,9.746939015689653,13.467298490901815,4.6250988857134505,1.1018044309970867
2.6887935324331793,4.568529404157043,8.408621348297517,13.91930386397592,4.469013577539346,1.0857768806402939
2.6454614534313463,4.534858695442692,9.285998900368686,15.491896929168625,4.647759745526045,1.069636468328323
2.5605440245502935,4.885922469016124,10.318083903316982,16.89388748890317,4.2112412050609365,1.0534090907446367
2.3178575325148305,5.080121568013423,10.454714982824493,16.14990675135389,4.2232505620121525,1.0371206290806751
2.504510619165981,5.2008145876186855,9.841262000464507,17.32101551472266,4.328675760413324,1.020796847622559
2.2780494779935534,5.4221264356239685,12.045923298380142,18.05864142365067,4.111130488905267,1.0044633118265573
2.532061014279752,5.158553389891612,11.344893461381014,17.95935909505136,4.18918450888767,0.9881453203882438
2.533364543990099,5.79615158131126,12.59795239187921,17.263446615181532,3.7705086035648163,0.9718678474624471
2.4547932182093923,6.033060591494072,13.598069887695521,20.26689813712873,3.976754443117759,0.9556554923453584
2.4080048893771018,6.304613355663902,12.888635092165371,20.070859373733818,3.934269178331755,0.9395324347351797
2.4205247814834805,6.40864331933222,14.301664650186229,19.334697659577024,3.8554719798153303,0.9235223942507631
2.2797435013942193,6.4761245254098325,14.402620407311673,22.71461212850278,3.8037761002623798,0.9076485932825819
2.624044901733541,7.281503994199926,15.886628638460616,22.85982669103727,3.8659461821202044,0.8919337225273716
2.296987659794598,6.788892209157678,16.25277838943561,24.68544034469734,3.810588701234231,0.8763999087534798
2.4282537652798037,7.245961796088195,17.104383984210667,25.343519826405185,3.617769878850199,0.8610686844826441
2.425138047202413,7.802300631040405,17.404521939515035,28.571617744930293,3.847457776067523,0.8459609593733417
2.528308390632583,8.290575582788435,17.914362217572286,28.215245007793452,3.460383710319077,0.8310969931627039
2.3722491047864844,9.127285668889037,20.278430432795474,31.383539071325444,3.6444291102412016,0.8164963700762655
2.5634280380915277,9.74232712732133,20.397432605593874,30.89909338434804,3.721729902689585,0.802177974654425
2.5089636334837015,10.491248307952109,22.41597559352458,33.499128049497656,3.5813400904530317,0.7881599689735592
2.57629450381122,9.787635209844725,24.05017249695247,34.90960396861521,3.5776185553035376,0.7744597712629887
2.599340666718378,11.516881344556518,25.6251455323556,34.72017084439401,3.4967811908274147,0.7610940359362547
2.512769581226301,12.208806561211748,26.82064620269184,40.25153091694067,3.4347582456565218,0.7480786350692457
2.592701783279929,11.998270631906422,29.512349405242627,42.56379968446595,3.5802351364402605,0.7354286413687249
2.689824302730362,13.459433837042448,30.782554612529132,43.27728720819538,3.5108867465973863,0.7231583126828861
2.702478510864672,15.782638059732678,32.329277443856135,47.00535422438625,3.2372966096988005,0.7112810781116254
2.7096168416412545,17.212734889455742,34.881353943194625,51.08650731444732,3.2608264025765634,0.6998095257787597
2.6507820895458214,16.782840114307824,37.75017932253245,45.020175006975016,3.4473273551251573,0.6887553923297944
2.7862477237386023,19.384125745230527,35.80095230956927,39.78874441670458,3.2113866368813175,0.6781295542197238
2.968832807005822,22.25789267930586,42.994209283899345,33.348760320400345,3.1892381646104764,0.6679420208534635
2.8026986125787463,23.724040995621944,46.53800097925849,29.88674914806699,3.214196157163764,0.6582019296378522
2.8122050123545437,29.08252624629646,51.962550633651304,27.774990351713704,3.1414790498217,0.6489175429991167
2.9758178495455576,31.826930175072572,47.18707678246481,25.56863109424315,3.0794578750090147,0.6400962474126553
2.8844892548154375,34.358350853417726,44.27848494192863,21.46738696771342,2.994935224154003,0.6317445544828553
3.0946381970876553,41.80961249716776,40.964071967490646,20.437219526863338,3.180536451384179,0.6238681041007642
3.045699764652458,52.06371771968973,33.881269284536394,20.912698998335944,2.9596458836978012,0.6164716696953827
3.020053944001549,52.27073172130219,33.215570837237955,18.0536811329872,2.8975638711428457,0.6095591655810014
3.004743302871554,47.16547944215063,31.385385857645513,16.265171857798222,3.2403364615694916,0.6031336563892654
3.1800286004129266,47.54016222494745,31.32002647160288,15.532525415309607,3.205210064656355,0.5971973685590273
3.113138933203291,44.00296712259938,29.8254402921462,14.222979029044843,2.9989776930158625,0.5917517038413735
3.1030361271330564,43.455253134799946,26.632331160705412,13.404115159718495,2.809662801505946,0.58679725476105
3.402522330060939,38.87336919001951,25.095762075819042,11.8835460633983,2.7733259393126124,0.5823338219593635
3.2012944408366417,39.780981572847125,23.72162684141384,11.740467319771883,2.815866720698392,0.5783604333274573
1.7557530655901514,7.9390463156803435,12.239487404632317,11.519937013673784,5.209653834976771,1.5
1.738717794347318,9.550728797459492,12.147226965829512,11.449360101244048,4.803310915198341,1.5
1.8171560608503274,12.064599655017275,11.996521521201153,11.402626585818025,5.304051696947858,1.5
1.9714055857260386,10.782514465730879,12.366581820923157,12.088054033512723,5.273287466357072,1.5
1.8658264709679795,11.263152034560939,10.996419210291144,10.957910766580355,5.488921204804584,1.5
1.9937803616861804,11.535572738914489,10.95517762981496,10.833858718100204,5.0160373940952585,1.5
2.0642191422074005,11.30618295399612,11.154890110511293,10.800740078525251,4.9859174718028765,1.5
2.242370377594931,10.830668689368977,10.811440952532614,10.438268893230916,4.986815182278335,1.5
2.2625809624642725,11.32556962171277,10.504827080863388,11.681908853786055,4.554342212236567,1.5
2.437903658401598,9.794208298944554,10.729670082809859,10.528782573367907,4.092283464989557,1.5
2.4416503651956427,10.187928251618022,10.39709033416693,11.176949247352397,3.564453152081721,1.3116518414062557
2.509441136269749,9.43627048648494,10.535672874114498,11.844885088616229,3.5444744344805543,1.0994834904889388
2.646321814791122,9.722068280065784,10.131671116384434,10.569867652874855,3.5371133227745606,0.9326932368568951
2.624181548083606,9.56371844961564,10.537436658183331,11.085759920351826,3.53790559343857,0.8045046310004234
2.8841562158274026,9.388640109218988,10.22196139936769,10.194263825062306,3.213938045392486,0.7058814403848178
2.923552842564564,9.393125119550588,10.490257566266694,10.888340608660892,3.5439856837994617,0.6288438691850948
3.017567992378418,9.753837082537586,9.902633315440983,10.421955045063555,3.5106156511127713,0.5671792531135798
3.14813735872544,8.804527534837938,10.655511703872648,11.620529911671955,3.5726394501940453,0.5163102028524886
3.134101629481593,9.16204244855856,9.972254964469865,10.342210283008386,3.701376693887855,0.47295694826372914
3.219519244136134,9.09171305163761,9.721129856071043,10.771750639965312,3.550357539323898,0.43480572461616734
3.420184071435052,9.518299605171176,10.185990782933274,9.966653526466796,4.184300321369629,0.4002399497710314
3.2147326762722024,7.937606775089547,8.656023238071445,10.794496306730734,3.8788286403705126,0.3681381196701288
3.173981688455519,8.556573916881568,10.090307528644479,10.485911209973818,4.24744457985697,0.3377271961043502
3.2579455417315377,8.442971269371215,9.502049876679957,10.168810427507442,3.925584717618491,0.308478189759612
3.5842129943129772,8.355086701403097,9.44446405156974,10.69735054240088,4.1151402762769465,0.28003252639606263
3.4429234146405006,7.958284156246092,9.405181188710095,10.673491891998626,4.417621423991194,0.2521504024474116
3.576110147323507,8.476120611972583,9.49362284862057,9.680378523118412,4.707677586941632,0.2680600802286052
3.673864297805238,8.143045939122954,9.215837908321927,9.970550820486247,4.7749956414973775,0.3491166899056131
3.6761090274322035,7.869307328996067,9.088586616333508,10.247293289181862,4.9752537405497055,0.43036333987162145
3.9106692509930974,8.231017617166978,9.526416857610624,10.829321382180693,4.893273987136849,0.49407224062931476
3.873075616124956,8.205772687365544,9.556257487949392,10.557313209817739,5.07667525239925,0.5386842220866054
3.853373086635334,8.161003367126614,8.65778516342103,9.996950266498313,4.949925469872571,0.5673548946791213
3.975657099010218,7.469136163047174,8.775202357991237,9.697075764301209,5.179483778116116,0.5839580428985505
4.02195609099675,7.78407492268928,8.640618568847897,9.295644763052994,5.081186050355452,0.5918599168747622
4.043646425768372,7.558983426957122,8.984936023384615,9.932519141992284,5.166824236698645,0.5936758913352276
4.342675718957915,7.6024740151061385,8.957581121017686,9.97579454527103,5.0344398557709304,0.5913405534563395
4.110298696010749,7.275911372651056,9.208370709568294,9.631056741544711,4.895568059789108,0.5862508550558126
4.43472460195085,6.907998057602941,8.313453652707482,10.713221570773033,5.4404087178905725,0.579403169612044
4.26743091140705,6.8776785298732355,9.00122893719677,9.548483078493389,5.033071519285317,0.5715036830730627
4.94908848487663,7.019157053868909,8.644312063994686,9.626022357253316,4.941655056031381,0.563051347105099
4.668106666202905,7.06581179247334,8.686661527548653,9.702600673728739,4.902109241443176,0.5543981879497346
5.414180323246538,6.957730646534985,8.743235734076048,10.119650709096128,5.289624042733732,0.545792414386569
4.9177897240369495,6.608942233296316,8.001239659451247,9.910250399311964,5.327158955191391,0.537408953765193
5.250658921154004,6.870144568602065,8.124223390722271,9.911766779939732,5.42873083140764,0.5293709777443815
5.08795142149683,6.4270687302332075,8.473049991158033,9.915290216287545,5.439492951718744,0.5217650374131545
5.552437472170666,6.905128556582634,7.99194358225134,9.804686440857216,5.0741728761803415,0.5146516916289826
5.338765579630972,6.402644967317441,7.633045930873242,9.880444142681485,5.097291577997421,0.5080729672262209
5.442737185458654,6.018081407179269,7.866696399889131,9.489122650140983,5.389741373295173,0.5020575962223577
5.8342611409772305,6.319866311951096,8.06057547863498,9.663760664474106,5.6677285298900575,0.4966246949361114
5.8449189455066275,6.777023531273781,7.54104388731851,9.252303982899875,5.033861038670229,0.49178635185922154
5.841528902236879,6.008536767460206,7.660107518657125,9.654257703783186,5.1088889605822265,0.48754945167365665
5.945967310222463,6.172767008786711,7.877514144044296,9.181917511083839,5.833632238859291,0.4839169648408467
6.0773330326039074,6.199356024469125,7.895736050194295,9.196548553619333,5.43628301300367,0.48088886345298937
6.369442401201315,5.411715324270758,7.772941071196661,9.819348216175454,5.391918602966777,0.47846277583591296
6.414967325860947,6.011923383507698,7.525081704087187,9.619553034658766,5.535664439478355,0.4766344586072758
7.1406118891735275,6.048970564197615,7.776495269303,10.064696191732725,5.736213672148877,0.4753981412147186
6.4014871976309395,5.76557209708746,7.404393580513011,9.545109466712134,5.450446322368067,0.4747467813863744
6.861474344155057,5.4008041318537074,7.408198957521506,9.590689764335036,5.713547799365375,0.4746722582996402
6.741887317994371,5.775226578250696,7.9060641697924225,9.9411083951601,5.455829700908784,0.4751655221305239
1.820049432529465,3.248799231568633,8.086298039652819,12.940546163758011,5.286696916869402,1.5
1.706890211357979,3.319756354303592,8.18896610445939,14.36348702769067,4.783587980734898,1.5
1.7174130473345741,3.2625629669281158,8.063984429438804,13.396063105128617,4.979629922547299,1.5
1.6521377365259118,3.542546565520722,9.433582934381512,14.474855218654257,4.875900117531585,1.5
1.7555859540339778,3.9004260825545054,9.94195235388863,16.728426096155573,4.95311535088595,1.5
1.747752262883547,4.03574294416669,10.934519934452759,18.027444564284657,4.5613268559587805,1.5
1.7048159690621754,4.241292763760632,11.701688911857602,18.612458108533744,4.598548984570299,1.5
1.7179570514273341,4.4509616302950015,11.445021308892029,19.088969476421987,4.550148502401908,1.5
1.6963774067930584,4.804772169271329,13.894812914585174,21.544252353472885,4.572098013787551,1.5
1.919237727630307,5.694913895284772,14.90905990180562,22.069509731859785,4.123532345699592,1.5
1.919741109942458,5.898804502468071,14.249035127438498,24.609169264347592,4.320993835944985,1.5
1.9951487764305227,6.673275729167556,17.540122529388228,27.560254145604098,3.904968479960278,1.5
1.8679273293364171,7.580363429497405,18.98171514136073,31.96294550088177,4.246466423103766,1.5
1.8040466292387034,8.72123393101225,22.025105937370355,32.753305225580256,4.176117382392359,1.5
1.8815760231188703,10.109854566326336,24.789902817738763,32.96178372606411,3.9032240342047824,1.5
2.61052551755487,7.1325895258556535,6.984420055453998,7.177356364510705,35.64641881642342,1.5
2.4407994953391614,6.5331341753949745,7.153144480009867,7.16244037378694,30.19872562743191,1.5
2.762936138247382,6.291083245850175,6.78015105116549,7.287440656818557,26.211035993752265,1.5
2.9886434426421737,5.966235490565853,6.626699570605468,6.830693326162514,24.26690147293869,1.5
2.821078029097246,6.137357696687545,7.005813819174681,7.233336375035391,21.743233216108294,1.5
3.0603206024510645,6.343829777622214,6.27023709335961,6.791680334290385,18.690697469455777,1.5
3.1739516995150145,5.908414760221932,6.833067842113702,7.058510474678957,17.07035510942656,1.5
3.367294292612284,5.9011713619681645,6.678368353491152,7.230448354160003,15.018352278039602,1.5
3.5410652286474757,5.901212124098684,6.583600063978098,6.844523357817738,14.044715485666234,1.5
3.46457628594229,5.542382590543335,6.052846602567416,7.676109867042184,13.287471331746433,1.5
3.806468670454846,5.447338721283056,5.96737407022383,7.690646465632122,12.0869119935075,1.5
3.5854435797226807,5.211129372062632,6.041118899597039,6.995196941510687,10.08307637556021,1.5
3.712982332401094,4.888777110260124,5.950674751830723,7.263141577735789,10.918981338076785,1.5
4.037600025383609,5.278069547612827,6.131614144797522,6.8905158677151075,10.86260872736473,1.5
4.296972015422818,4.831710254223856,5.968725251651083,7.694255087906588,10.871149237699894,1.5
4.264813752998102,5.187821113597657,6.028622294207512,7.772388659379957,9.916846352883095,1.5
4.312262719386348,4.5625719923678405,6.4023466776221625,7.355448977099743,9.079870561358293,1.5
4.978462588932231,4.7313353557369116,6.0796809293920555,8.102896501982334,9.066558563000449,1.5
5.0038615511088205,4.204094861040229,6.285216315669506,7.655467816888739,8.581564015986695,1.5
5.293219849345728,4.474189666521628,6.382785150954809,7.445919108647507,8.422044351074804,1.5
5.477900143684447,4.477245460348418,6.082613292557923,7.2738504300316285,8.261830999806538,1.4686386374802565
6.216693231999796,4.042529013074589,6.418439100303926,8.036931493790068,8.0356532746031,1.4367251015180245
5.853207683620647,4.123085832527498,6.209854244186528,8.359897283006925,7.170964655241539,1.4107959790015971
5.067880159160851,4.488370989386043,5.908116372584015,8.49845392497577,7.064157865331676,1.3897802482179302
5.206283749143754,4.011381453724292,6.686974658783021,8.87906221980273,7.206648862053093,1.3723679294012914
4.940750922458118,4.13381311261755,6.572656958840044,8.493241119936727,6.758460359142961,1.3574298852833238
4.794695412627462,4.188382635219201,6.6410301646303385,8.720068780014902,6.957389680816528,1.3440988901413733
4.749448993706574,4.045241655753466,6.38741140994575,9.207581361580822,5.857741938384418,1.3317433870337618
4.053759670849862,4.0168002793925,6.826793712664581,8.97092736446285,6.289735449272824,1.3199168624122353
4.24034953068025,4.000886376297298,6.983221497462954,8.65200383156572,6.040475871203621,1.308309943621781
4.084892293028574,4.093066111613407,6.160842034092665,8.831154911498713,6.12467604150318,1.2967120960965637
3.6976654363051757,3.892720456056408,6.91756728638287,9.706777987148865,5.862377662155618,1.2849830140320744
3.6888426648099983,3.9476415972812307,6.866653388383573,9.304429526680002,6.004757751329565,1.2730319343741798
3.3694650487770925,4.131518657004509,6.4043593890467525,9.907370281552247,6.165489778628596,1.2608029248260502
3.5699946451404694,3.9337927890347504,7.287224148954535,10.597945943899711,5.345838898908044,1.2482645091869118
3.3971751971792266,4.163669310379012,7.1783485270239735,11.058971792922309,5.32559156320361,1.2354023817635906
3.2421030430566575,4.001463591414582,7.8361297153085765,10.903316461309194,5.285115554828382,1.2222142995949796
3.1046672050723876,3.6784518562996467,8.082844593505266,11.154983876006515,4.7993360974564325,1.2087065017439864
3.0074938660894164,4.225180231310245,7.285417901224575,11.380329895611165,5.0649200209680965,1.1948911963111288
2.9854290538994563,4.192665455194355,7.719060700922618,12.025910779639464,5.1829018286907536,1.1807847929505795
2.91328607580019,4.272879822698916,8.549242502466786,12.63568071513765,4.934503380481979,1.166406655618189
2.790249229227586,4.01210988458589,8.244282057002119,12.320674909735718,4.703089966646333,1.151778218344079
2.7461618942511428,4.12960322090864,8.098379789581315,13.761727277322189,5.0177383743624295,1.1369223544212934
2.7044880049086055,4.385195596174205,8.780355480313625,13.931440702398623,4.708987721229905,1.1218629226222114
2.4366603866123113,4.473634030790651,9.550771370542657,14.539036764937107,4.41134590565394,1.1066244372149343
2.529949960151101,4.340819929038064,9.861910326823267,15.395527729553447,4.581705860246742,1.0912318246892823
2.6287896853508013,4.6774519402306645,9.03483671071591,15.367906242444299,4.564450547164252,1.0757102413436006
2.452408259004514,4.597794198400559,9.829581046739372,14.707415935058004,4.492839664940212,1.060084933714615
2.294120572547527,4.657843680547478,10.356448721336477,15.52701241248787,4.411598769195134,1.0443811292868501
2.564603006185332,5.01423869014193,9.968139002985835,15.888455942846475,4.440402702633897,1.0286239487179623
2.3888980808118894,5.226468044749567,11.045902150309983,16.570655483358266,4.096066892836217,1.0128383334635793
2.5317343379131283,5.008418032409647,11.500019395280257,17.281812457608588,4.185271994806925,0.9970489845299616
2.290479995650381,5.583527136945842,11.930653755337808,18.50096279014214,4.066384868118633,0.9812803093687803
2.3553918411846384,5.994216207242201,12.950949098656425,19.527408321960944,3.8545728520770286,0.9655563748251024
2.591647767612735,5.447166229444681,12.406596879271197,19.121930255772146,3.835764546037772,0.9499008646755374
2.5463019840837475,6.346252728367284,14.33041532411544,21.003993472370816,4.308367417533775,0.9343370407310965
2.4100321898415986,6.601257117265074,13.388919586584075,21.11814208655982,3.704357517494135,0.9188877067854533
2.46129288733476,7.102651903565018,15.768791378462591,21.509100715561086,3.9684575619841183,0.9035751749048602
2.2603789400571137,7.213144274963909,15.004479217101043,23.383185567685675,4.315757274850892,0.8884212337069042
2.4304845852683723,6.661800940222177,16.28249677190434,24.44397137620821,3.776037711618775,0.8734471183845675
2.33735305126424,7.847966213679781,17.543792828396604,26.687580649356878,3.9518133489010174,0.8586734823074962
2.3998444547115616,7.829927591903693,18.185194091774555,26.965105281273797,3.6926244719392844,0.8441203700899869
2.3548703019767556,8.208191376493168,20.28140858157215,27.064066615987226,3.72484116098543,0.8298071920551613
2.3987457218011214,8.834528678626755,21.350747540531348,31.71960081863784,3.5520071205502357,0.8157527000564134
2.342973296676783,8.671890209703674,21.53115756246425,31.48432044393544,3.7236584009454043,0.8019749646403906
2.3959656854233033,9.508200793358485,22.902042483652618,33.09365509280649,3.4111413156705774,0.7884913535541016
2.5114540848367333,10.936318562040016,23.92537046356126,35.58595536053007,3.7016374850846785,0.7753185116130105
2.4620051062843684,11.686754972678505,26.550884003990756,40.34669245773304,3.5812523146401434,0.7624723419591148
2.778959384845884,12.812790149736491,26.618594297214553,43.92383330765524,3.506657219885622,0.7499679887462052
2.5855297434417843,14.105975888329935,27.23679225127434,44.773943964275105,3.5756602785495537,0.7378198212975349
2.3821201662011138,15.28569217851288,31.907672342169413,46.47335509181495,3.5018562808482976,0.7260414197858734
2.6513461788873385,15.975586798461721,35.604316224891306,51.71425174199593,3.5963254712854686,0.7146455624902077
2.629127656409546,17.215673815966564,33.8761898112845,48.789927992009396,3.1390144460040594,0.7036442146850709
2.7540479873774544,18.192218732025307,39.83382098963499,41.32449577108411,3.342433599680353,0.6930485192194291
2.5447427634506012,20.683762272044834,43.83360177469531,36.81118123298937,3.2157849299680956,0.6828687888406212
2.7643488187132714,22.34651548183925,50.575695342179245,31.182990659291907,3.1053061250060447,0.6731145003167998
2.795494775622877,25.339816016041002,53.50762513307512,29.82220572914735,3.279913245195306,0.6637942904063816
2.8614207325286696,30.16508100651311,48.1552377799468,23.980302681225016,3.281539610830392,0.6549159537183318
2.8903152971667865,31.76447511184889,41.98984133542562,22.862674493492896,3.176358191435052,0.6464864424985336
2.835335561811456,39.87580433142262,40.781117968535206,20.569386731094305,3.2035445687281725,0.6385118683700608
2.9739200759365847,45.46087105357528,38.42510391032938,18.079856496114825,2.7370300393381104,0.6309975060445169
2.800014796745761,50.62745272928902,35.80709566042944,17.895221712553344,3.145399346215914,0.6239477990100779
2.933208972085465,49.61944240653615,33.752540644647986,15.984532984762174,2.86276114923811,0.6173663671902522
2.839463507424184,45.27309887494629,32.29523387021803,15.15291817352876,2.996471123233102,0.6112560165537488
3.0857578306082347,44.199515062971216,27.721243717626297,15.061607043830248,3.084560454775685,0.6056187506416633
3.1006002807696906,41.232985004795566,26.439247321139845,13.54947085806332,2.7744992889226854,0.600455783964553
3.2748788295122755,39.801446051605005,27.372641933095803,12.642679894438823,2.7798353015901025,0.5957675572067805
3.151648221400552,38.50189792214307,26.10424276175587,11.770028393919914,3.0261334988130475,0.5915537541612534
1.7877147804749174,9.258612517640321,11.441139613220122,10.965333218974152,16.949174080007907,1.5
1.8318154291808315,11.557169152787761,11.028367031998735,11.79403472029509,13.106850828140626,1.5
1.9374635812945977,10.737065454776804,10.828419464176083,11.635304915196523,9.89282087297231,1.5
1.966327752309177,10.842926970959645,10.661578886641063,11.09532898107201,9.009397263859467,1.5
2.0235657555198987,10.960522855707447,10.843530415008825,11.136619841427402,8.553258476332804,1.5
2.2219907589079058,10.325876418160329,9.822392587817552,11.045630052912818,7.879751478402793,1.5
2.157551041772339,9.642521232197094,10.882950452629998,10.545225830509317,7.426148585667531,1.5
2.2875932218941384,9.996895850823844,10.4928702831321,10.873825307881246,6.2405002234622415,1.5
2.5528950833955033,9.223424925767773,10.338296639085982,10.712699838680143,6.117600711956835,1.5
2.4711575507119337,10.290227728901499,10.102782500106102,10.085151051794695,5.3984162950527415,1.4095112578071451
2.571382306984609,9.525012959381947,9.359936428381049,11.048809613745416,4.658596247350029,1.1748509773401499
2.8652350143669434,9.512433294910862,9.76610442729875,10.505184241293792,4.352780470832149,0.9867263881311829
2.8288151216014614,9.848438091313419,9.603489761017583,10.776438176277603,4.65299735150041,0.841442420380126
2.696197923643528,10.059905484377582,10.11813385481317,10.419131812235065,4.421063035175559,0.7300239559515844
3.0958870289016387,9.672269582647457,10.416280911195424,11.136005596836672,4.271484795425449,0.6437163201824836
2.9654981032674916,8.66625615536474,9.908841624929876,10.429755594755722,4.50354473351607,0.5754465847903951
3.371431180675354,8.375455096863138,9.399776605496944,10.113950887229832,4.584736501884333,0.5199124439376598
3.050925418237353,8.986263434466988,8.882983489511535,10.030926314697187,4.734249586644578,0.47327988526269044
3.2784085424500455,8.260395952611981,8.959185788231203,10.545238902543026,4.877843702206494,0.43282974880984504
3.212306233326938,8.76635105123201,9.437977051639114,10.009047969319807,4.280398674052487,0.3966554886004247
3.43146609898975,8.096515194262242,8.9828198752091,10.51802799243931,4.782378940257422,0.36343064777019823
3.2545812840299697,7.549911739013707,9.089311306680845,10.183883729399529,4.890532332829521,0.3905214840346636
3.535353897760832,8.214714118795445,9.256824446824107,10.288743120417118,5.0192966998097,0.4693836754114529
3.6804757683994933,8.458276777961716,8.960848934100971,10.08828786229923,5.172383164227706,0.544999122547043
3.4765131610452795,7.83688025854831,8.734467182756356,10.185904937555977,5.219834560458108,0.6029695738362508
3.7516940348410253,7.504386617477635,9.203654966150795,10.301409696172795,5.27359257621493,0.642648443127829
3.6599944504357342,7.63760514781741,9.447896106124631,9.975886573824681,5.263426962824499,0.6672752855470507
3.7260580161248043,8.251628041691594,8.86514212258249,10.337111078292189,5.589761533209723,0.6805653875744669
4.108965018347197,7.756151266296365,8.506744173638285,9.489723686317461,5.014676002133777,0.6856890528251721
3.8988946070414543,7.189829670139873,8.435664405459928,10.435774230006452,5.199451761121549,0.6850914597359741
4.207221214989677,7.886760378533756,8.953990378633323,10.114834186822787,4.94281317674664,0.6805755421388503
4.263028229639053,6.444411126557973,8.237316551450284,9.419973597818725,5.170228423928343,0.6734417510137257
4.430999093276343,7.185951700693154,8.435256942046923,9.921573000707337,5.169800203376886,0.6646178716412015
4.38963359428837,7.592100802713938,8.4677220021431,10.241254156713195,5.366940559803676,0.6547624145092183
4.869932202327984,7.258815699821818,8.38531694772012,10.045873228304593,5.538785821528495,0.6443418921634503
5.016209670900408,6.495307921607887,8.295469753378306,8.879464640130124,4.8663088517538755,0.6336868357508055
4.772154235401691,6.551009982160629,8.496232334379586,9.216676908216881,5.153535009635413,0.6230317624669063
4.776535080465568,6.77716778946262,7.65660491756751,9.254375913431542,5.518132661334505,0.6125434515612409
4.815138869852304,6.4555570669573905,8.407353519631451,9.798314890206703,4.637083065779526,0.6023408572115195
5.22715778656953,6.4902576708811095,8.872844924864674,9.055201850516784,4.780189336428725,0.592509097029944
5.08420500793722,6.727240079768181,8.071690000038036,10.279101386322143,5.24210811089305,0.5831092661172568
5.406088515651286,6.675866785869909,8.055874771166739,9.299247343102042,5.532534740932679,0.5741853184631712
5.499751132044577,6.959000719298805,7.689014838380303,9.107811085031745,5.135281192073163,0.5657688916385482
5.936964148202624,6.654601719696778,8.046797449650153,9.438656120813157,5.120731006096305,0.5578826906228319
5.672796111095455,6.016459814374305,8.484327970617233,9.377840319431344,4.700364144774065,0.5505428629506355
5.938606994496267,6.165042975931366,7.31499895841327,9.863088773708474,5.502091302595117,0.5437606681612276
5.766610081226638,6.343600004803857,7.655368475792432,9.433999362590685,5.553005741524613,0.5375436538289788
6.142998763214033,6.929827952547806,8.283673355915491,9.793810674322417,5.504296812209048,0.5318964868409776
6.05282857660147,5.3567051197402265,8.125294151019526,9.38251648593559,5.228303871746327,0.5268215440029779
6.649748262955787,6.012290595996774,7.719412846133248,9.301379734329496,5.108935591913785,0.5223193348140174
6.278389574206236,6.074719202553867,7.29318411106311,9.63747882303579,5.4514381149204745,0.5183888073595635
6.544735918845724,6.077473348212601,7.837695422920373,8.592232817325183,5.649877762986666,0.5150275729352365
6.699994135766961,5.746345643546867,7.849293670884029,10.082629639646884,5.133049713178298,0.5122320742662702
6.822597520597008,5.717902625094648,7.099366344435971,9.582100264487485,5.078498965155737,0.5099977146545368
7.507226799910031,5.469588829878609,7.788026924354699,9.531908899186268,5.3297164073914685,0.5083189601063637
6.58516344535054,5.605544340297333,7.675481393688269,9.691056426080348,5.161100234713074,0.5071894227936511
6.712294638463957,5.182912336883143,7.9026459574547285,10.128841595170805,5.425671897029115,0.5066019316080052
6.146084336972211,5.1173235001124056,7.3667588814709175,9.503196313997815,5.2628051765619,0.5065485937501085
