2.8072535903590228,26.248628601402565,25.099490373430285,26.25757925509219,2.945956123584404,0.0
2.9028402870914194,34.24065938322975,33.4528132194631,26.333774540281144,2.790471850756029,0.0
3.005402557792276,30.48788145768616,31.902092186186632,26.74371087060354,3.0898183136704587,0.0
2.902082524939484,33.293374218723166,31.74853011264132,28.528355131528887,3.0569520682116007,0.0
3.157349240523587,35.437335746344424,33.92985827971345,25.722793636645587,2.8318492254961427,0.0
2.9255131784103146,31.786799569565304,31.801536319524985,24.86901588241845,3.036059176149844,0.0
2.755177399004048,31.58427274623778,31.743968619478554,25.789402990921626,2.869615054436803,0.0
2.855392870638178,30.323250831888206,30.99301555103968,26.15551129534109,3.08719527051687,0.0
2.833255855875655,31.614061047210694,31.611962791328036,26.102316298469447,2.9455486181764674,0.0
3.1116777105177205,31.607973685729046,30.992969405833495,26.377613246957168,2.931440046670848,0.0
2.8644172368967578,31.722901443476214,31.962812634979922,26.78772900758318,3.1482734975932427,0.0
2.7937003134979506,31.77756433621659,31.70046913857699,27.59391479679155,2.8741229718008037,0.0
2.8954918620392514,32.10590182717155,33.16706206117177,27.63308838989208,2.9862623266150443,0.0
3.0776880939355675,31.60355794504456,34.69559135793728,28.528842547059433,3.0865999717496866,0.0
3.115051273820724,29.224556020298216,30.705463608853268,26.333507990546767,2.89536238499187,0.0
3.0496476346002943,31.16075997874058,28.178230365949048,27.982798039816156,3.067751874076768,0.0
3.0237637769697683,31.64225787591282,30.78474281209664,26.438608032235674,2.892589869297295,0.0
3.1021662505523406,30.690502755725905,31.309925965683615,25.289658783925912,3.1111843774424317,0.0
3.0884408019493033,31.66423390891125,31.3329008846277,25.463778855788203,2.971501965548241,0.0
3.103941502384432,30.139627809180123,29.60335412091999,26.162540469330175,3.0019848735953722,0.0
2.793175479998301,29.235649635839472,30.344698399861716,26.317506092440965,3.342886683191563,0.0
2.7583027862247804,32.124230435086524,28.454823620290888,28.423308459508863,3.017136084809039,0.0
3.053032615457736,28.792685705906262,30.414031119190785,27.333611906732703,3.1302112195189684,0.0
3.0245812260955978,30.444970817679287,30.45055983637033,26.550372093395634,2.9510591027120747,0.0
2.8409885699870103,31.287854299371258,29.397028697857355,27.364748884959567,2.9500468482822626,0.0
2.9820099061106333,27.807120347405274,29.75691817329826,27.798094035474577,3.3569477477780443,0.0
3.1980143802835124,31.734206562180418,31.149567453804664,28.01952935660518,2.94792951501881,0.0
2.9312665622705345,28.550836244719036,30.58251842019908,27.123434879423115,3.1023278362066145,0.0
2.785264153585515,30.182993545958407,27.426165537260378,27.228172529030594,2.813184245073334,0.0
3.108525865959703,30.30180358641025,30.217981774449974,25.684483663004904,3.010084623695242,0.0
3.0868376786262,28.30922247100397,31.198106250849115,25.622881430507356,3.1111456536841358,0.0
3.126045428715532,29.684825040307736,31.97094777409012,26.532696566967854,2.9908837486938737,0.0
3.0916621976302476,28.44007988348183,30.74158292519604,25.48730212860386,3.0050127470656025,0.0
2.8289462961388723,29.81728804557968,28.806559507586407,27.09720154106751,2.962690299349757,0.0
2.919184280314573,29.87155347618243,28.897873793445502,26.085409366192668,3.007609811717076,0.0
3.166479613262544,29.3743630311079,29.530066475312612,27.559090067744485,3.134423223573037,0.0
2.9198146892695913,29.196538530121895,31.829011905707574,28.22700136189477,2.843185572006928,0.0
3.190031143343144,30.397058322901646,29.034144943644453,26.51966524749263,2.9483109222940187,0.0
2.980904598907509,27.465767534502085,30.840111614045185,25.860988914077208,3.086384105353835,0.0
2.9537110332828456,28.97807013818758,30.412449040242457,27.311366703231453,3.231817221660005,0.0
3.250045407441828,30.56741514056926,28.657775572765328,27.497906239352417,3.034724124179501,0.0
2.9150843466138685,28.615658253598344,29.58939925823326,28.01763418694784,2.8016489179630626,0.0
2.7981379615635356,26.738184580299304,27.95417450997694,29.36262723210411,3.1473701275213997,0.0
2.923231811833001,28.59503277953626,29.329503251656927,27.37057693042062,2.8487984675784426,0.0
2.9657269285178445,29.50637987287512,29.281304871178317,28.448219742303817,2.9407966963592367,0.0
3.0015408124532263,29.157147129094813,29.862050940982204,27.548547358178386,3.079587547549707,0.0
3.0381528970662313,26.88940634871392,29.03630306272979,27.323976792258343,2.8689363752256374,0.0
2.923239677782052,29.420567527751956,28.27520852520079,27.307209848563584,3.0408055750613956,0.0
2.901781413249041,28.031538840915694,28.085833092569533,26.87729032522946,2.9574981063000063,0.0
3.071318698160704,25.261611567220818,26.704563769910532,26.542542427412354,3.0936839108305856,0.0
3.0608036286815667,28.700920982039378,27.35684694407566,25.84081115769882,3.2687467097597365,0.0
3.08975699534376,27.91189097927535,28.54687554282616,27.65837145013726,3.0712839357191313,0.0
3.2788037803769305,26.853243421394424,29.000130681192054,26.784635658701333,3.1239831125560733,0.0
2.9033680556248203,25.331107116440723,29.36804276269201,26.090000683051876,3.102435755639756,0.0
3.0143667387099042,27.772113572838446,27.105299198061413,25.43515840116025,3.2661274797759248,0.0
3.1098594691839496,26.93559617279394,28.205859741586618,26.05738794901485,3.166270961733065,0.0
3.1048871761528156,27.49837979276408,26.980441077438343,25.948654958364408,2.8788032567375987,0.0
3.1204853637421643,27.360544692433965,26.09868979070677,25.62415175460372,3.0355736236389186,0.0
3.094233987726782,27.50857642366506,27.31389464480226,26.514125260910678,2.934796137653374,0.0
3.1288179724407583,25.45180806640226,26.196527547065074,27.097814260658748,2.916330109933031,0.0
2.80380170797829,28.69722595966543,27.161960884276528,26.902135216169032,3.038053741117385,0.0
2.8754821555757353,24.863544447384534,26.579147318709357,27.209857708650027,3.0769761615803057,0.0
3.1650301303818194,26.483553624427607,28.518421859337383,26.168236495725903,2.933466510398151,0.0
2.8602615899324935,26.891060758797984,28.77299340150478,27.941682646730577,2.8397383090265085,0.0
2.9639189744577585,24.98242695306515,26.741435217183618,26.347339372208644,3.1429567060299206,0.0
2.9982921399120306,26.96538545514401,26.632312113307957,26.878486622901548,3.109397120355793,0.0
3.1141065975796964,25.36220018337237,26.043036193209595,26.215680766909088,2.6623937774216424,0.0
2.971378964099373,25.69436309044704,26.896952348631746,28.357017613584148,2.881684394303815,0.0
3.048205565209139,27.19840065554681,26.506307338572075,26.272963966819752,2.986529748051725,0.0
2.869793260563779,25.305666404001183,26.12211739192578,27.33671956671488,2.8225952085827464,0.0
2.8195657650277086,26.756563818467583,26.465356229084204,25.486637303951348,2.9919203761243787,0.0
3.291334222375587,26.3297295668349,26.67671048749009,26.92532875894587,2.812961032238101,0.0
2.8344046862431416,26.033364735814267,25.697283516206515,26.302025701389347,3.0416238081692217,0.0
2.9212672960838906,26.157700388905276,24.561593762982127,24.91163415481088,2.830662740366076,0.0
2.991093610769461,26.33954022201921,24.50964142768575,25.93325242620731,2.8888621022382583,0.0
2.9546530373215147,26.629756039865985,26.318410138212872,25.21791981358949,3.049314601870796,0.0
3.064884071452512,27.951082948589395,25.04842390839602,25.28369318287913,2.929698576246529,0.0
2.813803793227198,26.719736728816397,26.291875184962556,26.17292110995014,3.048734448810544,0.0
2.942871698744064,25.41672057256075,26.05598718363741,26.3281822311921,3.1284957367271304,0.0
3.016705770905716,26.55072431339245,26.22752934198427,25.20165875432409,2.9297361412569503,0.0
2.8789008079572573,25.00974233635658,25.367027290915804,27.21684995561924,3.0932042848566814,0.0
2.8528398759977085,26.286702898573267,24.391919782841025,23.43431554185768,3.148997232434606,0.0
3.0644177556004966,23.993322910305135,25.183978625925576,25.058902420143344,3.006878838266126,0.0
2.9647806464573914,23.255239939627447,24.733552392331173,24.948965017308485,2.990535330049518,0.0
2.8444186837067424,24.31959318103623,25.428241241114865,23.6265688063233,2.9666577701754173,0.0
3.0400454040902076,25.023803385554405,23.524165175931145,25.46506954493909,2.905484405054699,0.0
2.9459457836771703,22.41914453502453,25.124204458266778,23.614818966245483,2.9365694746439077,0.0
3.0935099380089603,23.708427846335063,24.506621050979785,23.85581291888399,3.1099076553948417,0.0
2.9471372949413137,25.10279540044328,23.666158522926555,24.940189698765664,3.0255990113657774,0.0
2.921732971485591,23.500915490484722,24.84528363267929,24.596217148824554,3.154948404344367,0.0
3.005832391111753,23.783045333541082,24.615339354397747,23.950098914400403,2.8380349700553267,0.0
2.9414095960739894,23.01610511449227,23.171143729161763,24.98208481031831,2.7858491597748882,0.0
2.864331792530204,24.954829990108077,22.93946739749874,23.83625302568761,2.9146217426781678,0.0
3.0262514491042403,23.323411517097615,24.23319011908147,22.68736297031003,3.065324131347875,0.0
3.024686344806733,23.59065935926023,22.422966784630077,23.929405138840597,3.052797326964826,0.0
2.935766345709506,23.213849583225855,23.092642382836345,25.155601061277615,2.960056361332385,0.0
3.0853911580240485,23.681094141568963,23.61944759278401,23.33338064205887,2.968732546077594,0.0
2.98414014787162,23.437388660488903,23.280402284111762,24.78889694120286,3.1341948332494725,0.0
3.0829883097462645,22.92669328389788,23.645022981004438,23.849484696423957,3.0779794260053492,0.0
3.1142291016022057,23.057706902842227,22.95796567173675,23.566573129744132,2.9448915858966616,0.0
3.0078136580567874,22.542394255523693,22.553244443934872,22.72211248483141,3.02498907076613,0.0
3.0565493397626056,21.350523201205057,22.538579460920605,24.312215997906705,3.112132927621151,0.0
3.024935949451943,23.026668139705343,22.7720404438719,23.761914930873882,2.952998964473559,0.0
2.9669093904487105,22.36865722712497,22.76126891727311,22.43301326527175,2.6926004090357236,0.0
2.8801540381647706,22.822639777302037,22.043981444610502,21.95983056339821,3.315807379932091,0.0
3.201488694764506,21.944666352522088,22.191017231242377,23.980170155506755,2.92876008509579,0.0
2.847595378919875,21.915505054595535,22.688528098621372,23.064397360752253,3.0971741327029405,0.0
2.8257645838621497,22.37915591272663,21.508520275616576,21.27012240330683,2.7926736330697493,0.0
2.900939353348905,22.651797782226236,21.940785669034355,22.61736241482576,2.864138345189251,0.0
3.005541911232141,22.261592759030663,22.347272200411002,22.06957307998821,2.9505673755790642,0.0
3.0145657235317618,22.29488583146101,21.094172422267228,23.56062995291207,3.0384556556900595,0.0
3.046851403570736,21.64241631004481,21.0976429419102,22.272905803181,2.9494882139152256,0.0
3.005005971259233,21.584632241584423,22.50579587608007,20.705211960749363,3.1772807400697003,0.0
2.776817662117279,21.843935340770248,22.78640359633327,23.033604559513865,3.0174206268187365,0.0
3.253880325114587,22.04604065670585,20.622131652134836,22.437655299682955,3.1245232702468053,0.0
3.0987473342040044,21.78225606850387,21.224927846892374,21.469802143538995,2.9411327452221077,0.0
3.0908094088706304,21.810812303099812,21.433688396801934,21.789191574339185,3.0785536029634306,0.0
3.0116416098090224,21.98894165434368,20.615134629152816,20.085489553698615,3.069292890623576,0.0
2.8880380382055324,21.252050785735495,20.51609822973314,21.33682966545023,2.8774284667302368,0.0
3.0232257419714372,21.479161793932683,20.399641387960976,21.958644339020214,2.8165744117767604,0.0
3.2190906139295046,22.83129454757733,22.44192980130471,22.5738293261043,2.7934383538629457,0.0
2.985762497403633,20.854437105292508,21.120039284590224,21.643945552654625,3.0078337759046243,0.0
2.820783537938989,21.866217265855557,21.2137850798886,20.163826044011277,3.0519680370957465,0.0
2.7429296833252668,22.111178822915534,20.574651290280105,19.728981686441298,2.861694964128919,0.0
3.022262156194263,20.480826742897335,20.730050255653357,19.815708369815702,2.9676353820251813,0.0
3.0455810075827463,19.806570436522623,21.11481301552534,20.642502349960548,2.954800985751673,0.0
3.0332078565588665,19.437400479850478,20.492127176227676,21.04289869505494,2.8643230880569255,0.0
3.1640999120692697,20.585288157698223,19.66917445398609,19.83677325635034,3.0655835948167174,0.0
3.216194506259804,20.621905466497264,18.836160960709563,21.44836376216513,3.1005831747398247,0.0
2.8454061933924275,19.361769423576124,21.1122494402077,20.140444287209963,2.997788335589506,0.0
2.9487084157846866,21.37281886030348,18.185179438241462,19.073736171998156,3.03315650185247,0.0
3.1724139082958005,19.854090510980566,22.18629432134231,19.444661220068532,3.156549946100621,0.0
2.9502505220386626,19.718860370322385,18.748703499728276,21.00762276072246,3.010699525623164,0.0
3.196286160971561,19.75205383840441,21.025125808630246,18.809365268806143,2.9126583598835087,0.0
2.9904456456707855,19.43591740090528,20.67080260052779,17.845318929116075,2.8551006354044337,0.0
2.9372724675797097,19.02019592905668,19.752484112547638,18.46288054285661,2.916735614035886,0.0
3.1674435426540777,19.73247642105106,18.752424205358526,20.30242434861653,2.9314374963791408,0.0
2.9332167018482806,20.195574311633305,19.477796940146078,18.507516693591615,3.3668811883759826,0.0
2.8055632005590567,18.037721240790564,18.24663730829501,18.306716412796476,2.9465637384468684,0.0
3.0482459205645718,18.07007355135918,19.811637358691115,18.77934828030777,3.0377634696111686,0.0
2.921033634783243,17.863728180771453,19.63960580102914,19.444638933851596,2.9676476354411885,0.0
3.0926057332317654,18.828264705568216,19.72532375275036,19.07543326647027,2.936427500757603,0.0
2.9477409713529426,17.423956972347554,19.461204995242653,17.366231260664044,2.895431832340578,0.0
3.0196650647957792,19.924937289651258,18.60793983385663,19.021639260953503,2.9487951009903326,0.0
2.980834045840083,17.69742310041462,19.612501268925833,19.731492293671806,3.029246007558598,0.0
3.12365761729088,19.290499386015842,19.177148874154017,18.075140251388362,3.0556608328051422,0.0
3.1380645729333403,17.88545958180023,18.133617275232183,18.21245219712742,3.138479172090382,0.0
2.9830732997193574,19.204243524420132,18.970143052918445,19.376664477670158,3.118980125288692,0.0
3.0492963303447937,16.991684158698728,17.702282951456837,17.35888070635077,2.9706011890787463,0.0
2.889554175225114,18.045743918983366,18.22194926676441,17.623246978106057,2.9864834448425635,0.0
2.9538101451276186,17.80149690113261,18.37684023218989,18.113745528335034,3.1061932353224044,0.0
3.088528923407989,17.036394582239545,17.336791905400652,18.355057953065074,3.129264877612561,0.0
2.7643258457053657,17.446248507577394,18.226260887925754,17.83612506883258,3.0013851446339115,0.0
2.9083450732322578,17.43112605571988,17.415302237982797,18.0975408151033,2.9865068040959484,0.0
2.8755925133876166,17.23113561290428,17.21456416330885,17.88881707014529,2.9988392153398036,0.0
2.8831411166439125,17.128961799328195,16.69019088599025,16.751642424244213,3.0764315829090654,0.0
3.083603329311631,16.96411176784454,16.835086267292915,17.786030955159127,3.0084704203675865,0.0
2.9693722814047945,17.21031220669509,16.45061567024979,18.425798485468714,2.97472785549771,0.0
2.9535238177734335,17.485988791166367,16.985899282474474,17.422111551520697,2.7607281622083915,0.0
3.145459824677906,16.357253478778645,16.85204945552297,18.18042725022585,2.8797731973301235,0.0
3.0251090577508393,17.00885959946637,16.545665938413887,15.30433882574021,2.9808554009968486,0.0
2.7737620840644115,17.31208177775644,16.429537036072574,17.307359293694986,2.947549654767204,0.0
3.1598821895033002,16.775503024127854,17.00153735452231,17.791850733983132,3.1605686126635835,0.0
3.0375352630191292,16.892703045228217,16.793171925536775,17.044058831419875,2.884146187319444,0.0
3.0695627924357995,15.240180796824248,16.45915087718199,16.40437831089019,2.849446139165531,0.0
3.0786012965831406,17.952202559130964,16.216643698830243,15.574427125897579,2.7476588086915834,0.0
3.0863891270733865,16.672937168758352,16.95980738128586,15.602595844680035,2.9871664976172765,0.0
2.9800883168981365,16.27943918567372,16.191214900841743,18.12589215486688,2.9603319806211132,0.0
2.890220878774528,16.80307312718319,15.967022508825021,16.65079309895303,3.1603113749252123,0.0
2.97756812130493,15.770205514232575,16.189863208053847,16.816057235982537,3.050244176270189,0.0
2.9086413363895325,16.151901930245213,16.947269373174358,16.46211821238931,2.8671125833095896,0.0
3.0000442790809165,15.67617484765515,15.192855220444311,16.89209748840161,3.000965223796026,0.0
2.9967437038350244,15.22040449630946,15.294341256679521,15.725490269029471,3.1823918759920313,0.0
2.972099503199126,16.33221338870161,14.020213953589911,16.194119698606656,2.932692376936247,0.0
3.1201241116293432,15.771779614436397,15.549514297367221,15.719549130641699,3.1209910882442644,0.0
2.9821610557486986,14.947419434583766,15.613851256089378,14.518344242692212,3.102597559495851,0.0
2.9367738336732634,16.00737288204081,16.53566210299342,14.019484053946469,2.9399741155416588,0.0
3.0770599575376893,16.420625992849406,15.390938285816217,15.358314076989846,3.0768793527061025,0.0
2.898934087969455,15.987201674045522,14.641423993251095,15.597508712692573,2.9458567307509065,0.0
3.1526558928483044,14.436191989115562,14.351750727795842,15.544823749600013,3.2012596203926944,0.0
3.25288371712161,15.187570502994355,15.470832980896756,15.01253258627517,3.011608977120414,0.0
2.9715733174683368,15.837909006779553,14.504185849096862,15.916659558286431,3.0327797079253136,0.0
2.8352178926025142,14.969205311473589,15.709596858084257,16.38142327216024,2.853243045707415,0.0
3.04579217456427,14.517936773151254,14.987796175227015,14.88438874161628,3.1515289078244417,0.0
2.8963897993762155,14.089496050163282,14.75391984095249,14.496940827043536,2.843483268190331,0.0
2.8021508995957327,14.819424690801059,14.708457988780937,15.130277854466677,3.1302942270688163,0.0
3.1792765974251846,14.005634495045507,14.498723940661547,14.373467222526653,3.072564548014739,0.0
3.0640548085048804,14.671740187982163,14.118461570538269,14.573314881541238,3.232866834111416,0.0
2.7467989201331746,13.688879882597494,14.151847538879156,13.025165092353967,3.0350205076784307,0.0
2.812545664578269,14.107069510587397,14.194645781328859,14.108846162241901,3.1462514188067705,0.0
3.073591204318763,13.950755521081412,13.179342101167569,13.857803180057072,2.9267738878440013,0.0
2.959197671795478,14.338219889320895,14.596794327978106,13.717196892399595,3.0733388869106677,0.0
3.0916630563396423,14.510751252971835,14.088538541271387,14.23985060469088,3.179051291635416,0.0
2.9140526014209183,13.16547784738382,12.542763866338017,13.89234960227789,2.909396641282063,0.0
3.0483115675943377,12.368345936763223,13.875393331688645,14.147669119178019,2.915340440329334,0.0
2.788383969385849,13.97376224808433,13.360816037311482,13.575047158498183,3.006694480942913,0.0
2.987458802271693,13.926137115712788,12.967597429640923,13.352345231849927,3.0617074448397195,0.0
3.0231904704399892,13.13262948390223,12.756818170498416,13.641752431937302,3.017933151756369,0.0
3.167107968043402,13.779218509058618,12.99207624940959,13.404320184320808,2.8241285288752467,0.0
3.0437775454913565,12.695483933084622,13.110361239320877,13.360055422015844,3.0395092134146435,0.0
2.9917629464820013,12.702810418809133,13.001047244045953,13.993450365472672,2.9526050212875607,0.0
2.9436938571804285,13.022323726812482,13.807177463992716,13.0819987734905,3.1908396231771525,0.0
2.8064472804347584,14.38620279268255,14.597714171850305,13.451794439854623,2.947486525271541,0.0
3.166380831252086,12.642498634264099,12.329564084141122,13.591215339415545,2.9692275634450387,0.0
3.144757573856373,12.962481893559293,12.364776663328605,12.657614462982549,3.0170701207282793,0.0
2.8715756040927274,12.03990311943578,12.463640455099027,11.80763785916689,3.118426394147341,0.0
2.857034155657082,12.25910911261944,12.419755353806751,12.615570385816934,3.0098472495719433,0.0
2.8801980181278575,11.937660851052502,12.7779137152974,12.60395098505299,2.7849260670319387,0.0
3.0874994292691236,12.222836713286195,11.264173561507876,11.681219841092847,3.0157560683316444,0.0
3.1838071449790366,11.668716672119348,12.367224943793156,12.612053152214795,2.985458259369094,0.0
2.9377191504355076,11.768294081829886,12.37539549701046,12.461932012823864,3.043495228820816,0.0
2.9320921938102495,11.922318482193571,11.010228393688134,11.864435566066302,2.9701104305867974,0.0
2.9310863657678765,11.470646265476464,11.809200704604034,11.436555751922501,3.106240186065615,0.0
2.92816445658412,11.838425382967905,11.462531045482592,11.762922251602212,2.896425730723173,0.0
3.7383436174373577,11.310210588929806,12.181306468286433,11.676836251656276,3.251860715539799,0.0
4.514004831696324,11.727274934964681,11.975431041520197,12.396976858859222,2.8502207935394623,0.0
5.25501710513659,11.936295583520211,10.88080284806416,10.612677094426516,2.988807750416323,0.0
6.249895849159909,10.866162696214316,11.56600644857535,10.651730112190624,2.943799857296859,0.0
7.15346219132259,11.353726693976506,10.837777399738496,11.24387809028994,2.8282378336954705,0.0
8.35412617898619,10.962446083211063,10.888471300503479,10.381721150595851,3.174055323145493,0.0
8.73265404078106,11.228976853761772,11.047758596663346,10.628692952417811,2.9327836568848316,0.0
10.15287508773952,10.743062214700165,10.06817321169258,11.62644011425984,3.031781027335491,0.0
10.168170253478237,11.516250569000823,10.976223400088067,10.335541721966418,2.784533067991585,0.0
10.716929491118808,10.297865462775349,11.152311662091723,10.406466945502679,3.001478433728579,0.0
12.531900837796668,10.405550845283027,10.890802759985192,9.835824632117143,3.000595622263952,0.0
14.033097090431397,9.995957215556999,10.955670429616472,10.040885560628176,3.0645925766989053,0.0
14.673195471420954,10.308155523439991,10.218695561600267,10.159756844453709,3.1192410671783968,0.0
15.3467248093761,10.146170224682837,10.574742675482819,9.724776607881385,3.0558271075574495,0.0
17.077940085525164,10.55392795830188,9.91021453731504,10.06647630917502,3.0979704274933093,0.0
16.387875919074382,10.207397121642131,10.207090161920235,9.859757531689645,2.788577561344376,0.0
18.026851812919965,10.265458900490724,9.973177685528688,9.618980917469647,2.986843838929697,0.0
18.919864117903764,9.747738950378443,9.988504477228746,9.603504647747263,3.085107085965907,0.0
21.065189873564027,9.84771360717614,10.395614261037418,9.786830451689406,3.006299473791199,0.0
19.28916818924099,10.263237841654265,10.548088177123846,9.904926470705862,2.9534921232733984,0.0
20.747240887802743,10.060737254539958,9.507855501686086,9.79994789183975,3.033172079383131,0.0
21.68234710688948,9.340759445661407,9.393246028634108,9.59193312104794,3.0886328634805853,0.0
23.86290093440035,10.016054836762645,9.192929586504883,9.083313282120283,2.9456604568332234,0.0
24.750553780965493,9.252673526016766,9.377450344858996,9.336827121814848,3.0495057767761304,0.0
24.550486967749492,9.10931883741075,8.074155120519606,9.342319831085678,3.013629578364127,0.0
26.8015075734562,8.63626114545781,9.357731205077211,8.982370189987646,2.8147462596347603,0.0
27.937153514372277,9.395794964148825,8.776674564829515,8.838875186088503,3.043157508894661,-8.148893471116024e-13
28.145185704319758,8.748856988623196,8.711457159015957,8.631753038254052,2.9886340211591373,-0.3037582980072387
27.854276968288353,8.749170936295164,9.000545390041696,8.09768826778071,2.8973124638461183,-0.7631193344331022
24.83575178686798,8.725404700794192,8.942602499708805,7.966422150740227,3.2534036254691916,-1.2365881575137796
21.504240545881586,9.160540331027773,8.184165249380644,7.9747703685581275,3.3468825212362305,-1.5
17.766897700559564,8.147424522607109,8.07491762101729,8.370516123181197,3.2186268334514883,-1.5
15.735864852338596,8.161595314176552,8.851766339075425,8.250010005541014,3.564994235897677,-1.5
14.367862475307957,8.15095978031508,8.12875820613642,8.050127651933307,3.4360153603072034,-1.5
13.22567965075617,8.775296552758231,8.689263771201443,7.379472606399731,3.5092189321373812,-1.5
12.374726786878929,8.703914492490714,8.395731300868421,8.044957505365565,3.42308894963138,-1.33771728637292
11.195982846621776,8.792707915928105,7.5070777115785985,7.315342924549247,3.8224236199539225,-0.9436432986011778
11.043476267355446,8.397770633011984,7.880004799230078,7.994718581005915,3.7354760225721106,-0.5815620246322729
9.65749468548056,8.818796338421157,8.5295279572153,7.050085895671357,4.0211715799738625,-0.34035824088048966
10.83655675420035,8.338099630032628,8.328968369794524,7.331842939894388,4.0944667172961,-0.2694368324365801
11.208138059351088,8.704159434058852,7.196873310737021,7.101424038082339,4.047043170604111,-0.3716180916473424
10.385961064553696,8.834862935883152,8.167919335542937,6.913654146195616,3.8947310413298935,-0.6070026928672837
10.80888412657017,8.35708473943991,7.558981698378125,6.642853404918874,3.8990573532776756,-0.9066051120695962
11.130124822688261,8.254878181050989,7.6370136352995335,6.852050966101368,4.103476340445322,-1.191794129111222
10.217814855810957,7.3695945484307375,7.53359116943771,6.51408190177756,4.069460346487193,-1.3943383426389795
9.009661903757562,8.021133876186811,8.144565140028025,6.768086501935553,4.604186113764336,-1.472123576273717
8.740120776874653,8.397739325807173,7.189270870094391,5.85826244736381,4.463699658553177,-1.4171079089746412
8.42856530178827,8.239692666026654,7.748864976918001,6.738227105729169,4.746666179348902,-1.2542834316286933
8.46793104301917,8.40446189458989,7.356460102500579,5.991580953273062,4.996855303798478,-1.0327020944129819
7.8671184505839635,9.015311126921233,7.5879315293027405,5.944196809704858,5.20174180156365,-0.8114412249307483
8.101392530982915,8.829839409859343,7.397987605524101,6.040538365779241,4.76106794724184,-0.6443516256670299
7.267164239948765,8.884624044894222,7.036717769168477,5.738368265515089,5.354628786082341,-0.5673962752202878
7.796010062434649,8.740241250973028,7.446319526028314,5.740588125044612,5.424857748267281,-0.5914393462910845
7.443297883225869,7.913083464504331,6.724685930687827,5.667351319595186,5.466900417215785,-0.7017792708517725
7.7312242099329564,8.576769179563481,7.431900838074672,5.435712427959704,5.583668108665809,-0.8639620588490358
7.534825224233346,8.801661463648136,7.062386972650601,5.375577546696074,6.06278914021969,-1.0339101123848013
7.254873953665364,8.597096777614608,7.028263481799662,5.45542646536695,5.812000528141695,-1.169512105852386
7.247251611736991,8.444848942610232,6.895426669155612,5.129598798572238,6.450232857986857,-1.2407131416899746
6.884709073918507,8.871034461530552,6.584638241331177,5.101804480105654,6.624158715565055,-1.235777124784926
6.504640343155101,8.73236814854935,6.814125899004623,5.241389559865432,6.120915015015001,-1.1625372694544236
6.753864567292107,9.24009390483767,7.184595680251718,5.240850278312132,7.123899110425984,-1.0447754588888156
6.324298635138739,8.790450638961866,7.388682308991545,5.004976656123409,6.663634177460073,-0.9150393481810011
6.2536113970493625,9.411909923274708,7.0269515690546385,5.4236872974668815,6.717800041312245,-0.805953407139536
6.1786306284744335,8.680222601386347,7.079764748921192,4.859210398254676,6.624263041963707,-0.7422665618287478
6.124644535111483,8.970663227401772,6.6888917919362445,4.851223930386859,6.112781215996459,-0.7355079875171089
6.175608813899975,9.021408016667081,6.5809304316589925,5.197409134730024,6.016263227868662,-0.7823285084116177
6.055456360724734,9.783194677722067,7.203766537475904,4.609174824464955,5.4146646396247915,-0.8666141671780896
5.773994600689705,8.971152834777351,7.217816223887629,4.406785991759685,5.69374410421289,-0.9645290336412269
6.209290097232275,9.572073430963686,7.335297222137257,4.846584498936332,5.509758149878467,-1.0510005033776024
6.112172015476308,9.721915653882654,6.7883679975393925,4.766428262100053,4.883033754331918,-1.1059375935256348
5.967522476611988,9.800506099012955,6.938510277984761,4.55912524280945,5.147903692755576,-1.1186892165270057
5.493690246617514,9.789940044647997,7.190997703770822,4.479778034023355,4.951633208380846,-1.0898116219019036
5.16093573107567,9.810950207312612,7.293507304405876,4.4510232604358695,4.7948351311796955,-1.0299521686819817
5.436200440616242,10.410189598789255,7.417001019070039,4.258594219670056,4.315729093951847,-0.9563745368365194
5.425221120995782,10.720997649496852,7.54593027342773,4.656712749972729,4.280419366222466,-0.888176942978592
5.083815071128804,10.543269971955654,7.8001697400636765,4.525489731455587,4.015303055068255,-0.8414804837843233
5.4473689753021715,10.407178647802594,7.385218341085028,4.407585472996861,3.933191114755272,-0.8257613551800993
5.4926791090846345,10.991100892392646,7.375166363874633,4.476675165865203,3.8380451528901793,-0.8421211879098585
4.900020630022071,9.958225447987063,7.172077373269832,4.4788184807080915,3.5714980219814967,-0.883749078615768
4.645267705225309,11.076552919319331,7.6596705345273834,4.312844165105473,3.7871619672916506,-0.9382722378732913
5.204937338245325,10.865417118994047,7.548526079906005,4.284294878326077,3.5922883653960467,-0.9912572538164202
5.0908575505378115,10.72715950375485,8.182245676000576,4.325937975348046,3.749174801430726,-1.0299073489159452
4.744827682174165,11.657617669084424,7.921287529689533,4.4110508099180965,3.2414472278770994,-1.046036989311776
5.013006608026906,12.18010403408191,8.375435909482276,4.606544235555422,3.2106820081100844,-1.037662478445844
5.034452103172746,11.78574031190243,7.982177374784673,4.436067773792769,3.354062331924942,-1.008942760131318
4.494493120852371,13.037022554616899,8.636881480650045,4.6545221213574735,3.3057976470953854,-0.9686296026600016
4.624958744485529,11.33065568756794,9.118272137896387,4.827222898560262,3.0947425935439323,-0.9275348597926578
4.469009941986532,13.025234015467502,8.654376923468686,4.622059831608704,3.07336622427777,-0.8957170920265634
4.806973397456434,13.989650476155996,8.592529568762878,4.759642540449876,2.875219633886069,-0.8800969473259069
4.46571092092715,13.723776901513958,8.194322929237256,4.28925833287439,3.0051166487028618,-0.8830448032840583
4.410614277213433,13.044640496751121,9.906898296669375,4.463312738838315,2.6801494988919177,-0.9022002649382428
4.211593548241393,15.04497861257337,9.205121951526,4.836342659811033,2.9893274191664436,-0.9314603102754644
4.201714221698754,14.223307306813423,9.470127558530356,4.605186650241997,2.539284666382201,-0.9627933090871192
4.079792762408558,15.756948779820574,10.155317008524678,4.626025394759338,2.7830328785277003,-0.9883645313388353
4.4740882863139735,14.92443187899148,10.220610992393963,4.850368143722507,2.6257619143338324,-1.0024277866662912
4.305219500037847,15.935905881843533,9.954922699625463,4.800244408642895,2.8028760615663284,-1.0025427203772397
4.007112035236511,17.02712436296811,10.230426912318237,5.197581561917013,2.477424174882506,-0.9898803259183898
4.1360522024004,16.318918097781793,11.309950138730033,5.307643385000252,2.6894229537518877,-0.9686221393922192
4.194354602479575,17.11859472199254,11.318305268124563,5.116598658831516,2.457032570903329,-0.9446787078573542
4.142656680975923,17.536109859966704,11.77512381334809,5.351476512086233,2.571866736330299,-0.9240988421366702
3.9159739125796245,18.868215826897174,12.596206142716426,5.864170506143346,2.471273651603582,-0.9115840021910322
4.044992041567625,20.60733731960905,12.988907081745886,5.680490614774401,2.4800684365156305,-0.9094604973109996
3.878926752393502,19.953451762879048,13.119544650795872,5.919950172866576,2.742932624936989,-0.917320016101594
3.778869281291343,21.304651909429044,13.459460130184432,6.454026794704941,2.5285485699150207,-0.9323578455103445
3.6197093771331934,21.70717622136457,15.657405066715548,6.503289158462308,2.615160808075271,-0.9502655086394185
3.7720377639903577,22.875375955111473,15.273595691882111,6.682084905664921,2.5353940158790182,-0.9664118639562905
3.652443670286995,22.405126818775315,14.978835300648328,7.209913745869101,2.49801080260321,-0.9769996121434033
3.391365165682172,24.378107996258684,16.579763456404347,7.804947497919911,2.4155076002699944,-0.9799175518574958
3.6152735011644728,25.352812435042416,18.339959240736224,7.991550128146905,2.464196356769443,-0.9751075728877046
3.449578657882707,27.09642784672196,19.087433590438174,8.140670988077082,2.555684735270271,-0.9643994485802948
3.659635496453344,29.999797445056526,19.567579108777,9.574466771041989,2.617050218260316,-0.9509002028234417
3.447778966655896,33.35045936818234,22.519595465669898,10.484433587346565,2.5414173299948617,-0.9381256872698196
3.324838101058497,33.830056475924756,23.151013433693503,10.390035402627325,2.6950978369899796,-0.929108382062594
3.319147139082969,37.25735606280641,24.986479068035674,11.319160263207351,2.6647039071493035,-0.9257008152689699
3.398528496993884,41.25556915891094,25.791507792846286,11.572778090259673,2.866116887895925,-0.9282272367927858
3.336887482573059,41.045613950018826,28.59807568056528,13.171003945693684,2.762394475049824,-0.9355380438616596
3.3460868137556177,46.13451483800519,31.726923537165916,14.842260379044783,2.87925172808281,-0.945418561042427
3.0524813999009046,50.625321650448996,32.60339378864888,17.860022637176378,2.915165958435466,-0.9552216325179526
3.1474491670188782,45.85502280258117,38.08722223261087,19.181603537014546,2.7510914168429728,-0.9625503305647374
3.1388347850520977,37.1153552943568,45.25855774639304,20.454221712351774,2.802428980201448,-0.965820052172256
3.1291812207421676,29.001829939220723,52.18773628477575,24.411581438050153,3.0656003822828874,-0.9645736008604474
3.018472621464996,25.239684729531746,51.42974827788089,28.42150604606788,2.93181413990844,-0.8910798124612909
2.797864703760717,21.722230972783017,44.60193131091907,34.12116989659529,2.827006136882968,-0.5473417874829792
2.8919454157344147,19.156606352554803,42.51349993398276,37.916676853236304,3.010048907232779,-0.0806998572370867
3.0006811702928182,20.490911856717315,40.308628690254785,39.701757371682184,2.7729920495927165,0.37117271823297304
2.8973895799443916,21.966199865594696,42.130600780695865,36.17011936517168,2.986082879248675,0.6951885250100392
3.0635751329096714,22.970786222648996,44.95943847374742,31.680470755867066,2.9971766849787524,0.8222584237371584
2.951890504887604,26.821880393126722,49.86970145358929,28.060477130228765,2.9035392202522976,0.7382560160790747
3.1457459858446883,29.630292491125015,47.16135177076715,22.699993569849276,2.8615071927971303,0.48197955918461877
3.1561149970728675,32.725187977268384,46.9795587247545,21.94888015413332,2.904196371730335,0.13086120629076647
3.026636926159344,33.68479082047766,42.48236802059188,22.8601967609108,2.750618800372797,-0.22132658822657966
3.362845164860812,28.70499727946744,43.8119058438721,22.371894158925308,2.885931012357258,-0.4887428786488503
3.123040323238576,27.681111732934333,48.89376042003667,26.150148243550262,3.0112146338176524,-0.6136810317017425
3.008658744856898,25.29413876777452,55.33219052820155,27.281922011302076,2.9420457698447287,-0.5781531564082897
3.0479170533160165,21.563753486346716,49.585025557243796,30.214592478791882,3.2601373019135322,-0.40479544680521584
3.127870353240288,21.792954003746814,41.32526348700962,31.89831304808825,3.0981583580608154,-0.14780899834787956
3.0164622107409467,22.907061583978397,41.41070289688364,32.113326358637316,2.9969545928760377,0.12298888935616328
2.997056378243076,22.89609132933533,44.779576645830424,31.335351221122853,2.940969290873033,0.34051974203302915
2.856924205711318,23.966822072674642,45.57091229850292,28.50096351479781,3.046816629691079,0.4565276651239737
2.86611817447952,26.111438971938544,53.458141370237534,30.179086662262893,2.895871097151153,0.45167639363662004
3.1200737720784857,27.82024736052528,53.213598589037865,26.46595084451986,3.0019942145063343,0.3377265875233385
2.7659033019352726,27.156581330414244,53.77856669775179,24.63855368598236,2.864636998007815,0.15195615230618834
3.1557967049112166,31.469126185844246,47.90657612003788,26.18444868601319,2.837604861791354,-0.054140975376042184
3.2133954286634476,29.132170676023986,50.32903278100296,25.069034749727265,2.851590355720655,-0.22862769607154146
3.1205293782817787,29.435595357477546,52.92325878620407,25.000178527712002,2.868289608995451,-0.3318005651847773
2.933017442873896,28.40527603323468,53.45206019063825,27.318239689020512,2.8411287865034556,-0.3447814665509349
3.002841517966834,26.36482611456954,53.747614134434365,29.171645014049965,2.909826732456845,-0.2722907092546372
3.0768883311836026,25.37159929938118,47.859493266264636,28.249801727226824,3.0048669317444503,-0.13943547717255084
3.042710980186716,23.69580429056007,47.10011240369661,29.762284209528787,3.0369372645297337,0.01618186782120322
2.907644578081753,24.75801423854423,48.76972169262547,32.90167937201045,3.022093963399062,0.15470626343450827
3.031430848622559,23.199723309444405,51.20206063361884,31.713417771810366,2.9875365347196636,0.2439252228156995
3.01473138982341,24.857616621140732,48.92536281205857,29.117083096767328,2.9851233687602443,0.266439277416309
2.6192325376627363,24.779272809772724,53.76297734816819,27.422375519144413,2.891326514350829,0.22260103200049536
2.9168426514006156,26.88636519831418,52.988474739441436,24.77872463586348,2.874584832377765,0.1288776448357786
2.8836531244589096,26.355340768727693,53.7152032683055,23.28836616023659,3.2452028196091645,0.012435229071105766
2.735872826806267,26.567108611802528,53.31573016291346,24.986591237685758,3.0302538358290674,-0.09640683142811637
3.1382954903846842,28.020506216719575,51.38878552603849,26.463241527235212,2.7368010946517813,-0.1718293061639817
3.160053833923363,27.10170786551494,56.94728927233372,25.10837019253454,3.1430278837112158,-0.19840246159805944
2.970465648490037,26.238896576272897,53.887637134805956,27.587236928182996,3.0511888216836867,-0.17393244090269047
3.033719717419256,25.116364678413966,50.66909900401625,30.814541094988535,3.0523710816649996,-0.10883807452643249
2.981913286316322,26.131131785915084,49.717262620034916,27.265502850931565,3.1367103869102477,-0.02251304375359673
2.8410639887077047,24.491825488749782,46.71955620667488,27.025892281092727,2.9727208486513628,0.06217788346216299
2.913560839199782,24.9481912089036,51.87949762775501,29.11425299179872,3.047279793467505,0.1247661536214156
3.0415503612889463,25.75733334818843,51.291005464424714,28.21880888574469,2.9879352279585816,0.1519507305707261
3.1361681346689374,26.28884862948536,50.526268809236576,28.33833549346015,3.02319244157278,0.14020817964521198
3.0460750082778523,27.95765375147151,48.902273361073426,27.29003286198357,2.873645659038608,0.09579535274978729
2.977658401901675,28.644787089044115,50.818217420226794,25.712232497687634,2.8867902076267398,0.032371951129094294
3.0013445167459945,26.9264312172624,52.6676145845273,23.956422573827,2.9988572033162684,-0.03297047543625109
3.107992872854179,27.728892213063915,55.56133991473002,25.554990752473596,3.111107469365329,-0.0841675103477152
3.0906767198488785,26.381898694227214,53.99252986250122,26.024117053718264,2.785664206302547,-0.1100011361026546
3.1250981064980095,27.332444850463318,51.42871211891784,27.323539708642194,2.979601885187705,-0.10640583377795057
2.941142007877633,26.627456131101336,51.75697739385031,27.14550298425982,3.053121898264571,-0.07683263340165317
3.222559774160009,25.67428316398355,54.11410037055415,27.405769065080776,3.0465317118138127,-0.030752291104832824
2.987539396702968,26.85608309265176,49.562978607391614,26.82359220262882,2.6602728269159615,0.019175512436586075
2.9705079571466873,25.27576598740583,48.04258164246164,27.29391404586186,2.867238541325531,0.06046150452934538
3.0749254400293093,27.202573981124566,51.05722232223485,27.68965034893189,2.882825439331021,0.08381102786851433
3.114875949468695,25.8521972081364,53.09492817081557,25.88279151587271,2.95951842654145,0.08510651582361298
3.0943848786149704,27.992799078310053,50.98425603385883,26.80275578197709,3.2854225760553306,0.06595689462432354
3.000993383286768,26.544136480209552,52.80938911120356,27.108618574690606,3.062680059315882,0.0328054978890047
3.070172944570345,26.836529000988623,55.3142172654688,24.661762133095554,2.9503769131160413,-0.005060424557012598
3.123764979762151,28.831793535386133,50.54622790858952,26.590471528195287,3.1064625501006553,-0.038018230608462815
3.0510951372115307,26.964832378432565,52.79630351550176,27.207979601861016,3.1958377591233402,-0.05848074321496393
3.29619561929713,25.833577848240743,52.06503013574054,26.32263979015015,3.1309549903317966,-0.06256455758618137
2.9723451861871797,25.24093026527365,50.367166412667004,28.65919482641668,2.9119238493766986,-0.050711251001656056
3.028727734967028,24.439730106759193,51.367715696733384,28.81206504631938,2.9072705877915874,-0.02720186358091027
2.9654538024246753,24.54073907503436,51.22953736810244,28.609200146237693,2.837138642477812,0.0012204619921341552
2.884095794088495,26.529703152094907,53.153572967158475,27.628836463854004,3.0291746755439433,0.02720655980904757
3.028041956195398,26.64055949737379,49.90410913995167,27.57448419689747,3.08953137183229,0.04464253880055161
3.0888723652548804,26.31480494329599,54.32308604695786,27.06069182614259,2.968502583048525,0.05002953556405172
2.8904842317438715,26.91711504297464,56.45631922041809,28.29001771903647,3.110214483672501,0.04310652416943845
3.1476176751247555,27.164161511350777,55.42381296957425,28.339783422644427,3.0506653047092342,0.026630799542002155
3.1813418533725097,24.323912863810854,49.69077475388673,27.246902117633233,2.989273436530934,0.005443182465400161
3.0523493551041923,25.218909576750818,50.74398044822507,24.915930904004984,2.9382132865520916,-0.014892058966440982
3.208345957254888,25.56706882314445,54.074957924536776,26.32149220844738,3.2499373208566644,-0.029504438947080505
3.1008313897282447,26.313362744027597,52.239894794297626,26.63643290212571,2.8124628010159034,-0.03534177476080784
3.0426171673981983,27.506852780677107,53.38865197694685,25.21740228637238,2.9764441123669645,-0.03175394852153005
3.128999015103286,27.985692723874518,52.196634982615905,27.607435582502667,2.9663623977084344,-0.02044112933516904
3.078978482529741,27.016733027402164,51.88269130015255,26.918619306015643,2.9631068044140045,-0.0048346105540297436
3.046711869308706,27.345887225850095,53.305737643983214,28.67445474731506,2.921224387528374,0.01088947526968186
3.1235241384356147,27.013020145266204,52.27022638121777,28.58467106019005,3.2130591025724913,0.022891472380757664
2.8869931891493406,24.752761671956378,54.12963163192193,27.395557549237548,3.0629508007877204,0.028573117629276425
2.84780997680065,26.99478250678731,57.46421291710336,26.578269941800347,3.0746418865795957,0.027101276957015495
2.8960077303233804,26.15079411513143,53.21149716251581,27.026986149761214,3.073085894561709,0.019456379218993694
2.96028169735295,27.878961527784686,55.28437850021708,28.743844688364753,2.739358567918047,0.00803531011679273
2.981935884646237,26.34328071909877,55.15893525048581,26.337233690185663,2.928641300550741,-0.004055656775263508
2.927848741680941,26.975428993185776,55.31893849977082,28.03804865480939,2.7962187388581414,-0.01381874101276144
2.8268430913196845,28.314039735646567,52.44021439284844,27.74137868484306,3.095445017995829,-0.019084641360828
3.21571432198878,25.834146481192253,54.79067727622433,27.77437175089364,2.934350831212925,-0.018967985360477738
3.0030575241182182,27.198100309436036,51.993685456119195,26.871842243599502,3.0280097570787956,-0.01397053910112728
2.9946910909820263,25.773971548051374,53.839493463691,27.929663456337387,3.017088235591496,-0.005737853305608571
2.843971838822176,26.95319574904469,49.40697087830258,26.60017925530542,2.9340719509133093,0.003441142670891218
3.0729385536551685,26.23587685653628,51.715547368531354,25.59984853264254,3.059403347490508,0.01124736168088594
2.9721161430896457,26.73951875299736,57.08007452299114,26.118075393589898,2.8643940222795234,0.015898513640609686
2.789229047080501,27.01039796024655,54.51360961291992,26.27160481125898,3.1352738557810103,0.016535877830478884
3.1974481268192623,25.85885554495514,49.61127153863215,26.093747221339193,2.9366983946723213,0.013352527416261811
3.1239675899271764,26.49924292972051,56.76018359815646,26.673892628751233,2.832973293191064,0.007454405361407646
2.917649645799827,25.58452374032844,52.345060838395206,25.524180767579814,3.067883349204613,0.0005114097107577888
3.0434295248770864,26.146095375505922,55.322433744726,25.994237896286855,3.1199263386307714,-0.005698251838782846
2.8127618001155215,26.809729329686768,53.67240940717445,26.757183267790275,2.8954923969908863,-0.009730233071947958
2.9063424359390284,26.972342080577963,49.11541026269314,26.31428248096679,2.9442357290023953,-0.010796327507906482
3.2228293593131183,26.012830115234127,53.927749573392745,26.295828747050116,3.1278195361669745,-0.00889891203038636
2.931901249273586,28.922723628981743,53.85598363010931,28.96350828984729,3.121943791442221,-0.004761260291219227
3.1584680892141477,27.725328740690287,50.86325039064321,26.27121823284022,3.134177980155253,0.00041147287353367895
3.13735301512297,24.525082575783824,50.1630428507025,26.966162122404302,3.0737764953357636,0.0052676329454019125
2.7532649511396063,27.385860754980694,51.27094668191376,27.106851646349618,3.091301797320086,0.008650778738300552
2.96645475449885,24.23217768891022,51.82661546355295,26.854387245794463,3.0448050666495767,0.009864022157827022
2.9317178394655334,26.594181262971496,51.28279928048198,27.14051153159377,2.8899829670935198,0.00879943471965961
2.7871968511210086,25.87724676871226,49.1783181768203,27.707474389255836,3.1364781351473354,0.0059128266251986545
2.9914626491935445,27.355633260841064,55.78860457106153,27.378698037886434,2.95605382512931,0.002063552259468016
3.0597393732014297,25.558591283469077,51.016046006904176,27.623957334067697,3.0089431655832657,-0.0017298780584353167
3.0021218474992,26.809619482460384,49.36000784453088,28.941586604832384,2.8864056833152834,-0.004551551714081394
3.036253325862902,25.34632969699277,49.71909285591671,27.12818378841258,3.116019082766799,-0.00580206059507703
3.1674846654978435,26.228800692733046,53.428020036359825,26.559952571570452,2.98016647949554,-0.005316692192233448
2.8808265346043114,25.629783641901778,52.10057162062382,28.689232940651127,3.0115684912071474,-0.0033675117168650136
2.950165697525982,26.777731486521372,53.56123113639814,25.967062101516206,2.9897153039671083,-0.0005589781856353761
2.8911878419677994,24.573256322465696,58.37253517758248,26.187181680979734,2.95379839908955,0.0023481984182231316
3.063642487598939,26.899386137568428,54.51482340376766,27.687639188921267,3.052949860981747,0.004635824125254851
3.112880382045323,27.02315884030776,52.69918127854815,26.32788876872528,2.797027382312272,0.005799267132837087
2.936196864518291,25.17542050224839,55.34360162420514,26.213104443812206,3.013905105383679,0.00565158454073436
3.107536800032639,26.80263042225672,51.44929497117653,27.478177336190306,2.915309732414848,0.004341241555399841
2.9592792859122694,24.54731847920688,52.405063885929295,28.012638989982197,2.710706238622482,0.0022866647067431266
3.1370366517830055,27.568366141681327,55.03381906670965,27.742107244364007,2.8808803234832627,5.082459167582052e-05
3.0653185985834734,27.675042877019337,53.24053304703947,27.007755413785112,2.984524451502596,-0.001808390957711715
3.1025313598206394,27.324290032029765,54.68146101808411,26.827768805740305,2.9441836880077776,-0.002873487325581435
3.033679504349131,25.414246472678844,51.05731991652886,28.100957466252076,2.7857305700255948,-0.00295668265396916
3.047139794304113,25.960115817917952,50.747722090554404,28.22126084380662,2.971320657186366,-0.0021255220297306853
2.8820876409401994,25.711260258602373,49.98494420615172,26.38160413229313,3.2043075871090902,-0.0006641222182712499
2.8082457159437313,25.251916930124576,56.27833310006321,27.861007395636985,2.7747534259859803,0.0010148956552151174
3.1602968796698376,25.866994960720575,53.76669409374201,26.335326068277762,2.952209054456101,0.0024820448821002697
2.6937168480423503,26.82515292974429,53.26844519471979,26.453566680449104,2.702735493330935,0.003396957111740281
2.9126864803828676,25.087258831330836,53.67847260569715,26.00164282073141,3.111079441329825,0.003583415997365008
2.9946735944007963,25.756335912833002,53.97763205483785,27.667289645115737,2.870047996598348,0.003057887618850054
2.9353504879877144,27.155171112718197,50.16936296325705,26.929491985558872,2.966471634013322,0.0020086702430261974
2.9577648889170076,26.30148497142402,57.41425548163759,26.07409173286747,2.8969019842701993,0.0007350536356709227
2.851775940842042,26.28117868980573,55.42205842545789,25.68743199153897,3.0911007117810545,-0.0004352115617544186
2.925430767983094,26.351491816982893,53.97109638772787,27.450877119742348,3.021177272301111,-0.0012281556531414848
2.933511588972515,26.30689325872521,52.77251975467121,27.697428921637485,2.732173331827047,-0.0014855557045726467
3.1455278202106003,27.031107636377,51.24180391984241,27.383061301734678,2.868661478894477,-0.0011933192206274525
3.0391400514034523,27.676572038445737,48.98685509072166,26.29787430679977,3.097459153088273,-0.0004723144579784741
2.9179570307020577,27.34776396896775,54.14451963829389,28.56113652349662,2.961687855108752,0.0004628385937846277
2.9863662412340606,27.49094239391253,54.44573737898501,25.944189948809743,2.957843912482825,0.0013641881979529068
3.104116841567326,26.35556498230276,55.25276433913323,28.17395112697387,2.9563053023378147,0.002013700108857015
2.9607093806087685,28.413411895613084,50.64703597806356,25.961638501253407,3.0676138254381473,0.002273697888982554
3.1075619497027835,27.017795710537214,51.36124221369995,26.313639890294052,2.9995102606961677,0.002113340013171266
3.2344610260231033,26.60480525681531,54.713747488121314,27.947654885855705,3.0924606333307096,0.0016067856444386091
2.859393965813247,27.332704484796672,53.3006328473098,26.922020581427816,2.852968176495165,0.0009059702359904597
3.0418261851108928,26.379283636963976,54.88317126498344,26.668636381685815,3.037407915462192,0.00019683512266186886
2.9527975323968962,26.894520729195253,55.72807847733563,27.09958466647537,3.119557176829882,-0.0003488915935547731
2.98351520935917,27.50497945162867,50.94912327725256,26.303954642778724,3.2118675642187333,-0.0006142405060927986
2.94128165198434,27.008395907600693,50.348174791650216,27.053107101112683,2.6559857756500262,-0.0005606773060828502
2.9837386840587317,25.45589767167983,55.85166029394703,28.767378672088622,3.1301443340506285,-0.00023062338964304656
3.1913164394931064,27.48771530491789,55.63733810839198,27.05385228606692,3.032552608955869,0.00026994336277303885
3.014527707375932,26.02592517117924,54.299730936243776,27.20964141789031,2.921644607947107,0.0008028324849873455
3.0358539044029333,25.434827655585536,52.46281585323036,25.524467940659676,2.9488872579515113,0.0012340834159591599
3.0176088027270453,26.034750383262075,55.92737586634165,29.127499906296052,2.971920839328533,0.0014661930983490854
3.210710047279947,29.01407349086277,52.19453514388395,27.577897827365224,3.2597703386977854,0.0014586549729295939
2.9575368829350293,28.241637039821676,52.08838124513524,27.707461205970315,3.019654171177998,0.0012328332325590168
2.9537692403381297,25.351766423038082,55.40972345486624,26.310032015263285,3.143355218754216,0.0008613555769880377
2.8801942088622297,26.9307669629376,54.04463799438532,28.19215915751531,2.915535531947969,0.0004459589075633036
3.063071152027183,25.165899478118266,53.24677575264527,26.025789983665113,3.1036602673362768,9.018829618105833e-05
3.21408999375165,26.020949713098272,54.17633093330248,26.32067162433199,3.045652164555737,-0.0001259575319516019
3.1276567415587584,27.56866885236709,53.65358277745962,27.79762504151464,3.2541919400546937,-0.00016343467268254363
3.1476943881620247,28.711231768371032,51.29635791986477,27.90616305192749,2.928164427068185,-3.0074954434446245e-05
2.9639161052324945,28.70880112141959,57.423201629765344,27.85343748272737,3.098652175948298,0.00022541730834752034
3.059964030226264,27.049381666345347,54.42929153894304,26.79657364519545,2.9745809023926073,0.0005288895652634519
3.169131274836347,26.70039044803534,55.38775757347378,26.52216885302681,2.906494641251451,0.0008010094663090743
3.082011847170427,26.829926057405913,52.47360905513925,28.00728505668544,3.0453156206498875,0.000977021978932621
3.0100844072413597,27.72403095862656,55.18540866610962,27.33615601621754,3.00709103988351,0.001021232252829334
2.9551761439261655,28.211789493896394,51.16897392254384,27.099867489377832,3.021145178194048,0.0009331510662999145
2.8905115914511006,25.992214786958794,52.688118277293064,27.202500546205464,2.8677738016688608,0.0007445362541351759
2.912145266983701,27.273935864280823,53.26714688737276,27.600071008295807,3.2921248072751945,0.0005088458689331834
3.0357368241041365,26.81838345954525,47.850484854984266,27.55680161409263,3.0841167794341002,0.00028633283260747215
3.0658652799977864,25.91790772738104,52.201068789691114,28.78278525060798,3.156743084424034,0.0001287890924326096
2.9765489364142903,26.2530778513977,56.9645218128758,27.171262315020368,3.1281837057352475,6.768222567933646e-05
2.9493674512995436,26.183559891067215,55.98845146163902,26.85308275186486,3.1140885686382416,0.00010827474207742319
3.0943741871946537,28.645787276639403,52.09454489962159,25.355701474322455,2.975686186367788,0.00023063409892884042
2.7985908540688325,27.041818283160076,54.71468813333366,26.117539584004536,2.7390753112351165,0.0003966853065112145
2.817187241223773,26.23414509144233,54.5390838115273,28.992917888521347,2.9277823412969908,0.0005610617568436675
2.85489818688476,24.892232062945784,52.711257311767646,26.25127327910178,2.9443335097828434,0.0006827818515915613
2.9329649025396267,26.494506464095203,54.51040668576682,26.713551935999217,3.2485231534551686,0.0007348378909384506
3.0278392870502957,26.413456079715242,54.90172601178689,27.05482543746949,3.127757074043599,0.0007095463944352871
3.0765877008650078,25.391101607588713,53.308169169130416,27.955718935128434,2.8662084678346376,0.000618728436933014
2.8853223188260544,27.3685779616497,52.51716895026429,27.308563994396366,2.898392331270523,0.0004891280489878447
2.969123215641453,28.442548781474724,58.29355952153026,27.472807915729938,3.1829131542687574,0.00035459981505786206
2.904949029447967,27.98142522542873,53.82113517148607,27.34236688510179,3.0765822096330324,0.0002472491319876525
2.9433438450680556,26.2184143816998,51.28026950421556,28.076474203041318,2.9401042860857065,0.00018977257986149823
3.0556768436437185,25.846509335010808,54.10142396549544,25.90243017190332,2.90260332256082,0.00019075736681309114
2.918789576649725,26.493204589713923,52.84519917619768,27.764721400763896,3.346833177001044,0.00024382499850041577
3.137097410607509,25.519020368636177,52.25008363152876,28.26968006762391,2.9884584487093453,0.00033049150839362107
2.876060884311783,25.878807621877,53.50737953362036,25.320976558494394,2.965691063985072,0.0004257233680993594
3.1130595477660505,27.568165100750715,54.52849229184523,26.07390079407965,3.197869881680792,0.0005046014799814271
2.932244799558383,27.717230815929717,51.770327519715444,28.31514743700968,3.07810765173757,0.0005483747962681222
3.0636582553323137,28.864439005553542,54.65686073607251,27.672013270437105,3.045851782034913,0.0005484838524677617
3.0501854379432976,25.835866044407677,54.1292255939846,28.84807583539719,2.9914600035600905,0.000507752601156711
2.9171212798737445,26.690593797338586,53.631277338987346,26.395935791854804,3.03345853161549,0.0004387060610522584
2.947629858494272,27.029179173563428,53.939033658588485,25.047751741639537,3.0488414835182343,0.00035967440411593693
2.8700837263504893,26.918285591701498,55.95386215901597,26.386268014036837,3.100819808222817,0.0002898249966836123
2.9613536553571933,27.812289266381896,55.67160062817372,29.282179571304386,2.902437658281744,0.0002444249933052792
3.06980130524923,25.320118528433266,55.46392881615162,27.204078838589496,3.0445711836452554,0.0002314671140241547
3.0878386282771726,25.098766535989732,53.6288971831989,26.69953822347585,2.9643284277578204,0.00025036051519176363
3.2649438448532218,27.02367752947136,53.704179415968305,27.040851284272694,2.926537123107127,0.00029282479346126014
2.975239182545994,25.472829630605567,55.72052287600779,27.761618690221677,2.8567694873234015,0.0003455769935180912
3.054783561702573,25.668702485971277,56.125527255218515,28.691928338724278,3.098992322746696,0.0003940010376223418
2.9972067155885673,27.020795794037408,46.69853635574778,25.52213813844316,3.009739703200921,0.0004258207920639623
3.1334564603041697,26.122264312225116,55.316471965384665,26.98810950359511,2.8499214454643567,0.0004338826613622084
2.897348725754028,25.897434987906337,55.16190785493108,27.664172241766302,3.0215149679060262,0.0004174484430319776
3.019025592073366,27.89920373641774,53.060927505199984,27.866687555725626,2.767699038705737,0.00038181406896668204
3.212800579123196,24.679766853335728,52.734952758411644,26.90272181923706,3.238520850896842,0.0003364933493493868
3.0169037104761887,27.88019042481232,52.14981115785086,26.740457668087878,2.846265355116896,0.0002925341203803199
3.142995335411696,24.324575143450645,52.8897154317936,27.987388022142202,2.7403776847092796,0.00025969571582513436
3.0331060542658435,27.436468889203784,54.73822498451343,27.840883055556887,2.847139010041698,0.0002441867092195375
2.939211588159986,26.25921434217925,54.635332301537716,26.138997217611813,2.8578707655088453,0.00024746444125276065
2.874463968050148,28.41784372925992,54.65085726008525,26.917250724889936,2.9378179308406316,0.00026629563570726195
3.054374147953657,26.612442319387917,53.627821268120584,28.890155163091592,3.214782712753273,0.00029395311648789594
3.133547565779914,25.855291353711046,54.662916203971044,27.261923635067877,3.057514699380931,0.00032215810896664925
3.066829920951839,27.07217720733488,52.52050381497653,27.417412415376447,2.9939325102498318,0.00034323031767535274
2.842737993229416,27.66711440112792,58.15911960047215,27.250982359007065,2.9695941067283695,0.00035190442481567276
3.234970446984244,25.55954905420431,55.75147430930972,26.388092991913982,3.036084256587792,0.00034640014907147247
3.0234809954515325,25.23356389771837,54.86458868962404,26.816146140661317,2.9499139475219645,0.0003285507291648249
2.9059472299893567,24.487096927373045,56.45215201341179,26.20495868270552,2.926146486314911,0.0003030408754383325
3.2457115981995264,26.97778922654267,48.36097966077317,28.248570602524303,3.16143741945325,0.000276017468874963
2.943695922095515,26.149667105588904,52.82845678448894,25.377163039257187,2.757894000295159,0.0002534659059602061
2.962336921854996,26.709940931009267,52.30879718939662,26.701657409908957,3.1317238895419264,0.0002397676708338576
3.140240036658567,26.410986925650906,50.62651704761377,27.348442494689948,2.966520124593105,0.0002367742880106451
3.068987390090088,26.771138121666528,55.67616258024011,28.05532250726079,3.051168608327422,0.00024357785735025153
3.023829677583879,28.789544635784928,57.05229725848963,26.75468996832061,2.9533549676529054,0.0002569731177589605
2.8393060515092943,26.59996572157412,53.61889016128038,26.867423113228025,2.9902806484724023,0.0002724381527465895
2.922556690640605,26.023090326325026,56.07542533492461,27.79657850135825,3.087017812202694,0.00028534975915513216
2.875321534491463,27.26479061318862,60.34898246470372,25.675360054694362,3.3246398628986578,0.0002921172225946998
3.0582572253532927,28.491925462960836,48.14906462692682,25.04271902824648,3.054535164542178,0.0002909657430073316
3.0531486169956072,26.761610127266547,53.713938849214486,27.160054052606935,2.9559681545499883,0.0002822094995161216
3.03676243602181,26.802016829338253,51.876363060379006,27.079995711731552,2.9282741033622863,0.000267992521194841
3.01531458222372,25.120270150545892,55.27116448869861,28.079662278305882,3.087772605637515,0.0002516069406844123
3.108865447315597,25.601194731291905,55.248684599238274,26.305510318261334,2.9322815823455723,0.00023659146739026687
3.0183047012167092,27.084568194762834,51.82522483555504,27.252259451825896,3.029337111211876,0.00022584866665477173
2.948695231593864,25.231436429117455,49.90263317893605,28.499295908108316,2.845636682336991,0.00022099419954701234
2.992878808249226,25.61889743275632,52.06430764661761,27.13801376315065,2.974883916282951,0.00022207610013629024
2.8926129397585556,26.412551316836975,53.53942978598463,28.186723914157398,2.9859835302436304,0.00022770005379622188
3.0709298486347416,27.83939005436707,52.91629886124344,27.835717259215183,2.9408045297961283,0.00023549470114258496
3.069753920554925,26.801606244663674,53.513344487234804,27.704662394212274,3.0093205687797564,0.00024277401950484144
3.115488998970227,26.73150660059859,52.737836049715476,27.654631254837547,2.8796848096050556,0.00024721837195675273
2.771813908838563,27.140105637862906,52.04761321394905,26.377662642766484,3.017416504303106,0.0002474068688801338
3.0860468790439244,27.80594384087516,54.2317198902414,26.91302892341889,2.936241844159937,0.00024308449543247545
2.9761220640108896,26.57285944927711,53.66657260150561,27.046089192763404,3.167671031435446,0.00023512218911222955
2.98764184522342,26.839917889473952,51.244893923358674,27.666721631439124,2.8098221352345045,0.00022520642222583468
3.0443702897575236,26.182751578643572,50.68886635719703,27.438387274674803,2.8210952109500558,0.00021535747053189912
3.0569550315687306,27.371514563096305,53.27209024066262,25.297032793036124,2.989595927002111,0.00020740856621703194
3.0397740551768364,26.02660941947443,53.84003851156814,26.31928591206095,2.951879157571149,0.00020257609558121774
3.0939223731512655,28.292507710970288,56.784297582238594,27.700214770937134,3.007935937313238,0.00020121746954269662
3.2504448056385193,25.668572993363227,53.706384769436205,26.76001121062388,3.0172780212286954,0.00020281918057524808
2.9896431369015177,27.207963575635418,53.74695068988442,27.807882169143557,2.9761707213437716,0.00020619783064812112
3.050714023136215,25.71332520969083,53.821566957357064,27.419808204022353,2.945897279839996,0.00020984659570611906
2.8861268376256692,26.194178464453707,55.06384859593465,26.303684339598995,2.918771697198734,0.0002123301064586055
2.8192421491924584,27.039910469335606,55.4242837599367,25.871246481669953,2.9433880284812663,0.0002126274235533363
2.9889959886763138,27.083476826748658,55.899013534128166,26.666102677105908,3.05401686985673,0.0002103441865206315
3.0268734240577015,27.415006444172928,54.46549821498652,26.25120999387416,2.944275458174156,0.00020575374885959614
3.086532339246774,28.35702737679382,52.44524121082501,25.79381999623268,2.958629928361835,0.00019967223840732193
3.000642855503697,25.64750895114432,53.21580458969343,26.17840051403432,2.9310773057522703,0.00019321246314959114
2.8403799640543554,28.191857025691625,56.83273092806364,28.668052152612386,3.0202467467291676,0.00018748713650563746
2.9526715405461985,28.69059067235962,56.68732483283359,28.530492239067378,2.964076910660059,0.00018333806859513246
3.191420472347046,28.4064421102881,52.17757482145471,27.39369765492016,3.1103313476341246,0.00018115495151000072
3.0094241218038325,25.631088039833195,63.96932140441983,27.32000876420518,3.0660470184996833,0.0001808200026889368
2.922357698147668,27.292154218675808,56.02588773425454,25.86485140971416,3.0828174919307334,0.00018178093484258102
3.187810098882219,28.659784709547694,55.26931118101505,26.52718557896295,3.0554565997794954,0.00018322327895542055
3.1192494748860344,27.49712644320187,55.297462368958065,26.050914784678888,3.0017237271204773,0.00018429144262483316
3.0532856814728166,26.085523479561513,50.740054695911155,27.407969304776426,3.2042107604971304,0.00018430045181073293
2.8859384106070753,27.883515198797507,55.22518118437685,26.838581348373697,2.977160249945772,0.00018288766649272796
2.8772488726794387,26.244020539273535,51.41984554088187,25.941153124453564,3.0259045923472407,0.0001800727987044654
2.9304332077921877,27.376113850077292,55.985174096493324,26.850129854553085,2.938422825943165,0.0001762196444462511
2.841879022719235,26.45234052298803,49.64945688289489,28.109294350096445,3.105921075690614,0.00017191743308956326
3.0352583693117006,25.96557879876407,55.385466492701646,26.543831411979074,3.09319446830602,0.0001678176928580732
2.6735281865295244,28.461799758757568,51.52107268518229,27.006813467154466,3.0808518523614454,0.00016447021752930853
3.0011298144896643,27.5753391358603,57.114587374929975,25.186290890580086,3.077107654883991,0.00016219812815466947
3.0688856380545926,27.04371651106293,49.44638429512709,27.265822029179386,2.9797978660336746,0.00016103901447765264
2.8900339416090457,27.24615722218187,55.09632618387491,25.382786490092,2.980533645759025,0.00016076070227815108
3.066591744074217,25.80841201267502,52.37531355486013,26.78184939242372,3.08863935296349,0.00016094128620973926
2.978621713455802,26.73018952776552,51.881486509726926,25.010339016718866,3.2297713730294033,0.00016108833554291668
2.9243957234986744,25.793369622217647,53.3072688532186,27.25471786784828,3.090985715039844,0.00016076484170085423
3.0365733823367056,29.51846718494629,55.26958763872311,26.298082515354057,2.843304542757238,0.00015969067008875752
3.186288060207648,27.509154219289755,55.49048552434851,27.14207024649655,3.013463551463129,0.00015779697101458588
2.950775465670113,25.226139199116226,54.42122074299343,27.133958239754897,3.0202550370063115,0.0001552244213799724
3.02815400305451,27.247553916044534,54.54434125520109,27.46602289225152,3.0898830261777666,0.00015227063488991574
2.939800228561416,29.224566996202057,54.87374150343411,26.875764576425393,2.9028150859656447,0.00014930398148982514
2.8891981320382816,27.04618340442505,51.66212069962429,26.98998966619945,2.9699659070083397,0.00014666772299206705
3.1014781336764,27.97119152016273,50.47728928745779,26.737700975495358,2.8388550024206705,0.00014459863880265226
3.1373279384344364,26.235078463525696,55.389340849165976,26.415907910512807,2.98945034216088,0.00014317867646362263
3.077145423778063,28.916605913087025,49.683979349559216,26.49088167890107,3.032196513618931,0.00014232850531043873
3.0677849169199463,25.39248376943865,54.691012462112354,26.655165001597123,3.1151354341837445,0.0001418408788426556
3.1571387101970876,26.679640054412037,50.33285399781943,25.83890670767625,3.202928438507126,0.000141442207985977
2.960274108602038,26.559460992576913,51.807790228817105,25.469657507077876,3.2061376980296057,0.0001408648957556728
3.0458309369446854,26.186760410531587,55.47771343923443,27.897243014977498,3.070368010791232,0.00013991189108591973
3.119045795427808,26.831359326627897,51.36057305731787,26.078617034539516,3.1225439410093294,0.00013849843392885192
3.0713845254371823,26.927543086268965,55.39257367872888,25.73239223246912,2.9681108238072755,0.0001366628269239306
2.9672503078295045,26.638632700994325,52.4614966435353,26.25871705906649,3.001756383744215,0.000134546320211327
3.0302161725277674,25.06800226073303,51.88002025172118,26.290048974369416,2.895101579832522,0.0001323497041432955
3.032434959894039,27.756867643349945,48.50697762574015,26.24268057295303,2.939458214390995,0.00013027920841579606
3.0342794938054087,27.49493331391303,52.25954888207355,27.766229734688963,2.9574657130161146,0.00012849580738253389
3.139489784232187,27.49686321799376,49.953918579515324,27.969517536906935,3.165808769103348,0.00012707996922189826
3.0973874066751175,26.152629066083268,50.76406550869949,27.121827545301308,3.2627703921520768,0.00012601907705422878
2.971932428823071,27.339186985775406,56.22686869541857,26.97578001879877,3.1115324734520082,0.00012521860119527596
3.0313067226123716,25.641807969052433,53.62648758412981,27.41537018833001,3.148002895796265,0.00012453222742296206
2.9319604644274504,27.7557786377828,51.82398343014122,25.523552532363613,3.0345506325740668,0.00012380195291499273
2.9860715190003546,25.965246134695413,51.657302084089245,24.669166563311773,2.997996458956386,0.00012289752195540298
3.081538507845344,26.208179576390577,52.95051502655883,25.84089310843082,3.1196923694727126,0.00012174566288315105
3.1913612345721525,25.124376957461596,47.24988946395636,27.64631458098446,3.2081035928201955,0.00012034290332677775
3.1532946040078524,26.095296371938318,47.745343866373545,26.593694613277123,2.941666310325517,0.00011875028076445646
3.1051182073517545,27.141916889300003,52.21221395454174,26.66753257851365,2.911862319481833,0.00011707281820416345
3.013569895772671,25.939680532057338,50.12890254647319,29.645834756353644,3.075925677660697,0.00011543009104460939
3.091616780233038,27.143368022567767,47.19513757886163,27.0326146395348,3.082826487601998,0.00011392582601902425
2.973599883251589,24.686697569708745,49.55157246725698,24.878785376998128,3.027997067271519,0.00011262401463601935
3.133932685778393,27.85408855179218,45.74096446208335,26.089010645561167,3.1856315579379135,0.00011153678375322413
2.953453312519028,25.104788495996942,50.0854257624131,26.711466340472704,3.1049555052749915,0.00011062594756160162
2.9676899806138466,26.610687492857124,50.78156502931275,27.694221648506314,3.093228828946971,0.00010981666704967387
2.9420340215987864,25.789678159153613,51.931079904409806,26.277205772876826,2.827682265134059,0.00010901883477414261
2.8389179603806682,25.295537998863892,47.698844796077275,25.34913213182793,2.8450129921698837,0.00010815030621110961
2.930261019904198,24.456367755153433,51.73207769058648,27.14992437308036,3.046041098764578,0.00010715616253274162
2.92228013946964,27.2416568342697,48.79759458074764,27.637508564756125,2.7924818978169488,0.00010601966532985333
3.041099784314738,26.051488842331263,50.8860589275497,26.116704161061488,3.290863310377657,0.00010476296295368429
2.9491920368461693,26.880885907702975,48.799422673746804,27.97245940727889,3.006952883250098,0.00010343827311401653
2.9434088749080556,26.302072768915387,46.10673618511145,27.773630279800905,3.0341953311795327,0.00010211251937440651
3.0601308591019363,26.546171134988118,48.15812761828556,26.914136279960562,3.1523353849663946,0.00010084973264502125
3.106252044937489,26.587372321488772,48.3780708284781,26.04603854269951,2.9430295072378807,9.969569499443043e-05
2.926940497805899,27.142653931949212,44.34673891103819,26.9528348319593,2.8537084431973367,9.866836695207221e-05
2.8156494275859503,25.647027434604503,47.42677653786198,24.463851562967424,3.011190480745932,9.775592162179654e-05
2.9346800258419763,27.383298648673215,50.05043197396475,27.694056897306027,2.990636537248358,9.69221995814961e-05
2.9579339805888862,26.524056517297247,46.69371041055217,26.08972587511382,3.0185707961984294,9.611760801438915e-05
3.06979539164476,26.71322247940697,47.737385280967736,27.609546630777754,3.1184047134636903,9.529233635561327e-05
2.9719829653512773,26.636285860479447,52.01955966596853,27.851176683503418,3.053317808073273,9.440846979885036e-05
2.8735849709017924,25.399819185960798,48.67386894201689,26.395971864717428,3.3588118777763727,9.344814961372102e-05
3.0983083171720924,27.01791336398717,50.932370302741276,27.231774860165153,2.937515896559457,9.241613998424044e-05
2.852640207105671,26.054809237711304,47.29607648148078,29.10016622985522,2.982585626277866,9.133666579712893e-05
3.136093520122003,27.14225100957969,45.01054980133713,25.06604814700598,3.1329887365457445,9.024579153846002e-05
3.2558481367491305,27.897338436731008,47.51040704397179,27.073101390338632,2.922495016279236,8.918158573154793e-05
2.8891020394208557,28.10414735861523,50.105268804037344,27.631037343816278,2.95097545632961,8.817465759187131e-05
3.0292582923994047,27.582780087168572,48.00796687668745,25.22107547833481,2.951372858264227,8.724133646997463e-05
3.1326543788194328,24.89136633105007,46.32500535221552,26.344001698902066,3.04908610319495,8.638092255451746e-05
2.8941118946193307,24.718018797248707,48.168572270439384,25.51680395862522,3.02157709071333,8.557732174499695e-05
2.9594008441430337,26.87445154777698,45.65714517637015,28.04156178932635,2.919855471646395,8.480428412585893e-05
2.9151347380968886,27.413359965616362,47.20319643962826,26.903171101107194,2.898720646777623,8.403265595666553e-05
3.0559248900377423,26.94109505008757,46.98840434005992,26.608488878928185,3.108682978725312,8.323770453895597e-05
2.9324571594259656,27.817645005310663,44.10006661787665,27.34908601711244,3.013303771134931,8.240472725488008e-05
2.957728651823957,26.182215261706013,47.069001185726485,26.861241692027846,2.912151260954494,8.153172985183445e-05
2.758099281304289,28.073815991344958,45.708614046118,27.103322440606675,2.833298534239098,8.062877838052663e-05
2.95587816961116,25.553137922047174,48.25630235619818,26.924954036783447,2.971836660314519,7.971447336054002e-05
3.202719245250423,27.3791765906324,43.47463527152674,26.982789630772803,3.059744040245607,7.881065562393296e-05
2.9507947669233654,27.225809821765658,51.518285353435054,26.896286156697748,2.825758656269273,7.7936786671058e-05
2.8899164963598833,25.111170623942698,47.364491203434824,28.33215346457923,2.9898905881905273,7.710539940714448e-05
2.8239975062268243,27.501771941372525,44.459509981455206,23.750592298884392,3.0047708123503476,7.631963294005411e-05
3.1140617110241466,26.51547398262626,46.23262433358887,24.41039011184239,2.9536451866392937,7.557326867985475e-05
2.8958984646244423,28.014306717686818,48.02543903596074,27.734699052986425,2.9943966419631702,7.485304085571114e-05
3.0749578840993297,26.459608252670726,47.17063266171694,26.821644947665742,2.7268948460268883,7.414245980710249e-05
2.8829693586377876,27.583263431006095,44.72887601959937,27.09910107230835,2.977130977729526,7.342608610067627e-05
2.9475361716210613,28.457960266939786,44.400739866326866,28.726127908829326,3.0941145475673437,7.269317538829065e-05
3.0684971820683677,25.438754059049405,45.56598573642759,28.409388483340834,3.0389695948589366,7.193986248553166e-05
3.085940394077667,26.363937233141773,46.53946749331849,26.082982993599565,3.361751493658236,7.116948096081489e-05
2.8623706891237806,27.06618371635001,44.105309921058016,27.880446897642198,3.006531515764208,7.03911029055833e-05
2.9270009992284507,25.304851102415107,46.09067819696652,26.85715293348311,2.996299099963932,6.961681038236356e-05
3.1973010027703332,26.992221485169512,43.79993951431368,28.835107283000017,2.773693862273626,6.885847327447358e-05
2.905375587470463,24.804973257683738,47.46859816468471,26.45288304589656,3.0066222517877086,6.812486037450019e-05
3.086215746006153,26.951326554427173,44.32488566262891,27.82115716213187,2.773746623404699,6.741975787178495e-05
3.0950276907521572,27.15659920928858,44.37315592175374,26.481852687911374,2.893091857861307,6.674146507542254e-05
2.9816142610785374,29.930909815352724,47.29278965573089,27.148821207623804,3.0314935601791317,6.608366947212789e-05
3.0783727231023517,28.186213151746706,44.639791644410764,28.487677596167032,3.111577886007105,6.543736771588928e-05
3.1679950358679436,26.762323688347,44.19979437362223,24.7995783378185,2.7639100415412092,6.479327366318077e-05
3.1364039778225328,27.148143680516522,46.21613595045966,27.942995234160815,3.2161721978081625,6.414408500392202e-05
3.1230486426594317,25.629286176651668,46.05793405223654,25.076026045398415,3.139570847654646,6.348606898829554e-05
2.9489783228053206,28.206396181754975,42.467800174059626,26.417292416700608,2.8086216066058136,6.28196413312291e-05
2.9256762012349413,27.128195202892574,45.40239669934067,25.94532668684864,3.0678545629431193,6.214888502961401e-05
2.8638818235341748,25.980733261271485,43.212234341438496,27.55917665511503,2.9773121385111536,6.148021934603474e-05
2.859892407760986,28.9694492184222,42.50224886237007,25.55963096061541,3.0204644403514416,6.082061644231141e-05
3.0178760364818307,26.538351710207507,44.36265797964301,25.119434584607735,3.2265659056569995,6.017583973743329e-05
3.0122765202369934,25.172201251820084,43.11987345671313,26.365960711837204,2.89943854880436,5.954913056684127e-05
3.0994346935719945,27.935933708599755,45.34143538708362,29.227315988263783,3.061739068420413,5.894062349470075e-05
3.050876717128087,25.36218646996089,45.25423061020451,25.632984460534075,3.1211876171015667,5.834756892715635e-05
2.9828074511895135,28.0246729393863,43.17087499611358,26.775450621819395,3.169637575883352,5.7765238140626766e-05
2.915071882828467,27.62505291000062,43.99061053156816,26.11363499971385,3.140854949561091,5.718823117087454e-05
2.8759963307748744,26.428620695449332,45.41823061815977,25.586358942842715,2.7937801510005893,5.661183363544231e-05
3.0294586236143095,26.136421415682683,42.645114948394095,28.981050126043915,3.015845537667697,5.603308860324708e-05
3.080794232491823,26.21029220487735,39.24579420450631,26.423908603759013,2.8183649882582547,5.5451346814683425e-05
3.007629230681055,25.654210019435755,42.396372527321844,26.42671380314465,3.0588672823840235,5.4868207869494e-05
2.9105716979395684,26.143824306509295,44.81740305390764,26.861337366127678,2.9675896223107014,5.4286919265913894e-05
2.8772551522615006,25.7935970025961,42.49489460884005,25.60390266402503,2.9865721384720447,5.371142711581425e-05
2.976419028347661,26.64857493546792,42.375730859380184,27.00264177385524,3.1495156993728726,5.3145340105430615e-05
2.8626204494737455,25.64661467014713,46.40789547805158,26.669245508633864,2.8972727812059826,5.259106616910284e-05
3.100631253259346,25.996792443345782,39.812577795206366,28.31268002727371,2.923100213204297,5.204931711034901e-05
2.782659549859774,26.38757581741431,46.514300818199786,27.372377249673388,2.955312490388961,5.1519069262554885e-05
2.930543246554731,26.366274232979723,41.228747810078964,28.374837689241577,3.1555894847895245,5.099795003129405e-05
3.0120831986025105,26.845640941943895,41.83428271674758,26.375637183758425,3.065120325027891,5.04829192523989e-05
2.7497833127511773,25.553322128628007,41.769675448733466,26.48180026357292,3.090829438169322,4.997105331929842e-05
3.0187820272366164,27.537091541484248,40.55736518880274,25.861921433725197,3.0042999465738203,4.9460232692506665e-05
3.1138625717737347,25.791152658610287,48.13998336766386,25.469027077974104,3.2510158515427654,4.8949573802545675e-05
2.9669437466773454,25.98871064051417,42.2697341473553,26.761207593936273,3.020247953467932,4.8439522503579806e-05
3.0775582003577058,26.48030193717518,40.66061235752098,25.707704091043684,3.1114399195137823,4.7931615954052824e-05
2.921004847915208,25.935698492713136,42.66753228918195,27.135156604488756,3.078550007640165,4.7428000151091034e-05
3.021272256997756,28.039513371857872,42.02419418817862,28.90780568486611,2.913161705645539,4.693084124319e-05
2.93166332540845,27.950405557570566,41.938439589870704,25.796197689363225,3.153989653902225,4.644178395783001e-05
2.91232737777042,26.703949138097272,40.7590313513878,26.995337938137517,3.151486338286757,4.5961584032665765e-05
2.937132409551747,25.406870938678598,40.69602653630406,25.695672450783732,2.9408630363178703,4.54899893066377e-05
3.0953025579523405,26.401075492217434,39.356921288740644,26.067914405605304,3.1106854348615833,4.502587685573954e-05
3.137035697710159,27.475103998157874,40.14818633673461,27.020784067300777,3.156654440418671,4.4567589736579715e-05
3.1731564525694633,28.145889834972365,41.25948421618883,27.128238596915953,2.709326191256289,4.4113374776686074e-05
2.847181063899221,26.70024557059505,42.0645454232423,26.226652795720458,2.99431253775855,4.3661805345141304e-05
2.9948667956093975,26.51173742397825,35.156985935674015,26.985778795243768,2.9460348802314607,4.321208796920449e-05
2.894063941838392,25.87894401065751,41.63699534197947,26.19223599220358,2.864054899001353,4.276418814237528e-05
2.955093462034064,27.44247877419741,40.626070972954196,27.1124974837019,2.8761541230097194,4.23187606675681e-05
2.9451700845744173,28.31056173697053,40.152973805056945,26.0128601542539,2.9228105571384537,4.187691836960378e-05
3.0638575595701423,26.019845607189918,39.971820103667085,28.78760075274367,2.7307608574970996,4.143990969428116e-05
3.12528447260399,27.544978096375115,43.17700708088474,26.37204282993314,2.7752019685966367,4.100879179445671e-05
3.165984775163402,24.742229321577646,41.80534303988121,27.7027353067137,3.168543317582085,4.058417849315906e-05
3.034207611137386,25.635705443416885,40.04874661618767,25.327915559857498,2.7220419313327717,4.016611870715861e-05
2.971339802875328,24.545616914887106,39.98635045734833,26.16315812619952,3.0848939955110657,3.975412273343606e-05
2.9249457698332733,27.43525521611752,40.65508176703082,26.295015479546688,3.1736532453959643,3.9347317532417286e-05
3.1244378112107514,26.62517971162646,38.86784445969244,27.439954748443924,2.8821237891868554,3.894468198904087e-05
3.0757184232426686,28.134684744429926,39.02756494127674,25.772785812668996,2.937184895706393,3.854529742696667e-05
3.0713821611867096,25.231737329399248,39.93841362856567,28.25466164570636,3.162598280603464,3.814855172972012e-05
2.936815050365239,26.031024574882522,42.5594307049691,25.90449226670901,3.028119464720846,3.775425095167317e-05
3.0044556024112694,24.791516876681513,40.43293353152294,27.195292754176762,3.1051775418292062,3.73626195017534e-05
2.969016628108938,24.95495132056227,41.029416595506575,26.908797485062067,3.031562155907435,3.6974198728080204e-05
2.9841423486778873,25.81512988506431,41.23092633532002,26.775937017637467,3.1552934881518784,3.658967733391614e-05
2.995011327452699,27.470184934646543,39.96177458083211,25.881841539836852,3.2182877539858055,3.620970073123551e-05
3.087051799621547,28.877676393029976,39.11775877539634,26.155120396185122,3.1532208319768964,3.583470795212414e-05
2.9802942315613854,27.049750610536325,38.955687828761626,26.68620251864422,2.82526023931736,3.546483287105385e-05
2.8985084254693763,26.737637881182433,37.22449088403415,25.554943215294188,3.1109580683492815,3.509988850068935e-05
3.0093593665789693,29.03683185192818,35.77143517765445,26.127229536491434,3.1611220439568553,3.473943107324631e-05
3.0074135607283257,26.343292721090616,38.405564811085625,27.450727226034775,2.872601914163993,3.4382880693098036e-05
3.008982712170548,40.35199552147706,39.47625774399577,26.47786432453604,2.9002166297699152,3.40296649516976e-05
2.745608133765354,38.82594344703472,36.82806151994818,28.456296062154845,3.192017182014492,3.367934824281048e-05
2.904684765884591,39.10542859284584,39.167060994272326,27.337219409181618,2.9524650763529316,3.333171643167726e-05
3.1925670388847442,37.72932114560231,36.328000252949565,28.366263570108615,2.966788600909779,3.298680056342734e-05
3.0762860695047216,36.41656546134632,39.73063594186558,27.92094728466401,3.052561143469726,3.264483862077202e-05
2.98658230603423,39.94257960157482,40.38823133413951,28.310755556421043,2.8901877917306322,3.230619074994748e-05
2.746181691586581,38.232362476471664,38.75384041160783,28.003840034569052,2.636436863741244,3.19712317471337e-05
2.9633629795396725,39.39468757821878,36.882920089751224,27.81012680442879,3.1604872897616456,3.164025010750973e-05
3.0589286459120264,38.417330760335474,38.918526781557986,27.01235202479297,3.204091221843219,3.131337637288279e-05
3.148611337228201,38.220301146935675,39.36092856222488,26.765799783432414,3.092669293192383,3.0990556807661406e-05
2.8240146782314373,36.80317523570237,36.92750603237039,27.25249773757593,3.240364408534472,3.067157382494666e-05
3.239760740099665,39.74153098378113,38.18997854048096,28.078151077172752,3.148446310776989,3.035610488636851e-05
2.9229797013108425,35.99380688720431,38.98120849461514,27.59674346203561,3.1039737174709994,3.0043801872015203e-05
2.903360598640001,38.551279765449316,38.726995933032576,26.064522089780066,2.984187294004756,2.9734369682783467e-05
3.0361131491163684,36.978079709954926,34.46703690992435,27.856497340231265,3.0668942350646966,2.9427625212151488e-05
2.972495484059625,35.27435539546205,37.124752485289626,29.341528378432137,3.0433952387873138,2.912352410370316e-05
3.0872486819505487,37.84767269256731,35.783366194887776,26.929394356788613,3.0964822139643373,2.8822151209683334e-05
2.8328289530050266,37.108563134220766,36.63891172443972,25.535210548594605,3.025711349347133,2.8523680970945212e-05
2.9033740172691442,35.76613656986639,36.27343751779299,27.015970320000722,2.927697041035598,2.822831911792781e-05
3.023647965194375,36.714527044342354,37.48749688172945,28.141692478091088,3.042573712770103,2.793624207800572e-05
2.9899421150625196,35.416594025991365,34.29203323397542,26.246593933618076,2.996956011007873,2.7647549003393732e-05
2.811945655448257,37.76864071987776,37.99246938480045,26.707410098240228,3.0574510583366137,2.7362236741805257e-05
3.014771395659394,37.463851903146946,35.37200490819307,26.89486390809678,3.079377678855776,2.7080202032775443e-05
3.169582888896529,36.385601208217565,36.64675576658903,27.030024457619753,3.2741609924094144,2.680126785001348e-05
3.00493978202541,37.91112285699674,36.01356385963728,27.176642422787143,2.9257828448957826,2.652522573896327e-05
2.911667067247072,37.632633896787816,34.027893517021624,26.39724401125126,3.00918305325098,2.625188167963399e-05
2.845432927799875,36.12744701740395,36.323436686108074,26.933895741096713,2.9637952866963517,2.5981095144678656e-05
3.0626041508484336,35.97848782258603,37.20944755508251,26.445032732045547,2.9682500904058995,2.5712801250604857e-05
2.9882180846271535,35.362451245210686,33.846551715117016,27.349047866796575,2.939936023843075,2.54470128458945e-05
3.0845683156551122,33.58188085091965,35.085927404949445,27.408879835577604,2.9039998734808843,2.518380371173441e-05
3.2771598485999713,36.06481403460014,34.97712404743422,25.452012638231118,2.915103465802622,2.492327824787513e-05
2.922484099076378,35.354318795782355,37.551158266402574,24.020832117409903,2.8791790849997736,2.466553655939718e-05
2.79651331210517,35.157115990012784,35.04072460950075,28.082216647906286,3.104371761782363,2.441064370207487e-05
3.2692031562673787,35.576046137083644,33.72480945240054,27.05245620963764,3.087750659163507,2.41586101564909e-05
3.120589359924994,35.60979463688954,37.16586226509067,26.556254661520924,3.1023124013404826,2.390938743629799e-05
2.9399523449618887,36.14496635757823,35.23812043145756,26.95567044675035,3.211782585316178,2.3662878409387415e-05
2.805306974365749,35.43274473515246,33.957150172880596,28.21897870531673,2.868182403031109,2.3418958709011482e-05
3.2022337276839896,36.40720058950959,37.34938794962781,24.6442958884477,3.1527723945523074,2.317750291802428e-05
3.0326937267693572,33.485012232896715,35.27414519802229,26.070694883147585,2.844880200466744,2.293840875935378e-05
3.0128266807873207,34.32881178621535,33.49610799289383,27.168990506005443,2.8843476606067697,2.2701613708859666e-05
2.9293449506010307,35.578969556740276,40.020739011815415,26.32002725838318,3.0042575345750393,2.2467100434293298e-05
2.9640180472855038,34.1295553494788,36.55258782565385,26.398261489455695,3.0672602573747505,2.2234890933957283e-05
3.0805841588995007,32.98875889620686,36.83407495501701,26.497388824147645,2.7601031525335125,2.2005031498259628e-05
2.9311527907857666,33.68789914275745,35.40744119942088,28.16325235440916,2.8795715042980037,2.177757343967444e-05
3.0572501904073177,33.99169063023718,31.931356523254536,26.457188429993757,3.0127871775447734,2.1552554083911307e-05
3.1423201503171243,35.383914215531505,35.40849238942347,27.002308620433837,3.231313325119773,2.13299828828796e-05
2.9565904996464676,36.21618650401458,34.06877338890946,25.96621438223736,2.7514492639321566,2.110983581612362e-05
2.9373163909758446,33.511230630876696,33.1573493780365,27.36789482948802,2.8397946326885326,2.0892058328182195e-05
2.9228407041465725,34.05427194606308,34.72619899893979,28.326235032689496,2.7740765221216717,2.067657540635119e-05
3.2086829909060053,36.213183005676825,33.82440536955049,26.370895359366646,3.0966770826511554,2.0463306110896607e-05
3.0312854065524806,33.72393121274429,33.06232053197146,25.824811550515193,2.66847663178165,2.0252177967514818e-05
2.943414073925396,32.36583301433098,31.819786211405397,27.80592394873735,3.03888671037103,2.0043138401333807e-05
2.9195004112840466,33.61928712936847,34.97299931499895,25.252716144543776,3.037362328377215,1.9836160290925753e-05
3.0171388814334525,32.532602317328234,32.23687685632188,25.03751765797884,3.1202986083978788,1.9631240777063217e-05
2.9328727587433714,32.63242681779313,33.18143042411774,24.986040520913072,2.8965830638087455,1.9428394492875413e-05
2.8892811774249934,33.71189639765999,34.039609600175666,26.795523405277088,2.93132649522097,1.9227643129661455e-05
3.0905793886971984,32.62251480126223,34.67270290646621,25.97906000649244,3.083053044444999,1.902900428140938e-05
3.180853134815522,33.710619737377094,33.27484597555079,25.274317299623572,3.2061198410318847,1.883248215321843e-05
2.9937322111359315,33.241207980970444,32.675360815777765,26.006903653760784,3.0057656054723907,1.8638062669908708e-05
3.045536651798436,34.96763907625609,30.318641763415002,28.057012559202047,2.902212744037668,1.8445713286870422e-05
2.9022548484528055,32.9283696861637,32.553571456515236,26.185868159581446,2.780422364291153,1.8255387456989023e-05
2.964570150888186,31.44474891988281,31.92276804321547,25.001528558808907,3.030659585809901,1.806703218797166e-05
3.1426184034192324,31.18929516626292,33.647903432604295,25.725658480344173,2.968644060874185,1.788059642607464e-05
3.2279334626550233,31.726960529399065,32.84371172792991,27.574850365988194,3.2711377875458365,1.7696038532586296e-05
2.858462148211086,30.763133732591502,33.9029405689991,25.965512424976712,3.0772790611438277,1.7513330599602666e-05
2.9163041322904184,32.6230573528338,34.322933913898865,25.280408609088905,3.0479987861957825,1.7332459288414107e-05
2.9340002821535225,34.83027192111289,31.46738198984559,26.134287731382962,3.053416043100358,1.715342297488372e-05
2.9690902248736886,30.313357361826295,32.7209062689426,26.258406636549108,2.97992415621394,1.6976226416641635e-05
2.8518781999143923,32.285721925370844,31.759093316921344,27.095194547731317,3.0857075347497505,1.680087442564722e-05
2.9605920508251207,32.1358374965574,31.986773964075837,25.621117462311684,2.8877402116187354,1.662736599216186e-05
3.036339113229253,31.80719060696767,29.37069599341295,25.173908019520614,3.1104767314587702,1.6455690469005167e-05
2.836602514858901,29.19544484647239,30.032315244633228,28.328226747088895,3.0742387074730377,1.6285826491491298e-05
2.9040945550473287,29.989680974374945,30.552392848901917,25.89688761021107,2.8266335722619025,1.6117743635468746e-05
2.9920192302153445,30.4317550045592,30.555133300822718,25.667166018344062,3.093556804912584,1.5951406078068568e-05
3.3061856569065284,30.532399669681663,31.932418431064562,25.904944301287152,2.7618358150354183,1.5786777566788037e-05
3.327574471724941,30.803321326533382,30.17244713193609,25.53258148217741,3.039343825431416,1.5623825829835847e-05
3.0888726945111253,29.83211725041718,32.00910957281198,26.717246269205265,3.185764569197727,1.5462525806687628e-05
2.9684700522143674,33.45871105557816,29.30468166985181,27.505794925228756,3.130315658734101,1.5302860781387988e-05
3.08572797900304,28.293148667367895,30.462580164503525,25.8959347935181,3.1551573781658884,1.5144821646957065e-05
3.1106660419701755,30.109901498194684,31.558082002029316,25.121719213521413,3.157921377616777,1.4988404138127307e-05
2.9387843051608917,32.189686273761104,30.959268294445952,25.987244326962852,3.106427761485055,1.4833605374998572e-05
2.892747374518579,29.48453295317188,28.99324581374977,26.090116899143943,3.0428626974674624,1.468042045984971e-05
2.984126620641582,30.955402907159463,31.7801159445061,25.50388003711201,2.734435160345372,1.4528839654423288e-05
3.042709448397086,31.813245206932915,28.858761322863682,27.509834334005728,3.047015929474028,1.437884718743197e-05
3.0330980877612963,29.106909321048196,29.820330718958008,25.904062898007883,3.2650958064833238,1.4230421816963273e-05
3.0903124474518027,28.498896733117636,30.476912738675328,26.34015317321339,3.0692658484397186,1.408353836450887e-05
3.126468674816127,29.515979448915658,30.275878521313334,25.4141445571548,2.8805751227910545,1.393817041960023e-05
2.96758172091983,29.647835891350823,29.097209882601,27.727061495950718,3.0204038508632847,1.3794292970366365e-05
2.847724008880332,29.36663080166228,28.28336318283199,27.81505579656569,3.2869189958488567,1.3651884628885651e-05
2.754253491256373,28.625077723956043,29.508119617861777,29.017278140493687,2.8383019760681467,1.3510928743946398e-05
2.8981971601188112,29.653071455487233,28.38044636810636,26.418369900010198,3.042384600232698,1.3371413319562794e-05
2.8862664333873385,28.385385147828988,29.051251077559716,26.587492644866877,3.004881543162594,1.3233329805522046e-05
2.798638538463512,32.3250082954509,28.31996812390168,28.085679548379463,2.871416078489244,1.3096671253599808e-05
3.0795988590256687,28.873724939143692,28.35379383044473,26.446437174162735,2.7960363889256636,1.2961430282232687e-05
3.007741357831438,29.429405905907732,29.939239482682964,28.17640315923586,2.8530155952625362,1.2827597336867565e-05
3.109827927908768,29.37508557216657,28.307862270446897,26.03316468435116,2.8905776919122768,1.269515971047689e-05
2.8896007832005477,27.713786472153338,28.7850012992781,27.841923382292016,3.0352935781132193,1.2564101309398843e-05
3.165847472442635,27.687555776068756,29.603805305815627,27.39922722632477,2.85447623357459,1.243440350697259e-05
3.1086011764116814,28.109555916724585,29.853892853047917,27.80787645210027,2.8404349370950017,1.2306046376980371e-05
2.719854694402659,27.319044395774778,26.299614546990377,26.348958607771113,2.9736259577629314,1.2179010354381035e-05
2.762236700156692,28.970250656968457,30.15457114581377,25.645302347389347,2.6457732632882234,1.2053277605188384e-05
3.038808189684532,27.33780702490374,26.783366503355353,29.2531052297651,3.1065718967912592,1.192883284652965e-05
3.0034217097906355,28.79346973968816,27.891146222202288,26.081764745818074,3.0934200308561954,1.1805663559089907e-05
2.708699039659835,28.745123969721256,26.821662949098165,25.33627230225602,2.8527002423052394,1.1683759650454565e-05
3.0950673829080113,28.304122208340836,28.09693203472886,26.45290760038887,3.0356904613159377,1.1563112304640486e-05
2.8964197219745476,29.45327983291716,29.2679678559048,26.481938083340733,2.811670377489887,1.144371297544003e-05
3.0820363212051247,30.02315256961622,28.934541586821712,24.785971351747666,2.9823862895797717,1.1325552192870789e-05
3.090858666955429,28.462652646425628,27.406288041176555,27.99672259021215,3.0738792583331516,1.1208618876839748e-05
2.9464082618323184,30.1783483768155,28.127086143725666,26.778635803328356,2.944929987887,1.109290011134734e-05
2.9919554463944897,25.940336628922797,29.455675573817857,24.584364305682456,2.7653767261023265,1.0978381428644956e-05
2.9863368741639866,30.116754582441523,29.019922488654366,24.940551833256016,3.0426555702367803,1.0865047245135035e-05
2.9976656795876906,28.554781931547087,28.027243196568293,25.004367235029505,2.928073476562861,1.0752882022960962e-05
3.1644061816778706,27.114303085087855,28.77169436038759,24.752530595824357,2.920453927973812,1.064187086841745e-05
2.9914280846419263,24.480212628284953,29.461946091417573,27.09078385451422,3.135795376373714,1.0532000300868854e-05
2.943168366630687,26.118681460292464,25.51610377516997,27.751879709887387,2.873796775815125,1.0423258485911562e-05
2.853963520646462,25.565068342200277,25.225228888562192,27.183791703423083,2.9625999480615763,1.0315635000677514e-05
3.0674989506228028,26.391169308353078,27.71854247856339,26.170201818471558,3.0386283611389575,1.0209120646540979e-05
3.0652730817113754,26.816743322484363,25.331294791447004,26.436128461216736,3.029623172310486,1.0103706450395647e-05
2.9872345513635072,26.610879509763606,26.948668808784678,27.414977097024085,3.060688043622118,9.999383259344532e-06
3.075760865292495,27.618761925958264,26.076727065148322,26.908890209978683,2.7502725980810703,9.896141216229202e-06
2.9189607351558386,26.532367610987755,25.511897454160557,26.47827557589787,3.0872749603595047,9.793969402093137e-06
3.089560995296303,28.5949198726773,26.05538421831229,27.468308458598898,2.9393746019502545,9.692855962689296e-06
2.7665353841306968,27.506470124919876,27.449259267796137,26.95662671270559,2.930589834192532,9.592788405069944e-06
3.2257440093037735,26.420516673838794,25.85690652035796,26.309131860224138,3.07342943834528,9.493754027268841e-06
2.9380124906296934,25.185651270857637,26.97285761929472,25.52236352360925,3.0960336447834047,9.395740421484284e-06
2.990125498179195,27.285943817504076,25.64917790141357,27.616127613429885,3.0018448166300047,9.298735831446682e-06
2.9130247547714516,25.872409848663974,26.256052244692167,26.094000518970216,3.252322288941084,9.202729517022943e-06
2.976494352839189,25.66787557087641,24.379005742512778,23.375224584138103,2.9604687194687074,9.107711568900178e-06
3.018589910531913,27.519289922741304,25.149118455263803,25.92375945921751,2.9714730125723916,9.013672971118556e-06
3.0498114539437227,26.067200453755216,25.57523493499077,25.00752977375872,3.209792204997559,8.920605014271102e-06
2.974329861746461,26.32042524790067,23.715174167743367,24.616593420229112,2.7936593249436683,8.828499062264952e-06
2.840747946372145,26.787082085511493,24.77093979455971,24.609728315610365,2.922038458739673,8.73734614164449e-06
3.083863065340161,25.98392689187594,25.1461644760468,25.849023525180254,3.0248245948767494,8.64713681341448e-06
3.2114874386346686,23.094897887471703,25.24751780020771,26.12586972671422,2.950710744445764,8.557861055006231e-06
2.997979197389894,25.37291765254491,24.959842621989893,23.66058061533596,2.969635800246082,8.469508482261547e-06
2.7668415675492355,22.88062908633732,25.41214177182425,25.421700820179325,2.9457502921109384,8.382068501825947e-06
3.092929255035606,25.0668048580566,25.991775300035908,24.47754138110499,2.8877284886787553,8.295530667729077e-06
3.0637752729834653,25.505756433051612,23.741714322090512,25.324144247271814,2.889163028607086,8.209884853018225e-06
2.808899269326975,25.594673958728585,26.521799595300926,26.753631039002858,3.0165329251917736,8.125121449218901e-06
2.9631424201722902,24.265793801885135,24.326042683515784,25.452334521747854,2.823260778304671,8.041231449798552e-06
2.9696853557143315,26.84776354478867,25.957515152555626,24.450299639750014,3.0119227560832713,7.958206343400009e-06
3.1334195229289596,23.727933428239286,23.386753550941197,24.15522572062747,2.9605031897524103,7.876037988552773e-06
2.744026323795039,23.22440924034117,24.807745684696187,23.726670752394323,2.9884114792697987,7.794718336100601e-06
2.950411880906688,24.706609155842372,24.033735313071727,24.45869389407005,2.9613552862573,7.714239268835896e-06
3.052134761877848,24.524474913623312,22.189703007344278,22.172120765615666,2.9137369046307713,7.634592497434779e-06
2.9594357892833756,25.61738476185363,23.197145862648775,23.91795983908558,2.929649750163055,7.555769391214685e-06
3.1341324876517174,24.99255211224684,23.610996915995777,23.90070564848272,2.9751145425881362,7.477761157399855e-06
3.078421466619232,24.554531403615712,22.907946003159985,22.721590561945145,3.073664844475153,7.400558797911897e-06
2.9246744388595842,22.5856608396978,24.284116390447984,23.659499192276385,2.9434929042477083,7.324153320227919e-06
3.0101092280516104,24.179443274179768,22.29243672167079,23.648570269301402,3.122598726723779,7.248536002076834e-06
3.065239824788679,24.303288467182874,22.685945119552333,22.79651804635207,2.795525089024986,7.1736984074323056e-06
2.896667452226236,23.286955490439578,23.28064157978094,24.226145285365604,3.189161495153802,7.0996324099623945e-06
2.842300146050103,22.177254411240774,22.885294800915045,23.98877399994073,2.9585615281578814,7.026330290836267e-06
2.8582176504846295,22.727601838810457,24.352222147702044,23.883813036956038,2.8829336038883286,6.953784552949409e-06
2.8830630391313066,23.06573392649102,23.561653327335776,22.97325299395793,3.0749762335632003,6.881987870164984e-06
3.085086391987455,22.03141931132808,23.015344560085286,21.733356333281318,3.0339853721803602,6.810932945254364e-06
2.9788616812208533,22.939168464020902,22.79350738851851,22.819143542692014,2.69240729005974,6.740612390185395e-06
2.824820081472753,21.927010253482745,21.987111903875036,21.27468728295241,3.0231384123704412,6.6710186255495e-06
3.1762128176491435,24.039738852265792,22.70513830078623,21.556406381749245,3.1312674089739545,6.60214406923696e-06
3.04306497793777,22.945019237700727,22.03423276639977,22.949578019073197,3.0533498269188253,6.5339809654882e-06
2.9971546751964113,22.256534413905083,21.976088177952708,22.172718404171263,2.9136033813724445,6.466521660636453e-06
3.094904555307225,22.64984176558141,21.851824134146042,21.92792404467396,3.078799456765466,6.399758545320748e-06
2.868529941720646,22.319535696264797,24.471238118166116,23.02321804201059,3.0027950866545705,6.333684177659626e-06
3.0837457520113185,22.44903410144459,21.990990940816506,21.558143496897273,3.0273153410512568,6.268291397297141e-06
2.978507505021475,22.39332522342713,23.29265500193847,21.35004315089672,2.9449078888054454,6.203573226567532e-06
2.989899785118263,21.317676751122406,23.044905559817362,21.471580335839626,3.2812597563145762,6.139522976380659e-06
2.9432730843359196,21.890252923877263,22.3842625572476,22.348058474888568,2.8652067907736587,6.076133918630634e-06
3.050493869396071,21.004765959996575,21.605185196020887,21.212612433506564,3.0628793471647495,6.013399529867113e-06
2.835893019289673,23.028597527161956,21.247438148947914,21.276917431266384,2.7136895090014095,5.951313264725274e-06
3.241878258639626,21.37049013895397,20.918495517479563,20.984637939285804,3.072418788329109,5.88986842453888e-06
3.036470921023137,21.015799776821236,22.181261086401584,22.26205817548029,2.9500550808901185,5.829058400187296e-06
2.8733528900373955,22.602931967036103,21.335924595657847,22.999111649669988,2.9313577964380237,5.7688764838251374e-06
3.166966278159364,20.869150520816827,21.860498403773377,22.686801743510024,2.9670612937018093,5.709315996431739e-06
3.3503866833409646,21.649767975848302,20.682282411337642,21.164334377907885,3.015637285812331,5.6503703086676886e-06
3.0921496267230877,20.807627265393123,19.955152684635088,21.278977124155297,3.0585616934527127,5.592032940390531e-06
3.123255651796417,21.367348807093386,21.066116798880714,21.798915340604502,3.0735542306475963,5.5342975731011765e-06
3.006217538506945,20.851093153474206,20.276688413724084,20.762343465646147,3.0175166708341457,5.477157990261887e-06
2.95170768778074,20.3349681557283,20.40943425231119,21.55268582951918,3.002236150630202,5.420608142702806e-06
3.0808351435625863,22.36432338983657,20.886532664385445,21.4692662429219,3.0996435924033334,5.36464208244588e-06
2.8932321301079917,19.899869106969955,21.551833647528973,21.5352980627054,2.996800669610167,5.309253878192655e-06
3.1251954903324917,20.714345521784615,19.04660035636751,19.177369758252144,2.8924888587928304,5.254437708098334e-06
3.127189906691392,19.346972601271222,21.82756502358269,19.863634570383564,2.9539675511283274,5.200187707303781e-06
2.7839480268890666,20.511456172796635,18.968016603386058,19.9367789795759,2.9137883044778845,5.146498056487699e-06
3.0215763932785835,20.91989516137348,20.09431837545161,20.335324506042316,3.0845381294465435,5.093362910199749e-06
2.960115291982878,18.585697332118464,20.078296118228586,19.700927701465467,3.0676437338972735,5.0407764387764255e-06
2.9103858888672467,19.34264867524588,18.880549792463185,19.491701977339016,2.705949133122459,4.988732909305559e-06
3.009410355284315,19.96358608120593,20.391577514846645,20.67485310731299,2.985205268362851,4.937226632821774e-06
3.017742650288377,18.81186586852825,19.93579942668322,19.448136954432673,2.8103316135935943,4.886251904944394e-06
2.8643041589978173,20.036265448959917,19.843109276936456,19.265195436937876,3.094720724465667,4.835803306391946e-06
3.162589501213694,19.993261632152823,19.07427607899296,20.871419875629662,2.9960873043346297,4.785875411397441e-06
2.9471542877230577,20.039020325630677,20.50794403856425,20.15643740583587,2.903040215032875,4.7364629762787965e-06
3.043994752821891,18.92283847234604,18.425681231957988,19.241030765500327,3.046981665834128,4.687560652817835e-06
3.07332127942871,18.028394594811637,19.08145497901008,18.29138807243813,3.080422526018019,4.639163313855854e-06
3.132484982998668,18.482292400900885,19.21305212937725,19.531219954647053,2.982430066258225,4.591265765502867e-06
2.946566858755453,20.06797272614603,16.889869412834503,19.024298230810693,3.0728714336861147,4.543862853535094e-06
2.8247014053323047,18.521970121554876,18.831242590001153,19.70105741086475,2.778341088667113,4.496949497801103e-06
2.981037218225855,18.277461896930742,19.039394671635293,19.421036451148982,3.073923280570858,4.4505205794421285e-06
2.8625564074823227,18.56320777580037,17.697330028036653,18.662182271555984,3.089267900747267,4.404571040107294e-06
3.0705188584719747,18.18949717590606,20.373510401615814,18.397659716666976,2.9430953999474707,4.359095850789135e-06
3.0781366654145916,17.728855768869686,19.26900554362744,18.72750161832535,2.963345095818155,4.314090118115091e-06
3.0798291404339504,17.69107183246091,17.695239001702138,17.582835200738437,3.13755205025773,4.269548937178182e-06
3.022251165452682,18.5565078293385,17.989421097655654,20.238468567494614,2.8678367028036744,4.225467510278131e-06
2.9101406225615385,18.762322229264484,18.844099556803936,18.585094017848082,2.7973831560004387,4.181841121614664e-06
2.8011416253595236,18.297405700510954,18.865511496104244,19.381653247236006,2.7635058805454036,4.138665154564497e-06
3.094057552869058,18.637183575832207,18.85708034437792,18.564650699473866,2.9421996118877956,4.095935019770542e-06
3.0819859095841933,19.476282256551634,17.814123256695968,18.791510985859418,2.773480346816656,4.053646087561028e-06
2.761040083190596,17.73947434233627,18.45670578092326,18.217857000680485,2.9531781722921973,4.0117938517058056e-06
2.8972845129439024,17.799567074031806,17.95970027688405,18.68568912294402,2.96234421056914,3.9703738044602705e-06
2.9283456928704785,18.243188225650755,17.691805008563776,18.416770421940907,2.9960102773092974,3.92938143513858e-06
3.1194854333790887,18.01150124844676,18.670383688351105,16.76258535220203,2.982774884642211,3.888812352787151e-06
2.9991879827911103,18.06012448634953,17.16348666251729,17.180583544205724,3.1747750108250217,3.848662141443037e-06
2.944422995191902,16.998205900925218,17.712394143474736,18.058848915070804,2.9469118620217065,3.8089263851011827e-06
3.1076228787635922,16.33893997706427,17.718931350765843,16.760727039331442,3.06415703707454,3.769600865452416e-06
3.0665310599821236,16.384210165228673,17.075529352794863,18.962065691800944,2.8605466812450757,3.7306812879603025e-06
2.879452085887106,16.02402930312552,18.410983677846207,16.348659368484352,3.051724945849304,3.6921634483741594e-06
2.8460590048863708,16.41667100404588,17.415363367845913,18.221585226106754,2.8853904698841037,3.6540432690050134e-06
2.763245215192088,16.559227022329676,16.12829818144961,16.989793221134434,2.9894318188522004,3.6163166492033647e-06
2.956951101411185,16.152641278411892,17.72937719705117,16.65177001930124,3.0372201669947967,3.5789795958289345e-06
2.8782758052070836,16.71748051944359,17.463276786861172,16.55491662761209,3.0775543028876617,3.5420281069603687e-06
2.7883552115817465,18.14796622164485,17.67327640938107,16.67030557177113,3.0636128365367985,3.505458151929544e-06
2.952058892207437,17.153649399906495,17.27713875805524,17.01310180417813,3.1454473897152977,3.4692657996244387e-06
2.9223526720606294,16.884269614143566,17.415210281833026,15.257735247654573,3.0352211894376353,3.4334471301481144e-06
3.1184851994144345,16.358143273049215,16.155506416564545,16.54988370719567,2.97634274185908,3.397998297844796e-06
3.127004709537227,16.77560260050998,14.85466789790359,16.774251387241588,3.0852664520799706,3.362915407210969e-06
3.169641504364834,16.20153432359634,17.11028469363513,14.956316765912375,2.907101144584731,3.3281947542014625e-06
3.096067886558152,15.787853585736313,15.909187545116998,16.237432612014622,2.8977714412824094,3.2938325280732353e-06
2.991109335781002,16.7298750820837,15.883175684153498,16.672504941235946,2.7443458262074825,3.259825068861007e-06
3.029922948427132,14.612264252607343,16.038947653154644,15.582558074533424,2.88272186332086,3.2261686785216857e-06
2.861109203641467,15.945116359535556,15.107975021470072,15.677269585407613,3.2150633004111846,3.192859783124866e-06
2.9421944515650633,16.491206316307753,16.020662791185707,15.53670105650174,3.185029448247795,3.1598947701235096e-06
3.1619363928209783,14.568542595885301,14.727472739445329,15.679522783703034,2.9533685222447326,3.1272701471912667e-06
3.123754271701354,15.139850075057364,15.035704009283444,15.829855403156705,2.8967599972372384,3.0949823312361155e-06
2.90951211920634,15.814873632609878,15.93129177614007,14.437426761411906,2.8071186096863667,3.0630279332703947e-06
2.807026123735292,15.346781321408477,14.824584048013978,15.6490447314037,3.0359136660413664,3.031403452185131e-06
3.037627007729598,14.332398685753356,15.802499367379122,14.211089175074596,2.8196149997089828,3.00010550244893e-06
3.0705919394793617,14.748943252834827,15.025632451342988,14.328042552102396,3.1531048250183233,2.9691307344471233e-06
2.967263255558488,14.848240146259604,13.7833857777133,14.414465070383502,3.152775075532565,2.938475732246172e-06
3.2396578980886455,14.981047402002519,14.565178440610032,14.997946336672593,3.0814290142893483,2.908137234099846e-06
2.9075811616555023,14.270919562338017,14.945840461707926,14.563417085787496,3.044941086187505,2.878111922555226e-06
3.1595658538035862,15.617467317848263,15.351967806887087,15.430382595601872,2.976838094624158,2.848396600226863e-06
2.92337117830532,16.113875701153226,14.6245248542606,14.3457185848673,3.0778368041448836,2.8189880348729103e-06
3.008553398957994,13.631097989230598,15.001798299317116,13.654959381712755,3.007979223972811,2.7898830994354325e-06
2.9873167098717923,14.687881977456943,14.35525264494978,14.037347075446265,2.719788203788513,2.7610786847337193e-06
2.931533382569619,14.78021991573152,13.902376737331506,13.397987251386738,2.939126116900484,2.7325716782460807e-06
2.9882558499981347,14.251244812029363,14.474903354356883,14.42615434632878,2.7950728831780234,2.704358996291326e-06
3.0520607509113615,14.87455506551771,14.64479338508717,14.038812635598465,3.0392353109057053,2.676437614821858e-06
3.132712643979045,13.952194890570462,14.325918890452462,14.491134543920115,3.0139107222793897,2.6488045028111594e-06
3.1318440757415598,14.132481622574439,14.206482632468413,13.496973401788464,2.814367342118629,2.6214567452667674e-06
3.1927321940902504,14.101598622834446,13.885625558396754,13.968888870852005,3.204588342996251,2.594391309062113e-06
3.0835973188993413,12.886044723345766,13.10519620710436,14.028764910477467,3.0714713486691956,2.567605314634761e-06
2.9666930836561067,13.876888584875209,13.091254418432127,13.554550469044417,2.989285434968287,2.5410958638321286e-06
3.041376207784016,13.357213826433123,13.100501181178736,13.589524260337942,3.0225565843444033,2.5148600889846325e-06
2.820821276474321,12.561016516447802,12.791840909357614,13.125813728154178,3.0987993853702203,2.4888952111483757e-06
2.835996010916082,12.758913929224391,13.437772098221037,12.849875017300175,3.139219494952407,2.4631984195550262e-06
3.2337725577858376,12.484812045578563,13.16362485697659,14.702782667306526,3.0026981541855964,2.437766903836521e-06
2.8942345989751828,13.15098685489785,13.644621483178824,13.582206166831053,2.956159731133279,2.412597920891165e-06
2.852417542513919,13.027835234973033,13.0191495035479,12.53525975080569,2.8556444924647173,2.3876888460297084e-06
3.1032877092123803,12.51003224936721,13.773301260893106,11.82042544185643,2.8006005816924047,2.3630369669851045e-06
2.976425797438404,12.623799146257136,12.84287691763792,14.057265984214883,3.066396346012138,2.3386395700859646e-06
2.8519112729092853,12.623102561642318,12.84353905731295,12.741859833809368,3.0656261646632563,2.314494075532173e-06
2.9402266313961016,12.096423952976485,12.036990533456672,13.416305634715375,3.0851748187421175,2.290597898920804e-06
2.956143253914906,12.440979383421466,12.344227149508113,12.58861500993025,2.8707024518084934,2.2669484507377403e-06
2.9403390389295727,13.368383072330815,12.096433249248363,12.608349695842128,2.8928284385003264,2.2435431486396556e-06
3.142758604414817,12.194961521827837,12.460947612477709,11.85012024246149,2.9229229016074387,2.220379505693194e-06
3.1503938502472804,11.600429019293133,12.847312040023201,12.783458931491348,2.9986999697321193,2.1974550325017464e-06
3.0531774381113594,11.862647107346469,11.736623691168397,11.8481904994635,2.9557039848472884,2.174767185461387e-06
2.8500266814448887,11.254366311551696,11.44740492804355,12.008775058438278,2.8729456912134657,2.152313606144861e-06
3.096278871681551,11.654308025194668,11.712205773324692,11.676552835458208,2.977972258429549,2.1300918437073897e-06
3.1782470605152966,11.111719226256882,12.01391910412081,10.808486444733424,2.870631249227115,2.1080995178114703e-06
3.1563427147514065,11.130622407903454,12.12139260204341,10.834777192678473,2.9084647936838177,2.08633428668008e-06
3.6541665620093426,11.179840017304171,11.27066469400652,11.83259992788348,2.935449239818984,2.064793739280104e-06
4.51906931628941,11.607097841900945,11.444348604913571,11.813977167008794,3.034955592141534,2.043475622858369e-06
5.338513838379622,11.866808014787834,11.900477801418461,11.717426983895319,2.944886427717599,2.022377586662059e-06
6.426947640933868,12.021484288714968,11.090884604099518,10.872542063686282,3.0727669760477,2.0014973699096455e-06
7.293136744765725,11.36120922585275,11.220931382162076,10.997903795347764,2.9165633338790817,1.9808327848186274e-06
8.348442454258452,11.658568663666454,11.8624655612873,11.757976732298136,2.975159789369135,1.9603815038577397e-06
9.475419633054283,11.247858603279598,10.273859021304295,11.291601751020048,3.077754871407803,1.9401413764182513e-06
10.197716338374248,11.981155770390775,11.067007716814372,10.45408174404958,2.793077027215372,1.9201102117094574e-06
11.877087858146886,10.8440376680977,10.831358317621548,10.911643271343234,3.074627554240282,1.9002858653281991e-06
11.286530944639772,10.692978614821572,10.801454871682514,10.374887526532627,2.990489915581002,1.8806662030572348e-06
12.237176966617058,9.894900192009159,10.4065949459936,10.299059683451624,2.882399832946901,1.8612490825440484e-06
14.721656369053237,10.32493490292758,10.11376407013756,10.081397114844245,3.185067164032895,1.8420324385763276e-06
14.957284079019116,10.26506943303448,10.720823717857325,10.12530368376503,3.0728016479717044,1.8230142079451758e-06
16.111507082632208,10.78229675768036,10.62454551838138,9.226383989664443,2.7351235112257433,1.8041923205820219e-06
15.776280845897348,10.023071510819316,10.750583406035387,10.22540713138903,3.2582891994976486,1.7855647938887764e-06
17.116944604765997,10.132931348523465,10.281201860950834,9.694308115846235,2.9040679281936974,1.7671296093360069e-06
18.33362251389417,9.885865501547748,10.195944446963379,10.118174834151212,2.989528219342086,1.748884758753522e-06
17.69478092858104,10.02843602475353,9.796261595913702,9.47137267632602,2.9744701922607777,1.7308282830865475e-06
21.186095350704683,10.536347066956083,9.904434399497216,9.565981654864531,3.0856788981856584,1.7129581895203897e-06
19.51411046799857,9.710840916267005,9.447125154195094,9.723828230513455,3.09173774721717,1.6952726031877096e-06
20.708042939962255,9.687642022814005,9.453995264936541,9.580272806017787,2.9399771166668813,1.6777695901031892e-06
21.81748382609188,9.71910215502223,9.963124332023108,8.997073386282578,2.96180633545416,1.6604472806138041e-06
24.175069747107962,9.130023336380852,9.403350350615108,9.169149764749378,2.9554231878691235,1.6433038616697101e-06
23.887303208580224,9.134369157215058,9.867169711657027,9.450845355175929,3.0089711900865663,1.6263374364825859e-06
25.275643661587722,9.071277700001557,9.956028946297469,9.338226311568533,2.905146078058249,1.6095461788881988e-06
25.09674623284019,8.743640676550747,9.464255457968326,9.48964817324257,3.1573362478786993,1.5929282863964442e-06
26.364721862406803,8.358489057579977,8.66182236625269,8.564665465462067,3.09210997726155,-0.06762089075028613
40.01293438279686,8.62880142972275,8.710572401889829,9.204604099178642,2.949821167264988,-0.4061634574923191
27.1130152309876,8.420684082575569,8.493500200021945,8.173760445837775,3.19763988413908,-0.8688131748010619
21.917773876929434,8.49840729366335,8.538072048865871,9.376247483767893,3.187960846957577,-1.3183713790562956
22.13177347499675,9.17442761226541,8.62622593898666,8.507815005880039,3.2622367688091476,-1.5
17.196307219636772,9.151922975893214,8.410464786431566,8.485652811167062,3.307990912500771,-1.5
16.63091122867071,9.298055572198527,8.500087244519282,8.07329863354648,3.594354130141124,-1.5
14.502375611218662,9.401091279914443,7.8548982141671555,7.741369005556281,3.3802961002366785,-1.5
13.53131544768229,8.723544192321128,8.195105966520202,7.677730478213895,3.4869063496283834,-1.5
11.905186240603612,8.53737934044843,7.8845326210259294,7.904258947820516,3.560648751127872,-1.203418924053855
11.360790442962264,8.236391758316255,7.820563862540881,7.552106135559815,3.683913911752186,-0.8159402992121001
10.432647918698365,8.877650883627046,8.222163258292046,6.7476991109028805,3.822448334743821,-0.4929960007991806
11.029616463842208,8.188939680565225,8.042390486378089,7.379528411114465,4.0469411753362925,-0.3097682041146981
11.097316394388193,8.752487775364669,7.767736790758755,6.2192660027861155,3.696581100698078,-0.2994425547411071
11.127718324006707,8.027486929554314,7.222666373254465,7.179939614043184,3.8581148599518724,-0.4496848504940794
10.353789001281086,8.009286276519656,7.21081663703425,7.01103133768145,4.0025952197979295,-0.7099192947835392
10.836905102618426,8.169509918376761,7.78073219864618,6.92762833775493,4.002947075936265,-1.0071163171862627
9.825645216586922,8.404810415371562,7.555372247737692,6.953121497489942,4.048994457489693,-1.265616233299103
9.915695274555905,8.497071163888197,7.679075268988827,6.846275390000764,3.9419990698360143,-1.4258205112910427
9.030836836950755,8.55872313787928,7.414227972856546,6.162325288103318,4.353205216574063,-1.4572996521543478
8.57617889985419,8.272716344918946,7.942838858566553,6.59080246178912,4.3502238224981085,-1.363633519373469
8.292835961005629,8.221913829310136,7.42804505997833,6.06398008093665,4.600976925492459,-1.1785539594958023
8.357807457059817,8.778316902486528,6.938964899791967,5.967588518033629,4.8447088956659705,-0.9551002077961477
7.288062935826755,8.533441714907855,7.180271860431081,6.1281027960321905,4.911362344964875,-0.7510292526646347
7.50427826133354,9.07763994014317,7.360590715200733,6.288765786243132,5.37967593445,-0.6143445776420222
7.797853282002032,8.938620748236332,6.99222952014091,5.651028971423426,5.032111698000142,-0.5724494945962082
7.7681238257857865,8.350182292018987,6.8492188950467385,6.396591329661047,5.473498628097709,-0.627257161066099
7.7628895627672705,8.181858042165908,7.025479217118326,5.666255656595156,5.74129772910725,-0.7569418271066933
7.773939457597031,8.76627262238248,6.716573686904026,5.791957343606106,5.047167063849389,-0.9233325044212276
7.358628578639213,8.685340976547863,7.032064462049467,5.501979545087251,5.305769454985262,-1.0826510351358123
6.8652026841051095,8.690507923029536,6.640076902497613,5.535784015622927,6.048668884952638,-1.1966757708309361
7.045495362013386,9.051474983772671,7.052798687100159,5.27849103769184,6.838802006576185,-1.2415670319616001
6.5444802182356145,8.630507311679729,7.296547968434203,5.698336313466086,6.839796136931672,-1.2124108323131733
6.677075652591245,8.541694910715027,6.751126775315889,5.247147120247126,6.867747110333612,-1.1227559136223566
5.846593944193117,9.267191935854992,6.642600374089654,5.340858525791079,7.194829602978812,-0.9996999111988378
6.437426630903568,8.892988851838048,6.953920099920288,4.797965241850904,6.765061766756756,-0.8761094743841091
7.038566834042635,8.894040255432135,6.821192582576243,4.8665173536882085,6.573471458888373,-0.7821144072683562
6.342554440008766,8.62507309413078,6.785780106157106,5.238705204585054,6.733743307399087,-0.7380069707982131
6.022181725508548,9.367241361488182,7.03148871821048,4.916598474345417,6.432468084346819,-0.7501538189055807
6.031371745837911,9.147696275205032,7.142237677054921,4.793051486324243,6.035145995565654,-0.8106573991260164
5.737488213599178,8.805970699697136,7.14694700060774,4.472191686291996,5.78951062622612,-0.9005254178459438
6.327114558850219,8.520317558507074,6.4120572850525175,4.707009210110703,5.764718748490737,-0.9952698648852953
6.172567584321092,9.679833527261028,6.627018236726855,4.656798464901657,5.301900937818324,-1.0713563099171364
5.632765448348381,8.791161972355154,6.71320909127641,4.856060819266966,5.101258706810115,-1.1118550199298984
5.3905413092328835,9.796214829266509,7.051419497300343,4.429174016156268,4.981005249989796,-1.1099865461572749
5.89747951381023,9.467915963929252,6.836427949411134,4.720500012198232,4.6566130970982895,-1.0698840910458713
5.206441752363138,9.237241846851813,7.448040358385622,4.34062038425687,4.6306519646212605,-1.0046324027402027
5.243644043302889,9.620498419818807,6.963327339780286,4.60621704297529,4.396867191977142,-0.9322993329117912
5.575125023210292,10.703832506999918,7.520379474854901,4.055129778325059,4.187635614299564,-0.8711007190568847
5.321001629341947,10.595178882318265,7.050487176773417,4.345577541904324,4.157302236685687,-0.8349504410720848
4.856739942978113,10.331603555579346,7.158589617229415,4.488433416098336,3.9604402673531562,-0.8304456142113559
4.780396109021235,10.632379230503897,7.18427701344361,4.693647567087004,4.178281349992226,-0.8558970455591489
4.917349863292051,10.36788801546536,8.014041210444699,4.493810173542668,3.9706775054008436,-0.9024638926857493
4.861611092912329,11.543704103234951,7.855463499051419,4.372195995570819,3.7450098852684035,-0.9569327832090762
4.9396138223454855,10.671179889267354,7.364842252942552,3.966977338644117,3.467426489929588,-1.0053199950160032
4.981538398290208,11.962680235169746,7.754551857194089,4.360152818824599,3.532922100411696,-1.0363461421748132
5.311139333427805,12.187260704174536,7.760580415479354,4.38600204257368,3.454593089391965,-1.0439475316652298
4.6937628715961,11.649547082047036,7.257354852777099,4.513211641790117,3.246319690954001,-1.0282969822741495
4.577936158738509,11.259984467267143,8.760597974663517,4.515221860078246,3.334862790352833,-0.9952164390482429
4.567955850770216,11.762134889875652,8.221798576318433,4.540668078020792,3.0979099725649175,-0.9542653653873525
4.542039549372249,12.618395857501083,8.708299305309904,4.547419100091137,3.00308892450603,-0.9160859950843625
4.799579723957787,13.861974231501204,9.034554903524922,4.840376476022417,2.9988579430546514,-0.8897164914356969
4.735370162197959,13.321649473442184,8.534188517986555,4.5904988847141155,2.9403599187731615,-0.8805290416998777
4.592505672441196,13.66654758963491,9.437477254349766,4.850426575035123,2.9507246841978167,-0.8892408067412696
4.4571641148003005,14.055725798608677,8.971391792413387,4.548685283882889,2.9128625720884616,-0.912145435254816
4.308076347859293,14.146831334329303,9.01777890274132,4.880584821512106,2.9578911308459888,-0.9424024272533165
4.069791946568173,14.019602414549347,9.182025849367271,4.728711485924185,2.9627341994247716,-0.9719777295085947
4.257533596782682,14.936982766665972,9.848862403538762,4.71159047460579,2.7085063325599266,-0.993705562243812
4.033063147563329,14.884159919071497,10.695923687116068,4.785099737892911,2.613205274118671,-1.002958333109691
4.131873769592244,15.644217744158462,10.378979106562335,4.851290864804716,2.5814335254342655,-0.998552092290925
4.369080147689903,16.55975488135626,10.978130214854977,5.094120661108389,2.650366823342716,-0.982733964926944
4.479007395024343,17.964693920145926,10.648213703133967,5.031885740849277,2.7697288367450783,-0.9603350061764402
4.090846034605433,18.268275716255356,11.228151818648573,5.094508446697772,2.4324085873214916,-0.9373677362734703
3.994273443144112,17.87774723533937,11.922461825508613,5.553656102763666,2.453786946626745,-0.9194583434028263
3.8968300978927597,19.447905612732644,12.758337130326568,5.821411357049155,2.54744713781513,-0.9105097821925973
3.9885007914644635,18.90637255528693,13.161882954401609,6.148944634221827,2.542464223667845,-0.9119012989134117
3.955331903043856,19.12085911838954,13.913302134661588,5.792533504954515,2.6401548973001745,-0.9223726801640673
3.586594861972929,22.95135230001871,14.143010232504459,6.430108884490943,2.56569053731856,-0.9385617529348733
3.614838849017093,22.722365854353978,15.035805050033437,6.6759138178877135,2.457024868443416,-0.9560071498778895
3.612628782058324,22.863574450352363,14.047681404452538,6.989529992563674,2.5708312338519876,-0.9703313136565348
3.7387609870705782,23.686537898967384,16.898951082176115,7.267699032538323,2.531265691556209,-0.9782996893858158
3.6861246288739355,27.625873138255475,16.69784446391895,7.360715552758743,2.5274966880319143,-0.9785088557115578
3.553476916001348,26.949900655286854,17.198899615415428,8.260917548065345,2.3571066916723473,-0.9715684240679126
3.6192546914388646,27.272979797915713,19.78349909804604,8.389534675281583,2.6445040075986848,-0.959776683243551
3.510957012167611,31.395992202880997,19.41344793694485,8.599602344528016,2.4831848686505267,-0.9464132437897375
3.2319555160457174,32.075280956685056,22.379460054099173,10.030426606829826,2.523801546231892,-0.9348544118240578
3.376823701761272,33.776161405970875,22.940576036117157,10.829548583198152,2.758480762972075,-0.9277422259455377
3.3893831483333883,35.653264189334024,23.713651573947267,11.734652775292007,2.7302922328510584,-0.926404890774458
3.378990923707109,35.51387390315955,26.400445369355978,12.766996677131534,2.7377521625395658,-0.9306478794449453
3.3887156520712747,32.635724920997454,28.294835082336522,13.76949240986031,2.8282759447909793,-0.9389342747000511
3.0711350959150487,33.05180372539214,33.58489514081231,15.288551460724989,2.8600865350838545,-0.9488764413193593
3.1330959497151394,33.498771691895975,30.787776999442208,16.52533216841236,2.9182188723760345,-0.9578920381683862
3.0415872808264286,35.180889597326974,34.6827409738412,19.668107854341116,2.798239371518898,-0.96385016224778
3.038105830115039,33.17955819302389,30.29263320263461,20.779139373327276,2.9451889329082515,-0.9655510534010008
3.1384901938315077,31.797567805026816,33.14932455303298,26.34163784552095,2.7436783418090913,-0.9629370410297371
3.1409413584408012,33.558356106045736,31.99904195879934,31.50117439133287,2.7633497979351986,-0.8208214700172783
2.880397203063435,33.004087599504466,31.771051279509646,34.071231427487895,3.0782737705837038,-0.4421049932204026
2.895702635749091,19.359971335430057,34.00539376924938,32.71338847602043,2.9157337150187956,0.027325464910175984
3.0280387248002114,20.487228999672713,32.52962980467267,32.4435146338447,3.0350231065595743,0.4542890790650268
2.9394668778787256,31.800400769958028,32.22911166865355,30.844659271716385,3.055219589511028,0.7349708805637061
2.948954591644071,33.43817611305926,30.552205469922228,28.506090256499483,3.1465821934407128,0.812700548791711
2.8753826657706343,32.137817081999685,31.562387683469765,26.222576507178545,2.991877476415198,0.68596969297981
3.1191309034831995,31.662131490541217,33.64273376617945,25.58910279591166,3.1979348657840845,0.40342381807564626
3.1805542337535626,31.40682049703249,30.54739808989862,23.27613001329876,2.8328491224494625,0.04745695095025061
3.1579568082488887,32.75013511958501,30.764671481842594,22.108343752032486,2.761287679652621,-0.28884940843266427
3.0869262906615726,31.952505944467205,32.90265777379123,23.98657730048727,2.766277830487936,-0.525331395857086
3.184750477358951,32.76182145082629,30.50191656937309,24.32020163968412,2.923423145261482,-0.6131266046653567
3.1414796704310226,31.18924781628333,32.39680461028881,27.360528941654408,3.0418577324847056,-0.543829074142206
2.9773105277604612,29.604726905990198,33.91392618984291,30.463889358387867,3.019936006090385,-0.34799852387654834
3.067943317686212,30.948863502177467,30.852732062891654,29.44581254490614,3.2498677043809905,-0.084317990290288
2.9510313525997676,30.975298276436522,30.220274724509473,32.13189650132174,2.9777550318275954,0.17714479747096645
2.849156808922121,32.50062526047506,30.7962049443444,31.9540064731306,2.9587394513212875,0.3729834748055365
2.832341883406889,31.601423042185562,28.54274517690931,32.242281588868586,3.0124435298599406,0.46130020782568787
2.883980709498628,31.47753577864197,30.804146372289182,30.07488496480181,2.83730829600724,0.43002077122303095
2.9654072850980175,30.536963641333838,31.067861687041006,24.716565841110594,2.9068594966923347,0.2972257951926131
3.3323279413997495,30.791120850080382,31.651554271033728,25.23287312419179,3.011834273587615,0.10411559397224719
2.9918002727867736,28.832709917493062,31.347252005276005,23.834553661741325,3.1399096971017504,-0.09703599150152648
2.94197715309275,29.82520857248094,29.8913198755271,25.246485459206532,2.88655967093232,-0.2565695780083017
3.247396492340086,31.472646266448947,31.198641692348804,26.651708871235257,2.7490726571843123,-0.3392955014981949
2.777112480180602,30.4481975366327,30.166292016272674,28.02558393146896,2.7987008360768533,-0.33179164823285356
2.9877899429521375,29.899308408738552,30.947750483622578,26.942550012863954,3.033690893813632,-0.2437665719728574
2.977619857822144,29.665575572617378,29.59053309655285,30.69559736261822,2.8593842390786333,-0.1036750212001264
2.9251012270266457,29.403166629432082,31.19144794705697,27.826473795995657,3.0679372320136618,0.04984494647340865
2.9490700226454822,30.13862948369116,30.093599810344422,31.527056019780126,2.91312598388759,0.17826438081395635
3.132183247229421,29.968809577383922,28.893168739365642,30.199555362492397,2.9325515771942054,0.2525295399465181
2.836921277354233,30.308668419262048,29.51783448576607,27.843557148322326,2.952158446268834,0.25930347714934976
3.3560414049668417,30.164356489417223,29.663480863016908,26.40641256909807,3.0165478495960962,0.20283754484679123
2.935228286297609,29.76233072819798,28.17484567500749,27.010564596157284,2.7731739211981163,0.10239949864282052
2.953927698344233,30.720788597509966,30.59331585502379,26.438615701143615,2.736092687162521,-0.013727600123340879
3.097492436896257,28.30524574440545,30.43776656134198,24.899909208232952,3.096774968079776,-0.11591569917438659
2.958064477340865,28.232594580593343,29.248864879930032,27.133532226983803,2.928413145580771,-0.18051888370347077
3.2522044536089956,28.80510406856729,30.73755846345833,26.876197014684962,3.0120531343191663,-0.19510432257326546
2.83238990015696,31.492166294049355,29.164975273096477,26.83651325213682,2.819145733577109,-0.16049740194073317
3.156745152435412,30.348299066720116,31.59159639820597,28.844813784556116,2.730726040190057,-0.08942189412457538
3.139043846873199,29.423884638148248,28.36648678433996,29.865972680201804,2.9136920258428303,-0.002363681485544975
2.942776742672028,29.164448431315524,27.971237735472826,27.938415159257264,3.0130222810747807,0.0780927721787753
2.970667456471357,30.510650169878645,29.988806993231915,28.512015712582375,2.883800257055118,0.1329435334196475
2.951236019216029,28.045461209458768,27.69576027933972,26.957192225867466,2.7479592563775035,0.151076574090641
3.0337346740830182,28.09474219791225,28.444324369929646,25.030697252768693,3.1281087730061756,0.13128586799520706
2.9418631470686023,31.261652827645882,30.68427628084401,27.13774649055453,2.9473582821016744,0.0816989455524359
2.9211779008894174,27.616237368362956,27.019619336165526,25.701958867685445,2.8257966636946366,0.01698330357158367
3.1172025096664844,28.89637908974675,29.09126038147991,27.3233219610491,3.106633840677283,-0.045794402911628194
2.960270056065818,27.66236397113865,28.561536149493865,25.61533279666255,2.943158686910667,-0.09153101378095656
3.0688872098219138,28.84012694539124,26.386186171502285,25.280122224526462,2.8043211328596818,-0.11059036900054389
3.0337553867578424,28.823537809516328,26.711201998308,27.569562711206725,2.741242836327079,-0.10067023496047575
2.92655487526217,27.136047961225128,29.189400152976724,27.17537769735336,2.9195324153788245,-0.06672142419640378
3.1198167992990613,29.54829540652202,27.58113339110461,28.00892060012022,2.899888515487312,-0.019109054113845284
3.1255749459901585,27.38433771275752,28.245823712485198,26.7613865567898,3.221740205726836,0.02938296362037327
3.0321485905083945,27.7232901444628,28.073635904578225,26.383481218194746,2.881464370666464,0.06687416446549216
3.2019832666845285,26.422237750412638,26.55830540918817,27.641157155609317,3.1338044746570204,0.08519951337800398
3.1263570329971717,27.99274663185802,27.69560284303268,27.79951447611036,3.0331870660598574,0.08157147441250162
2.962294210792287,27.285446089806477,27.770964541912797,26.679212468464257,3.1757788474451556,0.058788249878431134
3.101195363072779,26.743490284787562,28.15595963550569,25.216048028988055,3.0087908358359345,0.024064605057732495
3.0698974227855778,29.85085217614205,26.703425485454098,24.618310288687184,3.1473885737924125,-0.01310981512007879
3.024616756241167,28.06897000123554,25.238148625362754,26.95680414668146,2.8451151696447337,-0.04347851855271313
2.993408208157554,26.82709093439358,27.405261118507784,28.67203483538304,2.931386784837515,-0.06025022665194024
2.8482392469568176,27.06739006364233,26.141078052595972,25.489468380882442,2.9727207319665356,-0.060535944092100585
3.0515189614857556,26.554140182876274,26.15428793137025,25.870947620446746,3.0497399087261985,-0.045710839722181526
2.840040079706068,27.673568208587906,27.083972261193235,25.054426638961445,2.780054644584084,-0.020706866618741673
3.0900311650764536,26.158831955162455,26.68284397560334,24.771375459298092,3.0119036842612332,0.007498279125011847
2.9018578360949885,27.181489044984733,28.382040141079866,26.95405925842884,3.13259686457084,0.0317579172671849
2.8888036824279855,26.475516371180714,24.25030094938668,25.96776354744824,2.8522897407097316,0.04651020541782971
2.9456937475896465,26.673627464545298,24.599191659980814,28.042963319404578,2.9663305046802906,0.04899300108686878
2.9393544733430144,25.708780933572125,26.39795242616194,27.255452912931098,2.9410844508744782,0.03967125736444452
3.0028963185184803,25.325737268583126,24.642110475204426,25.60375128401459,2.8540474422326256,0.021841788217574057
2.9597693561722473,24.758717740198072,26.8889703801099,23.640633213968943,3.240115185069081,0.000583488101490991
2.9933045062422137,25.57326528855383,26.971293693218197,26.812321051755,3.107182447872059,-0.018634328026905192
2.9701347561379703,25.086507822228995,26.555030219065504,29.89279769553142,3.0604199850327567,-0.031316937437774535
2.976249024463648,26.047288009730234,25.242150108010765,23.35830261339325,3.0061951113761913,-0.03495274668008114
3.0339205848101636,25.194904601666963,24.663080420542986,25.42879474516511,2.9841238009509232,-0.02945109996357718
2.8670468545469716,24.146322198099323,25.461784472347517,25.42382128226694,3.063044794579411,-0.016952713924297053
2.919321363982624,27.129120374729556,24.74267525115378,24.69962614717389,3.0127828906835386,-0.0011137083415358904
3.110547494355643,24.880434552823697,25.26690679563707,24.78556591636832,3.0471818860958426,0.01391653026422516
3.04445337383265,25.907653920834257,25.038406620433154,26.911037589571905,3.0893543019614906,0.024548165185951994
2.793831229966539,26.434997842271027,23.84216074593457,25.298406782839713,2.9197745601789022,0.028575535316953986
3.114290411521634,24.675681304743474,26.340345812426385,25.27332648721351,2.703532808125904,0.025592875867706668
2.9321018295632104,24.068819315381027,24.326590244631443,24.830596185679145,3.0875197144223065,0.016935718480373056
3.150358692858782,25.087005123669982,22.26120289985476,24.406174258453266,3.1283837802598193,0.005203692821991516
3.116786203720332,25.478246674599486,24.35446434591427,23.160865557650123,3.0387774688020155,-0.00648255905770284
3.0960851129016667,25.52767743323234,26.024872642939602,25.20981644157338,3.0721990880880887,-0.01528629337817942
3.02475066075861,24.294741263694352,25.28596619181624,26.040195352735562,3.2386309967952327,-0.019320131651051724
3.1326222988746375,22.752479234650174,23.537471854318376,22.822172299977737,3.025460011863849,-0.018022340922524114
3.021314390342631,23.684046080095317,24.34829651381289,24.879130868309165,3.068435486771275,-0.012177643544107018
2.99783161691405,25.979036168973984,25.07955602468672,22.687085387919293,2.901437741224026,-0.003608565927811675
2.8705590572213087,24.4568923419363,25.207423011413727,25.950002562571594,3.0774374454477713,0.005358767887679159
3.1769477747054626,24.56772404713444,23.243496724080348,24.070520989753458,2.9717398260632666,0.01250468900375058
2.9739333811026487,22.402272983241748,23.43578806553221,23.3108230293122,2.8080652600305167,0.016246804440926278
2.932386842495546,21.30508431730283,23.952805941197592,22.812205258912307,3.1040313563610145,0.0159693438328311
3.2043749261143084,23.034493534069554,23.460666485522207,24.522869500465703,3.0248271149920467,0.012088501758467549
2.9953127484668314,24.847401957215755,25.599366974898025,24.046004579053623,2.9708849978204883,0.005860953392907622
2.957700005439043,23.93478282588909,22.082163946297374,23.15965385656542,3.032948801206023,-0.0009954110061799284
2.9245656056851645,23.19089607904803,21.17823083843567,23.635655679847925,2.875781628012157,-0.006759828828510122
2.9724639159829005,24.206474297801687,23.83483019738123,22.458386841350315,2.880269632160486,-0.010127641006788125
3.133353673721749,23.868760860932426,23.8733620131594,22.91588193916877,3.0395889021217095,-0.01049139012254433
3.1293872088982466,23.61319902048938,22.063617298766047,22.75860592980232,2.9921078222876045,-0.008027691760003718
2.6967201010190474,23.711309297570775,23.282907211145996,22.40676603601757,3.0505288702700137,-0.0035857183476622773
3.088481983033708,22.765962460877123,20.68304485522046,21.6771163757956,2.8387240161091896,0.001578226601159246
3.202565742274205,23.228525027756,22.36706723885143,23.27201590683263,3.03097568587798,0.0061420020910728495
2.989868546992506,23.18729456776421,21.206525320488893,22.856770894918284,3.07273778585866,0.009045109885395274
2.8609520321084996,21.177181799817998,21.699896466584676,23.76619691761404,2.9823693889509966,0.009723880931867468
2.9646028033187277,21.37380858131364,22.977392117793418,24.19343438123905,3.0878648897133703,0.00820520633808242
3.2760059766479412,23.572787496960856,21.351050727757567,22.32182260169911,2.9730013050387347,0.0050483699953856945
3.0006693889873643,21.906182339148348,22.220555514620152,21.428972914663262,2.9728408591331856,0.0011624152273956017
3.1439910337763015,21.660961253058193,23.644794905099744,23.651755147661977,2.9327060463697148,-0.0024456330299174075
2.918753264506277,22.24960591840602,21.133164226054433,22.706365562618114,2.7693197479270015,-0.004924379530564394
2.924407646964086,21.77368497615231,21.042687562663243,22.262471761255803,2.8230402939040933,-0.005771630312298061
3.014288831102956,21.144998573847683,22.946301329286417,21.290474493951308,2.8162180424724323,-0.0049260698606757945
3.2262994758590313,22.408586814230887,21.85541521222365,20.87701285760281,2.901072493339893,-0.0027436424783873117
3.0654923537225036,21.766052713740855,21.812973149788498,20.492451762670928,2.8457163082063284,0.00012553633843442023
3.1149260401138252,23.08767206096125,19.99499004734099,22.01781822425365,3.119084012480544,0.0029210914218731816
3.068464721472929,20.095869991787023,20.919148133046225,19.71739984036623,2.789086505333657,0.004967053131919155
3.039086251703759,22.05099359271218,20.850194091741702,20.54853498332063,2.836808379870892,0.005828967030732672
3.008558463025098,21.7058506585966,24.162068726040165,21.388280168082026,2.931665289154816,0.005398500394202437
2.871657796842168,21.0758750376978,20.375962801253245,22.92742000729543,2.8008219218314965,0.003891295531966603
3.1646369818653057,22.279543329945675,21.16505678311468,22.040695031488518,2.9956888350385826,0.001766175772567187
3.328896398500444,20.24376183575315,21.076579303999246,20.637024916600996,3.1351329550871307,-0.00040776082613127283
2.82562111377987,20.497325029974284,22.548257618155603,21.499938110205044,3.0583513955805297,-0.0020992637064940756
2.8871858221543207,20.526355765475394,19.364557114497725,20.394038705679083,2.9346433047059968,-0.002940894324865736
3.1224952589678057,19.712275894032377,21.44211217798579,21.000218353045252,3.0267441044953087,-0.002804118074093598
3.1922857992609583,21.279958270995746,20.72116511744213,20.18655084483722,2.7980136919243623,-0.0018096980011496821
2.946981752359185,20.81832428401349,20.523793141929055,20.27194375963039,3.0154477392092294,-0.0002765167087878888
3.0385127704021087,20.29039913781651,20.722523094736836,21.11823539963311,3.049947202269471,0.001373337782081828
3.072649252605767,20.279689690482943,20.151344542986333,20.80526933615194,2.9675488928886327,0.0027263029566143046
3.2082750280632792,19.55722515205493,19.774737302867045,21.24913175753056,2.947050131671734,0.003477231257805475
2.9142681676286086,20.001159776561718,20.120544673245327,21.156571026326144,2.8552485410503325,0.0034941664204805115
3.1504436093279287,20.117087751134285,21.428864508141956,20.855789758994806,2.971459752530614,0.002835313630605087
3.0773615070967706,19.36142979220425,20.237004017328914,20.6433676648729,3.0457587065164153,0.0017182530026999803
2.943861161465654,18.38731086458955,20.087551404595025,19.55615192117182,3.110839551353325,0.00045306249168674206
2.995560561191016,19.39697621084102,19.485848155789384,20.96532783671023,2.975207559168043,-0.0006412212777629404
3.072812090269662,18.63391508616998,21.081720763870585,19.30040860695571,3.089276123049014,-0.001315019616498639
2.9769255191417057,19.989895987206232,20.970144535873214,18.830310642790746,2.879951151155722,-0.001442871965634762
3.0183342843089456,18.68372810525645,18.692606780166933,19.142189195770136,3.129064700547911,-0.0010431155074345031
2.9193783987824986,21.0184555258786,19.246112896949086,18.736470488652486,3.038911023318119,-0.00026085323270875186
2.942972567892844,19.583945617739833,18.201029561705273,19.855159464027224,2.8457274393965264,0.0006784359205067908
3.0489838715133954,19.527508277797573,18.673815880290718,19.083178896079367,3.151812961022534,0.0015307901948940256
3.017858170352352,19.395919648385334,19.01042535624796,21.14267525662914,2.898373571059149,0.0020947453325373603
2.9291536627136248,19.67905432362428,19.382729651917145,18.056828833920083,2.786376425264583,0.002256643131651659
3.150767362118935,17.585202319896645,18.482415164585394,18.748553742636087,3.1145077583583927,0.002010612949962982
3.019448769919561,19.822451210175643,18.66119783374198,18.50532715915751,3.0127740783747505,0.0014505778750734497
3.206158149539604,16.701512355316172,19.31657704270653,18.263231954972902,3.1410909312182236,0.000738676203825817
2.863225401121458,19.251701632670336,16.764814617814725,18.27098499179419,2.990116247332566,5.984408590036693e-05
3.005262619688732,18.296878916375746,18.53674128901076,17.909548917993213,2.9583566816386395,-0.0004251792478540647
2.9297957176168863,18.808948920761146,17.79183982792776,17.165160722809976,3.0401659887250863,-0.0006168502335639415
3.032168761505721,18.282247180466864,17.299193520009275,19.304641108182487,3.236946144862578,-0.0004956943458666243
2.997698632872712,17.486495013170682,19.225497139297858,19.22786865837451,3.0113995984313493,-0.00012004593125469247
2.9128569029621882,17.862394690483363,17.514476558559387,18.798746920472865,3.1013969650165625,0.00039494813780813914
2.9406533792663656,19.252413205557303,16.22155244113069,17.39082546526057,3.0190077530844244,0.0009103139935861252
2.8446498734088683,17.877450822890406,17.705663692504448,18.682059330784448,3.1417955163168076,0.0012991508721324565
3.157609813676965,17.320571795534494,18.22087467012187,16.546815241143836,2.988670714942614,0.001476455195587908
3.021208309067846,17.577102016254106,16.632054180032156,16.768605143313327,3.0746877024220756,0.0014161424783187115
2.9080441540368196,18.798728759803875,17.794741076010595,18.05428985023441,3.1683272368981514,0.0011522440999866
3.2286559952217826,16.285358982374095,16.654510805507005,17.19135094892447,3.0445803419224973,0.0007653710726217458
3.18419895613729,17.649147757692052,17.371159152321066,17.173174109511425,2.818761684095083,0.00035902654179467924
3.079151228918127,16.556707403818187,17.891238426469503,17.58940946825763,2.8973747289820357,3.241842609593496e-05
2.9240520058275883,16.518114149262622,16.799118419042667,16.307687905120158,2.980784456989762,-0.00014330618605773953
3.2577642856401225,16.76561112254761,17.197479814665638,16.311876852185225,3.09947341030504,-0.00013992095182874405
2.9395757617906706,17.55403546203467,16.92554417460342,16.270267616845125,2.8081899530600496,2.4762974201314004e-05
2.804626600190732,16.538021439862046,16.25108014856805,16.343412394428793,2.7922134494806365,0.0002952552485239594
2.886124887183618,16.365351259523415,16.31732017727135,16.42927443044246,2.8467067730037092,0.0005951827378737353
2.971420645917376,16.702860460608278,16.63901683642777,15.705221548044136,3.0332299323997383,0.0008476992189321856
3.125722202518259,16.109401572602494,16.753062868691764,17.66234221078083,3.1361081395926833,0.0009942260950622506
3.0873202087916436,16.72827691349268,15.929390819752339,16.522611391207448,3.02062209514832,0.0010071097217371231
2.8929980673459426,16.030874740265944,16.262140909154926,15.634829541266358,2.8673963535397085,0.0008936471252713914
2.8652165308756214,16.36715217934001,15.956847473646691,16.472992593185865,3.0080657346492394,0.0006912550387351248
3.2170904780537835,15.73828652578405,15.737539426476776,15.02049053560426,3.0546482954260377,0.00045573200748246683
2.9593014485400055,15.485221858583675,16.06614682843226,15.967944013729555,3.1056934955246502,0.00024607358987306454
2.822226010311729,15.8848522536011,15.568692701483874,16.366200529420137,2.75294934388008,0.00010983698140090505
3.0935406971346753,16.541450055525317,15.829486234784017,15.176834033490588,2.8134710192116703,7.256835641391231e-05
3.0725967949875757,15.806152204846729,15.555768866781994,15.609278846403166,3.0762520642282927,0.00013351050309630695
3.0432155728574433,15.207559079536766,15.701496562276958,15.01923826548025,2.9205033153635145,0.0002680862518911137
2.935800675966021,15.739190503905679,14.749573396546598,16.13805943585815,2.840482695514509,0.00043596108576782016
2.952650957916003,15.656795486907756,15.537244217965222,15.35490640140365,2.8105270676323406,0.0005922353027702159
2.979097443360472,14.637862744775362,15.659941510405684,15.236881829077873,2.9682401000144916,0.0006987686989082762
2.7701670653159973,15.648946690386081,15.588541857928783,15.502123701884937,3.080517952023806,0.0007328704771801239
3.056383260047448,15.100816193853442,15.31598817728979,14.833358248192534,2.949009661600676,0.0006914701273272812
3.10554263120549,15.548065910548821,15.287002061243955,14.786661259575249,3.013621997358871,0.0005901493767256776
3.0177607541217006,15.485262207012896,15.160147637209128,14.893878389395697,2.988432708341505,0.00045771999142978526
3.011240526031226,14.829739350486925,14.10917768270503,13.747671331523005,2.9034403292886397,0.0003280562042480644
2.9502658921914056,14.65346237031782,14.367781751929174,14.766559860391135,3.0474713591357636,0.00023140922488363826
3.1891750428161663,14.902684820648682,14.634581194751014,13.171746365751524,2.8124271693584877,0.00018736260313909948
2.8333593834275494,14.392176974665347,14.506643800056839,13.318013807788908,2.8562729961667395,0.00020099922926742326
3.199243278299278,14.654647475955178,13.709676457018118,13.820413817929504,2.9941048661894687,0.00026293193696734935
3.1204392957524805,14.284615259303328,13.708594778520709,15.020855563874514,2.9829652856623183,0.00035285252706533643
3.104457529311121,13.556076213030448,13.889559782851203,13.184935028544473,3.0913778166040586,0.0004454280436341786
2.8135425523401776,14.689229195771697,14.576835729452018,13.9147873188414,3.234539503054393,0.0005169043385679865
3.0345756887957456,14.098786186349141,14.611841142890071,13.397241515371878,2.9711124552931114,0.0005507482079313714
2.8447581421753982,12.534868725179706,14.880522720106967,12.984670242573305,2.981159950944579,0.0005410392048900387
2.99378162977846,13.885541403319072,12.42933574660328,13.85806578616452,3.006862858456102,0.0004929824872188697
2.945884763768665,14.020053040398702,13.66903586708155,13.316487047481159,2.9882696372827997,0.00042066956867439765
2.955173763688339,13.879649993985307,13.251937770380026,12.911401422471341,2.8628907825535075,0.000342872438216632
2.8272360399037577,13.543983616044638,13.395227906913213,13.00627620866429,2.9596170284037955,0.00027806640425831724
2.9681160693716095,13.040605084261,12.323379129158608,13.19124649972948,3.0829411968613685,0.0002399602087986626
3.199211672924186,13.951981358948032,13.407186010608315,12.948675387163904,3.031386102165225,0.00023457675579950286
3.176980958903516,13.028906044914185,12.639399452317646,13.1524832019764,3.181705536240429,0.0002594592730839121
3.0816709878130166,12.567496502279305,14.149171700841915,12.67846631718503,2.97696124769944,0.00030501028423905073
2.80276536332043,13.603450128902224,12.953435352879977,13.675777459612194,2.882199566006166,0.0003574511304926247
2.9594950126047803,12.657296748043224,12.570202345634744,13.59644069719474,3.1273085896464603,0.0004025402237320561
2.879337868845643,12.981705664512505,13.34787461312181,12.767387265292902,2.891707423884685,0.0004290789186978999
3.0875347322501194,11.920634835831407,13.668588602066324,13.502325755247089,3.0547617362544104,0.00043137046238739686
3.082397575219082,12.793145319901935,12.692608813619756,13.08660463586962,2.9277304463032765,0.000410125185060818
2.995503993543949,12.760176839098126,12.8261261458005,12.29959691178576,2.919911672144221,0.00037172748697157296
2.9201884222375685,12.414840025886663,12.595250126715655,11.89038221636372,2.9407694937215534,0.00032618619320569397
2.9514363527627285,13.30980360501442,12.756838552141314,12.542243541697953,3.110079864086811,0.0002843821225932895
2.9844911702082904,12.420219456069786,12.470728822443567,11.981446942468544,3.085443583266061,0.00025534407225422454
2.8764684970531196,12.0475180134107,11.625459048948475,12.249948958655441,2.9445659054222273,0.0002442135859975585
2.8198495003067197,11.616640293169734,12.625013175938347,11.918304533539866,2.9237469508396594,0.00025133354363485183
3.071125550259175,11.792737937878519,11.582229367996197,11.511471376839795,3.012704860951291,0.00027258411241379564
3.186100169780298,11.100585482168425,11.587920379191795,10.809785082369949,2.811847791819271,0.0003007752738515648
3.050114505774452,12.12412201592794,11.386519002945711,11.576914484613116,3.0837319002494765,0.00032766471288835357
3.8781017104538984,11.599926114625298,11.606786743727355,12.022387002298151,2.8743214739605722,0.00034605537750119426
4.608472425297982,11.616411142304745,11.657735362719986,10.668229318760933,3.0100334535953452,0.0003514553313554948
5.3766010340920385,11.61669380478028,10.589645842400845,10.626296839590589,3.0857587734692986,0.0003429342581676918
6.580722183666321,11.038454697039517,12.381760489167293,10.881214726646872,2.9024198303083746,0.0003230384235969948
7.295691599679429,11.254841621955833,12.481837945887966,11.39859155599251,2.873891920023604,0.00029686709155705895
8.375162582300236,10.892771001103446,11.163566051412365,10.924141158427997,3.0283400304084878,0.0002706084381897078
8.797014929335194,11.046347103569085,12.09985553645449,10.76682100761169,3.031929530846362,0.0002499384767267063
10.632331706487669,10.3790435953205,10.461883752982224,10.998853340851177,2.916566501143937,0.00023868456816637698
11.067143965145524,10.638284960449003,10.777313355512705,10.133072830986658,3.109980109315021,0.00023805560654198806
11.499226276785626,10.691038777606904,9.883104907130187,10.707618980467748,2.9696449354571905,0.0002465766663617833
12.00697856892404,10.613324225461897,10.504683041883231,10.642130167509682,3.073855408170841,0.00026068243561131594
14.255864041861216,10.870945079531777,9.935388715274629,10.004289632577123,2.8147167511582794,0.0002757674423018545
14.00815870226781,10.874469457911376,10.194058411624633,10.451615665329115,2.982072170094398,0.00028739758578361394
14.748774277438969,10.832804313276208,9.786808998593797,10.20663663284456,2.933877128236161,0.00029237406261565884
16.597930613433277,10.321724835913296,10.170520952437329,9.911504229520597,2.997696279366938,0.0002894036974640199
17.219493966993713,9.70960661911864,10.559330511423264,9.73821124842593,3.1143449061787134,0.00027924696887033496
18.24165352890506,10.02147515544456,10.612953155918564,10.44335298504319,3.101050488334666,0.00026435336716442364
19.308907255396335,9.551411681635884,10.21512477799392,10.347301346932802,3.1221664597495287,0.0002481176295230259
18.854940967278903,9.748384667219458,9.582467763183237,8.956296545326364,2.9525115749502326,0.00023397097847687953
21.17131972833586,9.70940928761898,9.395558375636302,9.218018886543412,3.0401437460267653,0.00022454292186120282
22.546288745386278,9.9064485269967,9.852714640700377,9.169005165344409,2.8696381537106412,0.00022109141081020102
22.26939480104909,9.450896421792498,9.576996096777357,9.422881800637038,2.968434167178947,0.00022331656093299378
24.479841758084362,9.608508196959477,9.85193853621758,9.701861029385643,3.1247168005100017,0.0002295697361127774
24.575815314850814,9.168402665348882,9.192333668387615,9.084306451906679,2.999120046468393,0.00023737255675280493
25.41709032654727,9.457954377190887,9.583167930294684,8.67085289251324,3.0760499276561255,0.00024409244681153334
25.946808612540657,9.045616742362846,8.767125644770315,8.207841114220237,3.016425417904762,0.00024759665046991946
26.11360474260466,9.002161024851098,9.272730274686554,8.834032281320203,3.038993798749328,-0.13566580578575724
26.60559835923742,8.91386258345442,8.839603498108655,8.97905567272147,2.985020220355736,-0.5090713814871052
26.274385542687273,9.356760080878196,9.528725575506716,8.627004930201588,3.109881479418154,-0.9746875493024177
22.420391916902428,8.805956371396585,8.31731539015359,9.030081966931423,3.1117285587629766,-1.3997803851146122
19.434615416247656,8.705101191630636,7.85960838979598,8.176200536494179,3.2009965546965065,-1.5
17.979725726562886,8.613541613538704,8.264212278139805,9.186281796651285,3.342622934337105,-1.5
15.292454624000191,9.026915352547286,9.015755395091665,8.040308091765896,3.4830819377089957,-1.5
13.283998273684343,8.754603124015368,8.179781457217121,7.4831268373496735,3.2972575107434503,-1.5
12.076436684364118,8.138446002168067,8.605378894872148,8.257808348276251,3.4463819014645725,-1.4466809337991116
10.947433530641757,8.205108504712896,8.265197028385257,7.611823174764171,3.5023040955024856,-1.078816755550291
11.302504588622933,8.900703071194686,7.832305862832657,7.278333951331776,3.8629681821331063,-0.7070074477309329
10.634616301551125,8.743345731850917,7.453232489371986,7.97732807680484,3.6473028023560925,-0.42598341667108774
10.290683262796767,8.547895138797232,7.700232176179004,7.3001515860746595,4.271415750115613,-0.2975927602424133
11.181477857892398,8.547031358049988,7.553232010553618,7.133026572938846,3.7001440257921794,-0.34024971710122404
11.692066655005203,9.542909063308217,7.857607323890175,7.200645208943681,3.534113418984558,-0.5287699735640885
10.228644792589309,8.982350353486352,7.609680454263402,7.0372550329552785,3.856132344219508,-0.8044992719233772
10.749203936243296,8.17529090874876,7.322231086030173,6.890617766423468,3.934710371101017,-1.0926178130963276
9.696534222649008,8.871963628661767,7.353972149327533,6.620087860337013,4.201971775911513,-1.3218329787721448
9.478929845615278,8.321266791487046,7.490540281468335,6.480304433108509,4.384186738443816,-1.4414543389366585
9.13103508922721,8.217569305397468,7.791225505082971,6.473698846541576,4.142994664854368,-1.4319268527386275
8.560416180909083,7.948108776627854,7.938120905956008,6.2403938615927546,4.2515830461112945,-1.3068518450693531
7.725562117748813,8.042889740452583,7.106764317377423,6.178018952454899,4.81671654694511,-1.1067697400625438
8.021015021571806,8.93516165519699,7.298954895650638,6.327538422471495,5.105532781245939,-0.8869425257783732
7.200171375127768,8.124037707011533,7.453166734091287,6.0900436865048615,4.90086238733067,-0.7026223769237421
7.496125353188974,8.631786015942495,7.153595913297557,6.270733104218743,5.517552959911382,-0.595598687774102
6.933748200812674,8.711761522657076,6.871084157149756,6.109268454836903,5.191217170097817,-0.5851852855880277
7.424749612861964,8.78986602956594,6.865039971533721,5.231106142729055,5.454133082939691,-0.665465238872845
7.764549965181816,8.744434682033637,7.307195574853886,5.926099706554547,5.571673173692316,-0.8089305719584525
7.507490100643314,7.557519142421775,7.279293730593869,5.523965653389764,5.566828036463001,-0.9750758239324472
7.505891385929164,8.451593028629588,6.786335052952597,5.648538504272189,5.832891276257292,-1.1214123965239655
7.385285496703442,8.634556259701332,7.073763838196025,5.670723367466381,5.41076586362737,-1.213998706459493
6.543314844510386,8.12982933707025,7.2935678498470615,5.092829950410577,6.155794082349354,-1.234958995641628
6.717494017125741,8.857103528399202,7.5944279824200684,5.342936160377721,6.584618552128607,-1.185426763500922
6.426973437939677,9.097840837372024,6.986928487349462,5.3816583241078275,6.478886988499299,-1.0836032115139824
6.620356478478267,8.71231209675092,6.735416932935645,5.207274353449215,7.175121960500495,-0.9588340074545156
6.2318927251375005,9.137169691821594,7.223505797305182,5.1922021826139595,7.160847533155811,-0.8434922647032992
6.606345996015401,9.212405189487768,7.1696401726651615,5.256285394191939,6.83210127040375,-0.7648311366497587
6.175602387093804,8.099940730772627,6.767343536450255,4.9520217594881935,6.451014971355102,-0.7387905078412822
6.044856667945731,9.195333287809865,6.688784403387032,4.735341177712053,6.175917439418997,-0.7670976901797419
6.051812439357549,8.744760355755814,7.3442446044673275,4.626706123867306,6.208066881564316,-0.8380849906795058
5.605361487719599,9.55998080544077,6.661074828498704,4.727249624154253,5.529308194564524,-0.9307029365991346
6.0644807076617955,9.377007599206808,7.4163441080061965,4.591207846471294,5.033746922688814,-1.0204712375443032
5.249166156309642,9.478430053241386,6.974184372491609,4.513422943993222,5.210648346903169,-1.0857451645897906
5.5936239027862085,9.885950451960989,7.269727942151963,4.593222829011439,5.282368606613789,-1.112740912363477
5.3366773627729955,9.448104613891939,7.424243853403044,4.563256285447055,4.949232104042772,-1.0982046395221752
5.736210240270104,9.899989808784431,7.038207516646204,4.404249540246631,4.771270934298067,-1.0492832085473205
5.349982108529455,9.666801362622508,7.420512920137243,4.382827141381374,4.815844438954712,-0.9808743904188642
5.450720317006276,11.223016594613622,7.537912116675385,4.2476804757996645,4.2839621499309555,-0.9113220110073137
5.534988258501425,10.790926113986334,7.921607576698901,4.2124804827769795,4.297508169561547,-0.8576476251918999
5.426746666181338,10.466443728967871,7.6648854964320945,4.496805204723595,4.154957196311885,-0.8315194065331859
5.179274532843738,10.154765678908845,7.405365255173006,4.441158829000203,4.147738791590734,-0.8368759578488194
5.232485360837169,10.607545190560064,7.5426470000591745,4.4319445877396,3.9270188476052383,-0.8696406313695135
5.409707532859098,10.567128934068087,7.293569909121508,4.406456728066597,3.8131354397401758,-0.919414533847863
5.280627914994944,11.093497230659374,7.9746290282345225,4.258421019989324,3.8639717180308333,-0.9725630159444267
5.060546407765402,11.263251619081881,7.954138710727055,4.1941454917666245,3.377879192884894,-1.0158210814161657
5.009078855422093,11.270762661688469,7.258581396512737,4.389245825730466,3.5947424055917896,-1.0394930825057787
4.932394311431438,11.918042127774513,8.465221919989204,4.319886388763203,3.6058262885511914,-1.0395024715762973
4.839791211206721,11.35122710665983,7.949167086707127,4.578201546986956,3.124893950464743,-1.017893334154413
4.736426701474327,11.324972753533396,8.052795820806473,4.461702576458933,3.3777975127214326,-0.981797493118497
4.987111573448341,11.535980902908081,8.484186053615533,4.207663989857419,3.1930743636979897,-0.9412530214233275
4.666400019423533,12.389600503058793,8.42152583110499,4.44657831485467,2.974609218596368,-0.9065054989947223
4.852580005863945,12.323569976169605,8.481330032987971,4.837617809997146,3.32264338230385,-0.8854940936648361
4.656592170369393,13.854866053327672,8.998310431068296,4.3539840651874355,2.826484204913255,-0.8821185896503374
4.635059528461634,12.55157852364313,9.300678648474314,4.880460091557972,2.868066047119212,-0.8956416476656266
4.316341817391469,12.788443418446244,9.506563516425906,4.632304715993365,2.7466239380638804,-0.921273208733062
4.626058113129617,14.152317059275566,9.191627409751923,4.857832543970006,2.8556666038995084,-0.9516915904580119
4.175958464575702,13.754618747305745,9.709077706871483,4.812107568199663,2.8072640593690483,-0.9790486868635739
4.064059330577999,15.302063465879847,10.475372376373523,4.836873500172914,2.682322781513112,-0.9969281373428271
4.1089687414055165,15.420275549257381,10.236393245263649,4.546908003373061,2.7392338542760557,-1.001783361609998
4.506010071303395,15.264009913831824,10.14116925615007,4.981242112656614,2.5160331358141286,-0.9935506850164485
3.997830014448611,15.201295087542611,10.204491009763782,5.034399879448978,2.507659163634402,-0.9753604883207968
4.173461141256196,18.318263784250597,11.695818052128704,5.366395692678754,2.698899205141185,-0.9524956655701657
3.9123129516367814,18.523763575049994,11.260766162818893,5.434472073540208,2.635508432877957,-0.9309167873032562
3.8531228126480705,16.82679904134962,11.838503935552355,5.299501809612781,2.603987427059162,-0.9157509210978028
4.102311909295589,18.793235540416198,11.833545433585213,5.528055811420354,2.429947420466028,-0.9101153242762188
4.134675862375215,19.381569511281256,12.447350025458519,6.05742786296675,2.541396666646041,-0.9145333867406561
3.8969468545673367,20.945819605033652,13.187156869690474,6.480294238490851,2.5015214568289963,-0.9270335338128488
3.849070545187755,21.751158112707774,14.98664162920708,6.638897607415104,2.49333873643931,-0.9438474463061127
3.707741492570326,22.245955749600437,15.156778887106748,6.392553906044177,2.495481854778568,-0.9604851288252055
3.508020484016771,22.611540486300907,16.228496344579273,6.901708187584616,2.400690585456578,-0.9728918970810544
3.8162978859069696,25.02858842022355,15.043206252146232,7.484388173114203,2.450658088941037,-0.9783981810384887
3.8141823272693296,26.259652371936,16.903517549478185,7.91691406571062,2.5203985242261995,-0.9762488559548606
3.6403414533201377,26.92822645755002,17.544463296077517,7.968865190266544,2.428522638450168,-0.9676199432595325
3.637161988015661,29.424809232339996,19.338435129412588,8.602552048807166,2.5640956161286645,-0.9551634464642007
3.6087098998296168,32.07763994249188,19.54281005081642,9.609866361210903,2.6136715790903766,-0.9422324159009339
3.3458693365926475,34.44273196674095,21.432477015250182,10.355619240418283,2.567451873368979,-0.9320029025947656
3.6741989394793335,34.411664951928614,23.102709338908088,10.09877249447792,2.6813247798578805,-0.9267156651031606
3.3010490727358883,36.0929087644043,24.748657584955907,11.856391710619004,2.7035564847650098,-0.9272119055949909
3.3549668192592876,41.5165632745278,26.73813758520478,12.327807896186982,2.754865553427654,-0.9328505040764369
3.1501644975934657,42.4642342256606,27.441909887580668,14.508818321694015,2.5646768365999355,-0.9417936409578136
3.482941010745251,48.31392379499286,30.98903241096108,15.495987466478994,2.746505572731522,-0.9515590599435186
3.134589019742967,54.028528515998225,35.356792294976266,17.517447718943725,2.860773854758957,-0.9596811139949518
3.341075266542824,37.80830727979051,39.229608184265054,18.94904214148278,2.8163799166013868,-0.964310016168703
3.2270001784374176,32.25860177596716,45.41963530374677,22.80814482467034,2.8890671342533967,-0.9646086930134556
2.879885971507084,28.775825587095476,59.39471118729906,26.457597336187533,2.921112614113481,-0.9608682525445869
2.9404056043219677,23.069681915640874,46.81443345930693,31.51797357318821,2.9760517258346444,-0.7611187852634923
3.1720793692911875,19.261963161372584,42.42048173388553,38.47323438680697,3.028621885978328,-0.3532658367654821
2.8665539675759795,19.598454714390876,41.563120983152444,42.811694303762025,3.1115531080721666,0.118165492697384
2.9733089963623462,19.707956292347795,40.77100347528951,37.1737162285056,3.238516584192616,0.5238796973323182
2.7780597437151164,21.473607163702155,46.6220542573425,31.515768733944906,3.085042488186581,0.7679351586481183
3.0756363634647013,24.865617292620545,50.137303485539015,28.08787328477928,2.8562754210150576,0.8041415559290414
2.958437957863136,27.22793024127979,51.150110028954494,25.39035357726702,2.8588319306816743,0.6415960546695969
2.871729233308813,31.84880992196985,48.962555083112974,22.964368726015632,3.048715674415149,0.33718357333291515
3.0488858214879024,33.165391644093454,46.55021186795859,21.47023109912363,2.8917440022582093,-0.02259335102882104
2.895542377810848,35.71586658108567,44.449609147898755,21.794230628208936,2.890661602398075,-0.345303284570694
3.1084977262725975,28.95327050276943,44.907469264487595,23.629567385073276,2.9838142862825507,-0.5556130439371352
2.983943043670032,28.65329232113274,50.94181436928325,23.627911691930926,2.9873808167461773,-0.6121291814772847
2.943943134337248,26.357998607365932,51.80758241105749,26.37497011190603,3.2098142163550585,-0.5145045250112634
2.9554303572543335,23.004868849247785,43.49193477450208,31.032466001704538,3.0261513731769574,-0.2999348541234754
2.958962738697165,21.705370205291633,44.13402501939236,33.402732814824425,3.1640061932873147,-0.030826021426237117
3.2394025503297454,22.929317743874616,46.23803712394284,31.526116366433495,2.7920483184713603,0.2225960328232287
2.93756791025939,24.189697005128508,47.50986602584875,33.84376312073167,3.131929745167352,0.4000582018009222
3.0737791216963006,23.55968745155282,47.40114211498047,28.446785373959155,3.059412883481697,0.46503709990797987
3.312559312836455,26.38815411943569,53.082865119305026,26.404584198933062,2.6330329796002725,0.4115704173432671
3.135752497397549,28.733384321297503,52.40617331902992,23.776519246632322,2.8648800554332317,0.26303652585814175
3.1462471002931522,30.159547047791104,48.17980704916923,23.974803862879238,3.05305321208329,0.0639013609664303
3.1010143562116936,29.95148998900432,51.65517191831676,23.705067804096668,2.9650221945419557,-0.13294479456652525
3.2075755252288185,28.961088180379548,49.48335898760102,23.729561301350962,3.092720960931845,-0.27979374209336244
2.7521301932245965,29.671788233236988,55.07613107233813,25.093220652718532,3.070640394539248,-0.345275363800736
3.2144221528534125,28.071178192812507,52.09354474266147,27.409245744821277,2.7780254244034404,-0.3205626958574972
3.053430354462914,25.729206451595793,47.351313177252244,28.218028814363635,3.0290034454344843,-0.2195491052292366
2.9084010425992024,22.672345914907343,48.51102137318441,28.88512394595576,3.133711627528367,-0.07348137189329378
3.218924678567557,23.961896163582903,46.87683139284078,31.00990112223799,3.129460034017962,0.07816087250755012
2.854283045025413,23.615568522504972,44.09963920935117,31.085646130766865,3.0709299528610363,0.19799185062142313
2.9801928636339583,24.769026272988814,47.912110279898044,29.35302023658578,3.2177943503042106,0.25963404406872614
2.78734727973197,23.9108628888358,47.50626574568867,27.876769241157028,3.0777506523086067,0.25317453270259
2.9543181871635404,25.957570091129412,51.29484008302271,26.562623151015814,2.8158960332707244,0.1861379504788382
3.198452050876321,30.16965775327782,52.13945858691465,26.180474843878624,3.0265619209034273,0.08013126837279204
3.0054013309155074,27.034840358184482,51.06981889431248,24.694443472555665,3.170502411083417,-0.035644874716085115
3.2001593575781793,27.52400080348729,50.47923900700293,24.359660518381663,2.8012411707784484,-0.13216550337741953
3.1140652196934657,25.16461351907742,49.17472376956057,27.01013107792741,2.950694123172972,-0.18762875529296852
2.8849974349051024,25.75900571086071,51.94136889478773,27.488375878382804,3.060293457385797,-0.19212962102039555
3.00458803439296,25.9475898384178,52.04562282651163,27.743253731016278,3.0661160982544304,-0.1490301985766937
2.9284291911790885,25.194233215214055,48.765783737025394,28.055216124502543,2.8795116453181704,-0.07298181257696644
3.035866538033259,24.641789339689534,48.36867474421675,31.522642543607756,3.1418651758953025,0.014627060126431151
3.039406396440913,24.599355853733414,46.17899506384209,27.153345149617383,2.9823116811331785,0.09146435929942268
3.062114281094864,26.266497125951997,54.333710320375715,27.764437707131627,3.0129118134217956,0.1397711662565055
2.979226690013653,24.964119078909995,51.85302891919689,26.2062614230102,3.089562393962929,0.15028334776825764
3.1291262192256784,27.106327894189334,54.4230878029677,24.876484103975756,3.1270282444054383,0.12374329239462839
2.936125959650046,27.43838629564857,50.75330569952201,25.52347752513185,2.988788867045885,0.06984456066144196
3.05820712685421,28.00669429062701,52.57030507797842,26.886987449581788,2.912581090031786,0.004090648641008745
2.951418708025807,28.02578730490351,50.5287590959268,27.81179671666085,3.0582337726646336,-0.056485435958105776
2.9296184187399197,27.252940292109315,51.83885744320463,29.7462030379775,3.0024870159469583,-0.09759962036723352
3.0977263191890256,27.417765803629187,51.4714787929036,29.106780203946776,2.782473400839029,-0.11095229896015964
2.9633168156792724,26.30643315539017,51.09592192938566,29.246689472918153,3.0076671646602238,-0.09572479329977242
3.040501953564917,25.282217862254846,46.96973055338905,29.086839906411303,3.022415900491688,-0.05812461909427086
2.9690950621592265,24.022378522733828,51.5215298175956,27.635605098063596,2.890487733317005,-0.00926077264550142
3.0743040901590573,24.585575498203806,54.253406984761774,29.749097790910227,3.096129679859196,0.037987965133269484
2.970187961398723,24.651791587027855,50.577335458952945,28.048718665573574,3.0509698955437567,0.07226162180217974
2.898849370190826,26.68831577865367,53.237821911785424,26.202579760386357,2.892815355696553,0.08635056818876034
2.7821495254810533,25.26135087563493,51.622413856552875,28.398540778128464,3.093717145031274,0.07858708460431377
3.1417755682724495,27.20872080039885,51.79926432307913,26.67217628399667,3.092247807310938,0.0527667364399792
3.097231917225411,25.2242532328593,52.853518317347664,27.23038941124309,2.8582543155608287,0.016747208512663793
3.1898036217054266,26.952180523154393,50.267936049292885,27.08343937270426,2.951819697247399,-0.019818840844598416
2.9740081145827917,26.037507046547177,53.63898589963981,27.078458934403237,2.9559906206848163,-0.047989528954325636
2.975012270173386,29.158720185367326,50.731544000329166,27.84192153236056,3.102319277192262,-0.06164750242745657
2.885399966034617,26.33538992776915,52.351310716305505,27.16233346529439,2.9648166867018997,-0.058741606899422774
3.141119625189771,27.46498700202353,49.45514140492304,28.96593893869085,2.7793142967524096,-0.04143056203196188
3.0054405390132697,24.258566827018512,49.01454690979945,28.025982639553188,2.8003543718718538,-0.015189660620871442
3.087489783657814,24.928194400366955,51.312660922359214,26.339947706764576,2.9199043806280782,0.01281148930310725
3.0380318962236172,26.916445304071825,49.9457823733853,26.37795858583902,3.0300353481042657,0.035601702591075146
2.7930949770700333,26.01043641065185,47.1957723701403,29.90300655967893,2.8283559447663777,0.04808721757892575
3.021423814199811,25.434573657122684,52.016812735382416,27.132198230112397,3.0047978598465384,0.0481270805129935
2.949340484910786,26.877479924943767,49.93126102869113,28.711787616201235,3.0022686194400863,0.03679599945855654
3.0393395184642604,25.6255431738729,50.8770838979294,28.151825022482356,2.8558349037907136,0.017841733492246638
2.9564317992905,27.983133988177922,52.46156932016794,25.810825858448244,2.972393766810038,-0.003460536847629014
2.945477743140848,24.782937765217994,54.4745387593329,25.58591460793564,2.9970506048999854,-0.021725372326402318
2.9529783383783137,27.15108298413197,53.48308730445385,26.08172480583892,3.100689794139119,-0.03277718756553556
3.155442443519521,27.03008956995069,49.14916594530025,26.59965403333642,3.1429163209741704,-0.034560565045994016
2.9994188941629245,26.67878651704306,52.9074585861729,27.017542345516663,2.9762599416199573,-0.027455080040604977
2.745460953883868,26.38880884081476,54.36160285039034,25.227434346071146,3.107121788920582,-0.013970082303704758
3.048504285944289,27.366475671730715,55.170104879816705,27.294346553550266,2.934302471717594,0.0020520940542138764
3.162233026793237,26.704341979963846,49.816625204698255,27.829774928979507,2.8321588791984014,0.016487633681043612
3.2696183673252985,25.30728376848997,50.7738464064669,26.628824562392296,2.9667101209037456,0.025959320935234488
3.040417834348769,24.30311695325868,49.834394152383034,27.805957211639218,2.888614964795016,0.028593076225493064
2.8614704947278207,25.51988032167967,49.40625788706668,29.227612039628376,2.9159107972349063,0.02434259191227213
2.9883312353003735,24.781091630012593,48.75322787535987,27.163354386059247,2.7496071364345,0.014840826623669444
2.8563250791804444,26.11708215875428,54.0631998471286,27.902020413913085,3.05872689240143,0.0028558543204236456
3.027412200884256,26.14024190733179,53.80189740184462,26.47640584493914,2.959904044631835,-0.008481935068805834
3.003409394908072,25.96751530408752,53.084961550169815,27.172029373019505,2.8618974392404684,-0.01647324597222104
2.797803929296022,25.274346176724485,52.80565107737842,27.04982948993873,2.9284383564845538,-0.019469030961010415
3.120966796715668,24.867998994520477,52.089641842409215,26.01160142901483,3.243062987466485,-0.017179957702998058
3.247968064135857,26.9404625064831,50.25116561694686,26.185560806329192,3.1372142083448478,-0.010627955512841077
3.053254739302919,27.89877554055238,51.32946815853459,27.8125177057544,2.966689974986171,-0.001782919396140944
3.130115921263185,26.84733284219372,52.292213607022525,27.071275417482305,3.012512029332035,0.006999503380118722
3.1298529070225336,26.00264926570427,50.72824726974758,26.392170520057743,3.0267530413226003,0.013584848720164978
3.138898804309848,27.09562677757428,52.1965810670784,27.731053565508443,2.9977459496983183,0.01655989410509117
3.193229978152264,26.368979725019223,57.411633517970984,28.119516628253397,3.138862943208357,0.015513500082045936
2.995334983147833,27.068772682212945,56.501081947042636,26.299642950581788,2.985821996104706,0.011049058639684943
3.013356553150114,28.302040308175215,54.35265860099393,25.949025376375022,3.033846408868317,0.004548980814441341
2.994474652110191,28.711713324105006,53.41281062632034,26.836741652114718,2.9681977881420023,-0.0022297923373989573
2.850067643197074,26.4339683586416,50.681697557719815,27.890761705665152,2.858940672199315,-0.007616057438213598
3.0685411420573563,27.9954290886754,51.907546809310794,28.05817424191099,3.0282703849173234,-0.010423519317411083
2.779766325030983,26.525822969838888,53.792844666371856,25.6450953447452,3.0144729726095805,-0.010197072328858806
3.156303623219794,27.009691605763138,51.26404870494042,28.214578476799314,2.905003900384307,-0.007259627910319189
3.1752910035452517,27.706195049728294,50.649076202588866,28.06916428613947,2.9231868510591,-0.0025655286643038147
2.7659945942335566,26.525667958915715,53.09543214959173,26.21285366991167,2.9096250995040673,0.0025868741707099083
2.865866455639066,26.653850811161906,53.41364226884501,27.30413972649798,3.0122283277360546,0.006901228246919511
2.9300298437432644,28.246453463791184,53.81386697207442,25.31126020769717,2.8831816058325606,0.009398455128437807
3.009673169741472,24.693315333785854,51.87395275560148,26.054556098909252,3.0646438663472715,0.009627261315359991
3.196857680890067,25.313927107028512,52.51475217261222,27.425877022041618,2.7915243261623583,0.007727818141829722
3.080424147031102,25.719750824372827,47.500182182559115,25.79174574190582,3.127375033534081,0.004345950085110714
2.9721464663844213,26.648698830090343,50.88340567367911,29.15477429511021,3.084197284214776,0.00043178034711695377
3.094461748297792,28.337599531781628,54.140004865616156,27.06748994887813,2.9652999075568176,-0.0030180692862328616
3.0839559850052325,26.69859422008888,52.270553679414526,26.874339215484458,3.009140397332942,-0.005207057923780888
3.1013916392693104,28.909027786158845,49.91595030294455,27.86052447002022,3.027208554009693,-0.005715063416219759
3.1346896193281744,25.466599807720584,54.651299661767574,29.51857035782086,3.0698573871834123,-0.004567709247519195
3.029794651056797,26.282764138610013,53.40435116077002,28.27347685399106,3.0033400901861245,-0.002191165004049204
3.0297005828187116,27.73736882253137,55.400148762201574,26.702611310543332,3.1536584045160088,0.00072656960588096
2.9324091692363483,25.796307953965588,48.57917934972023,26.15824931044996,2.8586753582495885,0.0034259678043952278
2.7634779819930504,26.154302239617905,51.79797819970623,24.92562450597542,2.9692343074949963,0.00526704869967809
2.9330598144272484,28.98778810476014,52.327512825394685,26.554248023575337,2.932792923455766,0.005874657794136462
2.9691056640220106,26.62840749578544,51.98598493529116,27.659127332598153,3.0204337835848616,0.005206605905061999
2.990963328705202,28.221936440378023,55.60401657745634,26.779463689452474,2.8542915017114985,0.0035348291019711093
3.136065544204028,24.58758076345173,52.76482429296029,26.337145444610602,2.7379143973375344,0.0013517573666147345
2.683086508897185,26.848968631160382,50.00673086140742,23.540741974542737,2.9394936942973926,-0.000768786250012347
3.0221814429851404,25.661320434932247,52.88111253666732,28.160563917125742,3.0491059181630558,-0.0023183329512502454
3.0499122987217855,25.219514076154443,52.626824136763815,26.773020099040362,2.9840174487228714,-0.0029717845881596103
2.8990873813092817,25.954575075938735,50.579514686540975,25.030309597220906,3.102577893102545,-0.002650492910518998
2.9590886331229895,27.615938284809165,51.22252434972414,28.025497210871965,3.0098979257657623,-0.0015198544854773677
3.040354192217266,25.688424010044983,51.59011965668348,28.28238502484079,3.038085175775792,7.226919148629055e-05
2.9622474088082247,26.53081379120255,48.569987010409925,26.570803440428097,3.125058652079329,0.0016961490130063
3.150547364213459,26.359922627921815,53.03203763738658,26.51352515023474,2.788428149256952,0.0029519132999181077
2.9419837761742076,25.75839913732539,51.70989710661635,28.269746139984765,3.1071783589314625,0.0035642410457139475
2.8717958100582766,24.94610586838639,52.549044137673626,25.848143001547346,3.0886965401349262,0.0034384698565661483
3.16734191691625,27.37769052067384,50.84860871177368,27.967829312889837,2.889243072485552,0.0026678383877821498
3.087385339305777,27.25977900392235,52.32388637438619,27.741048913063906,2.9470187757707698,0.0014943724815020417
3.0849257457451738,26.130129281804003,53.10981185446021,26.69009282632012,2.9852696949819393,0.00023698505451630225
3.1411668249760374,28.944877990028253,54.06180477794804,27.63293251400897,3.058444743680484,-0.0007928483400049482
2.927630359104228,27.375994748998053,53.05918853887073,28.85539814768285,2.973312830596549,-0.0013662329864665157
3.00309997674532,27.70760081067752,52.82415297252907,27.292791976981327,3.0852099015670933,-0.001385334905934946
2.962559178987909,25.15111549533367,53.642315328310595,28.120062465320206,2.9252773889311463,-0.0008957310291100005
2.8736044583248845,25.512516182995544,51.86539041616425,26.709848299188423,2.931950862300199,-6.278265460837247e-05
2.8173974430816586,26.187772274502592,55.357683144261266,26.91256906556654,3.0135621675547974,0.0008790737162701225
3.009438903992782,26.69625813979494,48.107934496309596,27.867590861323475,2.917030832071963,0.0016894113565940386
3.1795518250641535,25.24116673794392,51.5393508085325,27.174309203331745,2.771766198385205,0.002180841390927694
3.1515633227422053,26.996594678725028,52.60087591436128,26.478391932595606,2.9910141930847103,0.0022599749110828148
3.1137395614062022,26.980837493152553,58.09810762350721,25.59275496256959,2.9248232266779417,0.001941930775078442
3.0403371795393546,24.976053635229242,53.978919969672994,28.02433678604308,2.987855615202357,0.0013371713020343392
2.936522219398225,25.378353548313306,53.17944898330576,27.328655233388687,2.9006163322374023,0.0006162881639812736
3.001646343210953,27.566288855078035,52.706096863556766,27.289314081165937,3.1096287532064957,-3.6765170046121706e-05
3.0579618881747073,26.190709186707338,55.73513389128014,27.352251347030126,3.1422849692914583,-0.00047060423992188527
3.102640667613237,26.815959390758316,54.213519364750304,25.326733530218142,2.9055339234524324,-0.0006004041465132011
3.0341154068908756,25.985633991035797,52.64267768448141,28.485197271911073,2.9347807862861712,-0.0004227224556716016
3.0584093843547695,26.422861722246697,49.68190713703113,28.561512323971613,2.9949442340078645,-9.223028118194814e-06
3.0254062856417816,28.551554583334553,53.12903961365259,27.844981119151836,3.0867046944159595,0.0005173276362916426
3.3873794979826632,27.627136964801533,56.087099691279995,28.322696021632797,3.0837047772246033,0.001017400932478163
2.863414952798759,26.863361166085767,54.54793619956879,26.336237355555312,2.7130047249250477,0.0013701236585127927
3.0136873750097743,26.27344862804272,55.59130313868464,28.43492759824112,3.1264242290029687,0.0015010599785085152
2.953097706805681,25.547740393114125,51.85706074526174,29.661762378841342,2.899129767179077,0.0013962649280521854
3.088717344339417,27.58092421585504,53.17496072857717,27.14402712240045,3.1281973900491216,0.001100389796324984
2.933824749823427,28.686230675385847,53.87723919848467,27.57301777998805,2.936728599009324,0.0007006945121743708
2.9231610496244578,27.642752944573648,53.99333647022963,26.356275558915563,2.945513041937061,0.00030208933853710694
3.078387859161946,25.696560330161958,53.38390353749151,27.242787945104563,3.004636171766013,6.331373960541072e-08
2.840705058863266,27.336757126185244,50.10579633095737,25.7782523683142,2.951418624150003,-0.0001417283293825226
3.0645744388601366,25.71267167796084,49.78957433703815,26.30232123263319,3.1451121337951515,-0.00010417122726684525
2.964520590261592,26.41887085646819,53.6972156284813,26.256994101701274,2.7664571215566296,8.655025934822646e-05
2.9016844384677767,28.575855815161102,52.09803698526651,25.867532489325065,2.8026996133891493,0.00036928427790990873
3.0491528562648345,24.41423203045732,51.03266630842393,27.02827256264998,2.98062396781173,0.0006658484904011561
3.002071898049478,26.63917884507053,55.837273169945604,28.254984251283304,3.007595641404415,0.0009015432673697435
3.0683896542078615,28.357384802357632,54.731102132037904,25.42029726329691,3.0254675840874174,0.0010230242620272781
2.905551443313963,27.64590351667816,52.98385607346107,27.064177293829353,2.9150955787388515,0.0010094161406782448
3.189950390167303,27.486951991696007,57.02683175579093,26.655207976855916,3.0579831199349767,0.0008745539135405194
3.113476675693515,26.98055500505752,53.90561244526034,27.91701214316057,2.7475651693203944,0.0006605820435020221
2.981173655850375,25.690898351579808,54.2589033331581,26.260956787438406,3.0232791679931346,0.0004252243608002813
3.0252233283842034,27.56211880853327,46.23258090939947,28.542256230358156,3.2341687519032067,0.00022637574219899227
2.906561994754982,24.89099101697864,52.009547240452314,25.32313289067396,2.858732714769513,0.00010799908075610049
2.9872356295515905,26.448798246280806,55.12579809868967,27.78734163278443,2.9329791848384525,9.064522821723632e-05
2.8602232241110865,28.28920147284403,52.176460450700795,27.598952110656363,2.920270264716095,0.0001684986408684125
3.125854540591547,28.664026724951917,51.32551225307413,27.550324011661548,3.0860262141107944,0.0003130971897315649
2.903974859262713,25.958271754198684,55.348393987429134,27.547157280025196,2.913029705796191,0.00048223755073649677
3.222570966698567,25.92411983915064,51.644256792415305,26.155263488685296,2.7071895158053563,0.0006314458718356085
2.8378483449051397,28.489405171846357,56.99530776724226,25.54186170583662,3.1137401570461334,0.0007249982411973488
2.9894908471429322,24.621827511691123,52.03409082932687,26.70620099767299,2.8802629743284265,0.000743848627288511
3.0228243374985087,28.069195556255544,51.287222454265546,25.754152988968375,2.922228229343717,0.0006888054635477875
3.1339888526800577,25.98993705285291,51.78144934031824,26.6928462392068,2.8877432359263224,0.0005785992364312372
2.9563119468175874,27.680498114289374,53.97172793883438,25.690875363875318,2.9352545288316327,0.00044375790353607324
2.8707092876835847,26.94211876902022,53.11048816528176,25.963549441371708,3.1125838165839284,0.0003181469334119516
2.9145946100912425,26.41280519738568,53.04652419943519,27.063059325429307,3.091436073561279,0.00023043673107071323
2.958011474414826,25.999431260996158,53.314205459149406,24.08294660767256,2.899371109148215,0.00019758008511140663
2.885841620383494,26.400947304476805,49.04740150596159,26.20561846615666,2.8229406368908814,0.00022171110683532466
2.9667442123329315,26.87269957536268,55.02947821513015,26.843954760836002,3.142447715931477,0.00029092117536567497
2.986676251326843,26.962442091389562,51.58414267237224,26.952042942951156,2.9659128571381714,0.00038338416632728567
3.17382307112057,26.7113241158329,53.33126218442486,27.400940983986196,3.136695644382053,0.00047353436853847373
2.8471652575347677,30.420732513232817,53.65354048181746,26.70726136483049,2.964159588427228,0.0005386143409339845
3.2516957822742225,26.0399440049729,53.198125860653484,26.377508103969813,3.170593386587399,0.0005639670379854265
3.06357182734108,28.89053117348981,56.064580880937115,27.33063817755144,2.9495149134308125,0.0005458942045058196
3.0739229590167065,28.13908710291625,52.27338038395961,24.84703704051848,3.0730451181520313,0.0004915982314845994
3.078273170915825,26.64048970352385,52.530617197722165,25.143240158676125,2.812494620710131,0.0004164765690469998
3.149208046791451,25.979954406972684,53.93139644090164,25.84417499468661,3.1251471731122686,0.0003396584901953455
3.241472591315035,25.560885712630842,54.79346507837284,26.12738949648247,3.1596873705202957,0.0002790239176647213
2.8720667243621896,27.257100774839607,52.35276353803373,26.063618990391735,3.043281653476593,0.000246961691882028
3.1300225718010584,27.860219536679487,53.51280714387518,24.90279434920273,2.8482530588750916,0.00024783480986654427
2.8803894338705547,27.78937322857979,51.112712683846006,27.807826386691612,3.020078650839275,0.0002776202221738182
2.814588551671749,25.46780690530674,50.45027132470361,25.989231311470085,3.045633479205684,0.0003256207498666966
3.067028818353536,26.22876938785515,52.49471223672282,26.700735763849213,2.9921832862208664,0.00037765141652233475
2.9958901287041435,25.244324749368012,52.66672721784694,27.668876006563973,3.4526791727806785,0.0004197959584506035
3.205591476643874,27.962826780283322,55.15205360384129,25.19377373486731,2.9825039326208964,0.00044176957478126626
2.9111706112730955,29.428778455341686,52.84980035705995,26.895384788637966,2.811089160369871,0.00043910405736195194
2.9907450161990408,27.044392487973486,50.38843816908583,26.80961787810576,3.079031474493526,0.00041372651966061717
2.9561931924474854,25.94932257683768,54.791783252551355,27.686567579511784,3.0762022957743005,0.0003729313214286943
3.1038773730952167,27.064136211434125,57.44765775518414,25.105488724767365,3.395824644868595,0.0003271358150305473
3.016608721507786,26.073350361401253,55.66365544010958,25.547621708019612,2.796549921084884,0.00028707233495056325
3.048859059942415,28.163701961993194,56.85636360782653,26.57382065906047,3.092289513829039,0.00026114900226639656
2.8915503141538146,26.706851513359588,50.793333072136136,27.57233737751352,3.008199470634206,0.0002536068002395222
2.9311859353824765,26.67045988064125,60.0295282102577,26.262610355321332,2.8294811851623316,0.0002638517666444963
2.851137603210215,27.369444493017998,55.079007578027614,25.641244162233885,3.0105157853605666,0.00028702208225580785
2.7425421108894277,26.801454938883545,53.60487255466494,26.155192017379754,3.1800022964795476,0.000315544114480983
2.9124711298157924,27.87208938706872,54.83339032562332,27.101305725248945,2.644967379377802,0.0003412123248040749
2.9855972754501026,26.142645853043035,53.75764227942681,26.136253482808574,2.8335881149112354,0.00035724112859471095
3.0029147344388347,25.299057561190022,53.338720943267916,27.007846559067694,2.9465557942363634,0.0003597918669285087
2.9645517962293058,28.778410780365547,55.529471796816104,26.516452943645074,2.932422891851432,0.00034864920479803495
3.0558550191455396,26.77027892193257,51.78144765552307,26.262330938403128,3.0454577118771886,0.0003269567156309516
3.105285884504133,26.63901870531909,59.482346876889686,27.51502133233081,2.872548708033639,0.0003001582349507871
3.0274837096967144,27.995998412684308,56.071274195920594,25.310816671931555,3.236458298348795,0.0002744720181442706
3.1299677998620266,26.51211879131414,54.46168343586226,27.70800684012841,3.1329224618625546,0.0002553098347677917
2.991662543207347,25.978207227388186,50.864121919831305,25.30503177630044,2.9446289738932956,0.00024603050549380496
3.009487908227998,26.65741816161527,51.532064489007986,26.814127199796857,2.9107797168266556,0.0002473019565520712
3.0238302393239986,26.942487648384112,53.59712173205538,26.938325902471544,3.0189009425427495,0.0002571738338065834
3.0828110666223116,26.97364276950312,55.190552895248445,25.018188786685435,2.880148013873951,0.0002717808935741653
3.1095525420550074,26.073166458347547,53.94789102493292,28.34166752881996,3.092321858165753,0.00028645087060310756
3.098445052520125,27.47505728992385,56.71636607812076,27.71269799948832,2.9412068865749386,0.00029691188087116075
2.9655293097054236,29.08614945778192,52.64129213356581,27.23596021307301,2.7930279774050426,0.00030029685332805695
3.052522206153592,25.05904606714793,58.73937597845288,27.214238005789067,2.9769994472020134,0.0002957183180201619
3.002011220584178,26.67250104111663,51.377473162867744,26.84770518684287,2.840520714228015,0.0002843112406661839
3.112752321838205,26.508022130756647,54.039724813144424,28.574270288476697,3.0004717054939007,0.0002687799809838777
3.163014457368027,25.438540324073543,56.43609377474685,26.922723024677325,2.975812523922747,0.0002526029631529463
2.753796420659539,25.5652668031062,53.536010614807765,28.343928885726076,3.0148253689472715,0.00023911851193771653
2.880519520646208,27.334983115144958,52.515219033354036,25.254862936123356,2.956883519333809,0.00023072469241976505
3.222409602737995,24.102153552422998,55.50300464247885,26.101139124358088,3.043735549439549,0.00022837789525819113
3.1985960581410535,28.330009186994758,53.48587466658863,28.637786648783912,2.8862753695759804,0.00023148606627823793
2.912708983767133,27.393737451375284,53.62000219129904,25.335678150392898,3.0521695869224543,0.00023818806282901233
3.1181240057995057,26.388357711236157,59.044030773307405,26.94762063523373,2.85511032356795,0.00024591740734530897
2.901975458074303,27.258787617849173,51.56825657142105,24.691852212069783,3.08616462519271,0.00025208839469563216
3.0706209866217766,24.542899466130407,50.187685586536865,28.595436195063524,2.9314006285181677,0.00025472690370660417
3.136445411115016,25.57535171709373,54.71378791735192,26.62982594766985,3.052043631945482,0.00025289724604859803
2.9755295350621607,26.019210228015407,56.294385275558234,26.905211254369426,3.140659737635351,0.0002468390147325133
3.0152351803370996,26.29401354669915,50.43920305453405,24.921670895254564,2.903312691688079,0.00023780598130803776
2.954533902627033,26.821231269184057,51.724433893672675,27.542326897710645,3.0191992383777446,0.00022767228989799685
3.0618403525006643,26.85926338639619,53.24698123795967,26.98427488611015,2.713664015164325,0.00021842211687189957
2.9547407763195954,27.272482965553298,50.404122333718675,26.520444833422175,2.939633386668284,0.00021165716737273156
2.960193621504962,27.490091309279528,52.39400387008265,27.88975552748576,3.0850743259659263,0.00020824029368876363
2.8960037720791987,27.384386974150807,52.900954503862444,25.538089944079776,2.8605627020347804,0.00020815005709408563
3.1223197711068336,25.258071516605984,55.36507625526547,27.127939036457963,2.7651267931896544,0.00021056318435790843
2.8639605908987553,25.66632780699761,53.89632410599064,25.251182457174192,3.1232959627143977,0.00021412493246081662
2.905165585444376,26.4045333123773,53.06830702217397,26.603089691617463,3.1768210248868347,0.00021732514618432838
2.986879102808834,25.376249488647346,55.44315804516783,27.270733276541403,2.8236749345473253,0.0002188792611308874
3.084677081025183,24.34024050158562,55.05805487508169,27.397417164301054,2.9736786731526568,0.00021802110741752273
2.7478708037891924,24.388675807162947,54.84502447294294,26.70601677175908,2.949360562189235,0.0002146439743542089
2.9683078309855198,28.518896076007103,55.96180231117406,25.851422042767364,2.963581666482803,0.00020926887414109553
3.037782083971727,26.150332295127185,53.481639534450345,24.97459453637619,3.0501160200568185,0.00020286283228876915
2.8795192229102815,26.42145433388113,58.34958439285317,27.1445314328441,2.892063002483965,0.00019656453124021914
3.1742445226318177,26.276197696062923,53.086640149133714,27.80828339474582,3.010392724980296,0.0001913921671078871
3.2717172520257978,25.560889615143495,53.06272554998751,26.66629325561002,3.112915279667305,0.00018800616301884197
2.865186839927786,27.804457428646323,52.62717433825905,24.949042480074006,3.2594026675712793,0.00018657968470121665
2.968334002862488,25.1454919261908,53.02754222607013,25.75521793429141,3.234513838380578,0.00018679904303122523
3.0328868900861012,27.096031269509442,51.73208791704516,28.52928099094913,3.0638476097695446,0.0001879825315144362
2.8397057222735262,25.64285629748719,54.27202948195943,27.38183142179819,2.9101964347124074,0.00018927842834774405
3.078331270170221,27.237711533177873,53.16928394768256,26.87376704101821,2.8661966207690464,0.00018988706171719813
2.900530787228017,26.694375139254337,54.756475107924935,27.5998747748261,2.894614687009461,0.00018925079819336678
2.9729677917125286,26.49747668830598,54.94847932344969,26.77892408659062,3.039181139656727,0.00018716852703727687
2.825588175326396,27.128184056540192,53.73403943054486,26.46025489767752,3.0702869809918845,0.00018381338269234812
3.177815516685069,25.77427784255425,55.727121569869766,27.520748364820466,3.1870852823843854,0.00017965785057516353
2.9291262757765795,26.75270717301821,49.729890584479804,25.68917146233121,3.058002358286535,0.00017533257768874647
2.747162669476909,27.079599827383433,57.388000438968994,28.417372481846357,3.1855195455514935,0.0001714590388121016
3.110339546850826,26.083859263020063,51.94995000522481,27.395139993171046,3.2641699977567162,0.00016849906259658212
3.0116728463169804,28.600019018694677,56.81583792025613,28.176463309408263,2.91026548140674,0.00016665635983785198
2.9909574194659276,26.17706976003071,56.81314430638026,26.45170058724546,2.9468311508427787,0.00016584946916045108
3.1448179867803887,25.442698589446394,54.2512196285604,27.476229363885594,3.134891149631128,0.00016575646131124623
3.04225351844505,25.905049011330462,51.1926700662216,27.734431070585384,3.124044404009772,0.00016591425062474887
3.1039662130158776,25.798058767107435,50.18804433021612,28.200701758056717,3.032357245667103,0.00016584357425546918
2.8865968889598017,28.898285103923033,54.31765802727772,26.719904219011003,2.998759743311066,0.0001651669833654205
3.163461368700071,27.015827902120837,54.27529699154623,26.19824429133078,2.953301992038505,0.00016369174555935228
3.0747191969689522,26.759983151809493,55.981952681222054,29.614026162138472,3.1571383386457046,0.00016144055266207713
2.8195419577610674,27.40672006221327,52.31080790217731,27.460010553709335,2.923961113887279,0.00015862712404631223
3.2036173406284707,28.162448730454447,52.47455545048826,27.899627668842328,2.9001719265545765,0.00015558745900315861
2.914656994017305,27.303427771114542,49.97192762404512,27.996075634796377,2.9001242434252053,0.0001526873438507979
3.0371280561608947,28.534393306764738,51.84543850387162,26.413124215876426,2.937203924486913,0.00015023069664197157
2.942908699636495,26.21340565008532,54.768658155459434,27.92100858469615,2.7455990427918855,0.0001483909789028721
3.1155787304384934,27.385930422809075,53.233861239683335,24.927961968731605,2.940578260696631,0.00014718034833914546
2.9793075792336947,25.64375467942455,50.779617613494,26.237426859441918,2.857434076415335,0.00014646075963720817
2.9824088054187508,26.649333125669838,53.80071139455193,26.831165935872843,2.9518867567591838,0.0001459906452139579
3.098951024573553,25.70973882697208,51.5300253893471,29.09821397430169,2.861428846904555,0.00014549270658318296
3.046968855489775,27.693772030562815,57.529181430147844,26.537254614405093,3.0023648374054055,0.00014472447461785093
2.915220310686546,28.232822037483775,51.18671788352834,27.692968368621464,3.0122784991823215,0.00014353422741477734
2.909557540468362,27.014813828648645,51.95883023908573,27.84954236103944,2.651531398449219,0.000141889937953106
3.0884651023067327,27.08491567759023,52.06515058537146,26.879907523629644,2.906071864651721,0.00013987656581039714
3.1417415720811515,27.71842360109688,51.08779631671349,27.233937731269314,2.8067031975499126,0.00013766511886343275
3.0413681854349983,28.047031164311743,53.37319371860102,25.02780806088473,3.124737528654527,0.00013546348101906716
3.071895036898104,25.938536075707233,53.1211778973648,26.577381152902564,3.188937765036025,0.00013346256567635313
3.0146400331686887,26.98898898379284,54.08541107345852,26.28748427496008,2.9514461011183784,0.00013179130578197645
3.148081811492559,27.523257282045286,47.99401378212234,28.96983613369992,3.046454570565607,0.00013049066105031183
3.1528691663235384,26.258357233747038,48.87295247873784,28.01385550674746,2.762026782873522,0.0001295113049615835
3.0626811974016364,25.315256865144637,49.83920012603084,27.36080447290872,3.040740174128124,0.00012873348388761668
2.952287918350034,24.062893054540893,51.66047493644187,25.76587691829024,3.0124954049400947,0.0001280022785292962
2.9444909308685987,27.408519320599833,49.42334310197187,25.53396532313492,2.8999577759609996,0.00012716834024780382
3.2051989707829174,26.227802107495478,51.69521440435489,27.702920020712835,3.010997202104881,0.00012612371120352962
2.984029076539651,26.838262541842088,52.411837260213346,26.070956348622975,2.9620468799704236,0.00012482444196600716
2.932040147335288,26.949751346615127,49.549551071064585,27.00757536612496,2.9456071498308236,0.0001232956565985104
3.0520604627104797,26.11108268074932,48.68043336862876,27.285700004885296,3.044915412965486,0.00012161936718327562
2.9979973730658434,26.84021287175264,49.24148530927396,27.16618163159161,2.786939672339694,0.00011990951121931617
2.8597435695200133,27.27242621644796,53.94124743709482,26.47400987050152,2.905669109450718,0.00011828140255812852
3.01411890465528,26.793203968544766,48.966238424051994,27.390735010548244,2.8963262318171874,0.00011682351834176743
3.114078505234555,28.54516590325092,49.18297674391623,27.17914271521267,3.2798220322617846,0.00011557828273023945
2.990069885561133,25.668180336561374,46.83899729733769,26.153460177662264,3.081562130073874,0.0001145357373443031
2.92299509000267,26.02062609125182,52.663616843471495,26.409746025707914,3.1199430382167606,0.0001136405116719802
2.984591278559518,26.074071098417257,49.73879898947826,27.11486126493368,3.0644369715622695,0.00011280923509345548
3.1199288177474727,28.306771586209962,48.16345848245954,27.409232590398968,2.955400612809731,0.00011195324062215373
3.135288983167038,26.959019777025034,48.075336153989426,26.723936418453892,2.9481282871723478,0.00011100057291330129
3.0880521548330795,27.3829117779015,51.38832256295476,25.319549606642617,3.0776259322802613,0.00010991200654079692
2.853540462647154,27.261430191095528,47.76255174648058,24.09241444821242,3.0872006592204007,0.00010868769972414214
3.0856522100899952,25.794940906103896,46.299906061631106,26.45524709602534,2.749882819632646,0.0001073636833864679
2.927212050860818,26.351852366905103,49.11233855025882,28.245772015328072,2.845962883113317,0.00010599992812399567
3.1606249345051047,25.337248937003896,51.44020832091828,26.178071800428278,2.841130793511308,0.00010466362946818416
2.7340647061020027,26.63003379018902,48.75134869337523,26.9632606778106,2.937143757200879,0.00010341219616344317
3.1212365118779153,25.561178433589482,48.52899854688008,24.675687153965217,2.9414340680922,0.00010228010746903808
2.975655730998638,26.382352794519985,47.82446298059206,26.783519063481084,2.9617501815942298,0.00010127249928666254
3.1494263753198437,26.872812589739876,43.87987982733139,25.547505843917182,3.0932971768569133,0.00010036645126747237
2.8621232562248737,25.354292622111036,47.18243417925823,26.317043541510778,2.9278905229793506,9.951898918356822e-05
3.016751306014712,25.603844686034563,49.2472166034288,28.818652293997,3.0055443118907466,9.867926751572705e-05
2.9016199361791863,27.878804866580133,48.37465911654588,26.266167476327507,3.002234955793174,9.780160314869647e-05
2.823454329513817,28.15666021025966,49.33295806899847,25.79375270230302,3.3446764660081625,9.685611346826038e-05
2.9901879281552706,26.285997948141702,46.65710472772436,26.346731429992346,3.02980687950478,9.583458021264225e-05
3.0647857254838247,27.682115365208478,44.43330485169252,26.064101787933332,3.1045649278418788,9.475052913511451e-05
3.0140175535959104,26.43906006376524,48.24510462791654,26.951971513610204,2.9100213183601555,9.36340120108831e-05
2.8165659719403915,26.48936591451222,49.96028026454182,28.474110760196325,3.133032152973767,9.252282349062063e-05
2.906794743835716,27.336994961508545,48.948105649645505,27.483792896946106,2.9564550038011386,9.145260189302452e-05
2.9431486256458514,26.249673524012703,50.05934009527965,28.033790610701125,2.834964496429048,9.044832045571521e-05
2.8549598664536022,26.529715124185657,48.151680106222074,27.503251780565087,2.854171133724457,8.951911764660677e-05
3.1568637309104006,27.50964578365417,47.083138736433284,26.90196776589727,3.036511393238377,8.865743304447852e-05
3.0202646633090464,26.781059339046745,44.22290744557278,26.693254283552815,3.024237971005719,8.784228216649956e-05
2.975366449478648,27.272973184555774,46.31207177448671,26.11471799892926,3.0726675324222095,8.704551215326681e-05
3.03395981051903,28.546656239951695,49.29244198028597,26.996691869667817,3.1117641508888934,8.623925493876204e-05
3.1168703436579612,26.08224893899346,45.99724860235694,27.947921127954803,3.0017158376164805,8.540266006288885e-05
3.0446717207151535,27.712393404519784,47.111277855347794,25.182192549751218,3.0264034557993558,8.452633131905753e-05
2.8495754810849507,26.40538836240702,47.343892133306625,27.086457510134483,3.0037247921027173,8.361358886631603e-05
3.016519418242451,26.85963450559929,47.92868322789399,26.705580753408977,3.0268577832181887,8.267852659589963e-05
3.065930917839422,24.154282840416712,48.23019353749624,28.21117600783005,3.0298289141247396,8.174161817754445e-05
2.818716584536637,26.310833049648696,47.72515112377126,27.255314797523937,3.0352281577744584,8.082415465098584e-05
2.9719451370284493,25.635852524615377,47.821263152102794,27.090356949180173,2.8900375818004367,7.994297003724216e-05
2.8058176170778952,26.956355843456652,43.49966824573412,26.519481800767146,3.043822165156999,7.91067124695531e-05
2.9898061695229314,25.207889303338625,46.50194117384711,27.32564126689551,3.148041403490304,7.831443347614881e-05
2.93634228459717,27.598539308524394,46.341861793513175,27.891774082884382,2.9806043353553324,7.755663615413568e-05
2.9017668617985177,26.036874672091322,46.79486301068894,29.38971494065888,2.990593962984023,7.681831195104623e-05
2.9937263935696996,26.930537484928326,48.3417485821621,27.063958778817216,3.0986976867756537,7.608305345318836e-05
2.9429871174584967,25.924694266784673,43.60332031084386,26.769563119363855,2.8337918737495715,7.533714823126849e-05
2.9217903464771124,27.223854132069395,47.94611147983969,27.074671876066567,2.85452671763446,7.457265926175104e-05
2.9253523351032213,25.992612681104063,46.33521614561022,26.081541067099472,3.0595667350552427,7.378883099948268e-05
2.914074575039816,24.706193574925955,46.43668641734161,26.638984022708314,3.124077562127806,7.299162513208221e-05
2.904260175849066,27.12144025752968,44.86876949233907,26.919752345694295,2.9112514646893466,7.219166268313063e-05
2.9754671581115777,27.160435650388063,45.324601370352184,25.61179741776939,3.0949683061897253,7.140121219155773e-05
2.9192482451053627,27.182116172280686,50.11583519191343,27.82152886163381,2.9885517961858072,7.06310407935696e-05
3.149416389458874,24.09029978916417,47.09900764696467,26.283175833033688,3.045267132884724,6.988790601356889e-05
2.7785320494668686,25.114811143309016,46.81019830652984,29.24167366190137,2.8975163071755916,6.917324235636266e-05
3.067873210095295,25.383988932582287,45.47808643325567,25.780864627289493,2.9576269449215125,6.848325878570919e-05
3.1280154784647207,26.067492604821812,45.98055502171197,25.891685436470603,3.196069452373711,6.781029901124639e-05
3.0853186572013174,26.07491378044596,41.85174592572553,26.92090157478218,2.849684143605055,6.71450236988845e-05
2.808307743620253,25.610268641886677,43.11269607359935,27.890371028075577,2.878710295788488,6.647881183768328e-05
3.092897952341729,27.43972817878765,43.16803427071047,28.770794336304963,2.9497602546222152,6.580577728218343e-05
2.9270268584246515,27.60966617141902,43.638041963916855,26.116080895500865,2.951109937223915,6.512394415018277e-05
3.1059680908709453,25.540445864140597,44.01147709317443,25.51659604123007,3.0851284594695016,6.443536767795033e-05
3.087672303325506,25.620858439853073,46.38081025921131,26.38056693903244,3.1318140861399724,6.374526404665946e-05
2.9321001410654337,26.79559599442676,46.318131706323236,26.55317813986984,2.86311697573682,6.306044726928102e-05
3.1048050943460628,26.998843123685464,45.739557466626316,26.629371693250032,3.038694439242394,6.238751408796378e-05
2.879023547474369,25.694215242070687,42.45580239414649,26.974537120786874,2.917050664751461,6.173124045674995e-05
3.0585859034963314,24.965971364566112,42.95648787435748,27.235796104982366,3.1140285570994832,6.109356155535679e-05
3.0397492098835697,23.981878755444118,41.908475777593914,29.033238561240495,2.9295430962958755,6.047333246708861e-05
3.0481001950534368,26.614469098196757,42.69107852525462,27.682519909393548,3.100050429630034,5.98668591967199e-05
2.9808040753017075,23.59651292483618,44.18096067562193,26.502617649683796,2.9886023999842504,5.9269004067065564e-05
2.8705695021633693,25.764799078684714,45.41690850556475,27.002943652370647,3.2030864144061133,5.8674545606266954e-05
2.765544061275289,28.186038570627684,43.92890235706392,25.46832996202215,3.0689511595821486,5.8079440560056004e-05
2.999666792574221,26.981551561541554,42.1042450380475,25.61841990361497,3.0335772896162214,5.748168843063761e-05
3.1694531445554213,27.421095609180913,42.34159560199798,26.312994085185856,3.0134967503515657,5.688162414291351e-05
2.9292547895306438,25.965013384879512,41.76545080415261,26.17196210121036,2.7775956270493865,5.62816167291205e-05
3.1568425454221227,26.79127265638372,45.20854638955366,26.043304237374215,2.929052240914096,5.568529943865094e-05
3.062384703271775,26.125708076592918,44.084442567780435,26.412945193971524,3.1004990363272005,5.5096559829287815e-05
2.9545813009281496,26.56843277141169,44.63116103401031,26.867706068604452,2.988317989885044,5.4518556413668106e-05
2.9411545757130635,26.0733899015004,40.686503803846534,28.22751175557602,3.0571197446030447,5.3952998826114904e-05
3.121887396659004,25.447271406045257,44.42750726344402,28.104289098330877,3.1767575389015175,5.339984340869543e-05
2.792097402248929,27.22180564071467,45.65350723106352,27.096849537543516,2.8505405367822454,5.285744261891724e-05
2.9902215306147557,26.76566539112447,40.56426579174938,26.114332261391773,2.943546771693348,5.23230714451137e-05
3.0238941189446833,26.77253488850182,39.1202793300876,26.86114006869239,2.893786862726201,5.179367031947283e-05
3.043215882945237,27.42215594745995,40.04000336578709,26.152428848165997,3.1521475368592644,5.126660455047692e-05
3.0428834786308228,25.244462599919256,44.45088882444156,26.71794085428835,2.8455034757445623,5.0740254260133956e-05
3.085330789846118,24.856635474823534,42.430425837247796,28.004477636802527,2.9092059744672727,5.0214305911741485e-05
3.3362654749933016,27.00451429963393,43.05144681726064,27.54051206740007,2.992512094586924,4.968970045707535e-05
3.066017161218979,25.510284663528,41.29255504192595,26.35099461762557,3.0185634226622113,4.916828114387224e-05
2.9551776066850337,28.411521444580245,41.67442633296583,27.855193071267436,3.045287438270328,4.865225257604183e-05
3.2035949181273544,25.608759606820914,41.560383166190256,27.137669276945154,2.976086915688693,4.814359914046199e-05
3.065250114465652,27.903929067829832,44.574857029353154,27.714573643824114,3.0692021251656167,4.764360830708585e-05
3.081993757699953,26.68664277887034,43.30960248999479,27.60744356760479,2.8615046476793364,4.715260499990343e-05
3.0764357840811702,27.026344231928203,39.121249660215625,25.800547761701846,3.1241220160617975,4.666994369009946e-05
3.0595037956719713,24.83707235990922,40.405166006050486,26.95002247580174,2.953845826887707,4.6194237524508395e-05
2.8828563459015046,25.670889724455655,41.54108433242092,27.343525631688152,3.077256181805197,4.5723747819484304e-05
2.912839466496537,27.140534041256892,38.253877132628126,26.530521305731696,3.164474178496264,4.525682537982325e-05
3.022860673211704,26.214154182620646,41.3007687978438,26.148003323000154,2.976980476922993,4.479229145507869e-05
3.097989866610274,27.124053475577696,41.47051811502223,28.29801405740498,3.1091538228730795,4.4329671148945795e-05
2.7142423047699644,26.98763518940474,43.305125814702556,24.33969999296874,3.0787376749816686,4.386923520581891e-05
3.100020976995542,27.744580018383132,38.49228685217182,26.875208854656886,3.138510559258195,4.341185699616421e-05
3.18059130866368,27.339279851319365,42.783729962807676,28.096623624282188,3.0637867849247185,4.295873518702995e-05
3.2840323143656938,27.45492701883318,42.05145986520898,26.619789008053008,2.9501711113469855,4.2511061947744176e-05
3.2599364658788796,28.161304818658227,39.24100181124573,25.814192991705564,3.1091247465050413,4.206972157982834e-05
3.23491855577947,27.568483103485562,40.81903469648265,27.40226737057493,3.0798973335394755,4.163509081668262e-05
2.983279888286498,26.717990945481453,41.68908769604516,26.890087915290636,3.0617980326761507,4.120697987343482e-05
3.259003187096093,27.448310913623015,36.801219848266996,27.709558912146036,3.0320696628108417,4.07847169684937e-05
2.8482980381622656,25.286389255618566,41.042837753011725,27.553531159000833,3.0529603332284148,4.0367342540496186e-05
2.9794646624117,26.44452952977307,39.244968493805374,26.138125162070054,3.031205800526804,3.9953856935558356e-05
2.88761462789368,27.532419460515836,37.647029537348416,26.00164553896273,2.9569607432532488,3.954345607344276e-05
2.86933090916514,26.604418328877166,40.292254950757226,26.33806837232794,3.0150943841200815,3.913569912157067e-05
2.8256652053890217,25.96361209315871,39.12795734953243,28.12566750452859,2.8846227209310134,3.873057326600745e-05
2.738288489821837,27.43156857233904,37.79055847234288,25.67345897852958,2.7934562993439838,3.832844876687581e-05
2.8643741885864924,26.905978950896337,37.518181482541124,27.260412024153172,2.832304232688407,3.7929944726057775e-05
3.34064383087142,26.012359831224185,35.91088255853296,26.155541287130454,3.1479852766689653,3.753574641763561e-05
2.958152721238731,25.21765084307429,39.304290358816104,25.712415775361293,2.8584927176332586,3.714642231222002e-05
3.1143518559752144,26.819957598079323,38.61972431990064,26.444519131965112,2.9669809570406853,3.676228560950142e-05
2.880394532063197,26.374906001561417,40.99329597910902,26.89295761577901,3.2211298947630516,3.638333040047381e-05
3.0587006373545202,27.301029252117115,38.04204679542441,27.619625679897997,2.711190904119042,3.6009250898909925e-05
3.0427721985770115,25.745875685044453,39.00154883496323,24.533409396494935,3.1301126418829184,3.563953215831948e-05
2.941840479345143,26.489673123551164,37.05427446934596,28.000951027157246,2.874472168486075,3.5273583880526243e-05
3.1126250971409672,34.801883747912115,39.35863140267782,27.128059465566764,2.958576378610958,3.4910880904639004e-05
2.9935623005325382,36.911227955166844,38.60670925827156,28.11139964388088,2.773716111372353,3.455107560865587e-05
3.0327282659187063,39.464572953150075,41.132424382769905,25.676906306139067,3.179233522810918,3.4194057558360515e-05
2.9850911034798466,36.9361212694198,38.19491014133109,26.810013914664463,3.226035182689616,3.383995031308269e-05
3.099159665871323,37.09405954038203,38.04714490962415,25.74819351885185,3.0229354749190716,3.3489051343875824e-05
3.0753039231946087,36.7424760370802,36.897911520265474,26.91252539980464,3.0234039955316585,3.314173552241976e-05
2.957188642372007,38.14185447370488,36.8763810149341,28.127995330749172,2.976167358764532,3.279834772590514e-05
2.9967888923180572,35.380329088895685,36.371194523714756,26.730218968299706,2.963194141345056,3.245911272845043e-05
2.8924174519028636,39.01252329178885,37.32551632354551,26.45561399297266,2.939008509140959,3.212408187702473e-05
2.769966398989368,36.57263472537796,38.377233910251405,27.10343886384571,2.9658694532273966,3.1793127126377464e-05
2.972226106514976,39.01262506202904,40.636008215617004,28.05349437518573,3.1308168673199015,3.1465978885722756e-05
2.948538137825679,36.07796187905606,38.33605565250385,27.882389098727167,3.339826728126405,3.114229554132579e-05
2.667430732847281,37.88133831709047,33.73666303674784,25.22905077334106,2.9619574770023287,3.082174412818728e-05
3.0040948445415343,37.922362799400524,36.53808015768206,25.121768866382368,3.0272686096782544,3.05040722650993e-05
3.032759105725595,38.00526188191674,36.091117461939014,24.93669170535376,3.173582137543733,3.0189153977459064e-05
3.0294624866616697,36.061237180862236,36.412073769820815,25.778716712466927,2.8787018215384435,2.9877001106427445e-05
2.9413226556334062,37.12673321261978,37.28390595390063,24.436227294951706,3.1119655151590906,2.9567740131798714e-05
3.144789206771278,37.15349763151967,35.0588294908749,26.781833412785623,2.877686089333994,2.9261563120625423e-05
2.8830524327263416,39.0392723459819,37.10246225173485,25.79764477970247,3.0741577268709266,2.8958667362277273e-05
2.9895083500529447,36.83956423945725,33.72046457557698,26.016937129286102,2.9441053846940055,2.865919882641275e-05
3.1117343473139925,36.01476578999459,36.22466906848608,27.175985379220563,3.0129818596435602,2.8363213270890158e-05
2.8880760386505284,35.80830980956329,36.63846327941518,26.367056977602125,2.944119998251256,2.807066271891384e-05
2.93498650240162,36.753578750711206,36.00557245385466,25.603746785912648,2.918069127557149,2.7781408566758913e-05
2.975607120252141,35.81589707501667,36.73826288095532,28.226964479166007,3.0121233642719463,2.7495255453385797e-05
3.0711035550663137,33.12162739617517,33.171716759567964,27.608270691852685,3.058563070996917,2.7211996277708973e-05
2.96618335074026,35.921401186539526,35.70924869007558,28.717238317918245,3.027078531841977,2.6931456048926267e-05
2.941645583836762,37.63387354232619,38.336249104121876,27.54827271080194,2.90615825206692,2.665352433001073e-05
3.0006275536336324,37.65960143892726,36.560025722703706,28.554441188488646,2.920130726446246,2.6378169118906674e-05
3.034560483317552,35.07164174370027,36.64568878818314,26.809573650687565,3.3041379628414687,2.6105430463460523e-05
3.0712007179137264,33.44520859063147,38.07779438812563,27.796123081980884,2.940489110139178,2.5835397218249266e-05
3.123457726102277,36.623458145847444,35.0320524053675,28.41155044878775,2.977467024422867,2.5568174148187868e-05
3.1059491449196956,34.177959551057064,33.78928622478431,26.896053415814954,2.9496435251316786,2.530384790684278e-05
3.0953207369069666,34.92519410794503,35.88940165369595,26.322916279166193,2.9013619288970185,2.5042460585497983e-05
3.0016832963084403,32.638808649235855,34.592589056013345,25.773703488448124,3.0236889173111337,2.4783996485752512e-05
2.9149896600219907,36.152115449190525,38.03134333269926,26.81463414832943,3.022301048303461,2.4528384154675287e-05
2.9923170221126387,36.963724937348395,36.30216960827858,26.787273905353096,2.9748878868481587,2.4275511941617984e-05
3.136900913620124,32.50302624207909,33.889216340805156,27.917982598615623,3.1502647610254697,2.4025251908887855e-05
2.981663479436049,35.12778943205076,31.205286218454514,24.863760391524426,3.0804160676347783,2.37774857909889e-05
3.102044634284847,36.72142175246079,34.50896692761547,27.99061912213609,3.112424756154879,2.3532126495158557e-05
2.945561604378945,34.88220729017873,33.27338550440705,25.848615454656134,3.173154867181713,2.3289129883441323e-05
3.086868415562313,35.84768530894821,35.56498213736173,26.474238275765185,2.85197131270918,2.3048495521983364e-05
2.8674967494394927,35.012268483601524,32.94437453243367,26.605489454255075,2.7969926414226487,2.2810256545397244e-05
3.019603817559484,35.92874370146453,36.978910603941216,26.365249558357903,3.0976976515526102,2.257446242084858e-05
2.8339395470051714,33.83139912333425,33.07861051522588,27.930028223436775,2.942194853620954,2.2341159189129128e-05
2.8116576867349163,35.12656449599923,32.80478926279918,25.6283473277902,3.15363527278113,2.2110372500118394e-05
3.0016104752555304,33.30913581389956,34.05876959141525,26.41622768856568,3.0596298396268398,2.1882096952767065e-05
2.976032888253094,32.68561150649898,34.906014349271736,28.098521715202025,3.069295252409102,2.165629425991301e-05
2.972426034277324,32.48216398720385,31.458547009518178,27.10328335622638,3.150788392255536,2.143289932282655e-05
2.811850670089744,33.244639791392196,33.24464216482206,28.67225328009787,3.0532575530117767,2.1211832583106835e-05
3.0539710120919192,32.56673030403028,34.64731037213459,25.93335163459705,3.1542280765255346,2.0993014789980076e-05
2.808238744858789,31.87380247305894,30.150410939976318,26.257221758366942,2.8204129399177322,2.0776380542489043e-05
2.9192573816762377,36.09722122418941,35.946642205310106,26.947021899614597,3.1466609447004954,2.0561887102128112e-05
3.0576336027347546,34.6126508975135,33.07836888003731,25.715779241934772,2.852689034824392,2.0349517330087942e-05
2.9278254866464444,32.718306318684675,33.05484198238407,26.261417003869614,2.901098389706863,2.0139275927874243e-05
3.3538964822118964,31.379346576742403,33.82585540633642,26.183393756523177,2.9678595108190025,1.9931180918427893e-05
3.282895350208587,32.90661772745195,33.359635166794604,25.98052980902932,2.8590114689810116,1.972525243605044e-05
2.8823928681643274,32.19961319756376,32.7699040222425,27.363437095469838,3.064089346704047,1.952150242990574e-05
3.04469694943611,32.859645626679665,32.854544913641654,27.08903964891348,2.8658161339114887,1.9319926924568235e-05
2.8493657022814887,32.472184927994626,32.92878604136318,27.455369620556368,2.8237623113934527,1.9120503111279156e-05
2.9619005576358193,33.42427142485295,33.637291118912444,24.518534629986135,2.8500275077014887,1.8923191340231672e-05
2.7944404204616267,32.26403370071009,33.01542311644817,25.442885823242538,2.948356751231014,1.872794096064076e-05
2.7927869479773704,31.58472586550983,32.014661672767396,28.0860336828737,3.093977979983058,1.8534698409384266e-05
3.0518696940476606,31.121954402160075,33.66112583835532,26.53680610420266,2.9306113520133814,1.8343415581285216e-05
3.2371913151589897,31.257320110935282,30.781222726911352,26.911319798439084,3.185433417515016,1.8154055787039318e-05
2.947240122471062,34.29116961613426,32.5481084015154,24.589152617287027,2.991336239307575,1.7966596828807198e-05
2.8593894600323164,31.07063978464456,30.853170339045366,27.305278826125004,2.9839729103564023,1.7781030057717384e-05
3.0305110498655665,32.28669053046694,29.18436191133733,26.423707713337944,2.9892947641215897,1.75973565945364e-05
2.947194727824283,32.21783995677966,32.96046727121664,26.225954876600728,3.12203049818155,1.741558114248986e-05
2.8240168979005054,30.12588694598523,30.562029320375753,24.413231493094692,3.193096058872497,1.72357058984057e-05
2.748949446686013,29.948923326762692,30.251599038824512,25.868509716649523,2.746117461177702,1.7057725398585566e-05
2.9094435052353904,32.25310068047934,33.151368097714254,27.32568584010417,3.104903135406457,1.6881623818644764e-05
3.05645732716852,30.48027728884564,31.93630902068591,27.043145817290064,2.928381329479184,1.670737516817172e-05
3.1160211737099295,30.55715262383628,32.19859951714319,27.939056151349863,3.031586986284884,1.6534945826077765e-05
2.9469904042460464,33.0590557848247,30.847252812923642,27.970438958078027,2.995347896263854,1.63642988325995e-05
2.934301220148215,30.27087204394168,30.474385401890284,28.604357405323103,3.0789623243932773,1.6195398638663674e-05
3.0276831314875574,31.247287428050594,30.84029772044972,25.897771446524136,3.0595743120842416,1.60282153757098e-05
2.92393929483016,31.43597706677979,28.88702937315371,27.868067793634435,2.7564379784604025,1.5862726917523376e-05
3.2318217709008943,31.193985473914957,31.61030015373633,24.856384148517165,3.0161518142425923,1.5698919424178882e-05
3.1255305805325304,31.285391495003307,33.997036116838814,25.769068248528153,2.940410185553612,1.5536785640047998e-05
3.0842462115552096,30.445692698194986,30.34318023151868,29.611769553980103,2.9800481319695598,1.537632169237671e-05
2.9850926904126065,31.761751847922547,30.312859885254454,26.96531887667991,2.82194448960846,1.5217523638985093e-05
2.9175254890932556,30.657450298123194,30.35518411757676,26.963439924976953,3.1227343374419574,1.5060384179446215e-05
2.9686846401251477,29.263768369950174,30.415986622942174,27.21184307386835,3.1198206029291953,1.4904890544361203e-05
2.987301240300403,29.76364030759935,31.498151323228996,26.06341076572446,3.1257604488574136,1.4751024021303337e-05
2.89799694526676,30.830118273219746,31.042370443419816,28.45323945429213,2.977348402041802,1.4598760976470278e-05
3.0560497741432604,29.70956421918139,31.217686755047296,25.828664313058358,3.0728391227040746,1.4448075051223416e-05
3.0440533688142097,29.862893316878733,30.95224422434883,25.852390639034223,2.9300756312298106,1.4298939696171956e-05
2.9844010937422576,29.372855435472292,30.684304024035157,29.812647213986494,3.041518067090398,1.4151330861232204e-05
3.128622519347469,30.943358159480027,31.10981061807457,26.95931850126984,2.9646132782520684,1.400522859845323e-05
3.223695334210904,31.75594503443577,30.257385681197643,28.003046525419325,3.1177541596409077,1.3860617841292504e-05
3.0498881517688354,29.94741468097251,28.61291208925003,26.58553613557412,2.9413347448841676,1.371748773814095e-05
3.0985736098021834,26.76760066165942,29.101833215862957,26.35321229321058,2.8794053551056744,1.3575830144271278e-05
2.8068595616057777,30.608134619977328,28.242087450230944,27.934616326713808,3.0239281394753563,1.3435637622570956e-05
2.98013458115628,28.198746642119808,29.016613795263773,24.124820308948873,3.036096885259428,1.32969016500503e-05
2.9419147029580373,27.236914118016735,30.008118639150222,28.616835011314677,3.195194168017263,1.3159610881109306e-05
2.7620543299120106,30.685584281896176,28.221304314824874,26.623355456181397,2.9885219262365617,1.3023750661334294e-05
3.136818003277069,29.011192710530487,30.440007139668506,27.420581447267214,3.0020698060277557,1.2889303339226423e-05
3.0554981007704884,28.82116144760002,30.46783486052215,25.509835782038294,2.953945545379434,1.2756249165475712e-05
3.003710065314355,28.46448428267973,29.114730871464115,26.7476313728661,2.945394260358124,1.2624567796245429e-05
3.074409908647894,28.436106709714746,28.793183518165247,28.065076744389795,2.9504096005519576,1.2494239942843009e-05
2.9086277054613396,26.573338960251665,27.588957208171475,27.104602345495977,3.140646811135003,1.2365248324210842e-05
2.9413069178422058,29.483810267600703,26.88322837217796,26.51971683823089,3.1323006823856705,1.223757845005344e-05
2.8247486194597764,29.158783402203284,28.348607574841324,25.600119715409274,2.8887154116706406,1.2111218502635825e-05
2.833107749378475,28.011756429658284,29.313556549667915,26.068183351274772,2.8589122997344956,1.1986158609964992e-05
3.2475185338745534,28.981328075246797,26.951669173007367,26.501555549786733,2.8895258162835633,1.186238976727707e-05
3.099742306187278,26.4103240661402,29.50848221728897,27.091112830576225,2.955965907900459,1.1739902712701817e-05
2.6982935520212603,26.914036039543745,28.682130582929183,25.190725303597628,3.0350501216711874,1.1618686973210874e-05
3.280669769444033,27.0981278275844,26.735095648017822,27.40821789353852,2.920975774161966,1.149873036950268e-05
3.015653747421856,28.33215556948066,27.940780718398646,26.916572450161606,3.01274897882646,1.1380018827677545e-05
3.092610943411729,26.45125025466772,28.069986289023582,25.932070564600334,2.9630747399875315,1.1262536989229265e-05
2.9767467830379757,28.104001281232986,26.519881360440138,27.136388283296114,3.1031567186893327,1.1146268786972736e-05
3.0174849253551304,29.180418766713615,27.325097112180302,24.845673225849563,2.954174959066441,1.103119860760827e-05
2.812357701653498,27.959161610770686,26.810800521432068,28.04329784865272,3.0562653917526963,1.0917311660386088e-05
3.1108928926364063,29.440750825245914,25.914682958945235,26.81772503470752,3.1734196055767367,1.0804594868592133e-05
2.75091805449722,26.999914152101514,25.97565400643948,26.299777315828564,3.260585557894996,1.0693036599823504e-05
2.649130137383234,27.889962743212774,29.854204863545924,25.587576153631797,2.90912205886873,1.0582626689520871e-05
3.1009360656832654,28.68086209863001,27.608950754719835,24.771877418448916,3.07335292125932,1.0473355652220334e-05
3.0465010828130796,27.803848730498125,26.465040005504562,26.173360317170435,2.917811799449328,1.0365214270846012e-05
2.9723055546963706,28.031871655411415,27.506321727865462,28.855017084915026,2.992840794970951,1.0258192747323143e-05
2.760193502483997,25.209221247053183,26.287866392584096,26.79913700582923,2.948723914450454,1.0152280467657208e-05
3.034313453064295,26.671889244642966,28.2444557994699,25.585814606695102,2.906958004862056,1.0047465727531907e-05
2.961045289160567,26.447060439771626,25.317039677640988,25.313457073246703,3.0314501807810883,9.94373606778768e-06
3.0098347634296942,27.89910141463111,24.690264342530188,27.440066939815612,2.99930139867599,9.841078509357836e-06
2.847158777272239,25.682245187727883,26.6100883540623,27.520512397774418,2.9189094138170133,9.739480066417521e-06
3.208524718117991,26.89907558817068,25.839339702155254,25.69243313414336,3.018402035443371,9.638928253468147e-06
3.034750223146161,25.440711080779874,25.534216933334427,27.421610403077924,2.8217823459801807,9.539411461283681e-06
3.000830692359813,26.235320346177204,25.208721271926038,27.90306114465692,3.0804976808464746,9.44091897021855e-06
3.1318119751120523,26.242084260240247,26.636188213092854,24.63011617039159,2.983653516882525,9.343441003938e-06
3.0547416472400974,24.18199837436378,24.32619746941393,24.583874117598675,3.0146978005230882,9.246968347633281e-06
3.0398298937942037,27.03632598376398,26.978967615265113,25.1110552564408,3.065243701293261,9.151492049455623e-06
3.0018785663492094,27.523198991108703,26.06910197435002,26.408993335989543,3.1169255318223352,9.057003037492289e-06
3.0023379948981836,24.731954004564994,25.081521152974354,24.588554040020302,2.9655403775165685,8.963491905383395e-06
2.8839348609997204,25.75063771672035,25.78563187211652,26.250307911017252,2.83680244782562,8.870948663976405e-06
2.7779499543166253,26.15294394146373,25.71179780653557,24.97722923344657,3.160678270577379,8.779362870748227e-06
2.8970603176503817,25.25668002175121,25.36597532406967,24.518292789862002,3.035298516464949,8.688723673605652e-06
3.127807699420237,26.195627073121138,25.334424651842173,24.353834854712087,3.2341380892433818,8.599020271667408e-06
3.0595052208500313,26.10009348510208,25.039418337213405,24.869706555729778,2.968591530501691,8.510241993813183e-06
3.125171884739231,24.825444379332087,24.834334060032525,23.33095033405107,3.098059752893875,8.42237863559768e-06
3.265911021482312,24.34814495797689,25.501092887767477,24.082562543671063,3.0926746902468807,8.335420555351032e-06
2.7968916272184177,24.325191217162256,24.300289621744817,25.034910227522438,3.023042199659472,8.249358693061334e-06
2.88041296848174,22.944463521016225,24.935801685317987,22.373278173620808,3.159293435692984,8.164184466615814e-06
2.9620393687712743,22.309354154716427,22.58712649188552,23.489464889221445,3.181065865434958,8.079889511878433e-06
3.055184404111281,24.71626618241233,25.511230724174354,25.053062716114514,3.0019463130968673,7.996465525132366e-06
3.0929306372745415,21.301090383822057,23.824225642972863,25.271207743246737,2.9393894644818443,7.913904086493982e-06
2.7272024944598203,23.750686691567918,22.267257738593944,22.613083732457124,2.922591387224508,7.83219644777545e-06
3.21889568011161,23.61919269933394,24.53901861708978,23.460841005393096,2.9955285481363982,7.751333623031312e-06
2.9830760567855386,25.277031338813465,24.469241472724104,24.244511324415438,3.046789378954564,7.671306520172218e-06
2.880230354750627,25.452742955524172,24.74611118708468,23.532969779549006,2.9401514982345547,7.592105856104089e-06
3.055549525774697,22.817938480391316,22.73070134402045,23.064373328714197,3.1040795959596488,7.5137225142523784e-06
2.9924460975511575,24.014878120816135,22.816978290806247,20.746387466894113,3.0441889465666163,7.436147617002773e-06
3.1161336894470315,25.230239835417656,23.147357788602243,23.345246567959197,3.0611748760201167,7.35937258722379e-06
2.8335900089667554,22.858624125914456,24.008394874308998,22.680072109101793,2.8675115064875154,7.283389211487747e-06
3.0395642772993203,24.101751632103664,24.43263213749726,23.596295227573986,2.9429697865347015,7.208189624220463e-06
2.9824303779052506,24.218108613630577,22.488437986509062,23.67545598917036,2.975324334771197,7.133766228339177e-06
2.9790203739852834,22.340999019856216,24.101887887442484,22.036310148964514,3.01834168532181,7.060111432701568e-06
2.929648936493904,23.198139947724147,23.117566749699126,23.528433760585738,3.006217491812999,6.987217722554437e-06
3.057481599177455,22.654841877042337,23.6252676236934,23.2282575769363,3.048596462672653,6.9150773822403545e-06
3.0251154828843183,23.15516139272254,22.560343531744667,24.315512037081227,3.07144100860039,6.8436826308568264e-06
2.8315708810370994,22.4920503720141,24.20075039595426,23.34238700444009,3.0684046073686195,6.773025613216049e-06
3.0168257304429518,22.742257356699486,22.86124489102405,21.260360223496768,3.019541722967971,6.703098317552044e-06
3.108459371021068,22.410926652835645,23.481298257089666,22.344395964201375,2.8962957748351825,6.633892884077353e-06
2.954574345542077,22.600611628955825,23.784477277081294,22.65434466194054,3.062698932132557,6.565401503571869e-06
2.925128385470375,24.575256523597783,22.965111893721737,22.529167567684873,3.0611238423675826,6.497616715230234e-06
2.9359601399193003,22.738144592013413,21.27128514816047,22.38142117471371,2.9979777146792213,6.43053118764051e-06
2.9221745911152723,21.00953311210995,22.338447037549148,20.552350387614705,3.0762850401603647,6.364137822186954e-06
2.9353761246147534,20.897946579100484,23.32647562954632,22.22229263436968,2.994632925040045,6.298429719411457e-06
3.0524278873666337,20.37153155790567,22.735561179669485,22.52807332922892,2.977570174183209,6.233400064472196e-06
2.833213580003038,21.714599801691346,21.551816786288928,22.488965582817208,3.1025113481265745,6.169042127597826e-06
2.781068678226311,21.208859173073016,22.338687548602678,23.480799803918647,2.9390436164488936,6.105349040402772e-06
2.966436423432812,21.028355930123517,22.358083170334034,21.1646564525938,2.8262635627450114,6.0423140122883674e-06
2.79408361093418,20.996821997354743,20.64363665413231,20.95551903651023,3.1218320413097214,5.979930171542241e-06
2.8985320447329164,22.430992326307056,22.045820263534033,21.112459545682434,3.270503422867949,5.918190627091704e-06
2.9598824014319005,21.8510683681171,22.037953995588747,20.395154844141995,3.063738015783366,5.857088531793969e-06
2.8731117784077913,21.556349453207993,20.254657728971154,22.74741883347354,2.752654861836349,5.79661708152801e-06
3.00173911796916,22.256186931208916,19.757200528315316,20.721540743498494,3.013894085002329,5.736769674083697e-06
2.9912300884119123,22.09607138540423,20.636135613138414,20.96685419197255,2.8863962168601818,5.677539857352556e-06
2.959076116791693,20.602098979695317,20.965427481300594,20.758421260680056,3.0932092367777795,5.618921249125604e-06
2.9576951355627594,20.846404427687894,21.578710776753585,21.736317496854628,3.0092347118241194,5.5609076771680736e-06
2.8811845344297495,20.367592500345484,19.95047286222916,21.83484922453658,2.786741101677732,5.503493032237462e-06
3.21405661117065,20.390708768257333,21.43224036376847,19.371323004867055,2.9673011271399354,5.446671298595934e-06
2.963748397169626,20.771226988986783,20.27500756730395,20.426192959332568,2.9959355895274378,5.390436408976266e-06
3.0394264070606614,19.482651592160803,19.570759196573064,20.278610375617802,2.828609043229429,5.334782380128402e-06
2.838698274756783,21.119611962623463,20.694812433326923,20.482543521464727,2.966345146706296,5.279703199295646e-06
3.0797484347509654,20.24571433362298,19.954003261415096,20.720577123312342,2.9946480106091182,5.225192849843109e-06
2.6745592191936867,20.07974990965602,20.35764360960664,20.76852639893367,2.792595302568548,5.171245323920042e-06
2.838840913191407,20.210259479368034,19.19909249521956,20.282289092028197,3.18413381055695,5.117854720760721e-06
2.937429211168436,21.830905458076273,19.445822591675483,19.304571035264892,3.062538900232813,5.0650152314105176e-06
2.89673375416942,18.537501200312512,19.549266052205475,20.781084189798783,2.87592650645664,5.012721104300929e-06
3.030604465832243,18.923221271282873,19.48579529263726,19.841906239885457,2.994452279187742,4.960966699581474e-06
2.9720811852199414,19.71294496900489,19.861216047483126,20.280537732018747,2.9940643748452604,4.909746520340656e-06
2.8110946990719228,19.967047938244633,20.63507023450057,21.154446680003005,3.0403699644034305,4.859055067784486e-06
3.088094213312545,19.701990644085065,19.919248173337394,19.364799122074842,2.787474892542563,4.808887046479988e-06
3.022611530248763,19.716806173588523,19.28645873572079,18.940474002095836,2.970777138744608,4.759237082736117e-06
3.138867695131075,18.663227985354677,19.96018680790122,18.666032283002597,2.8546787851649835,4.710099868912791e-06
2.9037595694475375,18.09701566199077,19.029936643884533,17.83084512068918,2.893160825416522,4.6614701420542115e-06
3.231414982024937,20.11713334679738,18.993717937570377,17.77429712051307,3.073807238999786,4.613342558107682e-06
3.069137484876074,17.540771810372153,18.549253865998732,18.768518184902575,2.8668174609497172,4.5657119526172044e-06
3.159599589164289,17.635388205775044,18.7815209744256,17.57535504900138,3.0001127565874106,4.518573105582203e-06
3.159819039778605,18.7669482145361,19.301863698732895,18.71046366427092,3.029902016910345,4.471920899709914e-06
3.0976618363720685,17.37098402309975,17.91882914123774,18.05892667736112,2.78907655580059,4.425750263441313e-06
3.19201383435459,17.961715046668242,18.885431794852597,17.6932340298644,3.071331405386673,4.38005615883269e-06
3.0407544692394906,18.457719688025243,17.76786119739703,16.394816974038605,2.9704623900694926,4.334833761950702e-06
2.873696504986544,18.80850429618954,16.641577932274046,17.37203816451831,3.0472366798139765,4.290078218562925e-06
2.964322465370333,19.50459958581183,18.254620473321065,19.391600263057985,2.8884579179140975,4.245784759849398e-06
3.139098712589012,19.34468071887316,17.651794808684425,17.177761419170096,2.908020826504852,4.201948677430494e-06
2.989018409256856,18.129587616099805,16.648569056845467,17.97560559136973,3.009308678037461,4.1585652313206935e-06
3.0512741597758177,17.675815451664832,19.164039623108508,18.799228357267,2.897910731615141,4.115629806345285e-06
2.8321927370754922,18.36174653255317,17.62153234594178,18.05159981670731,2.9693949471253775,4.0731377153492195e-06
3.0217372202114428,19.56253484707207,17.608839047618297,17.734436691395132,3.0835024695309095,4.031084378902125e-06
2.881448098943728,16.47278402437111,18.656009604567128,16.87981303991733,2.9897195399824215,3.989465244917232e-06
2.9850073001084945,17.38190871373423,16.779899852154347,17.350401926807393,2.9675676497495838,3.948275759563255e-06
2.9701003247930893,16.929523819388436,19.73446666892218,17.503541924414087,2.8686147326074227,3.907511517699527e-06
3.0283495147182324,16.373462377960756,17.708695422924105,16.42092266122707,3.1467276297767763,3.867168044395186e-06
2.997741180997596,16.97752248142983,17.235920435861022,16.84218223807864,3.1721863048241685,3.827241052681878e-06
2.9506955343331867,16.926703442853803,16.778877000775715,16.55242878546669,3.169630093772459,3.7877262920848035e-06
2.846470296509012,16.771932185598125,16.28040911908137,18.67259358011906,3.002566203582039,3.7486194982082314e-06
3.122994135482548,16.57159399795116,17.68266826601814,17.77884318225766,3.0246461778227736,3.709916487034739e-06
3.1273737400960426,15.662771812964591,17.3773215769794,16.278031911067007,2.9862723119675287,3.671613083738999e-06
3.1045700707577866,16.191636165494312,15.813961561988137,16.37455080278161,2.7574801715599935,3.633705215729294e-06
3.125883225936444,16.358887093670756,16.95992313455813,16.41309563686564,2.975982788748154,3.5961888012935985e-06
3.034019260392674,16.88876503704589,16.453647609748923,16.709840639174864,3.031067198839329,3.559059726140998e-06
3.1562484480689945,16.247640721383895,16.252525212982533,16.543153263536173,2.9627288828905978,3.52231399552569e-06
2.945721301713396,15.918445811149633,15.171136701611623,15.989487345036864,3.10797129646005,3.4859476107750115e-06
2.9296940747004063,16.903611716899643,15.989413125903434,16.65871072570895,2.8284457599292434,3.4499566715142257e-06
2.920735335662291,15.762667437104781,15.939207129749953,16.68929713807688,2.9472922141550395,3.4143372819889763e-06
3.0597836508119527,16.06244427397518,14.739827860408303,15.958563890909636,2.8489319395888555,3.3790856075166126e-06
3.0799467588196543,15.486640749398777,15.467956902365342,16.365156515439462,2.8814004996478255,3.3441978914215846e-06
3.019192572741992,15.860859464425912,14.972802676291732,16.851319505141472,3.1020686828889907,3.3096704004304715e-06
2.909698992504463,15.532060007301935,15.761136080783618,15.472460022257456,2.861755266740152,3.2754993933690963e-06
3.156081613635136,16.58621373190351,16.805488302630067,16.00117276148471,2.837528781224904,3.241681211247639e-06
2.9752956694496193,15.11842890554621,15.115567422255832,15.459282084686167,2.9590913570068555,3.2082121849149914e-06
2.9296717697548016,16.71085830769289,15.71279199968814,15.868359289157464,3.073238252667807,3.1750887317000467e-06
2.9710633005609717,14.431087930232195,15.818462536987097,15.23084602467053,3.1036463158626577,3.1423072749805e-06
2.890022459615332,15.34001959063676,14.841478996618052,14.539163384626358,3.205016755466917,3.1098642896866774e-06
3.058060016172756,15.731290304075593,15.797117274810304,15.762416547801632,2.9352197058448777,3.077756256267099e-06
3.072686663379014,14.499243962718385,14.519690189714678,16.133183287522634,2.993409400270382,3.0459797364065266e-06
2.977773122037961,14.652952724309385,13.769508331829343,14.953064279799618,3.0778165128083157,3.0145312863178016e-06
2.8515606703904393,15.18392706808923,15.617845884391313,15.373434812223127,3.0981009689845216,2.9834075302053768e-06
3.0039083379292886,14.336872997957228,14.095421983665599,13.590442812670162,3.0470314267138403,2.9526050927759903e-06
2.9458512758108704,14.48460611782529,14.795174916149392,14.146134435983425,3.1897924197466727,2.922120618782265e-06
3.0917777659275334,14.725716529491452,14.415365877847295,14.977746626447477,2.950517357430053,2.891950903230763e-06
3.00504788044598,13.633302907373906,14.847501870427392,15.072398619719195,2.8410602250338526,2.862092651911652e-06
3.0919170128874836,13.981741875892865,15.166968873149484,15.023959233811949,2.9403658064399893,2.832542732854547e-06
2.9665563682705045,13.191412341713272,13.507374096396145,14.898058050811901,2.9781409818635955,2.8032978787303313e-06
3.053831549157504,14.467477591077035,13.00475171368198,14.643221204117939,2.8235271734381766,2.774354985528033e-06
3.222561573752639,13.8271113293887,13.120986489407798,13.8013902586894,2.906840219993603,2.7457109186513355e-06
2.804238167253883,14.798970990986936,13.87580066847021,13.31775770401515,3.045491627965727,2.7173626437519032e-06
3.1281896092684724,14.232621082972987,13.515059784914584,13.625112389949471,2.7790195203046446,2.689307057079809e-06
3.006280857317149,13.192631233066464,14.064600485940565,13.682277302439461,2.8559993827531285,2.6615410937502397e-06
3.117076117827663,12.361246089645064,13.462977626757803,14.141054618102913,2.911280895791317,2.6340618199090955e-06
2.857233659101064,13.88075942088201,14.083363550724108,12.625079874761656,2.9404564575105967,2.6068661917975157e-06
2.977821000654309,13.483597387495394,13.245990248972841,12.939223880512204,3.000035286064753,2.579951361479973e-06
3.064113282203293,13.856432170198255,11.794845714275896,13.213595461575087,2.8583088508985006,2.553314415422961e-06
3.0255690255001313,12.524183876810852,12.071627070008134,12.991399822936314,2.9900734163882823,2.526952485072968e-06
2.9684085290817577,12.363908452370525,13.214713318729501,13.211704563526979,2.8943053972370394,2.500862740239478e-06
3.2432189373283684,12.766798651995515,12.844622085440115,13.870787236088379,2.8769037657713743,2.4750423721884695e-06
2.8709100954763045,12.431341509526105,12.55257418220602,12.83368146255994,3.1199843401019955,2.449488548780077e-06
3.1664166811834655,12.433825177242726,12.486655086139143,12.714587596099625,2.8574830013037613,2.4241986248308475e-06
2.9231630606194954,13.322738427569778,13.201152272564512,12.278957985367095,2.9947385602638947,2.3991697923970894e-06
2.992476568101084,12.871960892800846,12.829137129185872,12.660265571341142,2.998962073347963,2.3743993588424104e-06
2.739840920546323,12.736982742259562,12.580257880279731,11.789207314144,3.219445567654857,2.349884700939204e-06
3.004153733389936,12.436924056435512,12.941511389914004,12.188874951070568,2.8706885988719724,2.3256231018851165e-06
3.136704572124712,12.643095044633835,12.968948826942452,11.76611275138589,2.9162750962173307,2.301612050573933e-06
3.061927451814663,12.579329952792316,12.323446645016901,12.15355716395591,3.0742033630377503,2.277848858865919e-06
3.072252447227326,12.072981960408155,12.031834078869577,12.204325720744531,2.796746412378079,2.2543310242536436e-06
3.128774482443618,11.104640331746221,12.177106908084415,12.192509497563693,3.0859743958017396,2.2310559606529913e-06
2.85421950325237,11.832439259870627,11.26151359466559,11.539977213041352,3.171933884615759,2.208021191199419e-06
3.027600567178367,11.408840348604727,12.021850978321405,11.933811257638784,2.955900279545458,2.1852242419514573e-06
3.1861892285429967,11.264235099184223,11.75650812497773,11.96909900694263,2.9340236866110803,2.162662684608755e-06
3.4026764312465407,11.519093949248035,11.927919486306319,12.120291017371999,2.9223597547101385,2.1403340896418976e-06
3.7885894742921806,10.5821374833444,12.129134923760873,11.57068229388305,3.2598038695887084,2.1182360470479466e-06
4.92446504916753,11.544467026303774,11.74844194646082,11.080296790014543,2.7955431417866206,2.0963661775509047e-06
6.005323189181925,11.712427611137775,11.577584419777267,11.092967351125862,2.9688192469112726,2.0747221061190557e-06
7.106802314830732,11.243403465957034,11.109598374664689,11.451775110669617,2.9620585804641943,2.053301478889165e-06
7.53981410588593,10.813652742415988,11.316732417849561,11.178310491167787,3.165622805553588,2.032102037876928e-06
8.550305476888058,10.840170646856421,11.693985203133614,11.030885429954354,2.9383986498726324,2.0111214245429404e-06
9.1898868018455,11.343466305586276,10.11932681668496,11.718958029686712,3.1335263960795583,1.9903574143166395e-06
10.549252591031305,10.669974342855527,11.340729603221533,10.805949840886457,2.934995929528937,1.9698077730801246e-06
11.602077241494454,9.798256492973103,10.736816297167184,11.236164588328494,3.2494068560567744,1.949470268825092e-06
12.19143189320033,10.922629338632174,9.657815533672494,10.404451562105523,2.8433064507092687,1.929342759704503e-06
13.503860245128383,11.138987668671806,10.916062954952814,11.055378202057762,2.8522118668445624,1.909423086155504e-06
13.882932829316156,9.634322822549873,10.386676851206511,10.351410596751922,2.9791382931799513,1.8897090882742972e-06
15.330566630046999,9.594768072995155,10.046946995897294,10.402181028596424,2.8553086733979,1.8701986408713964e-06
14.516385426392091,10.700493027377782,9.842868959782505,10.58726552583127,3.170479889302103,1.8508896540406035e-06
16.27068224523295,10.61738280858933,9.79291891431718,10.244451679695633,2.9350720393687477,1.8317800484607072e-06
16.002644132385974,9.922204442937488,9.743251196084016,10.076867063082327,2.909594918273982,1.8128677032217997e-06
20.45479753325384,10.441388002251012,10.251587940165372,9.625371402768073,3.1823444704515618,1.7941506092823436e-06
19.11636150845996,9.41373022945737,10.171121894231746,9.730104213827438,2.9636033332158105,1.7756267513709184e-06
20.33093697884794,9.989120528015873,9.24553138244611,9.803722930783282,3.0428144829620014,1.7572941421899347e-06
22.17878923057257,9.893362862573584,9.357861511597358,9.893403645067686,2.8206429681306115,1.7391507630435583e-06
23.510111740974022,9.855040220235866,9.615298440321563,10.051684846360878,3.1789931664636066,1.7211947002138627e-06
21.739249764003542,8.86786815971668,10.603961499179656,9.05926483244809,2.8128058113133965,1.7034240217383017e-06
23.023693185602934,9.071254008571799,9.686313558870845,9.360600983042138,3.0459446646747446,1.6858368498665333e-06
24.7488841206648,9.485906683695868,9.561326943894171,9.351973571302926,2.8189011122937453,1.668431273373885e-06
26.91724424870611,9.058799453187966,9.025145748209479,9.350127430021926,2.922421945294413,1.6512054555479712e-06
25.768359387396938,9.217609031595652,8.884854990002234,9.030430168598881,2.872554095500122,1.6341574875279078e-06
36.24346685258973,9.651500748736094,8.690830244336489,8.793033726156024,3.0049444586372966,-0.19354195571000252
37.38947264392811,9.289730125113577,9.354633643405622,9.333805733428031,2.995218403595245,-0.5966359561551788
23.915697683902785,8.927541227333476,8.47629569465762,7.787577672212843,3.108274918987865,-1.0651826915916254
22.613315875384416,8.848783453315404,9.141791681733265,8.742541169801456,3.0359334341206807,-1.4700890617668179
19.622505540776316,8.881788751275973,7.995424900913213,8.492080420969986,3.0041460191803098,-1.5
18.117824342265422,8.980904844878827,8.23255918568523,8.054099760079335,3.3437114665604963,-1.5
14.782896139613468,9.128177875822974,8.641562843033698,8.838264803121936,3.4085293312945355,-1.5
12.915854650405194,8.537324683352091,7.630304826336578,8.159048759636345,3.0883192995778703,-1.5
11.985219776792798,8.524268664497512,8.079499050351805,7.803070405977764,3.6930685057433137,-1.36583333017544
11.740499047222286,8.494083482381287,8.65386403283674,7.1875175251158785,4.153502000645763,-0.9946229018894914
10.430378744083171,8.68078254596323,8.115640019510492,7.1355555102273005,3.544405885483436,-0.6414022004163119
10.609643253864832,9.321472105635019,7.891487770269354,7.137124717735527,3.5762973957976736,-0.39383019735931435
10.309902484794483,8.61132530896477,8.309069527838213,6.942170695166875,4.1068278012262835,-0.3040947508754507
10.921717545477248,8.640792749346053,8.01120768459257,6.896883160333943,3.930840775291078,-0.3806581225978734
10.827485784546825,8.45564620062599,7.648674648068831,6.346906573831773,3.9350999675501837,-0.590454490531349
10.654816622293309,8.219892677840122,7.35087279578947,7.165855880824833,4.020844410591027,-0.8707346811675247
10.384648856520151,8.303206498949192,7.781808956880578,6.5260912616209925,4.084409031156884,-1.1470297952049728
9.584973084582234,8.093416876879038,7.113013352232965,6.464403824021035,4.154357747481281,-1.3523622328803366
9.399053076363684,8.001946846597134,7.673117808142115,6.050620105516933,4.169616834408219,-1.442915365398512
8.674770899315032,8.35985878510037,7.175759366033736,6.248285091383242,4.436468102365537,-1.4066654255569018
8.35609363157925,8.506483906816023,7.234482523660113,6.307159490202185,4.53430165412934,-1.26351283044268
7.847776638867856,8.738270496793328,7.798398573991642,6.2511439763473335,5.215041679066531,-1.0576425861410494
8.209047255487334,8.938933666549975,6.9886285576477505,6.087136015824256,5.240055165199988,-0.844652860993367
7.547535450878694,8.03101800653654,7.484017909921041,6.218031562791576,5.008611173966596,-0.6770288845430076
7.634575231563531,8.29871331822691,7.708531689708808,5.8318133377692485,5.364789571238981,-0.591631620387133
7.750966885267452,8.821940824494261,7.008611196143977,5.474051723721843,5.632644541003779,-0.602072610212923
7.715363559304443,7.959682015046499,7.055002815628694,5.585061421427085,5.505294666062219,-0.6974168075362034
7.546960640120387,8.48158281518715,6.376326124289775,5.6033539428824275,5.558862882444926,-0.8469879047920218
6.874814839665442,8.627624364329915,6.941601269364564,5.535716967977945,5.895260234632241,-1.0095739896849873
6.755524099172922,8.488533467993243,7.19361249686238,5.548656351412551,5.728142264389354,-1.14439832071871
7.20653191884505,8.223154934248644,7.382563334675691,5.4565214796015855,6.432147208175165,-1.2210190768931888
6.5168451536806105,8.646147197213734,6.6993053855519005,5.222724095787581,6.252214915307714,-1.2258378551980509
6.844702463078912,8.713236413182985,6.785916460454551,5.3743651655373466,6.01017235029041,-1.163933374472888
6.201870166244686,8.776670291717192,7.141928685735604,4.98641861922519,7.122102614965256,-1.0561892139274618
6.309981510051826,9.057509747410565,6.99861396678261,5.211727653011779,7.06853787550027,-0.9328284902316102
6.535567267017661,8.520765052807032,6.596671640363828,5.028761798370224,6.595570841020876,-0.8252405640517667
6.336809485180696,9.360384552909592,6.865926700161515,5.039537228590622,6.289865278035887,-0.7582348010656896
6.15842841980035,9.747088154543151,7.0669290093220996,4.926472404045078,5.708656562199797,-0.7445692737088108
6.278168480270042,9.234766063486052,7.245055666153246,4.712035438795824,6.180361073956988,-0.7828911574202544
6.061070758750644,8.484795594334292,7.264086462755411,4.629543831130384,5.92180133653605,-0.8592966639885801
5.60263613409638,8.396902872815597,6.905564773451115,4.935041083583286,5.689373027590478,-0.951816112308782
5.816166367879558,9.7581165075069,7.310282027758433,4.675539937069055,5.8551513610763415,-1.0364742233546318
6.103760406309146,8.948418021655394,7.020802082494986,4.42161859486828,5.394656458011463,-1.0933083993557278
5.805270985301986,8.990506328594071,7.227176268535794,4.678322212114463,5.141645822829418,-1.1108808295302637
5.465729384632667,9.807885858390891,7.55549206044319,4.549269250378483,4.854154099108591,-1.088317862436159
5.693729650321801,9.619274446404212,7.13783639893716,4.920598473659362,4.605700024234121,-1.0345982474425377
5.189511716825464,10.34743007307292,7.478692287368971,4.503366830361041,4.421676207385987,-0.9655053714514983
5.55626915174931,9.96894957859937,7.104628961499516,4.4601073027012825,4.706389699669456,-0.8991893933177334
5.473785801973118,9.640508921659006,6.830556476345967,4.341824928500046,4.127707932143485,-0.851540089286557
5.423378206780925,10.261496529831314,7.193152965170441,4.215309612106201,3.9295249879469125,-0.832513062559135
4.897667117989342,11.30683375131292,7.140337164389608,4.5253739892640175,3.984925507784322,-0.8442214150367775
5.344101113806094,11.13745075310415,7.799142687407299,4.135941836251803,3.702214573919547,-0.8811048875981746
4.843983937745628,11.53237436026657,7.34605198925474,4.086778646963015,3.6873685643412903,-0.9319547555228063
4.913494360482673,9.379025101633019,8.32100914387528,4.3340650711439785,3.876761671471641,-0.9831388922737626
4.826769665917907,11.16147575781979,7.5439119666725345,4.326752190914687,3.5217205381596957,-1.0221354882884108
5.025465779788709,10.67433167998008,7.536566065121701,4.3685086429098074,3.8934982765147716,-1.0404867733327214
5.035143776428582,11.048962566127376,8.286480915636192,4.4647802263660505,3.2624662188891005,-1.0355038664782241
4.997369096246992,11.568452261790735,8.629488172475673,4.270179900243285,3.4491007948650094,-1.0104172188661986
4.692932955548931,12.019902834551766,8.897662527607562,4.106967016889076,3.11647041899711,-0.973072414785879
4.5931592579563,12.004810159055912,8.193754804296633,4.707606228182829,2.922466653530716,-0.9336161445362624
4.498847001642556,12.282576639417059,8.860625778606378,4.642119927242483,3.1181415535170514,-0.9018237947820482
4.579593115647177,13.330412400007306,8.785091111684984,4.507442582745312,2.970502263236748,-0.8847505137124256
4.545518913638361,12.642579371287464,9.399838444408415,4.462180635831757,3.0169266223689415,-0.8852496870735691
4.380547482769463,13.562287976393051,9.168461144525944,4.45061639420191,2.954195621142792,-0.9016443527305835
4.1431991684709875,13.541431034782294,8.292053060831686,4.5826414941264995,3.0010337326614835,-0.9285312996483293
4.530854787416112,13.82223891640779,9.2654317878073,4.760568164937468,2.860783945522987,-0.9584231037006103
4.2712713286329755,14.353506153450542,9.838589841809446,4.694299840211637,2.6914603754593576,-0.9837546204703604
4.377605082614817,14.243466247229774,9.58119368692478,4.918875206363552,2.791019550673989,-0.9987329614735829
4.331506046353376,15.161108269389251,10.522454218959233,4.738391016156122,2.718134337107653,-1.0005938396131313
4.086985477638549,16.138331805785867,10.913166159797937,4.889107539260234,2.4871043128027503,-0.99001023526203
4.117406021191677,15.79674730108825,11.125748518213541,5.559329918388057,2.669488198401385,-0.9706281034821106
4.194175083688298,16.843961003350927,11.435849663705204,5.451407318225228,2.7107920064072455,-0.947918566083475
3.8669396069919886,17.434214563247124,12.197024248126406,5.598215313626009,2.6704725674060863,-0.9276858000133705
4.312931226135802,18.619112674622617,11.80375837586401,5.243603483265455,2.6092158897624644,-0.914624019694249
3.5261968919105584,20.14699062843965,11.651867653550543,5.694098267802459,2.5846428391185845,-0.9112707373493797
3.719149698772701,17.37290549007244,12.500808701838166,6.072895241034105,2.5216530166803253,-0.9175767782021554
3.774762083877751,21.654050382019147,13.293338031567117,6.622186593693155,2.5980311959545435,-0.9311440797981843
3.595792006142695,20.95097711064834,13.18737372932125,6.725825471799487,2.5627562961253463,-0.948015090789998
3.7285868247320146,22.169518209140467,15.14438464284096,6.726276387024852,2.6078725137854977,-0.9637732293865885
3.6183628485675245,24.11230160808567,14.097257921462358,7.598076804110214,2.437107425465829,-0.9746590313257233
3.665440479482979,24.231344932362656,16.068877575657314,7.95711086340221,2.376137128705398,-0.9784286370772048
3.5003499831423723,27.789179827143343,16.628148238347393,7.956423535543866,2.4246867604474516,-0.9747680046232493
3.6668321930683803,29.72640251653443,18.059280977979693,7.7504597005306,2.6142781896384686,-0.9652008167691317
3.4801189562845836,30.448786285789645,18.865799787524587,8.685973967003534,2.57287637983896,-0.9525567878696579
3.403649411752503,30.927566897474644,20.47798731649111,9.95935077688823,2.4891805053131146,-0.9401682768411113
3.4281181827408713,31.48354870113563,23.21252236018355,9.583175355139787,2.7982070380360407,-0.9310145978770933
3.2679489639418646,34.40477589265634,23.302087477675595,11.313589647020445,2.6924045348367303,-0.9270270189561389
3.2896586532563705,30.705068439238715,23.176831761603143,11.366934416325611,2.711850789663212,-0.928709741450868
3.374239640637566,34.70426254632735,28.381698706721316,13.495302895082055,2.795909156885517,-0.9351416475508776
3.533694248701307,33.98987732386241,29.15838157699564,13.874796855951908,2.7808727640291595,-0.9443251723167048
3.0523243054321543,34.61219261337719,33.122868650803646,16.32476589899952,2.8187845461480463,-0.9537669903291892
3.431021673060913,32.43269549514724,32.77359956476124,18.243121193572136,2.688126525321092,-0.9611287726587878
3.1352455229001857,31.50284588656419,35.22168929528521,21.48275329219337,2.791425041019927,-0.964783327699217
3.005240823369143,31.86570811463634,34.122469120909855,23.83262687573353,3.0024893275206384,-0.9641488994155276
3.2892660338897075,33.33868363725592,35.023858978933816,26.245682878891458,2.8511674916859713,-0.959739576262115
2.95585050794743,32.255912644919654,34.161471609133564,31.560732837003044,3.041848407442692,-0.6911395227210098
2.791502137026311,20.67422624163438,31.85444491165762,31.52401641437714,3.1075913100366788,-0.24830324099125903
2.8424420482035844,19.78444178937,32.96310879024807,31.985188646251473,2.9991264463292833,0.22588278788370203
3.018446635620166,21.93919228226789,32.66269215310773,35.315689274521766,2.955315381221986,0.6066832967620859
3.0196400529243164,33.153082534376466,31.544752775732732,32.23132828278317,3.290372396667254,0.8074465540822537
2.895724394582723,33.26041772170535,33.702191442987726,30.07735514143993,2.756645370272582,0.7943931433081258
3.066617377940127,32.33936293504715,32.47741018595173,24.91378727611614,3.042826686551237,0.5892175881697983
3.0360864504001563,28.484443091980186,32.56262618603956,22.409828178204997,3.1548757872504964,0.2586274906443608
3.1940340839390684,32.6938116499799,31.77169353422061,21.55779352599516,3.0275318107388856,-0.10593412020183855
3.091211119477779,30.614004387415218,31.10032400748755,21.025388288324628,2.8074006407645604,-0.41273967816710133
3.0140397242221497,32.08172083922885,29.87545423618214,22.708496797052963,2.9539242539934487,-0.5921349124410793
3.09235618146215,27.81161461167598,31.168312670402113,25.588866592841114,2.687901955527155,-0.6115618674234395
2.938778160082575,31.793637179107595,31.401529992957297,30.858118142158823,3.1033250595546367,-0.4802391081617592
2.941865992122013,30.62849390781114,30.917237191773747,31.540788328837866,2.903681685547189,-0.24326684502818385
2.869130491418595,31.778242018963052,32.89245727619282,30.997064943392967,3.0345353080451227,0.03248428699046696
2.9155634135093367,29.84526451868546,30.819594973711833,30.719410485113553,3.0319234112223548,0.2765491086363212
2.9943079739206215,30.599509492804984,30.485942631205067,31.92966087749927,3.3323894605889484,0.4323295844531911
2.9069636557554244,30.038027558736687,32.962980182027636,28.66799336932789,2.967867245587605,0.4696551305581254
2.9749740826848137,32.07220596658927,31.709702061791774,26.819741720102414,3.241952595522074,0.3898140440668354
3.089876537120113,29.341913959519793,29.83261889566481,23.853643270341284,2.956022114185161,0.22249038427476125
2.8947344928134067,31.923816176329055,30.006058143021576,24.96358590967263,2.8100559769593203,0.016059052514814445
3.283717281852933,32.645180507536544,31.325718590663673,24.75179110615524,2.73121600732715,-0.17581917779771394
3.154261235431381,32.02389394286691,31.24140426495111,25.486049494980037,3.064344030952785,-0.30771725005785294
3.128664053513348,30.29648353277442,32.390481315323086,24.838964829002602,3.053190075942136,-0.3527759494559503
3.0772060247708874,29.32853334335048,30.86900613052716,28.857211691825157,2.8362881302061234,-0.30761639758832027
2.950244111700528,30.98959948071371,30.453162431897457,27.78689133697051,3.207961688573903,-0.19110961740667598
3.162535888271942,32.11867573314978,30.856484176414487,29.055825944372454,2.97839300736772,-0.037839491254262295
2.942938100803445,31.58061137196646,31.21580153609468,32.60841550047368,2.962681391460157,0.11168645486566303
2.934766854533682,30.342030442756368,29.700960132598222,29.92695435447901,2.9596089428168915,0.2214120181479404
3.12400248179394,30.358206036039384,27.337319078432785,31.08232370046333,2.968890464136791,0.26811708203030393
2.8576033020993368,29.137983836433676,28.92538232543949,27.35154913725631,2.949233165374625,0.24594585562257565
2.9318916654517406,32.82254966032254,29.38114391625234,27.550834113949055,3.0113133437480313,0.16631394999866717
3.03868049438705,29.44083363916128,27.28540760864057,25.260120832271227,2.8757010532757805,0.05362087835856717
3.02377061079939,29.255362203160495,31.968414453334418,24.882759603176318,2.9312331370974922,-0.061822131728677523
3.102502260219119,29.975556296794192,28.44468579001522,26.53707580164548,2.965132024895416,-0.151684698990067
2.9898249448989427,29.884675909877547,27.5406175864713,26.390750110805417,2.882897777671478,-0.19633791658551158
3.0210334894417086,28.897836993277892,28.22270589393327,28.235563551137627,2.9508855328110046,-0.18887010012884062
2.7023238570239596,28.726065329461697,28.980780696026542,28.662201310555524,2.9568472766568665,-0.13565694889871127
2.7692948863272893,29.55842218174413,28.97356073047386,27.81837388837912,3.0236228604001694,-0.05364857475239127
3.027232136529899,26.912840406780706,28.77920258818478,27.245519075275315,3.0625262781430598,0.03467947035313171
3.021218549168563,28.836006999260444,30.958556573455695,27.30107462439811,2.8957354443046355,0.10727836813947281
3.117543456580107,26.13801497435442,29.65355479434443,27.775145860524958,3.1355610193390344,0.14785404436561714
2.936553614508789,30.79359786772161,30.006913953829486,27.580188504053325,3.096978511278593,0.14932906874218016
2.984985797667488,30.261690896343293,28.549049800537535,26.360063259859363,2.933045640052383,0.1147591876609764
2.8690921560143106,29.504438712719907,28.225404862559216,27.906463672942614,2.929645715199182,0.055703981914195344
2.9286761382217894,30.21656153315421,28.119057801296346,24.776111526114466,2.8812138401628844,-0.011329337390412485
2.981860956187838,30.463509826693066,25.81029326060415,26.926013518011246,2.985650969453757,-0.06933521786328233
3.0731362236700157,28.43748053127456,29.48462322829888,27.823841764830274,3.054308537310685,-0.10499139305926623
2.8917699287045577,29.063538904462106,28.887943915875063,28.134434377009306,3.143727214209058,-0.11157869581854486
2.984207369311333,27.889530775859424,29.165304239859037,28.686086261828727,3.09108054892537,-0.09003886277662788
3.0669201982408776,25.613561802351956,27.91424804104873,30.76287991691473,3.2483538149256823,-0.0480756957390127
3.105505824471646,28.379603058853956,27.367745746790284,27.0471320718728,3.0872165421663795,0.002310665025984251
2.918566303242157,26.53057194132744,28.904543935705384,25.95244409109636,2.837791579455636,0.048119387021414585
2.8821982779069426,26.75838477064722,27.860053595428443,28.45390565966765,2.988590877249776,0.07860000740492237
2.918942294084983,28.263067073209935,27.048760936885632,28.7661557704254,2.935588045444441,0.0876717013733276
3.113166408482484,25.460960640795715,27.974110072168386,27.308762078010886,2.904804907908045,0.07499477501956339
3.120509771914276,27.82729569194299,27.872739705212254,26.958980198004088,3.0856988633552835,0.045551469696061796
2.970679836257189,25.90927422726636,27.658746821106504,25.249258516708668,3.006674445169677,0.007968391053368662
2.899200532565243,28.328169234206324,26.26233335583825,25.592106600007625,3.0753390625207766,-0.02790122601302193
3.059209047392279,26.5613775319982,27.16955165588366,27.104611635273596,3.1163187569428956,-0.053482393023542685
2.996263387299277,27.649262020855506,29.115939021779987,27.61717532294238,2.776669923239593,-0.06345323764896003
3.087230592900362,27.276813349410936,26.711208205582373,26.04340521396447,2.787862583881038,-0.0567556390977999
3.120768034783359,26.133975711416678,26.57864777179672,27.706600423643156,2.9546848542268176,-0.036479992774534106
2.978436014923711,28.38380164722361,27.799398321922514,28.376736908258717,3.051088778776103,-0.008750561996672936
3.0218836016165205,28.430680919406143,26.54660738118541,24.24259917458948,2.9565100097165713,0.019029985812361615
3.0936814268497956,27.229402138786007,26.289170871422847,26.204474061188865,2.9537949433492026,0.04009367231459741
2.99797532959374,27.776877738086554,26.835793978745105,27.57433816048699,2.9108842917050874,0.049898624869007306
2.9469263931097225,26.316878828038135,26.954962318398184,25.833023165680153,2.9591384392340765,0.04703968613838568
2.9621191569096794,27.26909878404904,25.521708553982087,26.622494615600505,2.9013994075190337,0.033316145789533645
2.9885324536823386,25.12170659417975,25.325505427317715,25.598750422447868,2.9764387001201293,0.013013792973639016
2.8300760512261514,26.263634752890585,26.346320603866108,25.089763528037622,2.974958351334171,-0.00835532833803149
3.0855259390299903,25.829601967016913,24.418814972335756,27.767887275811095,2.7280450000026053,-0.025501393434284085
2.921391722445663,26.16435813681132,24.91887248220884,25.995158550865547,3.0595277880163296,-0.03462457956281254
2.8866846544936715,26.66032733225599,26.885204361237243,25.112463063244512,3.054655913098664,-0.03420945412751619
2.812628013481746,24.096725528815654,26.738048992736665,25.822354711811606,3.2075072597724588,-0.025194046094021382
3.1392940474533044,24.60660547991967,25.643977402371743,25.117083488067355,3.1156875412525524,-0.010527120964385114
3.0226048666038907,24.70923865772363,25.78911311566176,24.39798052900927,2.8918086917502905,0.005725129698644452
3.1654085670350556,26.383432750029698,23.861892235033366,25.531009655805633,3.027949158088888,0.019466221170462567
2.8284819193137496,24.65501401496652,25.140719861479603,26.061993551406353,3.015290033935958,0.027568848419124693
3.197633151380389,25.655744675476445,26.239519347335133,25.367773237142657,3.021545204716468,0.02855115327222541
2.946315087342666,23.82489329074651,26.65943710769023,24.370695251880893,2.9940720671759062,0.02279347848403292
3.033253383368623,24.74195747147308,25.717269591178802,25.885136645901202,2.922116465259219,0.012283032858869808
2.875805793449842,26.373506237652897,24.96952267346218,24.2515954969191,3.0474020695295567,-1.0132863074188442e-05
3.075636074233645,24.840082060564963,23.32479441502964,25.37732027992618,3.117098181454229,-0.010941762821969354
3.0790238662013056,22.994862511045064,23.342871763780252,26.685837407374944,2.945078182658405,-0.017973736849723577
3.1396864611774,25.561022564759256,23.050964449982008,23.467139642254768,2.9098065762764227,-0.019738703228159765
3.005060722495106,24.41312429507116,21.46935130182287,23.84954989995704,3.1577403172696124,-0.016270463526771712
2.9286104938888937,24.25329895237281,23.269001585519693,23.654241313704183,3.1182448784029235,-0.008873266521856115
3.174972772955212,22.86416694566193,23.923705592366062,25.26588660139517,2.895221033202227,0.000306618671552641
2.9829064886707615,25.42626070854309,25.05782533646534,23.371107919557613,3.0247049152279275,0.008876773157814098
2.802160970610966,23.794164321464166,24.088667340156256,23.789694442722347,2.8190625963414035,0.014802308285566033
2.818941100269195,21.438504595189553,23.290829582260645,22.392819187031265,3.108728925201395,0.01686977497801754
2.9614991411486917,23.654670362438285,24.119566866177987,24.36730156021333,3.2258379557521053,0.014910634276488281
2.800671634163091,23.500522538677647,24.00570722576133,25.07495291006655,2.9999166204446004,0.009750928448022812
2.8771612122753845,21.854344674185615,22.393968037970488,23.832399925243077,2.840796260718437,0.0029233335844883906
2.9869906911211848,21.14842486320166,24.67761683975895,24.318959636602827,3.079091196046095,-0.0037675668881867186
3.0450016513735236,25.02993024553704,23.446258186982252,22.59382974141089,2.914512894954789,-0.008708172326916704
3.078286857433565,23.270159943314976,22.331463237124158,23.378511049248495,3.196086870908905,-0.010851818591780846
3.06659139535723,22.397854195596423,22.410509477469297,23.519185786058834,3.111398731131916,-0.009923911548452697
3.009966787770077,22.939785131895906,24.558813073836063,23.839139717277163,3.0312301377886355,-0.006421256006855457
3.1372256820000826,22.567840163103995,23.29713660441894,22.40506302080124,3.1292674413089543,-0.001423733683943737
3.089201645508475,23.251565292993128,22.93651126389616,21.815823375827215,3.15142824840057,0.0037194407354893422
2.954815335953948,21.256980832555747,22.731781922026766,20.977734501993947,3.0587748494180853,0.007741576332892771
2.9681585656335923,22.726345770069052,22.015246858743605,22.467557299856207,3.1507527750682534,0.00975952422537186
3.0498714218146055,22.879651866618254,19.41276605274568,21.574074029329065,3.0481323555837343,0.009455052626937601
3.126544191094368,21.435423881361917,22.31478331362946,22.18562700246653,2.8945860648346473,0.007102902080090652
3.2012231714592088,21.302597659269757,23.67371961024138,22.11300368891914,2.979191826719414,0.00345209638393014
2.999173080148618,23.35029735988796,21.803930908116914,22.572487729488017,3.1064602495673017,-0.0004977818053074302
2.933806128627829,21.50527302907067,21.23008197799224,20.604377674055115,2.777308937018788,-0.0037617287597625517
2.853450870817056,23.36877348299455,21.313930184680142,21.671390987263734,2.76906508209389,-0.005607732992080339
2.8309457183872286,22.44328528447046,20.580755232845718,21.990461314197773,3.160728494878932,-0.0057127855081774365
3.0173692709240743,20.856047224022404,22.105968444725576,22.323587239308022,2.942598874986167,-0.004205727209556063
2.936002776928412,23.66243454853294,22.230174509296983,21.164196834847317,2.9742751148073916,-0.001596399174034067
3.124605609113475,19.745920075523617,21.783488991619475,21.37838961989163,2.864046149817383,0.0013817250745701243
3.0286579264498976,20.92745404698312,21.995577342857928,21.484534166713996,2.945425992659916,0.003969569039518982
3.0202399362024814,21.11272172890687,21.94907291615372,19.970368703123267,3.0918880261903605,0.005569402211037243
2.9561781477097497,19.644467694713814,21.870725484977946,21.03641354261661,2.8659703690913165,0.0058761855803410685
2.7303326136110946,20.18172135028751,20.862903997242263,20.722055316020985,3.102054620616629,0.004926213087373549
2.8635028345492266,20.735933068211697,20.095146918118544,19.667957591536474,3.2353125477193587,0.0030584422964908932
3.057500788931126,21.908986426438076,20.691358845561105,21.588297809126036,3.0605415331435037,0.0008055561930372968
3.033041037809688,21.268665997390354,18.964294326452176,21.074646770276996,3.096851935212739,-0.0012525927273312853
3.039347122199252,21.3877450857946,20.24118132836827,20.549380402824937,2.9433938851952988,-0.002634205323983896
3.191287996220058,19.921133177317326,22.94613026567092,20.98308221294661,2.9206315232975015,-0.0030642041176393627
3.017115514081697,20.6741416211855,21.08606834566791,20.38561661193311,2.8971154804636603,-0.0025230994554489806
3.083608863004358,21.671469826401815,19.792780331681698,20.03446775473903,2.86575776809643,-0.0012293901809824746
2.7126511981548256,21.149001111763862,21.19011546131825,19.357086166162286,2.8229055876209688,0.00043440858086503425
3.113694022566477,20.19025289252875,20.662266373728134,20.088913292666394,3.0940633334598724,0.0020291825651681293
3.2586732954569864,20.332929926377943,19.835690852023372,20.78663234013242,2.871680070704471,0.0031710183353827063
2.9652833897131625,19.930570906102894,19.881528384171858,19.196838158860395,3.0923509022317517,0.0036197979284781673
2.8731742256984623,19.961993776689038,19.65505604401032,18.619518335745372,3.0055377165214727,0.003325058337160065
2.9178454213807288,20.197282153775962,20.214197505867244,19.210560708159704,2.9918606939333365,0.002421692213086539
3.1490663080398877,20.254984409120745,20.201720232101888,21.055279728624342,3.1069541790606965,0.0011809205728939998
2.8836788715616652,20.2203905614612,18.387425665466694,20.274224767696712,3.081132304877413,-6.762248066343818e-05
2.9964728792786532,20.271653037584358,20.021745976237447,20.704840610226267,3.028311164824725,-0.0010212081526459733
3.1355458007324395,18.837325619899424,18.214371587994638,18.903773106507625,2.9286109572997074,-0.001475326236021698
3.102315419988156,19.43698727820381,20.948602272590847,20.859322320730772,2.9623685665463277,-0.0013648643939307026
2.810581547904732,20.790938601343875,18.87828260239175,19.436696221913913,2.804702814236846,-0.0007677671652354492
2.9314974104148743,20.193385332173907,19.474233952272755,19.423964245009806,3.0481083493962133,0.00012643586026059832
2.901252957680926,18.939371390403807,19.543669400348563,19.07040169763657,2.8805669807219987,0.0010725035048660667
3.123296469843187,18.182246304001115,19.889317736216054,20.03751104513641,2.908517031832904,0.0018340289858666447
3.0204121052922335,17.303603990557075,20.251730476423795,19.002250866405454,3.035491852537071,0.0022401939120784836
3.1726949904830812,18.448049270091406,17.597620841811136,19.572854067035095,3.2775267579291336,0.0022216011008911116
3.1081363683806233,19.305658085761532,19.065775775528955,18.132844687861386,2.794953669470072,0.0018182955934197336
3.088572301558497,18.766644561696218,18.758190580814368,18.754832923600553,3.0221802330227585,0.0011604532172308961
3.254120644370651,18.684830665455216,17.35042646077317,18.440829973779536,2.97510217354902,0.00042882512896284797
3.0182696592287908,19.190577934411426,18.9435247130959,17.77995213716673,2.9911079714994018,-0.00019366675007174012
2.960094271506634,18.315232122116633,17.716520421761164,18.02725895944033,3.098001437864929,-0.000566631261940463
3.052922956964725,18.749789644107643,17.503018363480738,17.162436290949234,2.893093634799743,-0.0006226526834839292
3.0398994882955503,17.36819541283363,18.63579594536606,18.357768484341467,2.902565422194948,-0.0003773164935770265
2.900667909031308,17.846433857299754,17.547233688406966,18.04304923686834,3.1184140492958785,8.183849163557262e-05
3.022523411296849,17.270800177406674,17.426359401410355,19.68086444659029,3.06591281971779,0.000622911124259486
2.9297591253027697,17.990299846905803,18.8690782468503,17.90494609011425,2.954381060409904,0.001105612057873359
3.0076304267821796,17.20433139629308,19.10813620886851,16.568668842363294,2.82502487806516,0.0014161343766590918
3.1432642777203443,18.040440203689123,17.082993397742097,16.244235050124168,2.926008294038361,0.0014925318816579503
2.9935453542105197,16.63439234564138,18.14212670191222,18.293206015450394,3.0467589525772483,0.0013352593361797278
3.1073290105013505,17.42815520820689,18.68869674016529,15.300154911524487,3.012222072706839,0.001001606902220553
2.993673503274032,17.36493967957879,18.011770855417826,17.689386068912707,2.778500475635332,0.0005867909555907456
2.8484416814722735,17.527845537025584,17.735998336615726,16.70309976189007,3.107204424635392,0.0001974690024776699
3.089381742573771,16.54518488797296,17.529931105838788,17.002069771298633,2.881386747649308,-7.521426770422726e-05
2.773114334800034,17.044942628654166,16.98922206192396,16.864937507980166,3.216098917011156,-0.00017644992528185427
3.101064946871236,16.89498736870978,15.764137345774994,16.046128044766842,3.0888818376138145,-9.792569341297535e-05
2.79160717618556,18.04562338914661,15.783517859531067,15.722463162362738,3.0795922163714935,0.00012421570919145486
3.0012218420829426,16.55569834081418,17.347781714652243,16.856396387921134,3.1969468696111947,0.0004220572849480984
3.0570724998351357,16.524301697159895,15.865481865523439,15.129603797235541,3.2425255514778657,0.000715211843144909
2.877382378182322,17.31803316242965,16.455698492328086,16.37443588173266,3.0504303826118138,0.0009314730844569381
2.9404340893763568,16.789940900783403,15.015624097174717,15.647146422210769,2.8245213001673477,0.001023670772013346
3.0398675056586235,16.3442787825007,15.580407815601857,15.482249685995736,3.0053141610397636,0.000978960326047054
2.91008546554333,16.09223185635371,15.664367708570369,16.638471912401087,2.9887228307669673,0.0008189476850597019
2.9005327743189713,16.5051142491484,16.032928814620867,16.165329450398602,3.0136178200312647,0.000591420180556055
3.032905071556712,15.262861276581075,15.930828943473333,16.614548811505237,3.153299634732642,0.00035642936280761805
2.850892512401687,16.110598650375,16.699636075156956,16.827823096513477,3.1284612014242597,0.0001706060574348828
3.0665830769011406,16.49598168642628,15.921741938531964,16.16681191461837,2.8199201728754706,7.367890224171753e-05
2.817593468837358,16.154982067560194,15.991874411129169,15.903100527649679,3.1477419091353274,8.028428281351637e-05
2.6534885479788777,15.29325742486368,15.659765760174137,15.801799049111565,3.1218564973364433,0.0001785980635956359
3.0786256300911354,15.315759410144917,15.676593451412234,14.546156931095728,3.159202379840737,0.0003355257411532795
2.8220116772244466,16.195003072369705,15.086925886424943,14.89163131861438,2.898453657118423,0.000506614763562693
3.190871238856499,15.371298954424692,15.433336309578197,15.361809378129964,2.907064035609987,0.000647864199901438
2.9725932083725892,15.303056333733071,15.375509236338061,15.789372683001055,3.0307241144136987,0.0007263921783436356
3.0044202390908463,15.0960407213374,14.87156956566798,17.030275640595182,2.9769591384763023,0.0007274651625203293
3.0933262592876924,14.597858834825455,14.870327229692219,15.357252561067199,2.8730279011407416,0.0006564966134798559
3.1349518011324595,14.406024633929988,15.763703400100743,15.226522333393017,2.952991308143485,0.0005359684382688104
2.8527066010576134,14.563018998539938,14.070063397227813,14.777605929767295,2.8857228318649994,0.0003984681716801504
2.86285024170913,14.183922548231507,13.912174181563486,13.966693585253019,3.0746022254464522,0.0002778757412915041
3.159273502020401,13.691013938728487,15.127531091976874,14.784673872023442,3.0699932833658026,0.00020100615169320942
2.9565652587187814,15.013652598210674,14.491920793314607,14.398844139795742,2.8155256688182693,0.0001817018751224119
3.231847111255955,15.128160465884312,12.928060215880727,14.890832127435734,3.0214539808000955,0.00021859834635090544
2.99397101699873,14.629887600483475,14.78783000631707,13.547266444732177,3.0127859095482314,0.00029678521616827673
3.1104251256299125,14.143939420880729,14.974752376290722,14.197293551967272,2.8983225724504997,0.00039261857399818396
3.20976429543473,14.09965244532698,13.535282329887764,14.402886881712789,3.0438716394070475,0.00048023770842211253
2.86872444652163,13.493750165228386,13.597679140088243,13.642670249854797,3.2418015349541567,0.0005380516389447645
2.8044330424504165,13.703584237386861,15.049461526169377,14.567701066508224,3.087556653774701,0.0005536196494216922
3.0403284869246616,14.343872308723677,14.10223817806833,14.839394315077234,2.978592654892685,0.0005258785987374626
3.2231887353462243,13.361019522418735,14.122775679731449,14.52747526709219,2.977103931006071,0.00046440695280792674
3.049766946936221,13.576858929225969,13.756124465362838,13.428718983632328,2.9279161349568774,0.00038616365869601795
3.089680703398876,14.591153673808517,13.06945745437728,13.671983934691655,3.1210888046000695,0.0003107161485857155
2.9520035442710677,13.202999411841377,14.039743933434874,12.202598933795192,2.91026943778192,0.0002552507460025193
2.861726991962734,13.437159431915772,13.40638830528786,13.180942231768514,2.8896896790210733,0.0002305986474046442
3.12282101954869,12.462570495132853,14.045101486869529,13.271531218314438,2.9951784922266524,0.000239155726581399
3.0873510982391954,12.554551748103712,13.908605177805054,13.347197636650021,3.082866779633762,0.0002750368024149302
3.0864801069168255,13.864927379242335,12.521305658766284,12.400597123185408,2.8991230802694137,0.000326231506489786
2.9258814778108,13.564793907128399,12.595399397410883,13.014325646062513,2.932796929760949,0.0003780621800133887
3.178299310930705,12.89697311318638,13.174391852541477,12.737848825764615,2.953084034670657,0.000416988550764808
3.2277929790039,12.210936021879652,13.22916442668477,12.428038417015188,2.9120480146703227,0.00043380305925190164
2.8606508300194116,12.384433727320124,11.520509007842916,13.592897420528104,2.7747288869808666,0.0004254925602473566
2.8389064279978045,12.282863686796643,11.658342170516907,12.377521472192713,2.916350244595588,0.00039542995779646127
3.209463033738813,12.828124642374672,12.412694055363472,12.161938312400439,3.007795865723469,0.0003519951295602524
2.675872431825427,11.821792437533535,12.586370884595267,12.518422203275856,2.9665299411833854,0.0003060980234279886
2.981781576633801,11.828307507496074,12.166287509755435,12.254595618342757,2.9541816146106754,0.0002683026133413736
2.923621025045191,11.88962630937132,12.719034585169368,12.567373471088349,2.966020337445567,0.00024628645242650784
3.096311209546071,12.23287616103989,12.144877302163117,12.014390208572008,3.0390732320666416,0.00024322467081770472
3.0938858697321976,12.643794132514259,10.8122960958242,12.383891593271468,2.852909264425717,0.0002574108406469162
3.197004015593221,11.847496786240436,11.74998501552978,11.715623295578037,2.994878322919697,0.00028309884597081355
3.2249504083484246,12.308459317036922,12.64040528542448,11.760923021791736,2.9278943322388784,0.00031225416586456767
3.559375356621532,11.667744760991337,12.17524242649695,11.088855006721534,2.894374276730388,0.0003367089236866162
4.139634670740082,11.288381719623823,12.093648885733824,12.050706184363632,3.036995163018784,0.00035016100494078767
4.978246506804622,11.250245379933045,11.959234557699887,12.201359373564728,3.021324612762489,0.0003495444157515466
5.942140916460651,11.576577806388137,11.03951951966895,11.402941690087596,3.2161906329506844,0.00033549238636859235
6.361573946345758,10.627448334239482,10.475018388485514,11.90323948844091,2.903286447662223,0.0003118598368037005
7.895430985831381,10.153202275399117,10.633062037451353,10.939964888043901,2.973763670782837,0.0002845036314319073
9.052672342226085,11.117362030935467,10.409447421069553,10.3419945780388,2.8642534689252805,0.00025968231180974736
9.855424425465566,10.966943602161091,10.694133085584857,10.858711107873884,3.065285146640498,0.00024249797374141258
11.047678414826178,10.089466526806952,10.106416385024774,10.795857070008294,3.0586849549751167,0.00023575575346574456
11.182440047891529,11.483221564580555,11.818340472941868,11.349960029507972,2.938372913543159,0.00023948194659216454
12.515337169492618,10.885608515742978,10.715451323570527,10.850826845951401,2.9075474448897753,0.00025116044472460296
12.617596244314718,10.683748818634653,10.338135792185076,10.754822116180284,2.9574085951220446,0.000266567165085436
14.579029926819944,10.16628252534357,10.371473685145787,10.792517859803855,2.921303619062841,0.0002809471522428261
14.890739963435033,10.712266316252359,10.746862930294009,10.03654993962522,3.029240677760435,0.00029021796585603844
16.1466573798086,10.816533853692684,10.719065511691582,10.378052272975674,3.0598044961149986,0.0002919042276541813
17.08532608304621,10.07775206304166,10.290417285887528,9.493209120563945,2.9116626022660883,0.00028559941956136047
16.77166579849715,10.166747358520288,9.738504632309441,10.409338369193154,2.9758920616958227,0.00027288388492963816
18.746916921763667,9.684389669058316,10.330858851081363,10.108750189286624,3.043897380918501,0.0002567665223394931
19.47954169859334,10.212558744290995,9.741909526020219,10.074495940229445,3.150862748083706,0.00024082766440143463
20.238231320777597,9.722047620715445,10.162255618178637,9.539193720734316,3.0103375906226044,0.00022829783115413223
19.23789943762218,8.710302556627942,9.174526120544174,9.961052659997788,2.95921176686546,0.00022130213691213212
21.73912765352054,9.411485155226101,9.707364467616621,9.721884888489011,3.0675363720562423,0.0002204397330175149
24.43226009179855,9.915570043977606,9.31580258934666,9.986398123859301,3.0993027186689797,0.0002247713371778647
23.16393354945575,9.248986250537113,9.34396479541008,9.1825550081122,2.8421760773042375,0.00023218221040937953
23.97585376512463,9.280795044092681,8.866599097580803,8.852280929045786,3.1127952636299896,0.00023999943732094174
24.351984369123414,9.04518826228818,8.55416119921175,8.604296146585451,3.0547869834885915,0.00024569107225838415
28.53557001489686,8.862132333616401,8.745968041278308,8.68475727322033,3.2416088697990735,0.000247469867716118
28.892430422577878,8.385406683818445,8.634676113549904,8.49788531815592,3.1156261782558134,-0.2622357151265284
26.916028618222878,9.421966197740808,8.34030774611024,8.943506704622479,2.819602580309822,-0.7003710067955385
24.919746818830255,8.705132374977271,9.03339560486073,9.130872710390214,3.082748333753351,-1.1717565656254623
21.272577582832778,9.187747869921662,7.848196013591108,9.379024412258035,3.158186527593538,-1.5
19.280141488387788,8.99893876979344,8.387163557673277,9.01277969287543,3.1711962732898047,-1.5
16.7182588967783,8.501472576145062,8.393865750405933,8.437606431880873,3.2681648749978107,-1.5
15.196477958718713,8.812306524649404,8.50227669171109,8.036931523823029,3.3324887310659173,-1.5
13.519749609865853,8.47320035648643,8.469302306895752,7.700391842101578,3.4719305295603213,-1.5
11.345375541538733,8.214175413396266,9.077251711184587,8.158689290093843,3.709749763569222,-1.328203621586427
11.747005440022765,8.933784788518064,7.443456467115889,7.526124731108438,3.7343653781795734,-0.9447331940192412
10.259734846080212,8.447961526425171,8.423489029004081,7.7925303430377895,3.6820533647277363,-0.5923823281981238
9.985167081035003,8.446261862642938,7.50060587004471,7.603261679625609,3.638111398085848,-0.3574051731957302
10.425586072007825,8.743010281120903,7.653724958117037,6.831477300767974,3.8052183242462148,-0.28788375782588327
11.322522777471853,8.584030248405087,8.089460234913611,6.97590234903231,4.052669063531523,-0.38668348635596095
10.682555479272652,7.974476552541664,7.580271007457891,7.151495118872331,3.745630743316327,-0.615138599336192
10.994261780535176,8.594683866050866,7.736085224483722,7.172512992867612,3.9929787155842393,-0.9062635311630425
10.526562083373943,8.608177646762591,7.2388359261662725,6.812583681175465,4.184239106464632,-1.1836314204113507
10.585966403862807,8.319551979473271,7.399548566378332,6.277618546151899,4.527899441048837,-1.3808613657302362
8.927979053045549,8.391466160207274,7.17353814603499,6.623517502619839,4.297367911028228,-1.4569156585567522
9.040263988555418,8.301512917732842,7.869587383030539,6.271997665783718,4.796621899712473,-1.4038615975260986
8.806270431129995,8.929000335602169,7.404022925376284,6.490323645122064,4.563714819308408,-1.2458924095695632
7.845028197699513,8.249090986419905,7.366414903080127,6.7730544337089285,5.037476521402769,-1.0306271113348329
8.045007083373031,9.427820811678682,7.349316281305646,5.849160479607952,5.300472649798454,-0.815479626937271
7.387899741454143,8.755348345224668,7.377075213539292,5.778013142549098,5.005132054387344,-0.65283143838289
7.66494283189008,8.949020351603405,7.1910947179639075,6.044631167620317,4.978140003895607,-0.5777112615408917
7.534454636944869,7.7395531881386574,7.006428088779742,6.068544657786998,5.680902223536622,-0.6007655706765577
7.8976982919081635,8.28582722072762,6.801915193019621,5.723960646667851,5.626067820533317,-0.7077826939034594
7.395396548698204,7.978796334668926,7.119645366366073,5.417720442649203,5.665757148986353,-0.8653249185883455
7.268586870358372,8.69996810619731,7.396588021898804,5.2720674872680435,5.595663224735415,-1.030563100380431
7.1241372417437185,8.539650977255164,7.094738854647234,5.561110082293258,6.036622799943466,-1.1625414791766673
6.628103820657454,8.373653106327744,6.785086971651031,5.477223032559916,5.9360203053964,-1.2319943295437255
6.96907782398154,8.60675807796971,7.035037246760465,5.212719299874475,6.468991403918381,-1.2274485258815884
6.817793646100926,9.38757021633378,7.532004231767321,5.015127616948654,6.21800552454758,-1.156456498541476
6.037106340139136,8.833434435111824,6.730265046990262,5.11167134325581,6.507160801239758,-1.0420917169982764
6.130524416289648,8.953993374080513,6.934309145748335,5.077269418393075,6.549441487476806,-0.9159755582380313
6.29204143335626,9.450750069690564,7.242157500357327,4.772650888367319,6.733562034122444,-0.8098327469436675
6.41068621646959,8.989751573020056,7.570279198624272,5.470326547191515,6.753502299341637,-0.7477557656022262
6.086336807485553,9.012033406061795,7.289539831487892,4.920783149150357,6.088430428478196,-0.7409994578737702
5.7304264302763395,9.243667541920084,6.96642695027539,5.192373634694095,5.894660553083022,-0.7863560885664926
6.231275761190865,9.53077684005085,7.201424277031303,4.987513254628964,5.690401406022638,-0.868198179778755
5.813446181857605,9.108521818030383,6.975607834886031,4.819360686968371,5.531847652655485,-0.9633724883586385
5.263156984778678,9.863518333899169,6.9784100632711095,5.051942868263724,5.41193117725722,-1.0475016069894831
5.356638693648591,9.513013772521978,6.97010652391817,4.667871303146289,5.261004607940982,-1.1010316955477657
5.629838086783369,9.24212667679401,7.41605482929213,4.665188795629556,4.924740720106661,-1.1135737981319025
5.285992310535277,10.32438632484633,6.750052522622099,4.634052825882842,4.862125662705896,-1.085631642334971
5.0783039155860825,10.040976102642249,7.35842404148615,4.354638300249773,4.661203583877787,-1.0275258267597995
5.413751396536454,10.002767573794715,7.253882641542815,4.684797118270887,4.3735899821624695,-0.9560225914390963
5.342697815588269,9.063663451859801,7.09022989734282,4.797855520205582,4.380675942007216,-0.8896880448411664
5.483910725111815,10.43852380617188,7.655077450451617,4.404361093329796,4.395298712719132,-0.8442091069353058
5.695993852832902,10.077047398616786,7.1117416062763885,4.622300446661562,4.06148162163492,-0.8288229653169525
5.328828670484518,9.994888341926934,6.561818737973619,4.440543134671396,3.929034661861209,-0.8446286506085336
5.272289783367498,10.537022888228666,7.067621357201514,4.456040034928375,3.9175034531287696,-0.8850290787069814
4.78106131357191,10.905621277058025,7.37619527345464,4.307319821315655,3.556116448456084,-0.9380106594913473
5.162404423098434,11.373060392300701,7.4125106982976865,4.438399473368598,3.688535140408833,-0.989544267506956
4.924891373430561,11.433069401870748,8.269296645298667,4.205431490778747,3.5131392489185,-1.0271800089746488
4.663491648538526,11.809084284058207,7.6080217672367105,4.418402457504499,3.2929822145599603,-1.0429423470561878
4.721442286710831,10.850709221738455,8.120511708240825,4.331998605651978,3.192389458419173,-1.0348815551288844
4.947784029997241,12.302531667102825,7.733024717296368,4.25968264235414,3.2877341323013374,-1.0070216821290112
4.853367725401144,11.83117666518293,8.641809890345273,4.354833845353737,3.1259634965530188,-0.9678583724372747
4.855071096172683,12.909975584860726,8.64947940639455,4.389272157816852,3.213395399412748,-0.9278990973597003
4.52838256136996,12.911446713143574,8.937434426796045,4.2094471834559295,2.9397451768280556,-0.8969281225296553
4.384036760387702,13.195030720105512,8.359674621511171,4.429963701988807,3.011542525096752,-0.8816860804896092
4.291576423517964,13.370947150343865,8.828743194690404,4.642660189162937,2.737679746439685,-0.8844932474912471
4.315613523112619,13.343179266583912,9.537247844403252,4.213500930083863,2.704313781385356,-0.9030699101104317
4.395744687831964,14.231887410384918,10.094200419125224,4.455685814442392,2.850770884978146,-0.9314934206356966
4.046598583300244,13.416077411193804,9.263980692549378,4.627893510999323,2.839977531133355,-0.961959535907956
4.347132757856761,14.579717578884367,9.710413235176533,4.749343677499476,2.6407627328203462,-0.9868483963377961
4.137213447722852,16.26304433329915,10.098090290624324,5.277733774897656,2.7420863205079993,-1.0005649064534972
4.339708534467635,15.165192890190081,10.65105853207689,5.235851912852759,2.693486093034508,-1.0007248090123309
3.883726741594918,16.498064674349305,10.756542758164171,5.331245126301655,2.757546592759397,-0.9884548537507059
4.38392963316655,16.465576048829895,10.742422456927963,5.2531328322074495,2.476683812654006,-0.9678115510235104
3.951014278134218,18.02929780780792,10.99622750468127,4.909373531671781,2.5231369650050883,-0.9445371564791192
4.025324516062284,17.636913233639994,12.51967685217114,5.151843591314503,2.691149300190671,-0.9245136962623675
4.088978871865173,17.546074245248168,12.088342354810342,5.469670208185075,2.449486268741078,-0.912317849519962
3.9143094248850523,18.988152532706597,12.06478166020007,5.924314108292239,2.489593362958845,-0.9102198811773623
4.006294022462766,20.89740531402506,12.457938398546467,6.494993446080366,2.457299509104614,-0.9178318246526027
3.5876041251722963,21.191718935155603,13.735378946769302,6.6886382111311145,2.526680328865776,-0.9324340692915238
3.790407192885154,21.036946320849474,14.319476240485915,6.394150421205056,2.5263503980977156,-0.9498415992962569
3.8520160275528825,22.478458441093228,14.972833154608844,6.525729424221864,2.514134392214218,-0.9655516536638048
3.717614360496667,25.047022863906008,15.565271381273224,7.3284977967623295,2.634003601349395,-0.9758685221537491
3.6799855415836107,26.524820151351303,16.594116390976634,7.086996126180423,2.594741893749928,-0.9787333957425035
3.566462059741102,25.259246295985168,16.458512480039797,8.117436655004358,2.6087297836985637,-0.9740829020971244
3.6082199373541486,28.793712657824624,19.685001549764173,8.603799200596715,2.4095198363059613,-0.9636902239727707
3.371493775465061,30.557446445180044,19.523463464472872,9.443491763389407,2.5559413510228706,-0.9505727396738967
3.6768792226821025,32.64468461651302,20.881803235594926,9.969746225124405,2.5148334713736094,-0.9381483266227866
3.4464842096164205,36.56242382226942,21.277888491632854,10.750017893229298,2.594983426769476,-0.9293677569392682
3.350766744778754,35.13474076142378,22.720177119083854,11.365693697619648,2.726694848138404,-0.9260366019203229
3.436480011456783,37.101692253680625,26.57052525017655,11.60224036682677,2.703064099841371,-0.9284753108243413
3.5774961294463177,43.78026008515423,29.292124838139436,12.726740236893946,2.7607812148940916,-0.9355707918552596
3.2920922164141158,48.30492558570804,30.451830597467783,14.53813445487685,2.503395651413573,-0.9451727729452974
3.4092811138347043,53.93830320716596,31.90528744986433,16.575959968569556,2.8474627713096416,-0.9547082633548346
3.305426575873405,43.6855326066461,37.28249283043594,17.736545515137486,2.9043517336019873,-0.9618453384897289
3.1760785456669662,37.796746006334075,40.06379058314792,21.588945351868176,2.950865607061845,-0.9650402009568738
3.0578595662197636,30.392709045720103,46.78900913325414,24.842003590895455,2.9924928568236346,-0.9638444377495404
3.256599060988778,24.39825630002825,55.09981921818144,30.18692025094279,2.9178998344372142,-0.9414774385485847
2.766476451553281,21.179699537671514,43.09711205396756,33.20772179509234,3.172874351794871,-0.6242457554005841
3.076093354814068,20.74251785226799,41.64742111796509,37.05485236798358,3.0346685467026413,-0.16043145284114851
3.039382322754273,19.531541983556327,38.13138071036315,42.78932827605273,2.9533818507369327,0.3091520137453653
2.8047432200828744,19.853305202330866,41.89316777650995,36.419497508988634,2.9271990602475,0.6647226217105352
3.0311546061181054,21.221797376875287,46.68950479646209,30.079139905072438,2.931897009833191,0.8281058589430753
3.0807732229616756,25.711712926610208,50.574280830850995,28.0827840169557,3.000992166529297,0.775858126301331
3.224321771819721,31.40766250065158,49.352118831982146,24.13215356490025,2.8892488742155353,0.5394281693562814
2.8751689578434827,31.836937755853288,45.37007662493876,22.04682282772466,2.961429572274055,0.19245328523636945
3.080307636933437,32.02123507833371,44.870933943922196,21.60374055087401,3.0643309453028857,-0.17093117971022842
2.9737447157655286,33.886533431860144,47.43120256488358,22.35294884041907,2.9494844830439972,-0.46081864416489343
3.141297515864485,28.656201323591496,46.39316571036312,25.871247899993534,3.1265254329043755,-0.6130483446695686
2.834193085270739,26.224139498344627,53.81314274111832,24.869636203243008,3.0534523181682105,-0.6025694625418477
3.0550737260882137,24.28516401796248,45.80962171124685,30.72363169845526,3.0953870858249397,-0.44611834434128683
2.982760025854674,22.926330271456134,45.713525146060995,35.292286890509814,3.0908346253482284,-0.19449331888865812
3.0403374731459305,21.639318526871385,43.27400132692379,31.90719619456323,3.0128906304683083,0.08278415258814686
3.1053570592003674,23.43190268018844,44.58357928446833,32.71125992254329,2.9801417417252574,0.31602410074812687
2.8936441074506383,23.694067192054362,44.98980434652693,31.564040428581468,3.14104706876881,0.45234152274793576
2.919475152880013,26.614816340606414,50.24136529052681,28.18869779048779,3.2064619044466673,0.4670562704103246
3.021234481749998,25.95660365299484,51.26093684558045,26.69920975632203,3.0539107748698773,0.36723312142941816
3.1805300533747736,27.577393577915842,47.801231006881395,25.173547838237443,2.9747961797354256,0.18718809421539961
3.280233449848828,31.901715339411652,49.413265564956134,23.23090148324414,3.0192014684584167,-0.022243566668616994
3.0817662848441008,28.406686447050838,50.18607374311164,25.270214996063252,2.750824970091081,-0.2075212701908138
2.985214910559172,29.146503409531967,49.713781835646564,25.622817299263694,2.847632851574554,-0.3256638462796897
3.0174066052832824,26.86500275719211,52.385517724784194,26.353495534202654,2.825973220303188,-0.3537851758461219
2.7743038579334613,25.9264517740213,51.415008929876215,28.613477527235965,3.217294691858881,-0.2929063998069649
2.8377556610848567,25.20996017923852,48.20203537698744,32.315038423964104,2.8997277927631764,-0.16561750249471338
3.161932797687681,23.096328130775113,44.86739982220854,31.35451305805967,3.002726518455739,-0.008694835010424874
3.0627890315316355,23.79900769885596,46.09772054237735,30.47521533972951,3.0403014777833475,0.13708819007550693
3.113618509565211,23.04863606621013,48.77237783794383,30.50787057644847,3.058285227052943,0.23723234357853537
3.0271050386755536,23.830155733629866,48.75993589804356,28.390963089539195,3.026758764631706,0.27135910434313776
3.044163504172237,25.50009162849094,50.30182280110069,28.15968986232592,2.967444488670989,0.23693513673890843
2.8697574788355165,28.760119538491526,52.61940544507243,27.991363706350064,2.7979346774191614,0.1483288726168947
2.9397091947689384,27.344849750972497,49.580434605731085,25.968155959791314,3.06488721924393,0.03183679788609939
3.005615696916815,30.19707007680376,51.33708053736212,26.245999958610085,2.870501271368645,-0.0817580506887342
2.981809567823296,28.42478587295843,52.996779791446656,26.41073323099581,2.9749916908987752,-0.16506887938475082
2.811177906103475,28.302537843512994,56.04019749788313,26.216842046470283,3.000950547325145,-0.20047242737930177
3.0982761851096887,25.06765381645198,57.872123170365704,26.68904281726065,2.852441387688703,-0.18354382892951793
3.15728186763407,25.594205035197636,50.894888455054215,25.779711959843457,2.9838597712297124,-0.12297958358403563
3.136236760238148,25.58029905216136,51.303172696771114,27.343028306189396,3.0064124180687597,-0.037334361707372136
3.05765675094943,25.133803901140677,50.46861315105388,28.241596117084974,3.144426699544075,0.050355810122771294
2.960903059527397,25.197540897921638,50.61528352291311,30.536756986797315,2.949367087157145,0.11857083857009548
3.0385812177779554,25.24349621167333,51.3971108819122,28.530447939158005,3.216782675818605,0.15241069846158828
3.2278214742579197,26.066960061653564,54.133070146345624,27.294321573033322,3.0347363475374975,0.14664246461474914
3.125092238548667,28.060115232473606,52.6952999482527,25.735375150325257,2.6082410415932555,0.10612863473501374
2.886063140488153,28.297979936406797,50.49020759105535,25.08398715255423,2.9267944522249465,0.0437614409494945
3.2047435205928925,25.898178364371876,55.82369569257333,28.808334609694576,2.7195152493037598,-0.02337619476696661
2.997495211140002,28.709146112264776,52.93696254212707,27.01862875410736,2.870104198378086,-0.07853387520962693
3.1147120289999477,27.97061723079409,57.450474483792966,25.567797062380148,2.9274884470287406,-0.10934063703767474
2.696445454440004,26.890034805322376,52.9285865960261,26.285765764278214,2.8974809349151225,-0.11043242378751733
2.960532052833876,26.19457811913339,51.79332067329217,27.801217838946126,3.119155093995037,-0.08414484437716901
3.0486939439050866,25.653525881170818,50.49228567533188,27.33667164257299,3.0403750756889836,-0.03927176618154685
2.8316206556496244,24.871241426390053,50.34427976873717,27.36246034381958,3.1432838554027405,0.011639108235742525
2.945811461015294,23.164552045900315,51.91185007788959,27.37234027429876,3.0376513652350696,0.05566770695896014
2.9703168008870326,25.734057877853857,52.38396538506982,26.80950245993366,3.1031242923587956,0.0826980730299158
3.1101579292611907,24.699266467893306,50.46953892808537,26.86771816274651,3.058559307572019,0.08763482785249757
2.941334509581029,25.451053461549343,52.36092423672503,24.9333854947024,2.9993735360536697,0.07120419168785058
2.938265794431275,26.62995934266791,57.45955560649462,28.017466410836096,2.6902244502632717,0.03926837863803047
3.0331808567851013,26.473683011601615,53.21348460849978,27.04428628025753,2.896495835758285,0.0009501502147985768
2.996410887917709,27.282726094322836,53.50296506532851,27.28209079986102,2.8766930748084296,-0.03387210176751474
2.9286902110401805,26.189405233232403,53.08830818260934,26.189503476955238,2.9057888818061577,-0.05703418054437056
3.158692358124609,26.860789445872957,54.04659487940814,27.16674260802112,2.8634804342036704,-0.06392288529995019
2.9790153391783685,25.68389916949838,58.88528460510913,25.992435565184664,2.9970870283106965,-0.05428816191675034
2.972850275166134,27.95207835625513,53.91182845499768,28.682570283102926,2.907043958814969,-0.031922546890096326
3.057492979223047,26.276300419843576,53.468414180033875,26.348338348175407,2.8829287243680874,-0.0033849216859195737
3.0807766104356937,27.583579692724367,51.119329465466784,27.91266673055538,2.977181731952306,0.02383732431069034
3.1457718728920634,27.099055633596937,49.30593192045732,27.44275566676798,3.0067711467860483,0.04323141676052691
2.9400256880364712,26.57527777641941,52.23020097188737,27.19370393792944,2.9727035489478677,0.050758797726641776
3.040295084866769,27.270796416381952,51.1723639797478,28.36122541381177,3.121876816447696,0.04562157179381294
3.106871877675685,26.554625584650353,52.192937983891674,27.333650391502857,2.938648517588183,0.030173382322324846
3.0327692204323777,26.931365239062693,53.61372892948551,26.235027387627124,2.974167721814314,0.009071194418214757
3.1348786719251183,27.413126641612333,53.66392896678454,27.66368336992749,3.1680366929918735,-0.012059258076020107
3.040802521218133,27.306520499790267,51.73477885263449,27.130335726815062,3.0094138449347905,-0.028077103631373265
2.867248422389774,27.825532171192247,56.43645857916078,27.39216094961745,2.7877563444976357,-0.035534911204711646
3.0048315133248575,24.02747216403323,49.38017388111356,25.47603953833813,2.8536785958372572,-0.03336954518165254
3.0665224500337374,24.695460765991577,52.12052612519173,27.7330107567392,2.8930906336500595,-0.022952443204274607
3.033718196670313,28.241746589589248,53.43355346715759,27.57285999137289,3.020481370546102,-0.007543078025670108
3.2397605187278753,26.892213915867917,47.79047782660987,26.9927406106425,2.8581197917162013,0.00866923356628232
2.8257509013010416,25.507015732523907,49.79679878150853,27.542615996075885,3.1078392979397313,0.02166602710135225
3.0443665318763853,24.961488329918694,55.78102166736637,27.030700436716575,2.9609730459522114,0.028562594975755466
3.0794979538048364,24.00791327960789,55.080020765344486,27.814303612535536,2.96821697639154,0.028210834284933387
2.791527660982715,26.17908283341645,51.025999588008844,28.22320123153468,2.9443126816943996,0.0213268174939612
3.1472787454828994,26.46503614899414,52.066678866117215,27.49524719410243,3.078194056134947,0.010153589657254762
3.250617080704821,24.919227296979287,52.074821370209925,27.305413897615498,2.7609526553361485,-0.0022181261750098616
2.956570496158001,27.87791693997603,50.91129156806191,28.428439288068052,2.871977967258307,-0.01267611449774456
2.9456844318573157,27.880458549617718,53.52845827248675,26.519712610251084,3.0292482793495803,-0.018845862292490086
2.9157685957045505,25.11883525833456,55.26564978332361,26.291567294555993,3.049811709732989,-0.019603879344609478
2.9441283091037183,28.37396632531594,52.47967481659097,26.58195126719713,2.825625902828002,-0.01524172725939628
2.856168182939486,26.047222741753608,52.178575811842975,25.986211577415105,2.9481630230757068,-0.007271375988867211
3.2197148440271453,29.375739482160213,53.773063590974054,27.528842945967877,3.109303262836822,0.00204939508847969
3.0557712897259117,24.065381880244818,52.47593183176028,28.52604305720883,3.2816481252169223,0.010331592017334494
3.0553933147192716,26.361705768803233,53.28353266505377,24.777978508126466,2.9202063689950966,0.015647805845914204
3.1236486813087,24.796405409019734,50.8280381192784,27.12791554265966,3.1520929960969393,0.016960872285090536
2.9515877408467954,28.30906277339596,54.63252438880489,25.53262579930835,3.2030456801807827,0.014298431130959275
3.0170737103449965,27.265095427163892,48.76524829455694,27.700134128113493,3.063321838333446,0.00865312087416436
3.1711884658575595,27.925073031777533,52.139503328495714,27.32232006952122,2.857326120862614,0.001656678277275501
2.828682911150927,26.42172972385354,51.484561513267714,25.975960107042486,2.8799244608582852,-0.004872989625985896
2.9974255605703117,26.01213369745431,56.7702553783321,27.65087224767194,2.7005605022786834,-0.009390443118065741
2.854690350610619,25.441157350847995,52.983409081182465,28.136674663112675,2.840784826726928,-0.010974954548601404
3.033782012169445,25.067042887320124,52.934007433163366,26.004279802471206,3.018298120536551,-0.009499946461527835
3.3017902584185705,26.748827562713963,52.0226107235958,27.184608694578298,3.042510668489779,-0.0055943725302651185
3.0562152893855616,25.953513345795265,55.982579256517134,27.3756578454217,2.964589196284542,-0.00042362594262972814
3.014719619665345,27.8926361967065,53.785636714662196,28.08335782754692,2.975858207139039,0.0046409358201184156
3.07935347252659,26.280315366796316,53.94660282301408,27.48429072382034,3.0547583220413843,0.008373696517121387
2.873548753296189,27.906847908685183,53.498955460762765,26.69596499776776,3.0335651297760826,0.00998027830585234
2.849056662539889,26.58488880733113,52.86003556479397,27.314998115530912,2.9409302769637047,0.00925314619288818
3.1642347042671046,26.058090142921323,53.67278055970608,27.848390425225972,3.004330110173558,0.006570810046053483
3.0632750879741013,27.084710407178402,52.92353605468378,27.6818691080893,3.12965087842536,0.0027544902010188626
2.885769433801909,26.991389053918635,55.56573788065729,25.51283649393966,2.9465704503039034,-0.0011704150859228892
2.9733262760443435,26.720293686388516,49.997217325783545,28.33337763788261,2.830137912224789,-0.004241694945126481
3.0166433286113468,25.87863676500934,54.77530860920049,27.64339187708637,2.9605017516942556,-0.005788943791639962
3.28208039987279,27.285221971236666,52.19728699654647,26.868355347690215,3.0963000217882533,-0.0055711877893718995
2.930024991611736,26.781924172075023,57.088346649963825,26.943054170258876,3.2097153033231067,-0.00379798428694913
3.1368542426824657,26.066562447107476,56.669830704402685,26.481458906099935,2.945282357034089,-0.0010390461102159534
3.0138271886832335,26.466425708295503,55.72524649502576,26.00895425952432,3.0068456354741344,0.001945873021923106
2.97468594832525,27.169203223386607,55.12722659675381,27.613828804504106,3.05045511099007,0.004408466508266109
2.7983750174499025,29.638175871316836,56.097985063486604,26.42627402095772,3.2092305121188045,0.005792964390987879
3.031194860252223,26.12484201021879,51.158666228863545,26.645477686243062,2.8641516999858556,0.005854541806683116
2.979460895473643,26.5055563842876,52.72689574559975,27.910410269809866,3.2614835663722923,0.00469171249110512
3.057840329688737,28.172665106123837,51.97635329005756,27.334311984423273,2.8349622252969824,0.002692343770911777
3.0920907183677135,27.4031139482721,52.77962688316078,28.047084743034873,3.019649792593736,0.0004139803076538643
2.935760914356269,28.641577702267735,55.913851338321315,27.672312451137294,2.9603249105460603,-0.0015666594234223564
3.0374724829104665,27.279254527105444,51.72694292539882,26.536465875926247,2.9926327090445732,-0.0027956961532645194
3.130757175847972,27.422212708825825,56.09548101023466,26.911628641686338,3.0074796787626155,-0.0030417975607266367
2.953038183963033,25.75348049869483,50.65409388676249,26.707281653740097,3.015360868595728,-0.0023330162845312617
3.070532682873151,27.31606548555714,55.396867385994696,27.467021373962858,3.023522802109575,-0.0009272898930902521
2.888532100313519,26.394218023401464,53.260758793536645,26.62642879435398,2.894441597659482,0.0007704198418839721
2.9869357748587433,25.514218355157865,51.44132111811983,26.833823489636746,2.9877153277461224,0.0023195208178617417
2.8896566815891362,26.752157322104523,54.5452783680601,25.93160008763367,3.1590584026681707,0.0033541171976326275
2.757560398777144,24.980011329690495,53.650060281101084,27.14646060012333,2.9421443608866737,0.0036655155218907123
3.066048525524357,25.026015617746125,54.496105934692494,26.292014582530552,2.976574414260065,0.0032392654949689645
3.0397003369841102,27.50726602256557,50.71623638692438,27.542978782008333,2.9654908298235534,0.0022416963944664526
2.8822955331529867,28.826255111510495,48.95798057122951,27.813799477217618,3.011917283787679,0.0009636401057351018
2.985126985358876,26.995501814479415,54.72304591928388,26.866365412105495,3.0184282893243415,-0.00026122246229443903
2.996944343291169,26.290745253810535,55.36784275274982,26.258236566703058,3.0700230662685684,-0.0011413039878291479
3.0589359769939444,24.478588533288146,51.306362491814234,26.634697740452122,2.9582860846306014,-0.00149438521698214
3.050619733042386,25.465736751866945,51.163559091018314,27.993417909453314,3.024342497369846,-0.0012823954195462723
3.1135436984042375,26.7840736407708,55.3619705446392,26.054170148803465,2.971299329338354,-0.0006080759102260616
3.100243557466477,24.81944314462262,51.095845184114076,25.332801266451273,3.094588733694059,0.0003223295041118579
3.13883990475183,26.652274429409044,49.78214031297648,27.37285038551516,3.0507880158425404,0.0012583086308272325
2.9709169519766894,25.622984307275342,49.90241319373774,26.346466154122936,3.0981242046303703,0.001969909198042337
3.195894042816636,26.907351099761293,51.24709935960476,28.41928137478133,2.8886884892473943,0.002301897246102847
3.01309118211229,27.70538411528769,51.82541903721424,26.906969877184515,3.0749620862807476,0.002204999588552911
2.9872879329702675,23.6250056332524,56.777101309596794,26.727290824507303,2.86051997738624,0.0017386310935474146
3.1099047770089423,27.456031471368995,48.10658240877205,25.93032033562503,2.9086989069242786,0.0010469357782057083
3.0705779333513488,27.296339342186577,54.11999581755818,26.892366412862625,3.076079685373858,0.0003163045559375678
3.0964360495666523,28.54640720930443,53.893109531030426,28.69922995184363,2.911127569027193,-0.00027367366628752027
2.867005190410088,27.14576175578768,55.045420655065435,27.082581542380787,3.0157231194113003,-0.0005933181257687887
2.984864627850466,27.354524493180854,49.41821191350642,27.248176481952918,3.1457791178243704,-0.0005900497586759242
2.9412622349210387,29.14056689282432,52.61373140733781,28.346412604315724,3.089951645214262,-0.0002944459738047207
3.237640055954114,25.267714576940026,52.712581572051256,28.08071860628494,3.1974987980067895,0.00019446886646090508
3.1018038432033843,27.59873470535597,50.742446933173866,27.388367315038582,3.0070598663108017,0.0007393027921857582
2.996255813488831,27.478108141379142,52.93845997981954,26.288349312986263,2.836783438969532,0.0012010824469157297
3.1984989495276497,28.481171053142166,52.80629618891209,27.968868305104717,2.88771709984762,0.0014732084695152808
3.0496117333107504,25.918801026647863,51.20948088120578,27.587510645617268,2.8244049676087597,0.001504564905839439
3.174972389084269,26.832647127134308,50.3732273869398,26.105040460797273,3.075309209005648,0.0013071073783999334
2.970635301932999,27.137700377191276,52.00699691362646,24.46443585921481,2.8212795309594787,0.0009474403170984913
2.7934321145733767,26.41565888914026,48.523823882543255,27.497903018405953,3.085817921156377,0.0005258324070361564
3.0467879682360457,29.278808053372686,53.61220257269183,26.198754764029033,2.9780530912413927,0.00014887464616984076
2.927003506352756,26.279670617491952,49.44786244839001,26.783892189958816,3.1355631513133053,-9.700996329428717e-05
3.069103146709799,28.245553540276426,52.137569226713985,28.47987081092976,2.92902900935901,-0.00016483347238139005
3.0481403105493303,26.12656415282701,53.024929311563405,26.766658687535216,2.788173184907502,-5.502982813079348e-05
2.899136459594101,26.136269739493102,56.55929694624203,27.165842842235055,2.9944783869911387,0.00018879593585604954
2.9906947976004417,25.130953849741783,55.38048056309861,26.40894817586835,3.0358746438814626,0.0004942520345709213
3.027981771773532,25.997083802734288,54.751647895023915,27.364844955651026,2.8854508358375863,0.0007802917396489779
2.7540015117889687,26.642179102205716,52.15500841388687,26.88880306948375,2.7147026988537886,0.0009776914414358516
2.9911276908416773,26.278097603661354,50.83466742944871,27.283890132933735,2.921874085552133,0.0010448616348984856
2.948598226012525,27.481922160243908,53.2280512465665,26.515239767510742,3.0654108988973414,0.0009755514074778402
2.726447456797082,28.704218639020837,52.88069083926043,25.94841352748911,2.9649723798962766,0.0007972802703632518
2.928062974552682,27.87971116395871,56.6014003773898,29.422764421524874,3.247120898659564,0.0005616894906236373
3.001281904381664,27.153650926117226,55.67171118536484,27.41732867150523,3.0631488481295928,0.00032986715196931215
3.0044408712326245,25.245851992643303,55.07128808977521,27.70590183300735,2.940673978790761,0.00015665726248546635
3.049807113382289,28.029274913892912,56.34392974448325,27.984369727011885,3.0537858556490685,7.785988829772183e-05
3.0842170472632566,27.181423774229607,56.89319285304997,27.296891991697777,3.0095664717015076,0.00010318427099558625
2.9409767026712665,25.146260679190164,52.26531380818463,26.67894158320885,2.6676815561007965,0.00021616679961914754
3.0041242287779024,24.938353299153093,53.74760438158485,26.583275321962574,2.977228570697214,0.00038046496820784973
3.110599641745758,26.4556633154861,55.53981423748641,26.850954227402948,3.2318751761527493,0.0005504384148418406
2.7765041565831394,26.270252577181648,51.18831836065593,27.851328673231592,3.1623691702210994,0.0006830675344626414
3.0370842061353533,27.546692567820273,50.86736607467299,27.4319632236597,3.295017962002981,0.000748192507279566
2.915639471014616,25.925143996983138,53.96534398400626,27.069742521537307,3.235992562487818,0.0007347280317492311
3.0290246515497516,24.65579329501215,56.58164826736839,26.78155814004476,3.1075880073237316,0.0006516932723747866
2.9796206049524465,25.885254423715683,54.363671978481236,25.68568040732526,3.0617109157280606,0.0005242596229054729
3.0226966091602474,26.457689192589083,57.76488460965812,27.83462979975307,2.872115363027811,0.00038621352505677665
3.049961728053513,29.1695978092736,51.628185639075674,27.1856870519253,3.0074107775444934,0.000270981790357215
2.9635183909644365,26.041882913359952,53.9782809989519,29.27920925097711,3.016629194927045,0.0002035289517449097
2.8415576217244847,26.193824192461708,56.128549273492574,26.132654570427324,3.0765060543963134,0.00019502208766121072
3.1278225276412246,26.894444034911995,48.14072681397474,28.488269054739305,2.8398048922320966,0.00024131944538919057
3.002231229907996,24.60653285631051,53.51595545762939,26.791145943250232,3.025128003642655,0.0003253163810364343
3.224153092590112,27.382255227388487,56.311518694358426,27.848381972421627,2.965724068117725,0.00042224057782628524
3.016506409544754,28.277062241332715,51.133456859173975,27.531396155961907,2.97457402637303,0.0005063502123980764
3.2881174789649745,25.40640726202992,56.91639332437281,28.271864994861133,3.064252986975755,0.0005572825217145382
2.9129665469574832,27.09816960595854,50.63197275730846,27.303847885321623,2.921320089081333,0.0005645384918617558
2.9806300315817973,26.445810563326376,54.18538854135946,26.994473247385113,2.948593926836907,0.0005291753096845645
2.905550042078819,27.27599998394403,54.07996138551873,27.447120836786645,2.9935112206359396,0.0004625388235929331
2.8988212981492447,28.24983549749664,56.40269342262046,27.083589442803323,2.882501520984606,0.000382603198730104
2.6260481459456657,26.989381806473542,55.061312918409065,28.58890318630816,2.964998371524985,0.0003090176281730576
2.9394159049377944,27.556686417416945,56.38294191244271,26.366620465028433,2.9066527471771524,0.00025817843869389655
3.069536506984056,24.950103793957076,54.1560911090319,26.815559860729095,3.007558623136054,0.000239523508891066
3.072274697637625,26.968331205151735,54.896153939688276,27.487498800819612,2.860466090657445,0.000253843855087262
2.976593129126389,27.42685016775422,53.600071230392686,27.918828962417823,3.158259926996856,0.00029384690859632573
3.064977151684398,26.176177341751053,54.13005753188954,28.504438973279402,2.855589783894978,0.00034663758786129047
3.2703720847986855,25.690490128755574,55.04452576499186,25.75140959571429,2.9805910965984195,0.00039734578630290827
2.92145335540361,25.177541121338454,58.98735932656936,27.68978077197734,3.0309083904375282,0.00043291736228676754
2.8898903709445922,27.913539231088514,50.9827442701571,28.038230657690143,2.9432545623988613,0.000445131851549945
3.1716297329035106,26.232914881132942,56.146161113432804,26.74916538822495,2.9542248998492457,0.0004321801782369675
2.9830871974149784,28.0834869181994,51.88603719612027,28.350911203432894,2.8459475763731246,0.0003985443263169134
2.905625258168814,26.720573269668076,53.95386595901589,27.64625904489199,3.0650551236781554,0.0003533566850317455
3.040785468724352,26.568288003574903,52.01005028910033,26.143580268779072,3.1360509722108874,0.0003077711986256288
3.091611433895051,26.139312394794384,53.297641803786924,27.045267220088316,2.919650970447108,0.00027207239802964927
2.773746040835421,27.005126426023654,50.81484099353242,26.35914342570788,2.9595391412584133,0.0002532487063749839
3.023136267005837,27.68816645237774,51.355646226257825,27.132093760663736,3.065151997649255,0.00025357993751196767
2.959113122408868,25.310914735552963,59.03525430498528,26.690653011405313,3.1056945881214557,0.00027049404539113625
2.9456973780045095,25.414918558415945,58.05552290273012,26.467015034238447,3.011922144596956,0.00029761703241907027
3.120392738157095,26.299361860722154,54.91105471208666,27.05225163558521,3.2462376774112642,0.0003266562347777427
2.989067444184737,27.877807954741947,56.25880016335702,24.793246979972007,3.102088252881335,0.00034958586464930156
3.0210570232889506,27.399830674352145,54.89719184881952,27.376201664815298,3.036255894604553,0.00036057656424674534
3.0061890165589014,25.50899027026245,54.21537064698496,27.612739935919233,3.0031567781679858,0.0003572218176640557
3.1005905585034954,26.703855229123878,56.660448872574406,27.353889981024544,3.088410703987517,0.00034082425492435136
3.0204612081691367,26.817574326627646,51.37538050848145,27.71090645486613,3.150022497430112,0.00031575435833480563
3.1226074587574884,26.587330021808864,51.419019193127085,24.978262488088497,3.1311795184910856,0.00028811870763964455
2.982529617637885,26.853965900759228,57.42059657700478,25.951966956807716,2.915477482085332,0.00026412218418425925
2.905854067730046,27.120353129135104,57.185340108724624,26.189049548165244,3.1155058523891905,0.000248549422990186
3.00809949537918,25.235333106949096,56.85243156490694,24.31741080203706,3.0201411543705783,0.00024372460646902592
3.0700303931061255,25.839230417906354,52.34479163619502,27.91683001277517,2.9500895018877573,0.00024916090657464755
2.9803547352230986,27.309871269322034,56.68801615903718,25.026699654606386,3.191754460547588,0.0002619245931903132
3.0367873980181135,26.359472479755816,50.66022387327881,27.44591732106812,3.0074669540584678,0.00027756273612260934
2.908130248578766,27.29093862846912,53.156586233915654,26.56172398650685,2.9321663678202086,0.00029131948996321893
3.0332131423377926,26.712409490676897,54.49293710424808,27.807278882585972,3.0767170014028102,0.0002993197694622551
3.0065882593390465,26.636158527604355,51.21459622378737,26.88408048486104,3.054478894758463,0.00029943513412123985
2.957423716645324,27.05764371204168,56.79530406728149,25.956698135452154,3.3472423379767524,0.00029164895959090997
2.7881940508124,25.990818330947338,55.62244427344822,26.91877163402973,3.036737099036168,0.00027787580675550855
3.032985039261972,26.18293801739156,53.179972907078884,26.34691288074124,2.9924461675552925,0.0002613266531585923
3.236527090271817,26.80184080656217,54.82076595895403,27.55242011399904,2.918493940525582,0.0002456141472091621
3.2110945015616754,26.25198574418182,53.58877622489492,27.254934139087357,2.8787908911090985,0.00023383833599216057
2.9573692849404183,24.782167680766022,52.914402013530555,28.19552859689291,3.1948349175545245,0.00022787704906063617
3.0891115756540404,27.48828829739685,55.39568057650182,25.41360472207523,3.0221015361051697,0.00022803572381480802
2.7826670862820437,26.16172785931975,55.575395475184564,26.79618464237985,3.03238577274163,0.000233110462737298
3.195289846047077,24.910624013420463,51.40999624028873,26.641073432089698,2.994245860713804,0.00024081285560767664
3.0410900320254064,27.324443831260208,54.25193179093374,26.66447190908679,3.0210735837355553,0.00024842156861786864
3.047571377696457,27.4817686975719,50.81013334153964,24.979624587340275,2.901774548013227,0.0002534823216768052
3.132390590776645,25.862240698725266,57.727412059544456,28.906169471391863,2.860268387362513,0.0002543816946618539
3.129212550111609,24.720813099233748,49.61459590849604,25.62222479686192,3.0608202816470307,0.00025066616303621726
2.871316292685098,26.491452640352776,54.773155700996895,26.371960497819416,3.290641560147844,0.00024305100096182251
2.972211281021814,25.91104369667902,52.01904695973085,26.475332479523413,2.98651155529576,0.00023314399495209126
2.9819220104726423,27.252101630032794,55.37388598098713,27.525242335266142,3.1525434450717227,0.0002229761289136816
3.151791457947298,25.04973520246326,51.13560043094522,27.72863050347881,2.960617416530222,0.00021447031543894192
3.0191677680803344,27.034852714128483,57.495141024976064,26.42969392658887,3.138716436957713,0.00020898286568563749
3.0222803335981236,28.454570043243308,52.04371869422679,26.116176936248642,2.9606886326118533,0.00020702291731615675
3.033443783804744,27.653023846218872,54.2337352281281,27.73753446120626,3.1670933746845593,0.00020820253723968982
2.9619109073094165,27.602252001347697,55.49395077087608,29.116783219361242,2.7614770896398664,0.00021140947716344395
3.0965103170128296,26.65847319711216,55.27022801618314,25.605776960009266,2.882639519363771,0.0002151410804881156
3.0333657819811553,25.212915718254003,55.48303388669204,27.95171240765201,2.9642591470697575,0.00021790400245993633
3.013863650646144,28.85882667986345,51.05716788121246,25.014650621888205,3.10103948669287,0.00021857672353842896
3.0136120994320046,26.424980910603598,53.00914397646029,27.03839561773988,3.133283070739689,0.00021664989578284104
2.9371391471214783,28.413027259140588,55.90048911662681,25.844587643352565,3.232332242868803,0.00021229671620926768
3.2709894843411886,25.14890672767625,54.31888517140633,28.026631866107596,3.008865723033108,0.00020627106099207178
3.138559028272745,27.01795054445967,54.008897117758515,26.323654516465645,2.951160977089578,0.00019967322425261966
2.9124026449115084,26.096435171747288,52.30776231247451,26.06420277979101,3.039077182534272,0.00019365183909298732
2.998650787426671,26.106965269336563,52.508503667936736,26.539429279428074,2.9774761623575534,0.00018912009302028666
2.875411746890723,26.37635442846957,48.930693706315516,27.577774023213518,3.1581746034285403,0.00018655404314998477
3.02268902418532,26.939928679816784,51.070468073221164,25.834727339138773,3.1481063212263316,0.0001859149322046825
2.9783932989686637,27.016853563923686,54.062923145514056,26.241638449805492,2.976295858591198,0.0001867035689633058
3.1536769308126247,28.979449534490936,53.663730941151954,29.101191511067405,2.9536632699163463,0.00018812199594621452
2.9064597314915424,26.88859318456946,52.65137074875271,25.98442341625945,2.9364110301227244,0.00018929372636590662
2.8782014902269446,27.074948163373435,53.89764709680514,27.06046725516356,2.9327964631291366,0.0001894838388355959
3.091036530769324,26.257529846993336,54.12195883654832,26.57697468648146,3.0571543245020196,0.0001882653849122154
2.9836398859062565,25.43026600004522,52.21263744923645,27.629343019816737,2.9341304028309003,0.00018559630985733318
2.837911192952852,25.99316377433521,48.453281814765006,25.915509301218222,3.107914694316441,0.0001817959909566119
2.9786409347557297,25.90022080992728,51.80285922726459,25.93191642899637,3.032117781870072,0.00017743587782554786
2.8922391124515614,26.077424265238598,49.80639745022017,26.66905924857114,3.097967690754807,0.00017317835429073462
2.997132424330958,26.970245252716985,56.115461515109715,25.806275614774805,2.838951644396018,0.00016960755883712963
2.8679697156304216,26.464837642066936,56.73950779351666,26.109935968135265,2.763451499962809,0.0001670940344961369
2.8310528734677147,27.71972394111968,55.70983907327462,27.448476701811863,3.0942418429105794,0.00016572318639833448
3.077899476687633,28.305274870545535,53.03681272516538,26.0363858829352,2.977070726778866,0.0001652993777666938
2.9142891878650534,26.797672554058913,56.99941951113601,26.223628922354635,3.0595653949823802,0.0001654180566104551
3.0592411540611453,26.581732602384506,52.20896728269874,25.56102301971469,3.002390892269499,0.00016558241449041926
2.6540681033496436,25.501533377932297,52.53139522451749,29.51689471111367,2.9863094038732956,0.00016533229732514868
3.1881389798768787,27.8336429530724,54.30505193482098,24.910368896169313,2.931554588912481,0.00016435292900330952
3.083139795138059,27.36750413549794,55.052145060684,25.83580427064784,2.9877013931483423,0.0001625387551920468
3.0662038726568364,25.746315533885642,55.24938921531658,26.524970832131984,2.8056438805944204,0.00016000079580776868
2.8518560819985876,28.174189518319384,54.84093323022827,28.520618416788725,3.0309798926017986,0.00015702065467843138
2.90831682419382,26.097945565105945,51.01867256974703,25.816917484724527,3.1564526397895145,0.00015396704028706773
3.006064419932408,25.123598563015104,53.942958758033456,26.532631293388302,3.059266306738576,0.0001511983890036934
3.0087243557705468,27.90633796437902,51.9699450576328,28.404539356958526,3.1022746450738725,0.00014897649993433145
3.1827878789291466,27.65467188596511,54.6551370554221,27.630949924196283,2.9706710268909684,0.00014741123555962792
3.07816683271151,25.904644272374398,51.07392141908606,27.441504311367826,2.9683249588890592,0.00014644702838499264
3.0660342793747013,25.308024910795115,53.8788012357217,25.354734630305902,3.0063452942516165,0.00014589082262618253
3.1475264846475115,25.758771562867587,55.78557595688268,24.1994689914345,3.024965556298117,0.00014547102990683297
3.1767243611651423,27.839654869470266,54.226152001670215,26.877478879531633,3.1412760314587422,0.0001449104415369017
2.809883551812527,25.110539951084466,53.574878803962164,28.42564966118556,2.939235565335505,0.00014399413520471813
2.940099639551338,26.69317011131751,52.88389710334202,27.91480700877145,3.0914101890121453,0.00014261628957102957
2.896854935529256,26.031264493629248,51.23532525054683,27.074648135337586,2.9265421820160893,0.00014079635874633467
2.9011645221904216,26.782522486535235,50.30719850411635,26.382217170274497,3.0203873590558663,0.00013866334914112923
2.6148425907832684,27.793787617128103,56.27213443819466,27.491204097457278,3.136417633417412,0.00013641481295620492
3.0491919502826237,25.19387201685878,50.880814224650024,26.936179974783666,2.975366984882026,0.00013426274710806352
3.0157972673040128,28.58082062557832,51.170499514902176,26.07241890165195,2.7127307291424785,0.00013238070681753292
3.272906495044137,28.81241794264282,50.4055212484364,26.181125066881634,3.2764325286673874,0.0001308648966319537
2.8092507409389524,27.329266421884448,53.446170918517836,27.670949982630095,3.080431579957221,0.00012971748569411712
3.0415562608760864,27.909218186924665,49.194389826690085,25.511657254584343,3.276733212664597,0.00012885426376532983
2.8298356055202083,27.85153554884736,51.665731640612314,27.84106940258477,2.996961215445679,0.00012813264778914572
2.7629648705128957,26.83789032445085,49.797249099995135,27.426329756998875,2.990475223510323,0.0001273914450965824
2.891348964712242,27.053154011350284,49.87309998839116,26.22808107904057,2.970183944224632,0.00012649166902928215
3.0566197804843935,25.223622134321143,51.87316581061727,26.302007689579607,2.9237897794791317,0.00012534838404090734
3.1610834686169715,28.548682261696534,53.71907657736598,27.3237371857395,3.2779657931739488,0.00012394661432534032
2.808837996283681,26.316165359563634,51.993477089743216,24.186672097859763,3.0608815598605057,0.00012233883872730527
3.0204615948638778,27.96530304325657,49.853207967286714,27.62499444842083,2.9831795271294284,0.00012062629060975312
3.09153668861779,27.130663409650914,49.14303135290114,26.760109020966762,3.0385921257446316,0.00011893002918136349
3.0512574019045697,28.02004364422527,53.35143489295131,28.214386768588334,3.115028662463188,0.00011735971528994532
2.972879487217777,27.31694154556008,50.24943644591345,26.293720254284466,2.8929895488528534,0.00011598789090073314
3.025417849943193,27.06239382875059,49.26237246717971,24.486453563605693,2.848215578404149,0.00011483553956211022
3.0686304328052345,25.91304126795535,51.74218602049611,28.01307905089366,2.99551146716985,0.00011387145543487583
3.03755585248011,25.52250299658596,49.33037848709083,28.59309409739815,3.246307320951217,0.00011302436740181338
3.0606663434516137,26.31505177505117,51.82094848934164,27.54579095737115,3.035484025829718,0.00011220375310702697
3.1597141905319726,28.107460101867005,56.392201473828734,26.299558938890083,2.830585378582682,0.00011132351830836235
3.112638244821316,25.959739626853263,53.8988238868835,27.422880697699092,2.7314499534091095,0.00011032252921466455
3.2825568128106513,27.427597500697356,48.34578195652118,24.408982566617,3.0208946298805555,0.00010917727630970655
3.0090939041045646,27.589927661549044,50.79001509144573,26.260316028870736,2.900929247937592,0.00010790427649347924
2.840745838120869,26.22694291951704,46.66643636650628,26.496874368007436,2.839769126501552,0.00010655252519134235
3.020152285874589,27.015307616007856,46.86513737671039,28.548143386973177,3.0450962744994263,0.00010518870571732606
3.02808926832305,25.618601749234163,51.73238940003431,27.66866978007318,3.0507773339597573,0.00010387938765888733
2.9027384161659855,26.801937361377867,47.94299205805504,26.543203678349258,3.023683541515836,0.00010267480917107986
2.9250676057983154,27.33064989304656,51.327544011839535,28.153725891053963,2.9502916480068127,0.00010159805151651902
2.995470088103386,26.634777058600275,48.20902638470886,26.291170267235774,2.9177328765015966,0.00010064176829920536
3.0406800681567723,25.80557452278542,46.70315201327698,25.496197167368216,3.0113937508780757,9.977260515882386e-05
2.859192134688273,25.460851568020164,43.98332758498803,25.155850002420788,2.976379933748218,9.894156203753973e-05
2.9431525931424183,28.967410640449195,49.751541765845666,25.59408203881108,3.147565934514548,9.80972571194262e-05
3.1757863211363553,29.41502750909684,45.811719743240005,25.730267521639853,2.9671039760075675,9.719861112074894e-05
3.120076923735953,27.228219962246396,45.25113502379315,25.985691229261043,3.159093932581072,9.622391614476651e-05
2.7482425776408648,27.90107157377969,50.582459982096545,27.249529058769966,2.9264407134428634,9.517439830289079e-05
2.850586571028811,26.050027349212346,46.13201535953128,24.454152528452433,3.013573155266786,9.407188835171732e-05
3.0237618339877406,26.371694721458553,49.6648017579206,28.022330600585637,2.9324744998399614,9.29516826697285e-05
2.9794319742349042,25.9726961074799,47.29302372782324,27.731742820527266,3.108021530180896,9.185275136972647e-05
2.9736343562746543,28.557301934841774,44.63291905657201,27.259677315256752,2.982249131551143,9.080790928515025e-05
3.166853679433879,27.79419615148463,47.77395231273566,27.41977713688886,2.987798471183454,8.983634368517212e-05
3.0325053381638765,25.70945487550397,49.50457332884815,27.201397912432224,2.849645439409687,8.894011185548683e-05
3.118008519156755,26.652050120882862,46.41443113138772,24.658604427924104,2.945539031956821,8.810511329126984e-05
3.115120913537882,29.54786565986658,49.03373675034712,27.495688816018703,2.8836694127862286,8.730590908401212e-05
2.771873478433035,26.750081671962057,44.70998017882885,27.015944837685375,3.229396714044019,8.651287912129208e-05
2.8858348350979086,26.746172768700045,46.137009833833304,29.4388866336805,3.2281312988795747,8.569977147399486e-05
2.929821983700426,27.424562252729523,47.378177430443266,27.006512167478967,2.890237453730834,8.48497725120203e-05
3.014432803835479,26.490494238511484,44.078521488510646,27.801808927147455,2.981316810253217,8.395874988351299e-05
3.0397806075609632,25.505448713284995,49.872769382402076,26.253645177915843,2.9716163049765,8.303512651734224e-05
2.944870138615521,26.648687864350226,46.122776718514025,26.05513899766063,3.2023374514927863,8.209671060864773e-05
2.90306221256403,24.949585722260743,45.61173031274741,25.55721730366244,3.1198502997478195,8.116551915825161e-05
3.1544377972801034,26.537053965799863,47.298740365428785,27.97466420774007,3.0841651710665907,8.026203040583777e-05
2.7149307910870717,28.5218768594986,47.24870096140464,27.78065686238698,3.3265508755922037,7.940031283116136e-05
3.0876634020219553,25.757726712807553,48.75377675869452,27.51210256942601,2.9786688290043366,7.858514033319956e-05
3.09914374387686,27.54003561591007,44.402171744908685,24.208129366242723,3.0501390277634455,7.781162135858926e-05
2.9880721131495642,25.114698317758346,46.58183722904333,26.96717227919572,2.8982630953596185,7.706721254165738e-05
2.9570070030306477,26.08227376516683,44.85258542599466,27.213206692263405,3.024658591554151,7.633541877750167e-05
3.128426585841601,26.92121836177319,43.13927178199212,26.681781328403773,3.2023197476683127,7.560013134898695e-05
3.0593402724111267,27.456621059411805,44.310132964222724,27.71036999159221,3.210144507060755,7.484949323396104e-05
2.908998176113721,24.22366484713351,47.013407485157856,26.61205307488542,3.0390624327767104,7.407839217297178e-05
3.1393541151536675,27.603547621014044,46.295670537925744,24.634240536729326,3.1359723393051673,7.328909475921471e-05
3.079330074545206,28.29821425089779,42.81208432131941,29.155005556079843,2.775621579512535,7.249002951805218e-05
2.825828006811977,27.022341655751184,44.596090626832364,24.653508242851387,3.0201952243085715,7.169317750347854e-05
2.8799006335964132,26.5065078733375,43.675496718526745,26.220076921696442,3.1531348857825567,7.091082659098676e-05
3.0547554397228542,28.44849942042189,45.50578394295015,24.841442681263672,2.975080395462545,7.015253484244045e-05
3.1112442334456096,24.26199282427038,43.00619521064679,27.377648169561375,3.0447548069665715,6.942302425191408e-05
3.3724310789708793,27.729911198016627,43.019588093183266,26.967465781871862,2.95274258954889,6.872143512860605e-05
3.027843423519512,26.907775668413123,45.18260423915926,24.85370483576592,3.0772044102352667,6.804200420626278e-05
2.9497211495399114,26.080589468524007,43.62025975021271,25.90048167805461,3.1733416906306746,6.737587710500481e-05
3.13512016795708,25.620363284008747,47.817939500051594,27.657430587533206,2.9228395252797905,6.671351453880936e-05
3.0392180381764606,26.930751267487874,44.475707241802404,25.643555561236944,2.9007621490602924,6.604705510372785e-05
2.964077340638549,28.570989516954715,44.65812784853268,25.29009467570986,3.177220791061935,6.537206327031258e-05
2.9509276185169657,26.40267212937956,45.4001420089454,24.93938968352295,2.9466260151632864,6.468829146428458e-05
3.3270847953510363,27.285458481808988,45.77944677036623,25.520112240317975,2.9119225272889016,6.399935626081006e-05
2.892518267807696,26.559184392672474,43.01900686973687,25.59875361262318,2.9148988434231162,6.331150297890014e-05
3.041137853045351,25.94423153042282,48.42017871525808,26.28783602474624,2.8819284118792923,6.263183881980709e-05
3.00573231086698,26.648774374747507,42.42280815358751,27.28222017814615,2.8658459911230443,6.196651066028817e-05
3.0857887828992325,27.949969991897216,41.22269673428773,25.119697227223128,2.9599361043188823,6.131927639672898e-05
3.2569321346309232,26.075378885089258,45.224485672958394,27.8686189231816,2.7306569158603042,6.069078227250582e-05
2.978528484881713,27.978068590180726,42.79376723749275,26.30675199539717,3.0308807512429135,6.0078660977366105e-05
3.032601358101525,27.792627098522868,39.705277184715584,27.209520771749748,2.8921937430821956,5.947835450763057e-05
3.0134413424451276,25.724841451307967,44.88237044465731,26.371077713334635,2.8950802081072227,5.888439850901874e-05
3.042352301310869,25.140322618789614,43.69128335942725,25.273400396715584,3.0616970509470383,5.829181488324803e-05
3.021381147083324,27.552463787202495,42.66345899258622,27.246714974653827,3.076037145280064,5.769726467265895e-05
2.717213228738353,27.46342894221042,43.39026991842725,25.019189541610135,3.1896334545048193,5.709970129146871e-05
3.0448905285492045,27.225855814993928,41.54230319573141,25.463493309204644,2.9598017697211274,5.650040922859202e-05
3.045007527085063,27.934930959737176,43.91150294648396,27.024572916512717,2.8061802967036327,5.590247198742354e-05
2.9469345486959617,26.831646021779882,42.92829573738009,26.542934524141987,2.9694841676395454,5.5309849312900074e-05
2.861188093297403,29.01655202507669,42.744775634189416,28.42151654976379,3.136436181793994,5.472632166659797e-05
2.9432214326605295,26.088078314933213,44.742879967405074,26.65087100940423,2.846136395282104,5.415457089899312e-05
3.0184232911194346,27.488025217584735,43.69688883899,26.888638046975476,3.1970906593058173,5.359560885328171e-05
3.0796736303262837,28.039054878218668,42.2204271135639,27.94939132897345,2.866067544786987,5.3048662289723115e-05
3.0217511296728374,25.4691121960411,45.380983580240446,28.15464422200654,2.9815000820279023,5.251150254451666e-05
2.9108661215934766,27.463623118515738,40.89517281638169,27.813443804139098,3.3062190148957766,5.198110051313098e-05
3.072061367801503,25.918375960208834,43.10180375084879,27.292199069241384,3.1472666621889758,5.145441947895201e-05
3.117625927857429,26.809338489944704,43.425377375558185,27.117940429905705,3.0181426287370248,5.092914055832942e-05
2.8717755719470066,27.0301843262735,41.901571913217,25.61481934983928,2.9569937045759955,5.040415012787793e-05
3.023396405870696,26.83879371788089,44.32167805240291,27.92698571728274,2.937050289272574,4.987969171285106e-05
2.8303175868225714,26.22209516551493,42.50660237713714,25.539630739096786,2.863574549401095,4.9357174164167485e-05
2.9097344451014484,28.336752049838946,44.52941395031145,24.34314792592072,3.0691795036888947,4.883871351178772e-05
3.0896869551496673,25.396425302049067,39.85353942755822,26.79475199743936,2.93578918198208,4.8326542860240285e-05
3.141982425015198,26.726177002581014,41.013860972035054,25.923313610097072,3.0625525891568386,4.782244527215978e-05
2.9945878227815643,27.662016994428615,41.96647212041636,27.680398548802977,3.162269674879495,4.732734621899346e-05
3.034392923782096,28.4506024451829,42.39880868895014,26.49180139142575,2.879584748427036,4.684115012818246e-05
2.968837055698995,23.585870024069656,39.15378099071527,27.137684434636704,3.0632348262107465,4.636284013851774e-05
3.137821426379844,26.284773616332405,38.61504976078098,26.068109052619185,2.9824170727767823,4.589079326418053e-05
3.028311338101163,26.77958804822844,42.104594166443285,26.67397800816829,3.030455195657809,4.5423215664117656e-05
2.977971765325996,28.118144485803477,41.49284755533254,26.249857657886242,2.977687382564286,4.495858159840149e-05
2.9516884972299486,26.568145311882475,40.06249809316737,27.63589387365149,2.782788804011825,4.4495968822055885e-05
3.031845091291463,26.827556601505,39.89300115961163,26.886859628257017,3.1439266716272036,4.403521809298594e-05
2.9429146223537974,27.151390851609992,40.32846973947249,28.565905353184753,2.793116232052523,4.3576892998059556e-05
2.970344979641587,26.058685711552336,38.613607485671,26.867730155275446,3.0743438427513126,4.312206774530647e-05
2.8692370471765862,26.98428833832732,40.00741895684986,27.730848688428832,2.9349057413787,4.267200914646324e-05
3.0762977480797224,26.723073709781946,37.98596442997767,26.544229077613323,3.023210630887379,4.222783981834259e-05
2.9511461364051157,26.942205432240392,41.464794596322825,25.96089882541395,2.9631788553612965,4.179026600476301e-05
2.944097450321828,26.66017915726945,40.234067711928056,26.682469746984744,3.096036517490301,4.1359430567406844e-05
3.2148302978505465,27.241893314519317,40.98209899397679,26.284509909296236,2.873489755472509,4.0934916084431625e-05
2.951902596117139,25.66256603972156,39.69465979311945,26.69053651808762,3.1871189857105713,4.0515884185962444e-05
2.997216734563628,27.073499468170777,38.367409355622065,26.905066551489472,3.006179796698701,4.010130511565757e-05
3.011308308020591,26.306936777315766,41.05835117793145,28.909669713344943,3.129260796701229,3.969021402685153e-05
3.2155317019396343,26.776079496540447,40.58971707428936,27.832984623302444,2.9800369597729874,3.928192917703191e-05
2.932118793859457,28.58818088775675,37.109715715765496,26.608011922940893,2.96989132196853,3.8876182348973064e-05
3.0252272046777198,26.548951791647397,39.9040103521056,26.35339372842382,3.122565848003758,3.8473136962774824e-05
3.109406227255035,25.782931193257095,38.129279699478545,26.865812629584497,3.0107342728152737,3.8073300390006455e-05
2.9912962238188965,27.015349349555123,40.00663930946809,26.785895891188176,2.920905339165979,3.767735964491856e-05
2.7639360642469075,26.688489747390093,39.74224364352491,26.427433558833187,2.819113072498489,3.728598823958769e-05
3.0020988634094823,27.032577972724486,39.29619406267224,26.326487176597855,2.872564205546531,3.689967321638051e-05
3.0988937824985148,26.42279920236378,39.89142662805625,25.600554272975113,2.758331825352123,3.651860276634784e-05
2.7101952665648663,27.444040540595573,37.65441364302244,24.192867940415123,2.91846451047089,3.614263644404416e-05
3.124346291498113,27.92973993872596,37.967642940457736,27.261024635307187,2.917540771814429,3.5771358190589494e-05
3.0061541888998833,25.94988011411116,37.54723558690761,25.30370100466579,2.802565174099697,3.540419176133516e-05
3.035555004065637,37.73712213191564,35.973940701331664,27.051078953086837,3.0639464257053715,3.504054522041295e-05
3.0979565308522132,38.66166589432202,36.93183965722639,27.860657057298496,2.9555590630646216,3.4679946737104665e-05
2.884963227912696,37.26396611354511,38.68226142506378,28.187209811178178,2.8060971576799796,3.432213927555238e-05
2.9712844808258296,36.068833798220446,39.58630631626883,24.749056036996766,2.9050397981498364,3.3967115034889866e-05
2.827958358383311,38.24406187576784,36.68508063218403,26.408923150890345,2.9233100594578105,3.3615086070469636e-05
2.9685718547889706,37.27626378572179,39.369875519147364,25.886440923666854,2.9777871963638964,3.3266404325060394e-05
2.9831794659894753,37.82307911947173,37.75259896774199,25.309535197710264,3.016673475948012,3.2921454580734246e-05
2.8059821972613515,38.69765588593966,35.99288964630658,26.598617410284092,3.128382695349748,3.258054876702206e-05
2.7805541275137546,38.38043443888848,37.383324605377084,26.565808003852112,3.0847428632973064,3.2243847678704813e-05
2.832749836228401,37.92107716588324,40.83206189603947,25.227846396667584,3.0247756411434144,3.191132597183217e-05
3.006058299927527,37.4756606852686,36.62844811520242,27.929005749357074,3.0849132842106477,3.158278590979891e-05
2.9939898422106683,36.491184577129296,35.84291896523005,26.693152694342878,3.022463604519372,3.125791185683185e-05
3.059220775132878,37.71340167892858,35.12119669335646,28.034713672521576,2.743553368272302,3.0936348763708726e-05
3.0138091065181776,39.53987241147211,35.02292771643515,26.932398484798284,2.983143073240715,3.061778352891513e-05
3.1382273367660827,36.13033204326446,36.54329280441637,26.060498485283805,2.942252613690586,3.0302009008380493e-05
2.9045356656004833,37.30420675943026,39.01801881231105,26.834803983893615,3.030069370253733,2.9988956866503697e-05
2.976960927594623,36.24338043118513,36.84702706955308,27.88520783526716,3.064570690781353,2.9678693848015307e-05
3.0846242788997724,35.946721964735765,38.60557116788506,24.883778223002412,2.7972734024076593,2.9371385469907235e-05
3.0018128753218933,33.98477920258396,36.996335359419625,26.891624654169167,2.97128649976931,2.9067239081579117e-05
3.098910493013444,36.41201245182718,36.60792473811183,26.57252894713028,3.032824203311691,2.8766441769999904e-05
2.8505424575753584,36.30042231113432,36.79868545599771,26.55420451585853,2.888011531165421,2.8469108640570615e-05
2.8484904517506244,35.23076754087274,36.29043394670318,29.44508335289344,2.918603143181102,2.8175253250400533e-05
2.9404538345111004,35.59235939235682,36.69615957787681,25.3289380216914,2.840345311001793,2.788478543799754e-05
3.080329800529665,33.77517777636422,37.021657094772465,26.343003654771838,3.1387125066904518,2.7597534690651306e-05
3.075014565576882,36.44228370693317,35.90129405200897,25.98924043491916,3.024674555494422,2.7313291031194276e-05
2.9806361843866083,38.86044631621008,37.1952885964875,25.335997759304334,2.9396284482475576,2.703185206580739e-05
3.1219210185027686,35.765454397834624,34.05146522033848,25.911038042799895,3.1056061683330975,2.6753064001641422e-05
3.001077011351206,36.23860566321039,35.389532693767336,27.460263921429398,3.1023787003896452,2.6476847639998666e-05
2.8506330360313283,33.17563566598047,32.662157528393,26.680594601967123,3.0594996350698733,2.6203203796811403e-05
2.7903463514700833,33.64739444500174,34.877485054197656,26.573466717579045,2.953580904298444,2.593219876393824e-05
2.8803586041154783,31.98342106561752,34.229970107134086,26.06127077752081,2.8588504405506856,2.5663935426723173e-05
3.0462365348976443,36.88796821164021,36.54372838658962,28.747820680415423,3.1372535697607176,2.5398517954621287e-05
3.0801888726414814,36.7299986200488,37.20014037245249,25.490985168422647,2.957981366387364,2.513601928885358e-05
3.0819677364475946,33.28861097575969,36.62137110703168,25.02730507984457,2.886939572444565,2.4876459307345294e-05
2.9160022603153215,34.74951739447288,35.84143934235062,26.030505760839315,2.9276199299196155,2.4619797652482513e-05
3.0933555606216623,34.9768330279236,35.89334308191853,27.110148273040757,3.00923826376999,2.4365942118919555e-05
3.1391363499114355,34.16673317558707,35.64818398774041,25.209177433981573,2.9907474816907555,2.411476893135792e-05
3.120264519996005,33.56622908051069,35.247680442251884,27.731144090116395,2.968650652746597,2.3866148852395404e-05
3.0460771023226494,34.866677048606405,35.22303307091601,25.811429502299166,3.0390049242312744,2.361997269176297e-05
3.148743356568072,34.827581399306915,34.536754263728874,26.492703003955192,2.9739672318376025,2.3376169523445233e-05
3.08907311005711,34.067071373410585,34.55497016263615,26.068509549458017,2.887138946354918,2.3134714180126634e-05
3.0937734332977103,34.45862768835286,34.27585192379089,26.259889866191145,3.146145127253425,2.289562307040302e-05
3.247073164577637,34.94924714036787,33.731454212457834,27.29906033295709,2.962822544223648,2.2658940156202667e-05
2.90195917189302,35.09910343992563,34.71590863866716,25.67437497851383,2.759229434641861,2.2424717630637004e-05
3.1049959206110813,36.26441557002706,32.6206824372918,27.048879402223303,3.194038016859006,2.219299640859154e-05
2.9972272382725094,34.28086385427183,34.20255265174954,26.12350155969483,2.999445646099137,2.1963790898291763e-05
2.9354956924827267,31.789077344192936,36.62354632493251,27.266799490046978,3.0627870631594423,2.1737081876240145e-05
2.901517087172124,31.321310797376515,34.17053307267626,25.343806056316602,2.953480154455645,2.151281811983699e-05
3.191354301017152,36.20622089457218,35.107756813341105,27.32318697796232,2.889129863988275,2.12909256709484e-05
3.1214630120198534,32.159510704200805,35.33760967503393,28.77264520915365,2.9808067739497743,2.1071321955238716e-05
2.9262920979456624,32.836473001066906,33.19389839684725,28.99854195488036,3.1029918495518674,2.0853930955354603e-05
2.9989262875792004,34.07204234656004,32.426305003942446,24.757716327225836,3.0009688249600828,2.063869524347417e-05
3.23484276724929,35.26108511725852,32.20597248583758,28.399509589987133,3.10383523673472,2.0425582779276987e-05
2.9265380596984016,35.041885999393315,34.725497961792705,26.007712488748098,2.8592936679006007,2.0214586691230242e-05
3.070162689163439,34.190356462418855,31.321705456631037,25.86482667574092,2.903803024333249,2.0005719287179852e-05
2.9930752749001037,34.828137670297,30.61892422039204,28.107372069861803,3.003024548665888,1.979900197117836e-05
3.1829514458092407,32.47037522978092,33.263883801971666,27.591491294803564,2.8691660744666216,1.959445367354639e-05
2.9881381202942077,32.28191581969202,31.21901862055288,26.435343837277237,3.00432294767604,1.9392080938821184e-05
2.8146836655036096,32.654080220007394,34.171311973997604,25.74282017478469,2.963012178641337,1.9191872380686996e-05
3.128436478339363,33.04686536186209,33.99259371408539,26.82606395339353,3.0504153359295536,1.8993797510860325e-05
3.1952382658254264,31.60810358557622,33.97226655867425,27.117866569513573,2.9963964877124187,1.8797810640353766e-05
2.9701234887815353,31.271131667282127,34.42840810032559,28.197162585789794,2.7725692012126544,1.8603858182549507e-05
2.8945523961517656,32.19430600236432,32.72483204904729,26.343146616444493,2.987634673560136,1.84118872205319e-05
2.9576016999315278,32.984383096598826,33.690383310937975,24.52677086412577,3.0724467431343916,1.8221853324645324e-05
3.0256865596660067,33.02087740873018,32.09820777854087,26.11414083921671,2.930511989523062,1.803372548911092e-05
2.7223399039453073,31.041996123103107,32.041207806027366,27.34806171141777,2.949969700937892,1.784748770751377e-05
2.7886121458625324,32.98205208691585,30.74901180586605,24.655282597664936,3.1549532838979695,1.7663136446248184e-05
3.145857643091219,32.090010423031316,31.6953156249695,26.765429267158623,3.0110408186659545,1.7480675678717196e-05
2.9411159556204787,32.12009326111795,30.682614620261308,27.720626669270988,3.181724643756391,1.730011044666226e-05
3.0363935969832916,30.737348279099145,32.590064194001755,27.13624047276822,3.1576610664179303,1.7121440710780472e-05
2.8582733917259686,33.15374133629797,32.1130050474981,26.78941613408496,2.9126215919524756,1.6944657133407557e-05
3.0088222545174075,31.429896806133044,32.87690772507876,25.985776380073844,3.0169714800065264,1.6769739460183012e-05
3.015386681899659,32.3697198503102,32.49980823587056,27.992824149726257,3.1332050112234664,1.6596657884802945e-05
3.074969739684168,30.50573492880221,32.45370656085032,26.875537172703474,2.8718033173942756,1.6425376457646797e-05
2.9402415455810154,33.33797152907726,29.730852066722534,25.88679093508304,3.1955481291113434,1.6255857863583738e-05
2.986239535503559,33.747589397589344,31.85206057755313,29.00023930119688,2.7244666789390064,1.6088068162890997e-05
3.0678400812658677,31.81663706025453,31.330813800469898,26.97748509343584,2.850392557296514,1.592198036718442e-05
2.958410651637737,31.338689005048085,29.33894424634263,28.68487556867418,2.8591781283107705,1.575757594491814e-05
2.93287221400042,30.788025682496144,32.13257357554078,26.87459199277074,2.9792133497508178,1.559484430811746e-05
3.130947617395107,29.75808844960372,32.23032164491535,26.99171765098187,2.957803768614975,1.5433780400293886e-05
2.9748585035781856,28.71850835948466,29.411614170587413,27.786864194076802,3.056803474399049,1.5274381097963747e-05
2.9978230056796757,29.57713158384737,30.05263719868247,26.9456433610403,2.923127470841817,1.5116641654151794e-05
3.0386225247732237,31.590872098690078,31.35672759619093,25.147418550563312,3.1057651706849208,1.4960552935376768e-05
3.1123582111935995,27.84823768190656,31.210850118208608,27.839549679820507,2.8145465919061525,1.4806099791965412e-05
3.014460515439979,32.281173159300856,28.96921653519176,28.544883276462652,3.021149862767591,1.4653261200819166e-05
3.093476538428104,31.511282244283027,28.477182833575938,25.906892055625505,3.098275593905938,1.4502011874990899e-05
3.0178709278695073,29.323242286402554,31.176089372710212,26.68432916870614,2.9460318832144425,1.4352324780841799e-05
2.8322108918586655,29.42710581396146,28.90840496284653,26.26101445901456,2.910194015478795,1.4204173982184062e-05
3.0200800467381685,29.143316750134478,30.042205074793838,27.097366424147747,2.983616337282295,1.405753683644949e-05
3.068176708572584,30.97516921933398,30.873570645008485,27.409231415091412,2.8059813018870945,1.391239550903351e-05
3.0569424952506212,30.43100216563061,30.26695024946232,28.36402782428437,2.9145391241807346,1.3768736855611481e-05
2.996007946146313,28.40804303273699,27.928680662903083,26.80584391430746,2.8679078909732483,1.3626551571130523e-05
3.0439504616158763,28.81616760499287,28.658883087819504,25.528012218183434,2.8526508846908625,1.3485832318022355e-05
3.152630989828093,27.845216751873444,29.737370482647368,26.74045136035381,3.1486665181262503,1.334657162278939e-05
3.0225534067067685,26.970554243443168,28.31517224920377,26.18943360738498,2.893422868728186,1.3208760006504588e-05
3.3756510550768963,28.766031051009037,28.9952109027548,27.456849555197692,3.0448979678597947,1.3072384881817304e-05
2.941775566450806,29.241298034892147,29.406893576029397,27.694361288683773,3.0966051152098757,1.2937430291688221e-05
2.911306816326293,30.37920952065582,28.198892451701376,26.266355685673865,2.895416747343939,1.2803877432839538e-05
2.9762877768208607,28.801782628486638,29.638356866499453,26.320586545335303,3.1715839594555284,1.2671706071161212e-05
2.9200398680284696,29.620434667700167,29.48356986582004,25.82549987225319,3.2094456908778484,1.2540896000883043e-05
2.867567308457233,30.096706438242517,29.09000072550297,26.309558315219608,2.924392594117976,1.2411428606404918e-05
2.9268844929588176,27.740121051284646,30.025288430492374,26.60330198566893,2.9840317783535935,1.2283287783461596e-05
3.139250261413036,28.723275554686694,28.007103400645452,28.020446412979005,3.03859111518801,1.2156460195576958e-05
3.1281467404350507,29.806753884816604,27.468614779827266,25.951683034832154,3.0381225880670373,1.2030935002834341e-05
2.937939552493434,27.996951431418996,27.43295975854571,26.260999120555493,2.9814007951144865,1.1906703004594958e-05
2.9633007822376936,29.820126924660013,27.694589050599536,27.101022399351393,3.0397652159218205,1.1783755347763214e-05
2.80159778396117,27.580618264912083,28.968812809438507,26.147794255096205,3.152923560438396,1.1662082502620007e-05
3.0359131108282487,26.238487786993144,28.041307739489604,28.9100425244877,2.9957164453005327,1.1541673398507207e-05
3.0202103595292034,28.11766525770426,28.069917838497002,25.572825667385125,3.2040634665798744,1.1422515020292835e-05
3.023974657725162,29.032293594375183,28.71409102331899,27.061741147080788,2.966190920699541,1.1304592665319338e-05
2.9486795014497544,25.821208131433607,27.571309897976274,25.564806710218075,3.1391357967446343,1.1187890602422584e-05
3.1102627941501595,27.015237952387736,27.716569106228764,26.989349603919834,3.024092017814607,1.1072392747122276e-05
3.0810117259514573,26.98908140935596,25.42131792675097,28.297683283815505,3.09742271067019,1.0958083679882136e-05
2.970007020999658,26.874994372969432,27.889515572287817,28.14000108792065,2.9051562219958087,1.0844949319649093e-05
3.0809324182797693,27.016515713079624,27.815588457035574,27.771988003267133,2.8983059480115148,1.073297717067924e-05
2.853932327632771,27.50245314589987,27.333780213247625,28.316131464795912,2.914221237436825,1.0622156421454614e-05
3.0742775782315004,28.701524854989387,27.77554828814269,26.90340836816251,2.919255491972757,1.0512477332738132e-05
3.019388059456616,26.374161672467814,25.05200665455747,28.328541288941672,2.862221658209033,1.0403930685928947e-05
2.858319812484602,28.27692563885348,27.802588804421337,26.807618346760517,3.1832912535383264,1.029650716992712e-05
2.9779394465107734,25.235478263891952,27.52260308075469,27.230981166639168,2.939128942751688,1.019019674955111e-05
3.1977280277630222,26.021975909724965,27.792022563220222,25.059068584843704,2.7890712907868336,1.0084988326849036e-05
3.1729687594357694,28.76316521652833,25.90815030789145,25.58486040066819,3.0148413836845824,9.980869903103414e-06
3.111616531859717,27.239404494314513,25.782107473179025,26.17348360222455,2.9075964696846754,9.877828687118169e-06
2.8791621857001086,24.662389053518496,25.1468659288004,24.816869642668077,2.9287903283063237,9.775851635032249e-06
2.950955277176753,27.308449345466926,26.703813163160117,24.47590159569361,3.034432564265041,9.67492588582267e-06
2.9054300731330973,25.99603181448014,26.008772635255486,25.31692288871446,2.956245026580455,9.575039334623545e-06
2.9937045097782273,26.14199787010006,26.579328971526106,26.61442597847644,2.9550530388034932,9.476180750010007e-06
3.0278233663675027,24.70709509960558,25.5679749029994,25.329862482036564,2.9609930716528674,9.378339903685563e-06
3.1082498738037687,26.642737445536852,26.306325814816027,25.780419562830364,2.9295471978965155,9.281507281117572e-06
2.9249726345915583,25.51267080113381,24.576195169682872,26.501996045479043,2.8353087407326516,9.18567393504228e-06
3.0264316533306768,25.337162015436164,27.17585787608583,25.946695967410896,3.011463499058093,9.090830909319832e-06
3.028602716234705,27.8772450828396,25.911877764502627,25.63359215851753,2.9579249570833515,8.996969066090775e-06
3.0924206988039913,27.03740102890761,24.912478998396573,24.67578896895498,2.877136704162232,8.90407882999724e-06
3.0634047895485623,24.36245138936054,23.057120908693665,25.04451947704829,2.903048098794847,8.812149982130519e-06
2.9709109712316493,25.112656466677716,27.37057899157437,25.332152713416754,3.089970460943273,8.721171886695695e-06
3.00374468856313,25.375629879041327,23.86920485097805,26.714116007708725,2.920851048754382,8.6311336982774e-06
3.149043015641901,25.557708933759212,26.185869831678314,24.36151215929371,2.8745450555353678,8.542024598102517e-06
3.1788007943256043,23.750728893837636,26.208850177174984,26.46921193874871,3.0245949694088217,8.453834143451738e-06
2.9720271864345595,24.663036670571,25.63861780256862,25.366115390157994,2.9729162801177913,8.366552362535444e-06
3.0247454200118047,24.94482935504295,23.374407946321806,25.36799261708354,2.934447055573861,8.280169947091822e-06
2.9844950380383697,24.43640105209692,24.695749329692873,25.983170832665913,2.897723326996389,8.194677986869376e-06
3.134403826588778,22.32482048637098,24.031357077117,23.701221075274315,2.91822686643825,8.110068108818832e-06
3.0332013166059166,22.969110366473696,24.480125323880877,25.479321047905927,2.9900229414800825,8.026332056287388e-06
3.211473830615521,24.327135295294028,23.172236740347575,24.54126662470202,2.871229179149971,7.943461478222408e-06
2.9554372137395983,22.80865427768848,24.32799685424475,24.662880341901268,3.0755389716640695,7.861447855984926e-06
3.085835648028957,22.602890616452733,25.064711073237753,21.920051935900048,3.001529613128171,7.780282376943922e-06
3.204620382612379,22.179219192548942,23.589897709996247,25.73216030312667,3.0871637726274725,7.69995603084718e-06
3.0556142202061034,23.458666748727044,24.39962466405845,23.136790468495253,2.9987907012745723,7.620459549204154e-06
3.0030001913319087,24.19352135351248,24.821243196700852,22.696085867140024,2.9595002019417187,7.54178378500477e-06
2.9872255576615023,20.642294994319215,24.04947305812508,23.55134074849923,2.8825769595319795,7.463919712237676e-06
3.1752080683762927,24.943619213157838,20.901778490869454,23.33170343310823,2.856700061771347,7.386858555064506e-06
3.0994651956015535,22.982295987117705,24.788678082457203,23.608203313294496,3.1073179746088386,7.3105919161005325e-06
3.072705961419385,23.172258058007152,23.296464412401157,23.203584363924453,3.0101263785553596,7.235111849715466e-06
3.044601128621428,24.372364847746017,25.292291841178315,22.081653184793097,3.0427972684321247,7.160410560726744e-06
3.0950432592892825,24.268657397229937,22.608155801330696,22.819963244762036,2.960842087041539,7.086480517933284e-06
2.853410600965921,22.68366204577693,23.52234579903869,23.138159659763495,3.144597955073653,7.0133141549310685e-06
3.017008877761084,22.866766264739518,23.427147564325633,24.345433848856757,3.0885711001269125,6.940903909676595e-06
2.9563131655624657,23.17349699394631,21.77252536507131,22.432689821880203,2.9021827837154377,6.869242092115741e-06
3.015374148571928,22.91138785015466,23.698980751654354,22.50459899243483,3.0978943233710017,6.798320834524818e-06
2.967501803548757,22.048417166431214,22.0800039306293,21.811702842084003,2.992027636349462,6.72813222582687e-06
2.9165952249030296,23.422375542890638,22.34673014532216,22.556707666718722,2.766551531460581,6.658668441414937e-06
2.9989297299473945,22.066114112713898,23.639845012224416,22.904411929328152,3.1272466735428717,6.589921563251887e-06
2.960453009820316,22.397894720052907,22.53146387462265,21.44460669238868,2.944249377755039,6.521884008358869e-06
2.997829204479187,22.21201802927567,22.371623660470025,22.87190669623881,2.8217466656878356,6.45454826443172e-06
3.1363260026848994,23.076546234510456,20.794101374132282,22.013894847692853,3.2062428023275347,6.3879071935084286e-06
3.1670177450533172,22.969340031108548,20.986552578030782,22.305627673114444,3.0356814802107213,6.3219537848510215e-06
3.1377366577242407,21.26200810043568,22.07331910449821,21.783924250447292,2.8772313291774094,6.256681190233719e-06
3.058231143694845,22.8329369520942,22.822608272225477,23.027762905066606,2.9881380379720492,6.192082659922386e-06
2.8438925382853504,21.858394859196128,22.331201580596677,21.66712648263946,3.0259592723060047,6.128151483677986e-06
2.840418105517664,20.917791586762643,22.163303294167054,21.720290965467303,2.826350783262838,6.06488076415804e-06
2.999482066793771,20.825779373276088,22.803840053895993,23.037024997238817,3.0850712792783272,6.00226371699821e-06
3.0378150856649335,21.04009681034754,20.039865123825845,23.00541787848502,2.942267730681064,5.940293477330221e-06
3.010648179911349,21.589894324506055,22.24836428196668,21.06409847849311,2.989753703174673,5.878963156134616e-06
2.9814129405418943,20.1281328652986,20.001429368699227,20.42075627942534,2.9636707740087562,5.818265956622563e-06
3.3671772315764756,21.566380761434274,21.184774079644814,20.757403199010536,2.8752525868181587,5.7581952389932e-06
2.9999401375634602,20.296767190885294,19.997696524013804,20.127953048593962,3.0577937824561254,5.698744395620659e-06
2.9552513585905125,21.314652277898045,21.484769975873327,21.000694948302222,2.9589596414195842,5.639907032457329e-06
3.1464507097216696,21.155159782624775,18.980974451879245,20.718745809699623,2.9724928325014206,5.581676904083669e-06
2.922224816350774,20.707922170111424,20.06554291693299,20.383223394318485,3.1088812008444116,5.5240478196161545e-06
2.9798636620096617,20.814219855867528,22.251916738010575,20.216951428943,3.0547052816414784,5.46701379851023e-06
2.802641830549589,19.97587481125697,20.653484587540405,20.25224622341954,3.0942365253194404,5.41056877908286e-06
3.1041280112521212,19.347474906349955,19.89441070739475,19.518754434006922,3.045124597787861,5.354706764837847e-06
3.095948831225584,21.218696397896647,19.412093119851328,20.7794800388598,2.800107412819068,5.299421709201857e-06
2.9880990146991637,20.81823137668387,20.114157734438006,20.028609433142016,2.8805413281831065,5.244707689844792e-06
2.852054191384823,20.039369835898512,20.012627054982012,20.613032216945808,3.146663057293391,5.190558717259742e-06
2.8466837430424685,19.806493665304096,20.178186521767135,20.947634917043548,3.0258897548800134,5.136968761891557e-06
3.1936554143042346,21.197549882992682,19.721161108931017,21.34647362480173,2.920565988399527,5.08393199604398e-06
3.0388280724949515,19.55386152520525,19.053319797007106,20.21332187437528,3.1265318863992295,5.0314426426308194e-06
2.8355496296938862,19.907981630339325,19.29558508558473,20.81031535704722,2.91582106390972,4.979495009382096e-06
3.1520409803416087,19.75809756612659,19.51604511182018,18.049563965086676,2.7271390421855197,4.928083568739069e-06
3.0230947820311105,18.45415390763026,19.83813265736563,19.18931590919288,3.1418512822756144,4.877202867425363e-06
3.194989881696977,18.70277401810838,19.96355022085069,19.32395510802796,3.191070812619212,4.826847484396913e-06
3.1488999783889615,19.38703619237447,19.176335476288973,19.330437113469966,2.797888398764709,4.777012033148341e-06
2.993893645495093,20.515762044484514,18.584573307120984,19.77655437701161,3.0692328857655684,4.727691227064262e-06
3.039599022711135,20.08828585185161,19.08222844952096,17.48750364689166,3.062902485804592,4.678879779653491e-06
2.93893545562943,20.829802809315137,19.591556606224213,19.52245870316624,3.127319997172179,4.630572414409704e-06
3.155806618792338,19.1078358863755,17.45342891117232,19.270213580789353,2.9612306863496203,4.582763867769633e-06
2.952366249061085,18.045562866556093,17.969264356599513,19.691625501328748,2.983473777211264,4.535448964607511e-06
2.796477519547063,19.406589426802736,19.2684650128567,18.681917215340125,3.2350481528301787,4.488622556328822e-06
2.800455996680241,18.745148528682154,20.204873214353373,18.756180770028532,2.8231402577288045,4.442279522193623e-06
2.8243301147963793,19.214766636732662,18.358175989511132,18.790371111786108,3.093232475419374,4.396414864215722e-06
3.2022500472226003,19.466279690949836,18.70558725716872,17.759470759331904,3.0285041002158732,4.351023631182651e-06
3.136728880910746,19.025617094716935,17.75347902425298,17.653563918767034,3.2307099623711695,4.306100975442444e-06
3.147134337072923,19.504273214741808,18.639466833774236,18.9463053203097,3.3423462551806216,4.26164211522788e-06
3.09861871252603,18.07273439726909,18.83879902089221,17.850737328799482,2.96604852134927,4.2176422636681664e-06
2.9745737502818344,18.350134569845405,18.387052529691648,18.15442716445208,3.080780909387936,4.174096766654012e-06
3.008532366918373,18.012553113546332,18.183361310324255,18.47867107647199,3.0732776191155673,4.131000875612005e-06
2.924166987670742,17.835836947431964,18.051776395493604,19.301640021548547,2.9254588337539538,4.08835000760766e-06
3.230616117561354,18.608045108034254,19.635245121078174,18.976337543204686,2.955768037241797,4.046139549817385e-06
3.221861084834403,18.25565427947885,17.867901578441224,16.80674695570677,2.8633322527473393,4.0043649401364464e-06
2.846011938983477,18.58884165336446,16.054733547939414,18.360239035374775,3.0063706538744777,3.963021641623364e-06
2.8874239051651105,16.5546872448101,17.590812287125193,17.84841515064942,2.9718616277647643,3.922105224361617e-06
3.0321939443873465,17.547065331710748,17.079569520710944,17.008651534130827,2.6912874137587566,3.881611191066193e-06
2.9752581330857635,16.976408563429338,16.448355047713903,19.077276950039156,3.1641903165190497,3.841535173455502e-06
3.0179755914358126,17.56856672568829,18.18011015127779,16.366643108837323,3.048434178462569,3.8018729165559717e-06
3.01682996418006,16.432215088862762,16.951570940496282,16.520967556392623,3.037564656100438,3.762620089962851e-06
3.054983728232906,17.334407437292494,15.744120492340116,17.216957301971394,2.9006395083088212,3.7237724649870143e-06
2.8957712650253744,15.69569109834224,16.398245298295063,17.034305788081628,2.970585766048407,3.685325937956209e-06
2.9328598388193794,15.354939718521264,16.926264736714394,16.483168305572605,2.6735275178832802,3.6472764029128516e-06
3.112919834679201,16.40907459357638,18.283275293347153,16.718351198940102,2.9759928389381516,3.6096197880303504e-06
3.044072831226476,16.32241704399739,17.262626552045347,16.786109307585537,3.036199489901815,3.5723519770096236e-06
3.267100247286494,16.276974956041055,15.579561527463916,15.963017404983171,3.0994913245215203,3.5354689993714135e-06
3.09355419305161,16.356307206308475,16.524594938133166,16.1727588899899,2.981193933862529,3.498966833880226e-06
3.0887496606269083,16.105490687402817,16.291077527754396,15.62745182420591,2.8321707364186994,3.4628415236544834e-06
2.8213269708990665,14.887229461147475,16.355752596792858,16.583735417008484,3.056202124883257,3.427089170909175e-06
3.2503587578046633,15.48866206215683,16.814354884158387,14.634598486600554,3.096502155645123,3.3917058906144615e-06
2.87160965281794,16.51627820406527,15.473270166556082,15.021266397300918,2.7872805148698125,3.356687925912034e-06
2.9856576499226892,15.718719315199543,15.737840275976113,14.833726571705684,3.17234478547819,3.3220314738404573e-06
2.849996747825188,15.6319716553323,14.559172656342833,16.633390432434453,3.0572965759941164,3.2877328220571397e-06
3.022136828021446,15.023513158320405,16.074748356046552,15.929332862608991,3.04502022534917,3.253788340116933e-06
2.9897441116033963,15.871602678326575,15.141101724078052,15.419215624191127,3.0701592478287925,3.220194262982351e-06
3.008847159373291,15.320263925810147,15.641593886751918,14.961123137268578,2.9460844446968713,3.1869470587971573e-06
2.862846930371413,15.583973991819498,15.846842707349296,15.595919335866887,2.9550115698401016,3.154043141314514e-06
2.9013599512837334,14.951532289516036,14.584170913902717,14.845409336639225,3.26613120832257,3.121478957708391e-06
3.011840253637926,15.711254509375701,16.074935654141104,15.646092982712906,3.207042627387283,3.0892509950217984e-06
3.17232776595804,14.918437018342484,16.047663649879613,15.023189955962602,2.594170006409104,3.0573558567082395e-06
2.950247165110208,15.147019535310454,14.71527581203563,15.778766159436515,3.148612046961024,3.025789982192399e-06
3.021599298891631,14.067728367274453,14.733368050909206,15.18090314745846,3.1491498416082937,2.994549985511279e-06
3.2551565058142495,14.710498691840149,15.754419664843777,13.587577125356518,3.1086027158463305,2.9636325082165796e-06
3.007225277953071,14.542480374662583,14.415835049043435,14.971580214846963,2.9448438115417575,2.933034234931005e-06
2.9736584541624334,14.820863968447883,14.54602803021726,14.284721809288495,3.203818573462567,2.9027518433033643e-06
3.0208771983694955,15.039717008899771,14.821108594023205,14.767468015589493,2.8518997470753438,2.8727820934448846e-06
2.760623863928309,14.207973497246446,13.5980224504866,14.799759316553068,2.745042018051623,2.8431217403627203e-06
3.003227201537691,15.113975467808904,14.463528991847978,14.81844520626948,3.238979740738473,2.813767646956389e-06
3.0012855737911552,14.265768623306142,14.508780793128475,14.518900896744835,3.2150846011285594,2.7847166438337258e-06
3.0257079985502484,14.970170309809053,13.963173511932453,14.542564167723214,2.9183228746873024,2.755965596679254e-06
3.068198945491181,14.24475368187634,12.686954326888355,12.664568549414472,3.034888569223064,2.7275114065695e-06
3.150021651019217,14.464838083142945,13.600564850776664,14.252403828971037,2.9479104783254395,2.6993510150413854e-06
2.9991545724557116,13.669022513757128,12.939706951841151,13.58775049657136,3.0441241130087344,2.6714814056127444e-06
2.9613623140042122,13.576788242971054,13.97858488385702,13.598556106059574,3.1743349708348396,2.6438995147100973e-06
2.877518148452588,13.64677281831285,13.284514747650363,14.472638270404532,3.1165284588428657,2.616602384003747e-06
2.913539969251703,12.833605141492411,13.150920989632347,13.183694078375746,2.825231646751693,2.589587066841938e-06
3.0341033080089015,13.779095121540287,13.852020919732093,13.796905815325061,2.9455004137132597,2.5628506200762936e-06
3.0391574933139975,13.381764320151659,12.671753213713306,13.801719688450289,2.972029648673922,2.5363902209806334e-06
2.8509516117221825,12.8847522698913,13.419078913464416,13.294819644940555,3.0988291666409347,2.510203003374648e-06
2.77777031172103,12.94451936069942,13.280747035548478,13.266213486457904,3.0014872617052615,2.48428614275358e-06
2.9724616051539234,12.570632187461515,13.156428021854008,13.343734896506444,2.931119086314455,2.4586368718795294e-06
3.0678090920099312,13.269651779429907,12.430421325377578,13.52595004357664,3.077326501894164,2.43325247551125e-06
3.2259504108020276,12.656879386942308,13.12685148826673,12.04099694528407,2.838935679161616,2.408130174425702e-06
3.0813362633790335,12.050146190941277,12.9834823938818,11.88030671979089,2.9910734744128464,2.383267264707494e-06
2.9438237146584303,12.111341884636047,12.647603492830552,12.283066504975704,2.70295459458444,2.3586610749811255e-06
2.987260805300492,11.861425355657381,11.776852697147092,12.170544707904867,3.0767150365710156,2.3343089287116674e-06
2.77365301511108,12.385977012230537,11.709130651465957,11.67615868264053,3.178041496113856,2.310208162737758e-06
2.853064935433733,11.839424885873793,11.572415780627942,11.988861986610642,2.875243068886221,2.286356202464693e-06
2.861031979670472,13.103699763785007,12.23068381760803,12.109483923412961,3.1398299354995234,2.2627504700249687e-06
3.056012073846192,11.46315374075614,13.14096985377111,11.564220747472078,3.044664997040798,2.2393884959928242e-06
2.9253741142575733,11.592926648741772,11.899552110993861,12.355397224737608,3.041236423212717,2.2162676942610464e-06
2.8581791001398833,11.898883940095383,11.894854594798048,11.581512139388396,2.9690950782679795,2.1933856178009567e-06
3.039317773917514,12.743803753386153,11.76210348076335,12.527739155218555,2.9404081570989464,2.170739811569446e-06
3.0281130481405296,11.412155456299063,11.544387892691097,11.145728208960286,3.11243445692981,2.148327857909468e-06
3.6889011516900134,12.02903489464195,11.76830375907983,11.734744253621859,2.6583935161151504,2.1261473006418052e-06
4.4024090023891445,11.940371312181837,10.882945323966666,11.572703378777126,2.9089342757201555,2.1041957317161778e-06
5.205121147880105,12.005037335298308,12.557834305437513,11.30178352778268,2.912156308012257,2.0824707973113797e-06
6.345052339963973,11.305404283983512,11.205323987663004,11.841620223080353,2.8378002848045285,2.060970159874929e-06
7.319272539002159,11.317692135965657,11.082663378124622,11.071145564457,2.9895970675531447,2.0396915116039543e-06
8.427067334470413,10.620308861850612,11.451063694668754,10.525121968962921,2.909427374795159,2.0186325138300763e-06
9.45699303886827,10.949433897741509,11.307415314278956,10.861699235284748,3.1610968881403845,1.9977909529178394e-06
9.689111097159564,10.328417293746263,10.700541356912089,10.603787479899568,2.999749692635856,1.977164588082276e-06
10.106014397565877,10.985062871251921,10.75206395376597,10.418037448790512,3.129489000003403,1.9567511753673646e-06
11.072486176078641,10.502160454747889,10.390237886326013,10.312064468607563,3.0552781233271356,1.9365485494465535e-06
13.23312312696244,10.69834328844485,10.506351435623738,11.145493003772678,2.9704147679344937,1.9165544939751445e-06
13.231630303424543,10.343773165589868,10.898547194082042,11.292434088572898,2.9019061620315347,1.896766861857582e-06
15.044158462795798,10.510602925030575,10.004550758340741,10.23746592684936,2.8230296743912637,1.8771835267730526e-06
15.05719240033036,10.633463115204119,10.711871512191268,10.961933777705655,3.0849774913540617,1.8578024034497588e-06
15.956129311602133,10.255896682889489,10.313906546729156,10.390439756656036,3.156598467916974,1.8386213194546259e-06
17.590462940837714,10.572425941254869,10.110339852988893,9.802675753097459,3.0671217341766988,1.8196382851057603e-06
17.98936872930795,10.218019123344904,9.49486244560724,10.418640206916303,3.0008570552565073,1.800851295913434e-06
19.761656820370963,9.32884235640617,10.389346256433798,9.570346234934254,2.745970764334193,1.7822582981813773e-06
19.715832066714988,9.386427373029758,10.015456256611142,10.333967777035163,2.703085058815992,1.7638572433465531e-06
21.019219009242544,9.483775357632158,9.555346797434511,9.616886570448846,2.9545769500609533,1.7456461390976864e-06
22.784418508130813,9.083413027271257,10.129400358103338,9.761714558712479,2.933135599863344,1.7276230398418248e-06
22.319178111315956,10.225153812531763,9.759848606858696,9.462749632388148,3.0403084735990706,1.70978602892291e-06
23.187795929924366,9.196915232429632,9.417413469903732,9.503146674790907,2.732578075563804,1.692133183444555e-06
24.399812492645616,9.003850726125645,8.9948826560329,8.943736321924488,2.938397075500344,1.6746626134548677e-06
25.766352958398954,9.48733940342881,8.33492302003841,9.53091704728778,2.949492283887066,1.6573724339115064e-06
25.494422072771133,9.582393398599518,9.49627870151878,9.049705121635157,2.9953993162644545,1.6402607811401898e-06
27.826947412812284,8.807822912068616,8.43888301586826,8.040435153888945,2.769500267058087,-0.016169426715969056
37.37012354052899,8.170463060682238,9.3164935927745,8.763189113181493,3.0689325470526008,-0.3282526401903169
28.319694039918687,8.178297352342234,8.588370234223758,8.503786844896565,3.0394615644446707,-0.7884065676987988
25.313374372988452,9.576183116819482,7.865743009984756,9.073983860299338,2.941557909512377,-1.2561604672046487
20.34191260566784,8.378395573182658,8.467435331920276,8.629528520305836,3.0867935798224755,-1.5
17.54545302867357,8.906032559368033,8.632251712884297,8.60275738029455,3.159819194765068,-1.5
15.573277268665754,8.952538075226062,8.335643217022184,7.743108076392885,3.2753467594664714,-1.5
13.778056432213145,8.97839818032863,8.052751261576406,7.514161500337958,3.2837443242783553,-1.5
13.063060118676079,8.707105757127833,7.885069640482235,7.46231528678756,3.5410646684923255,-1.5
12.330218280777672,8.741619127418383,7.982835767617495,8.145196608326163,3.534571298471881,-1.3056081932647163
10.592245625464676,8.637148697546998,7.886627068103375,7.489682015596676,3.4027653780941267,-0.9131064300427834
10.85008045742316,8.849700864491153,8.635764122468366,7.672531229190177,3.9503284972174764,-0.5603784018008596
10.260300302919292,8.613112656341126,8.202063204992868,7.117332643137384,3.7558444789336134,-0.3330338965001249
11.38325517747903,8.749080679314767,8.20117581100481,7.032828540643942,3.6790762051623243,-0.2766005946875151
10.281456229866961,8.755082553732523,7.918846614148912,6.901072776593915,3.8251519529756353,-0.39027532222864547
11.163390559108395,8.621623138007326,7.947161097303626,6.952103612477497,3.842656822371903,-0.6316051667435052
10.381737291595849,8.788920597808415,7.689084730806799,6.485786397856864,4.263269792795688,-0.9306364386704552
10.013375797397698,8.203456693669892,7.606043978801396,5.81738972091958,4.310812219809164,-1.2094473188787307
10.019931500062087,8.211304625598228,8.217902794640459,6.979680711333694,4.514423911811682,-1.4018698883591747
9.718040165625402,8.489428062897861,6.62085065965764,6.091662699718895,4.567020709040967,-1.4685836033671917
9.094091041521727,7.94553681884274,7.529574013028099,6.730596367112589,4.547818502868903,-1.4043254525131355
8.524917386562835,8.582440715066811,7.3244182569248215,6.341019824899754,4.627091496661895,-1.2361775461681968
8.306578674460331,8.154259622195166,6.648347701231839,5.842881012452422,4.700043831279524,-1.0141457139191385
7.773373467004165,8.712844910306337,7.026659885231015,6.31963865840421,4.994746977164899,-0.7969922539412455
7.654145025529704,8.403875432910828,7.03930204578996,6.206322207445966,5.500058809008168,-0.6371705552244151
7.638879446764922,7.897900699129264,6.889552025535536,6.0050341552020825,5.300299454333226,-0.5685974656930597
7.79137318708329,8.320755138254952,7.112510079773448,5.802181776465581,5.540359797985701,-0.5999970763884512
7.4084692501849565,8.437966802663343,6.480449348332528,5.2804419319618,4.986240215922199,-0.7149641157311488
7.3450513759217335,8.176219285050944,6.684002696312578,5.670585388657934,5.849665696283025,-0.8781552689963098
6.753926498479455,7.940349904194531,7.278770924161065,5.6707672354394445,5.668364043642204,-1.0455638980087785
7.248422902778376,8.229760911997738,6.673144604310954,5.232113902402543,5.817519697220238,-1.1760082144978337
7.092541926917236,8.570313638120226,6.709339916641694,5.3028232182274255,5.733772037750902,-1.2409191338696968
6.852353386334137,8.49061717684993,6.889377473553407,5.566016457806922,6.047019409932829,-1.2301917103592483
6.221491932176445,8.719736469110579,7.07822267605939,5.367344745932613,6.338798805788772,-1.1530259057750372
6.541911858931086,8.555748992823387,6.641010500095885,5.220501378122112,6.486047487478851,-1.033996701139018
5.875394767960944,8.859865659936512,7.060491678902604,4.749576159343665,7.021615000610788,-0.905728411622402
6.633495597294684,8.740857924223802,6.790109475248898,5.115790109583218,6.407358107150018,-0.8002494314439599
6.007871777876225,8.986755822865266,7.0356657643510685,4.784900592754293,6.190379704534444,-0.7412434048192071
6.249974034282579,9.457139507707325,6.6255149741222015,4.845698114426744,6.480134708350577,-0.7390052703067216
6.230672196294207,8.871590641974837,6.841344303437737,4.912474533480367,5.9330260484645665,-0.7890982376052886
5.862709987783336,9.129707175869301,6.899160696630363,4.571350848507786,5.520745747762909,-0.8747198653578326
6.054194296683366,8.976080208688781,7.364815493185565,4.648557297544625,5.948448164568634,-0.9718779618632141
5.888871124528728,9.316517906398879,6.9946616311867995,4.786169165535125,5.669901798338946,-1.0558673845070934
5.745399106425083,9.291404199790968,6.7942970402468355,4.605381232243628,5.148573758342559,-1.107352797871652
5.873028501879034,9.260286416711544,6.79444827619042,4.920758588035854,4.926568966767614,-1.1166087513187544
5.41356024879269,9.303369433224525,7.395931797063751,4.684193531246028,4.598675930151543,-1.0850467994633815
5.557236644097816,9.966951414408308,6.798061201418741,4.29101934914936,4.546176991273033,-1.0238972381622962
5.054878467796292,10.308403226232068,7.600041255600334,4.548583825878734,4.338251692359178,-0.9506162461516203
5.2645948148870465,9.496369159033351,7.079984735341665,4.692442007672714,4.546664736953336,-0.884091299971289
5.172359211722987,10.183006915369337,6.6742604321477135,4.42320570616508,4.109533773640319,-0.8399159462149379
4.8621735316383665,9.992939966818753,7.070955330426191,4.473421861103371,3.9541518462372345,-0.8268780959986474
5.245933988182673,10.553793268923037,7.179542877734729,4.403617859095138,4.155252978359434,-0.8454120798425344
4.894891556828228,10.645954777645242,6.975210123446741,4.416712565341688,3.6435550052618564,-0.8882215151570021
4.96732597099365,10.257804852617367,7.987883163231243,4.347641590862749,3.756024299344086,-0.9427324450632731
5.1056992342170195,10.999001441845374,8.28692731252336,4.436578194552625,3.485344193283084,-0.9946187880033135
5.008446695508905,10.74399581703272,7.682393380143766,4.403703363878216,3.5091855636607523,-1.0314464271470258
4.676479744758705,11.04685163607682,7.6995336876970875,4.441557418230621,3.404944106827431,-1.0455370850703636
4.839606453312134,11.80796692858356,8.644871102683263,4.4577829072548285,3.277632228215471,-1.0354226914410578
4.475192126466947,12.688179688707123,8.134118028592273,4.367341422275624,3.2142510845380103,-1.0056598863832589
4.884572732634839,12.2180233476555,8.46049194539258,4.32716279426924,3.0964145624467525,-0.9651936785327102
4.465520572325989,12.594447661128477,7.894107308351266,4.342870596478832,3.3216846458627747,-0.9247955040279083
4.627867447089916,12.518325782974854,8.67250867416845,4.381434926658142,3.090730799751132,-0.8942800695850794
4.391734343497047,13.00175787151677,9.029271908759862,4.699192900344481,3.0809810544297873,-0.8801978640901134
4.264159827918943,12.855610467632308,9.017440658598664,4.459127250374935,2.893305226092318,-0.8845239956776458
4.568242509718602,14.183143291403457,9.668934550918078,4.514024137777834,2.7384825572926617,-0.9045762029062043
4.314296258664234,13.962755021164268,9.045736431347219,4.605924273942717,2.8784747063640594,-0.9340750394824782
4.201896839594145,13.954605314706667,8.741234541441479,4.506244531392314,2.619471253109362,-0.9649881863313421
4.443332259549623,14.676058755492399,9.917496298352333,4.917178706594741,2.5690411189337508,-0.9896407631471
4.314144726665817,15.900801592139436,10.384404096912316,4.845359686817694,2.787683870032331,-1.0025539751613313
4.401368216081676,15.543222068429323,10.11495083261142,5.018866605789997,2.777482444927366,-1.0015878582506885
4.039625477519122,16.262426349899872,10.797442157105365,5.182938582537286,2.680872690983006,-0.9881707372456003
4.055862530677492,17.908009245867355,10.977637646057289,5.202951633961223,2.6549787810416463,-0.9666395102013656
4.219513758362065,17.142130799006793,10.979264778131187,5.580570270020477,2.7257612691902744,-0.9429291847362578
4.007653656457081,19.0451916774266,11.452618199360328,5.525550792659039,2.639356498273136,-0.9229875985017273
4.172809499921838,19.03997814585228,12.271945193227225,5.6893398519459115,2.7323503490684233,-0.9113253435587678
3.7814865226724166,19.76562417112218,11.817900820929507,5.74510812577101,2.5054303559195996,-0.9100423076368238
4.014943498803981,20.545593007797,12.185115978027717,5.903552029195513,2.5238943247437806,-0.9185264742370172
3.5876712251007725,21.78541188755671,13.336359959700234,6.780030028675312,2.511584396041564,-0.9338397966291487
3.6772005048789653,22.871234345918594,15.082833072554415,6.884979416617993,2.569967925227074,-0.9516371812775404
3.7220832604144216,22.088874010883334,15.159278521084042,6.52023123033065,2.5241056419789953,-0.9673480592614836
3.5866324568483896,24.957761588639123,15.53312249327482,7.2358743044893465,2.5249919995581815,-0.9773096396771873
3.8863579106164585,26.690583061854895,16.1126760245358,7.391562394234077,2.663718570424605,-0.9795799320594794
3.6457327337931513,28.975314036088708,17.053222397110158,8.480234445225358,2.570031816944116,-0.9742604856957711
3.6732805857828033,28.821007967140105,17.81558328551346,8.788270014512648,2.5300668739861867,-0.9632931256361119
3.450648422116789,30.162808142934498,20.87701508429978,9.36345385029823,2.5305719153185215,-0.9498261844538378
3.6645707520927813,33.06782448427893,20.498639195892192,10.478221560832406,2.6058037522551856,-0.9373421939069473
3.5100043942535817,36.48766601864764,21.923265113854818,10.765302336330315,2.5474037479406983,-0.9287803160819612
3.455581410030422,32.09064353532244,24.144356866923243,11.284208465831274,2.7815517932471603,-0.9258677325700315
3.193464787511972,33.69793651460997,27.402969027938177,12.379401008548273,2.806509937700216,-0.9288046522686274
3.3211838411913446,33.48823355893408,29.41525405449685,13.587069652159318,2.7663664612981003,-0.9363488453458538
3.2065800432609493,31.25733448942139,31.3251218353185,14.75201393788286,2.6918686296974097,-0.9462442495041549
3.357651564231835,33.47160005128392,31.793868320507634,16.680496886342752,2.617026415782776,-0.9558591710249013
3.063018951250059,33.2963873474435,29.44647954236021,19.164004499036242,3.041475465641221,-0.9628602595840239
3.1958306138012618,32.34834291758888,33.90465859218345,22.022262486084237,2.9521435899570005,-0.9657549114420105
3.000621219547249,33.107498018846194,32.912680015429274,24.96126865713078,2.745639866375822,-0.9641814553649072
3.1691252841266406,33.21645914050278,33.40037307547588,26.955958567330278,3.142572204454803,-0.874311205612344
3.0601762287033427,34.62232142156366,31.092852398787564,30.730488867696707,3.076251388194424,-0.5222190012802372
3.0688075627592193,20.374020144634265,33.79313726236783,31.063675044045716,3.1884270217200372,-0.0549050932393962
3.127068661728617,19.397436350976978,32.46165437462048,34.407143497077385,2.9878429735717678,0.39102625972969834
3.2638594404844947,32.07876258538489,29.79708352574061,32.73741646740776,3.366542010882312,0.7046994769121465
3.067724132109846,32.81533498949764,32.69216841004859,32.25664350378067,3.0816512024548137,0.8199895999332418
3.0773797101272216,32.584153673848206,32.93491838616685,28.357046133066774,3.056997087072393,0.7257829427507574
3.037090868604688,31.54280095868918,33.28448787139466,22.07600210107252,3.190231498709877,0.4632297218332242
3.1241352858506475,31.8646230867739,31.56402518466822,19.6361211403181,2.901609355668056,0.11094811802739363
3.262267945571206,29.662773417980194,32.480777713803676,20.87652883187565,3.105782696797596,-0.23745293515236437
3.431061394454498,31.720367383377866,31.354848529852624,22.924315033615404,2.8569747284622515,-0.4974867526247386
3.0193263814823936,31.87514866020668,32.956564036022804,25.653086094692867,2.864573567333448,-0.6135576713174012
3.0809296922694047,32.36770035018256,30.870650555178397,27.73876608182421,2.8366483596179823,-0.5699655422140124
2.91770202177019,29.977817630528307,32.90983477104706,28.447295788629923,2.962750565195747,-0.3912389333513291
3.2639944534152034,31.05414088680533,30.065670774475553,31.58114593564776,2.9641775221516236,-0.132650011203087
2.9021549658341774,30.16312687191768,31.497061799434036,32.658490321118485,2.853248181065906,0.13592303030118646
3.018946246528476,32.04327666960377,30.882001138131876,29.818204350326994,3.019102406876905,0.3482775122510882
3.028345348885787,32.12446823014924,30.89504860606396,30.47021553036562,3.074434248965209,0.45767499765692204
2.9891072317206397,30.733031295526054,32.058454842935774,27.77361604998548,2.9044402399570117,0.44651298782241927
2.948153459701346,31.39941312411881,31.331804956907014,25.601276234292467,2.80427077585313,0.32806144223328837
3.1129677745655067,30.291782302141925,33.34066439207209,24.026964811574775,2.90353398141487,0.14053546365940378
3.1930418338693314,28.64175788513866,30.12463713514863,22.582720403625437,2.8770571038883674,-0.06438397423101072
3.049978426199585,30.208852741099633,31.34648248827642,24.157669038527583,2.925284393477069,-0.23530284319139258
3.1290303275097195,30.675773662317255,32.4696009968913,26.592645255413284,3.0102120917067694,-0.33359490151982274
3.0594665425557497,31.51717201265969,31.502226731268834,26.485375140621073,2.9791405609332013,-0.34168455082604404
3.1338010184539242,28.95509229610617,31.163953272132957,28.400478682969766,3.0490204570595454,-0.26548329364488804
2.9422223296250283,31.399708735258958,29.78786549666486,30.701866823086036,3.0995216394171656,-0.13089805669782256
2.900869170878578,31.974972567074484,29.658367709834614,30.00699847140398,2.967520749678105,0.024220899490999696
3.011483449386652,28.41759838798872,28.629428074514998,31.596250976899796,3.074561661161897,0.16033454405096806
3.0587800744858744,31.41047267200458,32.07763433427975,29.679025642087606,2.9213534080651264,0.24598414773483046
3.06214858541339,30.2358929264122,30.311083653375498,27.757424531135506,3.002339872180731,0.26474004039558136
3.0432688088717152,29.76144971294067,30.391969395776453,28.385140888499357,3.0460341306808925,0.21788579615749382
3.1173704118836665,29.19539246465565,31.8353505156104,25.66509405644248,2.853347138552073,0.12255757288180714
3.00490659966782,30.503840646385722,29.992194731678566,24.368700312778536,2.838648732024611,0.006188620403916042
3.093217122381993,29.28339817753184,31.42282268456932,24.457750356799487,3.0900154822827526,-0.10106628199839417
3.0207775212690446,28.48751475449969,29.855943543721914,27.440179909594328,2.945009266891664,-0.1739064551827524
3.183668888412058,29.901166268951556,30.036264364866568,26.45246685556608,3.0626623764631242,-0.19761754028888484
3.157087634640831,29.002075226360372,29.673622646783503,27.081343893232233,3.04182846551522,-0.17072659715226554
2.9101802592187593,28.49008463139768,27.36743440600083,28.405481170550527,2.97177829247731,-0.10420300593038209
2.974478358507876,27.361217018814724,28.843803806275446,28.851514963996173,3.0600259403257395,-0.017701553608895165
3.0799782078228066,29.209343899749527,28.881324165874332,29.795370741536356,2.8511018135667623,0.06597956594877111
2.8606399912099647,27.416670291207296,27.53002613637623,30.632093382205436,3.1060497830828604,0.12672120832789724
3.14260767549453,29.333037730392856,28.27574146478803,28.509561010886337,2.944474515933016,0.1517448321020464
2.9414768951233508,26.447974054198614,28.95257349718328,25.701970280123806,3.0675305700137345,0.1380803106746483
3.209931981438756,27.67504148632486,26.81733877802143,28.60224705293862,2.675683508776502,0.09243128467815265
2.896521810797401,27.917783685723165,27.687117572025294,26.21273109496953,2.9630352266043882,0.028698316301898463
2.9273841658425446,27.703633915895786,29.883594631463982,25.28536815308576,2.9689671169420406,-0.036032721260547004
3.085245326158673,29.46104376489791,28.73797221881705,25.800771874794673,3.0037519213342616,-0.08592669360404416
3.1323298844821945,27.21627791389072,29.43241643286841,28.193722357649627,2.790596927925019,-0.11014313184249716
2.987257409222776,28.53295627300273,26.907367115011485,26.376281502785865,2.9156998911968186,-0.10503750009347385
2.9645643593488735,29.5461410356175,28.828172571497582,27.650393623784197,3.244106358421756,-0.07441900862540657
3.0793171611195027,28.16698133229095,27.56506146679123,27.499511582397787,2.8693731354969803,-0.027972122440585872
2.9956415985472984,28.74379533195132,29.43310623842,28.015373575083,2.7723954085845732,0.021613614783234217
3.0193300575353126,28.909179207056884,27.16729426514386,27.940896161585634,3.1053993026520166,0.06199410908159983
2.9813284454384807,25.488111605415924,28.209660766106968,27.4160136539122,3.163978054642416,0.08414429477191146
3.1472462232242835,26.71944203737343,25.384583770334817,26.98070867345825,2.8530215549463898,0.08426413259154907
3.085772526916314,26.656837901181603,26.404138017053576,26.14791857085223,2.914331235757765,0.06424655573924187
3.1933783083716696,27.22667725564087,25.116898538447362,27.831233979857632,2.95764595846607,0.0307192054352608
2.94557814127971,26.63570938027254,27.247361950548697,26.515683885595212,2.962570081450292,-0.006982193925714713
3.0969142382148434,28.281497641590956,26.79875282585811,26.548994177243422,3.078702905425496,-0.039322280674859475
3.1097102599477395,27.05603641955926,25.284354083437307,27.982516969626133,3.052489237874481,-0.05890380775945155
2.6959757876928676,27.1331014417484,28.53324462467574,24.451196747787204,2.9376894154894635,-0.06208075997049951
3.234110532546246,27.579675407542936,25.960762881513148,26.372595044346035,2.611247842232657,-0.049517649537667026
3.0326305844800983,25.69503928348361,27.326604836609118,24.840761058041537,2.8417241629277807,-0.02565101219420276
3.1198821030301187,26.458829536202828,27.033467248385097,25.426306920538106,3.078498346692501,0.0027198957448362907
3.1245677488017796,27.561353741854802,24.459567383933564,25.74426099156499,2.783270260485219,0.028294143791516863
2.927144628440399,24.853475039887307,26.626440021308586,26.45012833195662,2.8835579703632197,0.04508956620659727
2.7433552804041055,26.499212986621096,26.00963143618477,26.66503745927209,2.8516071104579424,0.0497831629397377
3.1353680364353615,25.886657610411554,27.588579615904223,25.132553901873557,3.0216199450431893,0.04228725715496338
3.0234636470539114,25.67906324851636,24.688776824798325,28.11967031523853,2.764710606778092,0.025488016261683025
2.927156295952857,24.844186665413417,24.302770595620686,24.606917223876913,3.0138968753767696,0.004283185436346369
3.0313798110989603,24.816873312513188,25.070197569439674,26.61914222867062,3.127492496852825,-0.015785553430326244
3.080957182510567,24.951967861591726,24.183443747368788,25.92333950909453,2.8368455819723772,-0.0299373649213982
3.170108126890519,25.802649700669832,27.42144737000526,22.840141092491585,3.213935027525575,-0.035249103298306356
3.1177112032091805,25.876740003567573,23.49517575514886,25.62686673915788,2.832522662610442,-0.03120423186087708
3.1506292288208777,26.32049749080919,23.322199712845187,27.003711799134365,2.941088685461989,-0.019608142680798885
3.0441554032363523,26.6042844220562,25.07677419545316,25.5180029550178,2.97070393357091,-0.0039458681635761855
3.0067863655384297,25.011797467419566,25.153971660409514,24.565610347722792,3.020318659608458,0.01161278023896778
3.172757831023595,24.533062807588948,25.460524767628844,23.768668333587776,2.8329318522081754,0.02328773972563889
2.917994920521539,23.72142625353477,24.661777422595456,23.882731004572822,2.8884900560445765,0.02857445405325978
2.989259807718473,24.82061756569265,25.660126597012383,25.965830231473902,3.0363909263808178,0.02674182564339525
2.9431699996648426,24.230520403385636,24.669382275579128,24.620397280040613,3.1335225096699393,0.0188550920769406
2.9560934837402852,24.577618078348923,26.261024964675013,22.3877291666834,2.9193707565399207,0.007359588922724352
2.883240505489532,24.768405729864064,22.97675111085882,24.194224197522356,2.8820486963241128,-0.0046349305732222785
2.895046878517819,24.63258277427,24.231122039764386,23.701721926307396,2.8824425833651546,-0.014169092180102802
2.809629944751233,25.65028170928608,23.39840473202781,23.99308966714703,2.825815884810821,-0.019140879693607615
3.0121887832851715,25.413336338736563,24.674062844422515,25.46025452179917,3.1519465636719852,-0.01874218716325054
2.955067917873419,23.39750277154232,23.89599757343988,23.48777437804575,2.9605936678310663,-0.013542354366123312
3.0813847370383725,26.48135121534934,25.648722138330292,23.78397532749227,3.1476502170946397,-0.005229217028740162
3.0458920370791525,24.622851149855304,24.73668877495969,23.145778100787663,2.929729420942124,0.0038993780675885114
2.903729411630264,24.53802098305416,23.07025522497744,24.55088490958717,2.9103481672386406,0.01154804704969392
2.9678997801076172,23.134391928976374,24.04529637896806,24.36216011354874,2.8636420620761696,0.015982204405396227
3.0475605382156705,24.676671156518236,24.761879704321633,24.41727612164092,2.970586520693687,0.016401128950369617
3.0064530260682405,23.46515786522677,23.162880168184333,21.5860011742855,3.04831577311397,0.013051175010707988
3.080193693216212,23.295081806522784,23.08715030741842,23.885347387954692,2.798361455463287,0.00707429553514671
3.0881004538436225,23.40908962435944,23.34322261837649,23.779827761629686,3.072532140240414,0.00015187458260724693
3.0643583189870482,24.0226185927182,23.492895262218077,22.216228183348008,3.025723999462335,-0.005951569324935609
3.2758242443212193,23.868057659179783,22.788280516229406,25.623921232133036,3.2411188180288706,-0.009825022583329825
3.099672812454516,24.207854353202436,23.331921439227276,23.946714519161663,3.1195499171265033,-0.010723426592875744
2.983264568680379,21.148165062853195,24.028744737261274,23.754464382212106,2.8673828924770577,-0.008690763931247285
3.06632198445679,23.99287637348707,21.808151978971566,22.842226365491687,2.942853792865859,-0.0044803823765764555
3.0512982391306136,24.222608987217765,23.26538756945619,23.51620607648643,2.9634776924135555,0.000690330787304179
3.07110789441792,22.844495429680737,23.300620536295,21.976801253304934,3.0766171196422056,0.005476747253213885
3.0966610946386193,21.902360373262074,23.493541974069934,22.09710478131866,2.8162864984118037,0.008745317482818956
2.993252174113295,23.855652474711025,21.633080380754542,23.859231090182828,3.0081753474809143,0.009830953219289736
2.907426109986666,22.225711948901743,21.9990033922369,21.817663405169895,3.1573370227920634,0.008657917235489301
3.027366600430089,20.52845121214654,21.667111619440394,21.469717587706526,2.9151309311627958,0.005706734882851953
3.2860953714033276,22.038445439761553,21.09539812063044,21.733990599810127,2.99481396228256,0.0018486390087765602
3.065406627131182,21.833312418683544,21.96481494634436,23.145178854734418,2.870020334576573,-0.0019005866447651776
3.2215435235464005,21.272416253669498,22.908580399960485,21.789340434681943,3.0463447500722274,-0.004640420912268292
3.215484810517341,22.742106786520964,21.844911299098673,20.540573069440427,3.0250993634558974,-0.005794659604891121
2.924712448147067,21.743276466007817,22.449431788548182,22.641173629386962,3.085575882537457,-0.005223277323913578
2.9952981002376737,22.957741910052796,21.984803665678296,21.611425039837822,2.9886734889907918,-0.0032183726471706163
3.007639563058791,23.31285773529325,21.002900530888162,21.091335347822746,2.8680738441825033,-0.0003953161665839689
3.0101973388458925,22.11547843615017,20.489423961763716,21.101966778392782,2.944612827882683,0.0024852501594410706
2.93609357192576,22.24003953132737,21.477856436609663,22.28883885338048,3.2776295209503252,0.004715203656997776
3.0520873380785973,22.55345624924548,20.143861921476073,21.39066616324107,2.9152597835547818,0.005806661942835357
2.9483079369045515,21.416882462658773,21.391247556905913,21.805744263038456,2.7585537914647977,0.005591450148109339
3.0644385504862783,21.276194277335655,20.823074514347674,21.111013765099035,3.0003943517782634,0.004234076716988117
3.134361068896033,22.793937996660883,20.863765969486778,22.010084930060245,2.8490776336506936,0.0021626209032334326
3.040868574101061,21.604084514650758,21.610996299482263,21.18708690678403,3.020860472343621,-5.8474723963248816e-05
3.048840069646369,21.258451997556705,20.475557285028835,21.00319638713303,3.0546666076090734,-0.0018776741801933214
3.0020292856957016,20.452256567774015,21.525834150171065,21.256066395710352,2.9413059950297553,-0.0028894289645891805
3.0358102597907437,20.471288164178382,19.57464412939123,19.842089185404053,3.2247439821136896,-0.002920101653977448
3.2769784919859744,19.775303666377745,19.756402742604525,20.657165550070257,3.1175404135705214,-0.002049946065657391
2.8636583561537376,20.591189579995344,20.427676791693575,19.939408484466288,3.022241982943286,-0.0005713849927826136
3.011440967581416,20.716967978890075,20.908530789727827,20.633816588112204,2.9117322143588913,0.001100693415120832
3.175690548868434,19.396311848175614,20.332343747738857,20.962409562458244,3.1763086757297603,0.002540598182088205
3.0296898224255577,20.04950440005546,21.059444133485847,20.243561759888593,2.896675244181982,0.0034163658331292043
3.0191762958726933,20.29505094261898,20.44604137959872,21.29795024135696,3.0358239457908933,0.00356234592020903
3.0389178693522725,20.954720187019767,19.7592783621464,19.60589776998749,2.7762994171021416,0.003004971469872832
3.090258259450583,19.443901349236732,21.00532322242053,19.911974704509685,3.032639836458053,0.0019395357776488434
2.9434156421179667,20.526530778982334,20.53073154262491,19.9777791134098,3.0430087149001164,0.0006679093623267735
2.9083122447020884,19.2691951163838,18.866130708074785,20.88014610455154,2.8633057123474144,-0.0004842327773384365
3.0994539408244535,19.19087681099661,18.903405822359666,18.77005059527781,3.111200079797137,-0.0012487408673449414
3.184513045759193,19.71856481567158,18.421340720426624,19.80917189847858,3.1179950503664857,-0.001475212670422609
3.1428305582354032,17.91279857184762,19.628240896394775,18.307331218134696,3.0435807350911346,-0.0011572992037697123
2.9751698617211164,18.462383659005475,18.20772149818477,19.398032503538204,2.85735523633966,-0.00042165751932295647
3.0886609976058956,19.36717217333809,19.62439812105308,19.84531601959458,2.909594068053676,0.000514496070824355
3.1330083260384316,19.803627010869704,19.01961403851518,18.61774211877774,3.0014469550671135,0.0014041586920168314
3.1233531627840536,19.104397482391633,18.05964124567889,17.888955171732356,2.875286822971624,0.002033249351932123
3.1372049574820347,19.25673198789906,19.210185118619414,18.64499127576469,3.2201491528706505,0.0022698246587048317
3.0017209051281277,18.88730070779063,18.02001166257946,19.367537904754478,3.0577563139279524,0.002089005285605568
2.812914767143734,18.61810799955627,19.344330094002284,18.7565358764757,2.80125827700377,0.001569670894316315
3.01682000628162,18.124629306386847,18.16563250773547,18.274593169753036,3.1756810350091285,0.0008661956094155833
3.015250486423457,17.97928668372749,18.56185236540554,17.8488917143958,3.0001645340685794,0.00016428365658973523
2.8932784533928397,18.67469271401621,17.966465989128327,18.515757512418354,3.0521670516345547,-0.0003669581525693348
3.078112115389884,17.637689042780224,18.87833036368477,17.85923947144641,3.14670343224158,-0.0006147196149174464
3.0929284698961115,18.19660080598483,17.800576265760583,17.56924216182324,3.075234217500932,-0.0005450170156142828
2.9370748859979354,16.982314625524218,19.79052475304731,18.142347462418556,3.095159935423434,-0.0002040721960067147
3.031874268166748,19.154970159409096,18.909053971522987,17.445704015442765,2.7951823337352906,0.0002999458807455655
3.0253115738268606,17.78684034079189,17.07063967368824,17.87355666602978,2.8655041759527107,0.0008286575174864004
3.2960989193421133,17.253392454002494,18.004992373405564,17.63515452414603,3.0399453918651536,0.001249785829717632
2.99392189264398,17.251711674868645,18.448120377488873,17.324430058975388,3.0835804945492593,0.0014688109247015415
3.251952345198271,18.076740499443353,16.24310020858851,17.526929844440364,2.843577850454415,0.0014486693886340768
2.8546601393260147,18.035722373054405,18.24493650024262,18.038245296012462,2.742785629185884,0.0012137504882039887
2.7819835840562974,18.283287238612566,17.23002498149122,16.78471702619985,2.942291076706989,0.0008385893597801779
3.068659710668864,17.733757364434332,17.666742333241913,16.938928311317838,3.088145234315621,0.00042534625253757544
3.157015494596876,17.369788448997877,16.96435209557841,17.585813854640588,2.842857397093379,7.653221233032657e-05
2.824711083286261,17.965318559883137,17.82158028906114,17.617855046982704,2.7972158354210928,-0.0001299664233606702
3.1526381205017495,17.079386149169288,17.896092811623774,17.82330636219549,3.0577513302017865,-0.000157688214230886
3.087766535776806,17.396843277714204,17.288101700514144,15.959207703687827,3.1573614950705475,-1.6848028852418903e-05
2.777732330043856,17.20451517814423,16.158135139596315,16.13100513424529,2.7866376239286907,0.00024222865010494653
3.2215952960903325,17.191356803126958,16.410497174051986,15.876726163087142,2.9562735586143343,0.0005448578670669342
3.177630408245017,16.586036319720957,16.69723279672526,16.150695929070938,2.70366904208404,0.0008122996790837962
3.0237667386448015,17.503540906575417,16.510038234511583,16.728911809160014,2.9846699353871258,0.0009812728812180732
3.0016493610767285,16.238903859347754,16.8105084029905,15.724471125892258,2.915422481013728,0.0010180021859635836
3.1896720087722543,16.8168613190657,15.802396287609282,15.594061641123503,2.961744255947774,0.000923857606116659
2.886624748213141,15.518279881667342,15.58235341825451,16.142066966677405,3.072180411523111,0.0007319487363804977
3.131958325231061,16.827970360881018,17.056365058345495,16.20740306832542,3.0766107709302877,0.0004962933425639036
2.862890050833182,15.790369803075858,16.068168149905176,15.452040172113989,2.923577207800901,0.0002768450508922218
3.2159506737617187,17.49007327780346,16.73611022886801,16.892180559070603,3.0515270523668656,0.00012438542339802635
2.8559229964667945,16.40473298847017,16.44647241378932,17.115102005720598,2.7760747870061855,6.896858588671991e-05
3.279656159848342,14.804255428993253,15.658675804466771,16.254461128866655,2.8944907294670315,0.00011441970886874275
3.1280301428589565,14.682997181356283,15.511801049304223,16.454384202878995,3.0867465898162103,0.0002396968680582774
3.133775917772721,15.63743031896389,15.022356593010574,15.103706410993373,3.0323874074469113,0.000406184934689322
3.193990112418394,16.29268303579489,15.071229986273098,15.77243586616078,3.013446421923706,0.0005686280799578784
2.9456926808617987,14.931398573025731,14.858027278819012,15.240388923749554,3.036339233778317,0.0006867225464537464
2.9930382236564137,15.822003215896364,15.545794536700816,14.071502859296992,3.0620389526814122,0.0007344910242555797
3.0547956936935776,15.04781164407677,14.27634601798695,14.907268472383716,3.0453962078268217,0.0007053514222859204
3.004111143170417,16.008001277009654,15.698562946118008,14.920952060111606,2.9977209982681465,0.0006120229894230081
2.9638622263146424,14.35280979562405,15.286181041986616,14.196631878662865,2.9664289191102955,0.00048174392025639244
2.876448870066284,14.886566937255564,15.062698000844765,15.196470041284266,2.990759775703694,0.00034837402160974463
2.9098858675254453,14.566219435892918,14.761374767165384,13.668962085609298,2.7558209404378573,0.00024357644053111518
3.0972660729708785,14.607260830141215,14.734138387499353,14.996362692406073,2.8859078289088975,0.00018930476662762898
2.960990370137497,15.252003617335829,14.882974590424618,15.828141900751909,2.805089745792419,0.00019330956259337885
3.075125861792129,14.088486028061773,14.302931177640783,15.049061399015653,3.1422923451153673,0.00024849380707463636
2.970960771771752,14.394433714336001,13.644513879559996,13.841905621072012,3.2771359742356783,0.0003359376436311928
2.9933253709614904,12.910586396380824,13.774423969614253,14.657171788130809,3.0574155411179413,0.0004305356524298417
3.0279608764774952,14.539587990425547,14.107236181220763,14.560077586413811,2.9863654453020247,0.0005076465180971434
2.956255499586922,14.114555499300826,13.775448966070517,14.739508842965304,2.9148601937569687,0.0005490484875437278
3.0360717918500253,12.685726469294316,15.230320065672105,13.667178828141097,3.109128217984344,0.0005468121208370658
3.0266633670039202,13.245612858851624,14.379913053023534,14.523085061448187,2.9427848080779517,0.0005043300117510627
3.0800846956379564,13.307303342055388,13.943359748939288,14.105496145120547,2.9334582236974085,0.00043450143128905894
3.096235802668299,13.451640135346587,13.23864960044677,13.129200597052012,2.8475757157279644,0.0003557623380723753
3.0038597386865704,12.959102617245577,12.929823371880357,13.217491995934438,3.0239410955359602,0.00028711514544793853
3.156030494491683,13.667456471474706,12.69778220533716,13.057685070766256,2.975999201974004,0.00024345512107213995
2.9751320793668894,13.324950181590108,13.614899932178117,12.586346330352216,3.1271867590809697,0.00023230474685846458
3.142724017429982,12.467563180845705,14.02899266561337,13.215866949970357,2.932650788834263,0.0002526276132127533
2.9078406892275708,12.896753643823384,13.391148245624487,13.006361991254813,2.6526137753124575,0.0002958286891358544
2.885663359560078,12.652405962728025,12.907751157640153,13.487359899525444,3.1162597331534796,0.00034850644432629543
2.9205883675146183,12.882373441245583,13.277413378472273,12.001515635924981,2.9879631724267792,0.0003961339944669264
2.806792374063335,12.396541798314408,12.054618922641144,12.209970965158867,3.0083410555735624,0.00042669230179393186
2.9115452449419297,13.386169841796793,12.869131099040924,12.399688667225854,2.9696069233588935,0.00043337553136602107
2.9837001071259492,11.877489108715608,12.845993744389272,12.097406802497549,2.7484031690909227,0.0004157913575037699
3.0612226787098993,12.687167140390397,12.374708990508987,12.556902081616625,3.0419707872152135,0.00037949570535061986
2.960431352369165,12.794873383404694,11.76725191812795,12.633522912259844,3.0058852239579656,0.0003341207363874613
2.9101626070701823,12.030223898979582,12.644153197414337,11.958435169949999,2.8691907218296384,0.0002906745786033666
3.062308352131016,12.914666974146563,11.670616884556374,12.52710598613077,2.8697679470759403,0.00025874227715273686
3.039238143810565,12.005669549209136,11.919693391776665,12.914953941346015,2.892582257047825,0.00024427771166517904
2.9582851357577584,12.414678840552797,11.842849709616381,11.976489981049212,3.284622928866879,0.00024847212860012243
2.9526925868197016,12.399347672524662,11.451992793439679,12.192930214536787,2.9810477530421196,0.0002678805042367926
3.0640859078012634,11.601904158130482,12.054255969607507,12.084196976550684,2.96677393379201,0.0002956650369703588
2.9141441928012686,11.379529491276095,11.769107068675437,11.018921645187856,3.0999732555387243,0.00032355552836739357
3.655720954765003,10.61403110899641,12.405906989691335,11.768826252626578,3.1596669086848235,0.00034398695394608874
5.024796422372797,11.040369548484701,11.959310865789345,11.53218612645491,2.9882498173198333,0.0003518785854979834
5.267102650574378,11.553935607793473,10.788508716687911,10.955179366495885,2.8387055515636037,0.00034565307290608527
6.196960025117384,11.519561486759594,11.400242873305476,10.96932352089898,2.847681521146648,0.0003273139439168279
7.706738420373696,11.20732016659216,11.221810826785301,10.499478054200756,3.012560728159507,0.0003016449716878307
7.795682750946254,10.932722623393797,10.882031515341126,11.144215480195717,3.087999456150236,0.00027480299402716775
9.359531911838088,11.073199927114327,10.968149166489129,11.261664205905099,2.98116798567235,0.0002526996249896196
9.94043380469845,10.554104218262909,11.463147413928187,10.222385895509051,3.195313281530174,0.00023958410083943488
10.388255618049698,10.673852385732197,10.374089182906971,10.267310710597148,3.0427505204745886,0.000237154524120367
11.474176833606615,10.843406013549604,10.651795192487603,10.981157281418295,3.054948694703163,0.00024436758306223575
12.688409204163639,10.715657883716307,10.363246230452468,10.327372316000439,2.994191564355581,0.00025793199150635584
14.287481068322988,10.768790605998282,10.296121413737298,10.437078761882438,2.983885725316388,0.0002733058100696986
15.090290929320918,9.913506772462856,10.322345684586335,10.957544583222699,3.0133911749504727,0.0002859109179897125
15.451521937539853,10.110558710974658,10.647350871124909,10.738499134834198,3.043607396125834,0.0002922501271923145
15.565338903140294,9.572177200795382,10.0605588114275,9.835052414404702,2.8044522595271033,0.000290663614619088
18.053560185237217,9.8252247757611,10.488808540142216,9.492482304449661,3.044703283888392,0.0002815721339752843
18.08174546594229,9.840491109162015,8.981373154745443,9.628407897234004,3.0348958012075355,0.0002671926875859713
19.00610140121012,10.710360705038825,10.198256562164692,9.40389751353095,2.9943950019609247,0.0002508419600738977
19.230210615670735,9.674261638448312,10.043850800688464,9.415616482449403,2.985203190798839,0.00023603304990074282
21.634801132825064,9.118425998938527,10.037120203453112,9.608083344247007,2.733771656937746,0.00022560336571021014
22.817049896334616,9.776617698692396,9.884569334116112,9.34527960579022,2.8435495960856665,0.00022108317790503696
24.29172940645526,8.443009406687654,10.004202457028146,9.670803205603967,3.1389099325217287,0.0002224374434603555
22.517537422261203,9.011825775420952,8.979091979374003,9.76011522608442,3.1612932089643366,0.00022821109751189691
23.24397213814088,8.88474162307844,9.061358541669593,9.00715703978197,2.8781902330887537,0.00023600718868260032
24.631268113335718,9.719308436043269,9.835489617306306,9.340020652041538,3.1382158551147183,0.00024315241434392013
25.31460457743327,8.513843442620136,9.560180023921772,8.589919167001149,2.9742668414263056,0.0002473717256442086
25.419897396297536,9.075253433627008,9.100981424967303,8.24793479488526,3.031309015697235,-0.08364379841240899
27.661803202734138,8.99312329064513,9.604896161870618,9.054048698910801,2.9019365568691655,-0.4303605890793317
26.028350446936113,8.975958158485023,9.296253564626586,8.870550167677072,3.026830084935528,-0.893519103241523
23.376079981828234,8.512530118300068,8.558037856644548,8.324988495101511,3.298874382248749,-1.3370465908816533
21.43472716684586,8.827065896361514,8.500663851995757,8.519430175038249,3.073972282979536,-1.5
16.910970762352733,8.233170743339386,8.99352095722001,8.11050799967925,3.2706060191237167,-1.5
14.884060795179463,8.536957235167264,8.192733875559092,7.633128218082414,3.487473170115584,-1.5
14.925528262538684,9.361166583095903,8.468617764920443,7.979318123612194,3.367955701968285,-1.5
12.76919064808147,8.505451163187669,7.96913131974469,7.864263380160295,3.467813495585984,-1.5
11.74833691376109,8.918458987116725,7.5792056202787155,7.439722354285126,3.7674675324206737,-1.1656403310907681
11.172939976016192,8.794309099617307,7.814148960109478,7.317409855546156,3.6130773099109623,-0.780038717179422
10.701066645802097,8.952298500053084,8.06281694808707,6.996296374150489,4.063031856500312,-0.4679468048331057
10.15594786889383,8.430342396215776,7.818680103270502,6.459827895730523,3.9819743494174573,-0.3007414042929998
11.083350604046073,8.384681806092416,8.055731116376212,7.541450604039492,3.972528041240728,-0.30712678842567354
10.110995472342955,8.468789366829741,7.387150430750618,6.916552761038093,4.1493387477684305,-0.4705936260847583
11.178218319033489,8.14137277013746,7.452453802076227,6.923671781978438,3.978366926808482,-0.7376342247120403
10.675200315341622,8.004307882084806,7.592497550356522,7.036562129205644,4.3350089006741985,-1.034119497622085
9.881228066721288,8.36900497613853,7.463725458655436,6.639848117497051,4.375953970544277,-1.285223384752531
9.22117570622761,8.354573845533254,7.728314998320311,6.417734767548621,4.146594636204912,-1.4337371282979032
9.101180903310082,8.653714800315917,7.540269162081626,6.7637348451581305,4.453753505114098,-1.4524560619407185
8.92936940542883,8.348734941360219,7.184593963713108,5.997224712387521,4.602356068403074,-1.348161434476417
8.517217950434427,8.149943840778308,8.068348985383796,6.675679702996628,4.5780351690553465,-1.1569872956630656
8.16748239948894,9.013230363242702,7.576047798418681,6.324930710780791,5.045479732867197,-0.9330624242831158
8.575011647030772,8.748680359343687,7.108221178357696,6.094032641148704,4.799570469735695,-0.7337700914524939
6.928783920360818,8.499614243004816,7.682511671957196,5.517590878625501,5.383043321504357,-0.6054943070402827
7.0031423514803866,8.378886402337876,7.307064893612825,6.447396983342132,5.500866738826782,-0.5732750762223144
7.077778600896712,8.457202811100325,7.225689683246051,5.742876695919013,5.305939006207684,-0.6365588642760267
7.5383798888386195,8.477874438322678,7.483816532715803,5.670750025888568,5.583330487482129,-0.7715606921764548
7.421894926766656,8.723870724424641,6.9226028841705896,5.267905068695602,5.8070250788126945,-0.9390917978639903
7.454073550033066,8.55053703354563,7.239296729308289,5.745563621065894,5.570148077295971,-1.0954635671779855
7.245899618101931,8.939542721960414,7.176539623438805,5.227745932067929,5.884497087806859,-1.2035319007439707
6.9477621357615975,8.784340603787655,7.100397216240429,5.431304314461606,6.160749156589716,-1.241172967690064
6.5877171187510175,8.667762817519813,7.092451246837864,5.370614581630804,6.279237235248899,-1.2053529630029378
6.628326078740127,8.892620541388563,6.698672403493242,5.11660512940984,5.822721234389038,-1.1111933247810997
6.348399259968193,8.848870079682312,6.956480989943252,5.153229020183932,6.552952563514587,-0.9867013936957949
6.457645835176385,9.17600990024031,7.050290530500956,5.054744419516202,6.685661420976178,-0.864827138918066
6.5927096958603455,9.19469710041936,7.260631144623127,4.963536236672323,6.488284525034873,-0.7750088943516564
6.152604116011265,8.529894196554409,7.1705873624231575,4.843429262524131,6.579007210850419,-0.7363082757360925
5.8784276057759195,8.883031165406718,6.89105516548009,4.5225093357368085,5.852060708954235,-0.7536687619924036
6.361405630218093,9.207113314166726,6.848767085992936,4.400065037703221,6.29573357772399,-0.8179407853655939
5.9946913352829725,9.152867729122812,6.971771887561665,5.051297011452043,5.942262210522774,-0.9093415979621187
6.131653454346587,9.716860131163598,6.351501181312601,4.784179632502143,5.402201716794126,-1.0032067008146819
5.613518370690176,9.120510018674338,7.177994002427138,4.633767669391867,5.206960018978717,-1.0764283372040993
5.845447149071979,10.060460068163332,6.8212492257003685,4.684974736539849,5.170683961312186,-1.1129496710232154
5.799135745013528,9.868474132599562,7.226500738063177,4.201072197335151,4.912315407945488,-1.1070585892183826
5.630709468394661,9.89681951309094,8.001601400832953,4.473056337873132,4.398947443354694,-1.0638731855765755
5.040417166315152,9.097553003735047,7.715356418905638,4.213470989533241,4.250723014076825,-0.9971481884539861
5.626287802664004,9.541300001774049,7.559516026573564,4.466605244435288,4.438828296173385,-0.925170989261994
4.963844436550598,10.740345428804131,7.416639409967314,4.2271098251019374,4.1617236923812975,-0.8659123619795248
5.345704797357913,10.456856775422576,7.313261822992355,4.183020604640114,3.7161670094497774,-0.8326766426512249
5.392736780289726,9.97660360176098,7.2265409042403945,4.569129775581938,4.078151450225072,-0.8312671217034968
5.109134574004871,10.824839191306811,7.318567284296773,4.281367391259623,3.8835389059565637,-0.8592259845297098
5.366859218539185,10.294299248007045,7.093973679174614,4.106439437566501,3.9388025804552442,-0.9071541118744575
4.851422115984032,10.26458078590631,7.747392849021374,4.045099601812216,3.860420769821926,-0.9616079057132723
5.333158727061537,11.373601797094135,8.089880032654468,4.5146366341123745,3.774154128018277,-1.0087288782458679
5.082544061471636,11.999784842593181,8.017037234306752,4.334595169566797,3.4645554213060032,-1.0376566857968845
4.666669453979649,11.227938290677997,7.640111008512236,4.293846829747941,3.3348104955513143,-1.0429126636603896
4.654382324500782,12.248397766911735,8.2123638202403,4.31724130626296,3.099142999759706,-1.0252636379465603
4.695483495941144,11.57671014498384,8.46348042605891,4.319292707004007,3.3450677286440698,-0.9909891301570664
4.559229795564953,12.488011303905537,8.408321086136343,4.245291076004935,2.875758407343521,-0.9498702748168513
4.254801886012934,13.151183446367654,8.650469831310673,4.349195957251753,3.0422904889277684,-0.9125016942264212
4.580932801308547,13.001699347950856,8.260198530569852,4.330041604924512,3.021330271733616,-0.8876397359687402
4.795232192807509,13.004347483467662,8.447663772659292,4.724455595645914,3.0242508657693317,-0.8802296249363812
4.310559880534463,14.474963596099458,9.529298957229246,4.527837296825339,2.854138475645344,-0.8905330853264188
4.391028093929646,14.063599711890221,9.126407909480857,4.542607228923256,2.939176426639758,-0.9144733123747921
4.536778429589834,14.814753300905899,9.540792783921939,4.57713602913042,2.897306113742545,-0.9450071881147114
4.492896042516886,13.931306012160027,9.394242805080266,4.746701301189468,2.9560368191291695,-0.9741005804895708
4.013425648788419,15.034519227088133,9.492883551688342,5.063817067408825,2.6905209669727643,-0.9947724730700781
4.287217825517503,15.427864865746121,9.397518519586068,4.766489788488563,2.6589298770976506,-1.0027036947364656
4.242669858471315,15.761832843267552,10.64288147282575,4.639617779261344,2.4790365019722906,-0.9970564338396024
4.017582712904438,15.822309547422098,11.295209043423927,5.14961039267529,2.6872022769690296,-0.9803740758137434
3.99642976896338,16.616305974485087,11.347484834185028,5.450527035997725,2.5316203849642465,-0.9576662734625874
3.871049034045784,17.680682753534253,10.96931766097147,5.140490213071613,2.6326586170896467,-0.934973266421238
3.9026990998750684,17.505123051523764,11.199085754295874,5.523302918410626,2.668508080631879,-0.9178045023121413
3.9833461978150733,19.197437611301147,12.896199262131542,5.573020590287172,2.478564237047366,-0.9098427737155588
3.7303027738422725,17.968461394945756,12.887269370418691,5.7113896008105725,2.5620733294967977,-0.9122063981666046
3.5498305625212994,19.919858234242042,12.712855678465885,6.084280285759053,2.518469755309367,-0.9234005939958767
3.777515979639752,20.20827190298776,13.998915059073425,6.505511202337408,2.4862460538650026,-0.9399098298411637
3.8554755259117175,23.562705264781222,14.176385683361588,6.694785139829666,2.401658501680375,-0.9572308605032214
4.099781035888671,21.989007992568617,14.624373845193563,6.627234384587935,2.3307863603290317,-0.9710561906545068
3.8827432997422315,24.50746635936976,15.710036968958342,7.315027059590102,2.389746898295309,-0.9783064127850263
3.7828400211869395,27.754595726732664,17.41618293469699,8.04036145503286,2.623219206607619,-0.977773107100063
3.357386400024649,26.059219325926186,18.354132748279977,8.329109589265608,2.5939960097112404,-0.9702497610036218
3.322517241524362,26.928372416663873,19.034715316140396,8.463316693033352,2.5688115223794163,-0.95816360226248
3.482281962060976,28.923748730463906,20.12822510688589,10.109441183619015,2.5726786822534033,-0.944841638901443
3.6731845245185615,33.72668865591426,20.97593650051569,9.961438160337234,2.3906559065375275,-0.933621608739799
3.6062948039198672,34.1592461297777,23.171161069252307,10.83093713943608,2.564090486919233,-0.9270379146713964
3.2985791141905523,34.84924619552025,25.430430924964714,11.720109151890231,2.6788873716023422,-0.9262743060070731
3.3910263017678495,43.447145638999416,26.701857124843503,13.62332566285276,2.538972745921262,-0.9309933858543671
3.1930923860133587,45.805663852905354,28.457470949366634,14.736631161031834,2.861472413496427,-0.9395516201611933
3.1508866994972258,50.08459462207338,29.538680284392036,14.68011773599549,2.7397582041932793,-0.9495138185836158
2.918306954363264,55.5566692458826,36.48297216178543,16.515407934103028,2.679925014394442,-0.9583155722930314
3.123791938663506,44.98192807811476,37.10501326986223,20.027070981394818,2.813531617815973,-0.9638993072211107
3.209654825653465,33.75202472083844,42.98517153895793,22.880689473857053,2.910773345251687,-0.9651712850318144
3.135049971493155,28.6363967081805,51.484385962537964,27.3251084412284,2.931624233443611,-0.962183867738271
2.96417416602301,24.728446574926796,49.38017558188647,29.391799519055873,3.0623434129455958,-0.8147475124206012
2.9782193750887407,21.96539126983912,44.57086171045497,37.53395144089506,2.9491655010972098,-0.43344424559372813
2.8544337170396723,19.197379763608303,40.51389437560127,40.459938570261784,2.984866489813332,0.03598873144112694
2.926662435378277,19.430697890808677,36.800246685103104,39.519805179071334,2.9729603297420195,0.46077700659088083
2.826610993568525,21.371183554922137,41.32826635499597,36.77528359397512,3.1273666889617875,0.7378858861948265
3.0758557007458247,24.164687231476286,45.78414053778718,28.60008508845308,3.012445772168044,0.8116566924215816
2.9633771739117525,27.469445743216585,57.40881604236549,25.98808602283125,3.1077971484744076,0.6815845610367526
3.0273418907495384,31.666244588263698,49.125383591356005,23.767126628792823,2.8863048153887685,0.397075986584916
3.116960192943422,33.73095893806608,43.414408041482545,22.86124007751608,2.914599417776266,0.04088250227431514
3.1309501512825717,32.26548822945505,41.7090702647198,21.554064616466324,2.782541918567387,-0.29401109236779893
2.938038570344993,32.79819988897896,46.35518750370169,22.986645037634236,2.9052709026831165,-0.5279282575780648
3.1926773398314348,30.12197779448305,53.77237586304544,24.846789680388714,2.9525017756369056,-0.6127316790745272
3.1848957063417664,25.726909741881325,52.82364804767668,26.134896601160882,3.207012382002015,-0.5407810033929845
2.9904601324791087,24.71688992906835,48.138765922716544,31.7353484752243,2.956320943095377,-0.3432522340382478
3.043420316304099,23.844590236499076,42.662498282383446,33.80658587848412,3.0279665487849683,-0.07915844737619342
2.946579327064651,22.887471411553808,42.692953676373335,33.57769898948696,3.075487047507911,0.18144413631450887
2.84214370618984,23.202359685421207,45.191870199776176,31.679804097477,3.237386135823154,0.37546955255696385
2.992733747517307,25.893815362576223,49.54897633516363,28.546159652665846,2.9938314917890914,0.4615442794937221
3.024470948069807,25.69781618295896,56.2188490496749,27.751272192841004,2.9318150222147388,0.4281769020428924
3.1971980004443075,29.900207819065905,49.3747536448385,25.24381351096901,3.0622328720285035,0.2939424313454068
3.0816200340968556,30.370026369880804,52.643101041365476,24.224109551930272,2.956904984625856,0.10033456460694123
3.1900844824436656,28.40807116654753,46.74245107668756,24.419878472752558,2.9482259208366255,-0.10033429579013749
3.3415329432326515,28.193611162045674,45.75858351893605,24.940758823622662,2.7370419070763505,-0.2586081356776173
3.191078406595514,29.465525126261124,50.12231658926318,24.75065742507301,2.8905478970934837,-0.33967195323319377
2.8706841293237533,25.859788634037788,52.75008703991695,25.968437059339323,2.8793765833312204,-0.33054344872354335
2.942917027187015,27.311152748806766,53.600997481407546,26.955048700572508,2.9260275505547106,-0.2413234272855383
2.9361761793789727,23.368649126396406,49.199136813749554,30.435382437734695,2.8402866605066737,-0.10072003507105398
3.0121831592048043,22.38947405986075,47.91823182922893,30.644670714277826,2.9789666030178203,0.052563652538013574
3.2564176794499313,23.81325294499728,51.61528555067194,30.66133146614231,2.9275867554416717,0.18012140270912946
3.112324847201709,25.61987523820916,46.10253069234445,28.550466676964128,3.0409384949797804,0.25316365137470764
2.970290683228166,25.637314017112253,48.55113453360573,29.395325501677906,3.0001949779093473,0.25868243801557234
3.031385657125779,28.41339749502313,53.44991355088519,26.252726077632676,2.887424972543851,0.2012371903059612
2.8853332781070495,28.388908501250906,57.58688354919158,27.500009539641745,3.162065663839385,0.10030969094381734
2.934849386479393,27.712041815810334,49.74686775191419,24.110335122359142,3.195522020742413,-0.015740879352762156
2.878339021275085,28.710221552169266,52.110808792434646,25.46712896404536,3.036672841647036,-0.11735472441332316
2.9232008571540495,27.32928398488793,51.52750486147179,25.76395501469141,2.8271057544421203,-0.18106933109108808
3.1165179701082093,27.220735954424786,54.920773564537754,26.904833184870203,2.7916194918991035,-0.19469572183823594
3.261949676578041,26.19380936293255,49.9389417347652,26.43590837472957,2.8914853555594635,-0.1592989661731371
2.9571930840353526,24.549971795629414,47.15379562768109,29.865947055746275,2.9755430698730048,-0.0877803906762516
2.9112956297083827,23.990656243944642,47.0772069195022,29.683078739795096,3.040366055353374,-0.0007035278409257065
2.961741026014359,22.652201657611883,51.28634772642994,30.77182619847436,3.0688117640403068,0.07937957510399386
3.0450150822353472,24.202269631823835,50.2771364306668,27.5794230755355,3.0030725545593975,0.1335899581103857
2.98364065507679,26.029829389292544,52.009350835111725,27.177167767571905,3.150512097704516,0.15099462119319432
3.193751719396385,25.99118538334487,51.16077213891155,25.828749510977353,2.727475798443072,0.13057233155676828
3.254769477198681,27.846765318322927,49.03062958050287,26.137472692551636,2.980866244690958,0.0805957074273835
3.1254851057969772,27.647852811758927,52.255793660310104,26.585750826652596,2.803189560691555,0.015805793582770226
3.0141868044216253,26.302548764904763,50.70070501687242,28.307191570044147,2.782760594244528,-0.04674039012925879
3.1841659526040234,28.054221641768795,50.286431408281665,27.65716134868273,2.8796461921213723,-0.09202288592090335
2.935524985867268,27.02604606235306,54.15313457394922,26.581272076473972,2.951973686733879,-0.11053562624205457
3.0249238130220686,26.229766476793692,52.392936206609775,25.13713139353181,2.820724209990911,-0.10011760512815196
2.8967213840458204,25.54047803124554,52.485553602139504,27.012386350250157,3.1185736521300456,-0.06583665880064432
3.0783049712515016,27.706324724483835,49.867538381603204,28.16676357620169,2.8581426403105517,-0.01812436393745582
3.1878660949705124,24.793663402013866,51.348828236645396,30.741977562659013,3.1580348575628494,0.0302312249969118
3.0299065524807736,25.885608091088137,55.660978511893546,27.29654212716644,2.9888870495285516,0.06740337785798581
3.055055343938766,25.74497069135331,50.982510262692784,26.948198621623877,2.904936249790727,0.08532053617432081
2.9984198857288895,27.29804584420172,53.16105048527119,25.85238649163209,3.1077475175284963,0.08130216229677206
3.1886492181009336,26.24230852215193,54.19404161820824,26.37621265766891,2.9921671430056365,0.05823975993245002
2.9183583748432413,26.547132640393304,51.068539280802526,25.420255610387898,2.935202763700751,0.02340619254342531
3.063646068337599,27.97439029238503,52.110770134106346,24.84289847872429,2.7738494388471797,-0.013697060114341287
3.130263657982917,26.673867948229493,59.512522066435125,26.687018307602827,2.873282336274897,-0.04384677022716588
2.910780804984618,26.323451750338958,49.9865556998267,25.9694583538727,2.705927749288797,-0.06031798588750909
3.173881253130906,26.07614731233209,55.225042581695014,28.234384303513252,2.885011241480716,-0.06030207103663546
2.9434819709244637,24.727743404979897,54.754029597213155,27.383896389166683,2.9979071662478645,-0.0452478054093802
3.1063696862428016,26.17100447354443,47.61899561062633,28.350736506122352,3.206045408417282,-0.020136682265267596
3.265561486842443,27.683513567030253,54.56978955577519,27.999509720054853,3.058290755618653,0.008038083666834613
3.139390695999051,24.011412647438352,51.20277793651002,27.662511969729856,3.0507950877003753,0.032149117338061375
3.1590438089693813,28.03821374887081,51.54508187462927,27.627659128321287,2.98225780797386,0.0466809635702052
2.9972703906125147,25.641522872073644,51.682675673474655,26.725832752416977,2.893362832120859,0.04893129397993031
3.1778771161295842,25.172217855513846,54.56271475475233,24.63279977461003,3.1300946723642964,0.039422573959243375
2.95574189579346,27.14419540746045,51.92985695258215,27.34585161532481,2.9403651679507705,0.0214930343248328
3.1625045821518514,25.563809404411423,53.461828781675045,26.67509978171373,2.881471299730174,0.0002382196666356612
2.944814300862528,27.15159979894109,51.761061105795946,25.932939357301127,2.9731866569467913,-0.018882558261210075
2.9423074673512826,26.920621333389676,53.53221026786824,27.19503441194906,3.0715418023695147,-0.03140646924440316
3.055384658068736,27.778129887826495,52.56807917816766,29.1292260746754,2.9430261138362006,-0.03486602761427553
2.862758648596648,25.171493726469805,51.503088250935534,26.49253352414133,3.075353747563526,-0.029215099815398514
2.9872598152357623,26.673641811070528,51.22144424397819,25.29986322543216,3.152035041792765,-0.016628469058768885
2.9328948466958153,25.709982056190086,51.582427607187675,27.971122201340254,3.021932690203194,-0.0007784903684980226
2.727802702766613,26.653484713584078,50.54874000021665,26.096715955112078,3.097287261642532,0.014189437730842032
3.0322300348275557,24.505587999812732,54.22660142800324,29.00153906854252,3.0428821981385923,0.0247069515239837
3.354588360765554,27.590057171957177,50.06404636600754,25.30387883493584,3.1759090856056473,0.02860059426088734
3.0024353872107996,26.63764187530672,55.3683107700245,28.701191101311274,2.815193237808564,0.025498762276687098
3.014692225368844,26.240801099217734,52.84740038286523,27.911715621020097,3.082162711910408,0.01676462139022702
3.048427911650638,27.621599915082253,53.98613309612135,27.3836390532197,2.7685064900948966,0.005012754631415585
2.8413191650415155,27.68085383627419,53.60427160770589,27.97508305403975,2.974224372150912,-0.006636453621671804
2.8013480888171407,27.46664261799107,54.26131676763584,26.624593717358138,2.9954244568851487,-0.015360335937188642
2.9866140615147576,26.947848691506003,48.782604769011044,27.001905038653582,3.150909987959818,-0.019294775617815698
3.022771921920796,25.75085332568443,53.56283435470835,27.76240715180856,2.831173187068456,-0.017904023566590162
3.0782480038816336,25.798054668947312,48.419028877776526,28.847588842310252,2.932512287129037,-0.011994947293844052
2.8400509523066333,25.879892608487815,49.99362679534169,26.599051892755607,3.2012606092541858,-0.003403326507791214
2.976967208088744,25.85665825330734,51.50536089263289,26.771747530612455,3.0430640615309175,0.00554280104763838
3.088026699242962,27.487306626461635,53.51476113289191,27.86854751401949,2.722565910701717,0.012632666780026879
2.9053494468980907,26.764227732069475,53.695361536243304,26.64697375686974,2.854772940963687,0.016300480943090404
3.2077491164851577,27.42315623332399,51.83378993562693,27.971132854912806,3.038371733855617,0.015950065795162015
2.966181268558007,27.440868197074693,53.24252560130416,26.102864855474692,3.0867929983552034,0.012015169000780182
2.9677979713301648,26.432206538408128,54.30951486847109,27.194607086186476,2.8655205140828564,0.005763886248816019
3.0529649922349207,27.55237753880638,53.05508715833264,27.365948009084413,2.8141844313140703,-0.001082847222607669
3.027062164278329,27.103821430500428,53.593987581712035,26.047231307294332,3.1381701943749762,-0.00680960817600254
3.1841244344792754,26.31566339173211,50.78903115482311,26.660183907199887,3.016062182031063,-0.010123429099250465
2.915898029246766,24.65408693894899,54.11299398412273,25.46146962285253,3.1646867117818043,-0.010431496062900615
2.9814055843267457,26.16720408128009,52.13521589888177,24.628029625622816,2.9652137371245044,-0.007924198742774547
2.9635567313024556,25.724817842125532,55.62297145315601,28.732405850489013,2.840263462487036,-0.003460338525554798
2.868322644097153,27.595599205703532,50.76814734510387,25.251849965538394,3.0838629721813997,0.0017002779769304626
3.0613057899648175,26.716995986859587,58.880487475194954,26.127221471250902,3.0468880588609526,0.006238449465978998
2.7015125736162453,24.650148620997385,54.0462742311152,25.577399418476855,3.007736279410282,0.009101781658231233
3.1126502989789993,26.55693414431043,56.141857285195755,26.415208475341768,3.0989260599677917,0.009737450282241985
3.1312801252059996,27.050811199351365,52.753081925811976,26.34098075635218,3.034609967913537,0.008183053524448418
2.9620036361385966,26.092989036534426,48.615233405850134,28.170174945050462,2.983732881815651,0.00500585125739708
3.0046376991722266,25.30692473939671,52.44574998054486,28.149096416252434,2.9042619987999054,0.0011184295697782975
3.1764731601460268,27.00587382955396,53.07502313669098,24.784504673644896,2.9460208189727703,-0.002473551617986812
3.0065279652397825,26.767369961581846,54.32771499112195,26.25678586658925,2.9548035764831573,-0.004924208693748372
2.7566583553517003,28.220829173394552,52.95663763543632,26.977891242290127,3.0091401816611225,-0.005739302297563745
2.986737722992633,27.53636398519035,53.719011238878835,27.95947467752986,2.997900834373172,-0.004865765295914495
3.1021148888921477,26.340119833181188,52.24295288855289,25.701831606459454,3.013322623404199,-0.002666051344046548
3.0231106166296784,29.165635233026116,55.34179554645316,26.264073643321073,3.075482129893865,0.00020638567850257553
2.804643032480081,27.420753074147118,54.10897677365178,25.511046500951515,2.792407307041738,0.002991538344868792
2.9311406422335105,25.06832755630444,51.89306234916232,30.153624522882957,3.0497168027799915,0.00501709741940066
2.845768923678102,27.74145234809279,50.875774782712035,26.04028514215312,2.6932022991971363,0.00585438298745042
3.0250937875827155,27.819668269046016,50.29243404806861,27.52012585133389,3.0412321243468465,0.005401361001733421
3.0514292073167755,25.939579889299374,48.20001733987317,25.75035800249928,3.0456851930157396,0.0038789180776327755
2.8940479769214917,25.853223667259748,54.3586276767928,26.8039688830722,2.9995446331570497,0.001748883507279929
3.149900711079845,26.7309953388266,52.97214265127954,28.115796428409542,3.342055900474493,-0.0004194128342434293
3.2682053792541605,26.755785078389597,55.19732394632772,27.31738605628801,3.072778626968123,-0.002097076634066915
3.0025247531726773,25.710355654970442,55.11119296482025,26.778758679023742,2.993318366904987,-0.0029208140667276927
3.0135585098777855,27.300733885260318,52.109429274772175,26.341452179828387,3.0509526715712245,-0.0027668588228227267
2.95359946583749,24.492924422250976,56.56698058447492,26.42440252262312,3.0573516420864766,-0.0017601510215211748
3.003835740823416,27.71299375092396,50.723896304816904,27.669876100417376,2.9680697851901634,-0.0002221943653117826
2.968735445709718,27.910436438943655,51.346518325849466,26.736143773786445,2.9989900360727053,0.0014243597863369502
2.9850645281465122,28.645481365508658,54.5194046486864,28.000586507150825,3.0156585501240487,0.0027674005376739654
3.0898110159527783,26.2484187226071,52.96936270688388,26.77006673290785,3.0275130418637732,0.003504717533451365
2.978789315452383,27.294106965059132,54.4993938494669,28.12043652780744,2.7718652592308435,0.0035079326964254248
2.7376222150799823,27.390458218340367,56.32355073564976,26.39209300123246,3.090792731371595,0.002838543644593971
2.917784454325349,26.292953563734844,53.66542370511996,26.367477932324306,3.1773771087401608,0.001716360972524031
3.0018527091639515,25.171491370147784,54.903072569595466,26.291506362870912,3.107560538150839,0.0004521812295922848
3.08430218548442,26.611856251434443,52.558521143134406,25.51396600109222,3.1332424932400595,-0.0006357949558429778
2.946592094382341,25.768437936038385,54.45837974648248,28.31404144127506,3.0719516880082107,-0.0013000401653591937
2.91899875820439,25.680804570760284,52.285605840340516,27.03879130805157,2.927036078382838,-0.0014177550089222951
3.059070811339791,25.430305828788747,53.16652095393763,27.338828711604066,3.191651217333456,-0.001009846867436244
3.0033288500647255,26.53189907361803,51.36758260527793,26.519645160439282,3.0436615579433632,-0.00022328049444654034
3.0693214999454392,24.82883658236867,52.983956336731,25.717702587000236,3.0534543270320897,0.0007157029471802719
2.884625731768896,26.692801595573584,50.586505200673955,26.737574939087935,3.127806230096743,0.0015635683693588278
3.1048531767009697,25.9040501425312,51.55612051404751,28.187266357741823,3.2360759094328717,0.0021202593211087557
2.849976861291911,25.947816009489483,52.51705800796983,27.69980797002302,2.8372512437549653,0.0022740782031721502
3.0205109254933395,26.62437093336002,52.02690373181197,26.815566651712736,3.1973174566196607,0.002021142357097103
3.1819452770333534,26.217228820031607,56.558147990166084,25.83180230847566,2.7985981680701837,0.0014569040875324227
2.935184250772505,25.882740156616535,56.68458430931405,27.147016386009287,2.8333206714628787,0.0007442401247429389
3.072683782560119,27.36290001959139,52.80226685454121,27.246628787804873,3.0455862687544575,6.79237009057457e-05
3.055747552140986,26.305186323985918,55.066218388633835,24.42844957493216,2.955647327154778,-0.0004122517916714091
2.8457910671290634,25.748816543993904,53.4163711281396,27.49162791497637,3.135479646946239,-0.0005981729577438373
2.988707098137105,25.48294304345989,54.52240192268927,24.9048662452823,3.0548331988956923,-0.0004718894259105157
2.933397469701797,24.674435644661965,52.97762944321697,26.022936552932485,2.9921246869144484,-9.297458867525482e-05
2.8731555813884104,26.36645539180324,53.45399292316426,26.606010587006608,3.000146934741757,0.00042274732120896254
3.117160965888128,27.705430129983576,55.68804510622796,26.37855888358547,3.0821266160691447,0.0009363024837936091
2.836240292622967,24.63711826414475,46.929973571135726,25.265496844914566,3.045638415970233,0.0013214083590497006
2.997837235084376,27.047551747606157,54.88904825864533,27.034983932318838,2.819273637960153,0.0014940932904019427
3.0687514935652485,25.752055647227895,51.94951708417452,27.634664444782473,3.061546502780708,0.0014294311388320232
3.031559904643605,27.537335472404575,50.59286956081292,26.616342948164217,2.9612638517628005,0.0011624451313511097
3.0828152305850454,26.22972504953748,56.53514533589603,29.788129807828852,2.97558802940225,0.0007743448252936272
3.1278711769477,26.29134372243041,57.37832677823223,26.33451172640841,3.028547660466143,0.0003687273373233147
3.2730468994905473,26.983535325989255,49.70017463491434,27.690040967903368,3.1174860011387255,4.4411218735613503e-05
2.856825258853572,28.064318154943187,52.7931659954987,28.38384514817475,3.09027462413248,-0.00012819215416829763
2.952454063175206,26.746691300971914,53.98316480815562,27.527682331971988,2.739604548737148,-0.00012172919842577952
3.085782493942717,27.90762635289747,56.92178601129504,27.846293380365523,2.9285654887720165,4.520347367968137e-05
2.8897582867737377,26.50779104651651,50.289306315605586,25.827149672721458,2.859516852923443,0.00031660085784170885
3.0313079252371686,26.355756890930163,53.97341630002124,27.736425407826005,2.959152185983699,0.0006159475171240224
3.066280317997117,27.15112681765205,52.534517569628804,28.378828837576734,2.797790358658159,0.0008666293552893519
2.890591525849334,29.14467236027441,51.640556831820255,27.547618970852856,2.8333061740790177,0.0010105851140190664
2.936511865526492,26.086320519009803,55.002436773013855,25.376990594069866,2.975428306917963,0.001020812874885009
3.1122925336250358,26.841178230455444,56.13173907488171,26.355581224004435,2.821260749147615,0.0009052254379456979
3.1152234376301484,25.66484695758822,53.30868269831441,27.481257696595247,2.930767129270728,0.0007016726557932088
3.1430769097612785,27.120324165397687,50.714738034182865,27.124803704276037,3.0451229144899488,0.00046611410779025155
3.181842505695425,26.79927398076137,55.41962602848947,26.41798758598342,2.993112227587337,0.0002574188958179163
2.757533347099636,27.783636591956927,52.18043715605481,27.408400806253358,3.0323346994814617,0.00012278616646159874
2.7833117718353035,27.070259729572523,54.856697744772454,25.882038306072307,2.708010462581246,8.727982005592157e-05
2.6824437177550804,26.727997562651503,51.33394257190321,27.935531432409345,2.916639125625625,0.00014966435555999606
3.0284855798460044,26.44576708784543,52.364946061216884,27.19235583029776,3.046187011884585,0.0002850043322649027
3.146633048479271,25.100239465339982,52.28418650650238,27.450274694683912,2.9038157299273886,0.00045280366551882115
2.918742522764287,27.803723475629212,54.31704662620676,24.420385613998,3.2840611854769106,0.0006082199058579467
3.1190612740402415,27.431649730296435,55.80376294527607,25.635954747955235,2.926595102141072,0.0007133558586818967
2.9970792116605276,25.68728815145863,55.56561581109614,27.129441083381675,2.7623733559591526,0.0007458741186264783
2.960897282190866,26.417026180837915,58.10754316880479,26.273213822916034,3.1074359655183263,0.0007030723034903044
3.0046743767878574,27.989433921438046,50.59376864251169,25.2931411108671,3.105176941316972,0.0006008241342273813
3.096554152528416,25.635116797679874,51.318825753116656,26.044735205962358,2.877627517886885,0.0004680928350874171
2.857921815448154,26.907769298690184,52.168221282474654,27.193325296460515,3.0935382205232718,0.000338738987670683
3.1101628924326272,25.853427858402693,54.98488394831028,26.34797183144382,3.070644278329531,0.00024285279223078862
3.1666827139183544,27.91772153607856,56.52034852550917,25.99057087511689,2.751920423301708,0.00019976148826680068
3.190753234761639,25.283339225030858,58.292061868430196,26.601558374118273,3.0543162761930986,0.0002142670518028748
3.0312594637320425,27.252365491916862,53.835027079309825,25.970276123682805,3.1690375028054607,0.0002767473024349788
3.2096310026533006,26.36444245930643,54.41158543091135,28.263320522757926,2.9353566460649545,0.0003667580989453496
2.928892198885929,24.171222492909273,53.86172189698907,24.77249018369297,2.9382215847941664,0.0004589540313451082
3.294341614572875,24.892250090013075,56.59395360665902,26.776204758490252,3.102384512244359,0.0005296842180983596
2.957904405777231,28.771838196575146,51.17085554929245,26.225641532162484,3.3299651725930888,0.0005625991950764278
3.137739214227304,28.243746233761698,56.43006073422298,27.779171558524475,2.9783068100795838,0.0005519909799967287
3.0209767294764385,24.560650909763357,55.28000257564904,27.174072465360265,3.05998246898936,0.0005032517055302371
3.049234279610418,27.441980724086736,56.01859475432915,25.87661660178982,3.059936288192634,0.00043059109769429116
3.020790840485515,25.827191237947922,52.45953946081239,25.432856982653327,3.1816234856957872,0.00035280783744935786
2.9166322175566406,24.965381716332857,50.057891413678966,27.030970137967863,3.059161771692861,0.00028831390708325866
2.861209961391589,27.62930059313819,54.968956249374365,26.806052737024913,3.12636516779203,0.0002506879796004765
2.984048692668444,27.67640389915777,52.89191496578935,26.245360835379216,2.8967305991460925,0.00024579362896412835
3.0227040096102393,28.972399624162804,53.68702263870359,26.3667075951892,3.006948578911704,0.0002710268176389679
3.0761425880655335,25.74804956045323,54.453585277635646,25.32623160683999,2.9864374970003937,0.0003166896459932911
2.9157713345425385,27.512661874294537,50.4878336238422,26.379148061094952,3.0010010469755453,0.00036897021327583074
2.8110311340727683,25.276228152455385,52.2545522763692,26.641785453795876,3.1155980232727445,0.0004136630840130169
2.974131998997303,29.4719085079958,54.34864108854533,26.20899160524351,3.0854771256219125,0.0004396602939507467
2.988455192517236,26.519727976225195,56.98464497561409,27.52723568806827,3.076117154297602,0.0004413834641984095
2.99947119372019,27.157574395516622,53.09274033261037,26.624626513741603,2.950041267446401,0.00041965776369364525
3.2528109328822503,27.49364270808233,52.46074637804881,27.048276304348647,2.952404719169241,0.00038095125796159277
3.152968382795556,27.994523610910914,52.95676539453551,26.364174581498073,3.039019632420522,0.00033530762711532106
3.2046415318066543,26.886651333586865,53.26994885105294,26.859402046030304,2.974954174677213,0.0002935895175538302
3.015195127186713,26.733620952713075,53.829696253659286,25.902317308570332,2.933089501676848,0.00026476358089264497
2.79960390098244,25.764194115520272,52.040192628792326,26.73859478162149,3.2269755089327923,0.00025388420612584687
2.9264210526829215,25.333069304864797,55.79883050572693,27.566878468235842,2.855404496273325,0.0002612055003167158
2.969328936658318,26.010199252301266,53.08008345218899,25.54681631190507,2.9726873298642857,0.00028253898051923035
3.2213842357737072,26.851438849392014,56.07188839446124,26.838255452223983,2.8254362385920153,0.0003106610440811538
3.0866701787943955,24.574665736381142,49.62214482653172,27.210329202607387,3.006675362795308,0.0003373359623122072
2.9309064789197197,25.71913948885347,49.99587723565313,27.616199084832324,3.1366716039582294,0.00035540832336042376
2.9466161448891874,26.936013875409305,54.240168898807006,28.4516518164013,3.0537616682021445,0.00036044968549260603
3.0331050085287896,26.827773664478805,51.22174614522911,26.94241828088708,2.923780563373019,0.0003515977181024907
3.1853106729141167,25.60695655114508,50.755631820907986,26.388059334607757,3.054574200027531,0.0003314542249950332
3.212676123906882,27.207288881313865,55.34223119574157,27.715788482669588,2.9513171753728566,0.00030514913214552185
2.881626686351019,28.11461452790982,53.14705625246533,25.52837144195999,2.918697712050226,0.0002788711124636524
2.8735418790112615,23.9106574033655,51.81967305712814,27.99080926701896,3.07299403654069,0.0002582690242028974
3.031399848359394,27.348622301904193,52.157092744189775,26.422425143185894,3.088077128462129,0.0002471244443987726
2.8545948692997496,27.222147281357508,55.20712336364235,25.734635224741034,3.015908034651724,0.00024659462100918536
3.019215991491918,26.695960084192595,54.296219735313144,26.547814493576745,2.8801107947307663,0.00025516019801180806
3.050649347575645,28.105769723233664,55.922366422174335,26.700805560471,3.0828866950929426,0.00026922882692253586
3.0271658064730156,27.25110406707487,55.702786643388094,25.955306153500636,3.1497514933301924,0.0002841904494572042
2.893638090218044,28.68003213273007,51.73384374033987,25.488982176339075,3.0573551169882625,0.0002956279802941254
3.0611932533418424,25.51795761766353,55.30764688170154,28.507910263244735,3.1225351857611345,0.0003003752018233718
2.98463821718613,26.146900875955687,52.91670864956214,26.826261719203586,3.110008991947383,0.0002971778025259214
3.015259717540275,25.78606781233769,52.683486306942974,25.912042039314212,2.7495699790863144,0.00028683139487054737
2.9976879723312604,25.629349520770585,53.421187099282434,26.5934281065766,3.1329572830204397,0.00027180864758989887
2.9472791115390287,26.902143815750435,54.162146932469504,26.91211677648889,3.031762140383735,0.000255510923749954
3.095611859002455,26.719258511118163,50.56085590610344,27.240298406812826,3.024390725166968,0.00024135935159375402
3.202443052432107,27.06791908522211,53.597708714086565,25.414313630157817,2.939516693967534,0.00023196054033514202
3.1131909775595985,27.681830257170812,51.50440682283487,28.48488492639026,3.069549521246636,0.00022854342751155195
3.401495130747998,24.348031670144533,51.7568816489535,26.600229926289668,2.9206878298554884,0.00023078059270054135
2.843116594602879,26.99798385173178,51.35803927506785,27.847590744237063,2.9244574687253633,0.0002370039106690203
2.8923679737193706,25.802214807251474,53.76097033476885,26.2839259612018,2.976115465546635,0.0002447275966573026
2.894711741435474,24.955864854032935,53.630350881008304,25.744212652015847,3.069648279432624,0.0002513244969835807
2.924812865185317,26.102929981070535,59.03232607078989,28.111126946177755,3.0411543082998413,0.0002546776630843127
3.2622670555736146,26.13669448456208,53.12875809428817,27.338124130928872,3.334562184728252,0.0002536508176703988
3.044533455928501,26.76501744564482,55.806495001739066,26.60096253994269,2.888637264207456,0.00024827906256108285
2.93251534849419,25.364945943356734,54.42880519173488,27.01158830585225,2.841560624050844,0.0002396578773060202
3.086630527485395,26.30902141089615,54.78155407846986,26.200071285464656,3.01207399532563,0.00022958379273337634
3.0514835015905355,27.91324723068912,52.61116644098999,25.167504942701147,3.111638605721489,0.00022005588414029145
2.866501895468002,25.650084164221674,56.63003793009704,27.193766327395636,3.087868583526736,0.00021277155521996392
3.080153974274018,25.529381370280433,54.82678389861015,28.190000767812233,2.814467710704461,0.00020873980643567626
2.975923910134265,26.293828244820457,54.625455172790424,25.165396507376975,3.000796570721898,0.0002080958234249431
3.093589215603719,27.914996041999867,52.20643973871336,26.839617034176342,2.897010891290365,0.00021014440503974252
2.930814174831859,26.284706003606882,52.645990504828966,28.84538349581494,3.0370631872341343,0.0002136016592797704
2.9770389385704896,27.898016095485715,57.32602715154646,26.147115338105905,2.9603591619442273,0.00021695882199757667
3.023876763960295,25.33785565670596,54.27332658548351,28.701957342448072,2.9946757035294147,0.0002188689931652795
2.9880852217902207,25.550462876174713,54.47156487546131,26.86640791221789,3.034265544516508,0.00021846067941511837
3.0773431680792678,28.25515962626691,56.101679990471,27.44980648399577,2.894384908408086,0.00021550824572205354
3.1363462456737388,26.13076721041807,52.38622170919144,27.052422212948983,3.2776193259418673,0.000210430306215666
3.0550649556665834,26.069554294989203,52.04396488879449,25.583552601210673,2.835725030960862,0.0002041314871674915
2.9012416655632474,26.13371513323598,51.61552244395413,29.65360030985193,2.939258825913447,0.0001977397580507811
2.9615524218872653,26.981895035701903,53.82170341390766,27.903984711270162,2.7837596925194474,0.00019231237679816468
2.663892398917464,27.73915365814093,58.00181059500221,27.351540199282827,3.0737672033302053,0.00018858474680929154
2.83214435526542,25.602745536481365,55.22165509951541,27.365750222512514,3.040767857610194,0.00018681954728108638
2.8801696914326405,26.216532299027673,52.73544434733673,26.298170495270647,2.9095293306006145,0.00018678408315797314
2.8378389663110815,26.02003833477947,56.14836168512336,26.351268696274605,3.1819735336671573,0.0001878501585119477
3.0746094623259648,27.943720568625736,51.547611426662606,26.244683536326857,3.06273489390613,0.0001891814597274541
3.054545973490722,26.366884241821424,53.13998365726188,26.518657382705292,3.3056224448715636,0.0001899552021401331
3.0246495391270627,26.057656738816284,49.76992846980838,26.88855044606864,2.931852324630153,0.00018956110962427378
2.8550643606624093,27.350626705371067,53.97813080155527,28.26214948297595,2.9933328480453136,0.00018773129025725257
2.955861489926247,28.713355064276033,50.93946406438086,25.86147760159892,3.08238026748693,0.0001845754446858424
2.861491733241567,25.70281562385115,56.5300420240967,26.218688365210994,2.978297949934022,0.0001805211151019106
3.048750528729181,26.550000585171066,51.21637495118091,28.678799648588726,2.8618497527234124,0.0001761818155782449
3.100038509077129,25.419072861314255,53.79125738334877,27.30449542254016,2.951985082766767,0.00017219143628259656
2.924023113203892,26.09437244238043,56.432745530256334,25.76506483617805,3.0836547753727124,0.00016904816550900208
2.934762250610114,27.36174547047631,54.86315491748987,24.6147441113868,2.9908219749888247,0.00016700507686411343
3.122385771681186,25.66186689024133,51.09509278592188,27.405493383979767,2.9772341832342697,0.00016602992662294829
2.947166691476441,28.152518644438768,56.156095427935355,25.11156251349075,2.9206884176548042,0.0001658378939738721
2.9474815024773644,26.38585418433787,51.588380196824126,27.368726241895715,3.0308503825719995,0.00016598292114342414
3.082948565695843,25.964919420088872,56.550857889201865,27.07899342238725,2.9727284342691918,0.00016598030436996533
3.0011906942495097,26.604706356581353,55.059644543756136,27.588250617443578,2.9263828530188625,0.00016542797292973813
3.065780798644156,26.687535157963477,52.15780270829876,25.920646368543768,2.851707767036126,0.00016409705972047107
3.0305835312435403,29.002080032313636,53.02823788144365,27.21903460724586,3.06931885805503,0.0001619724080972134
2.8842539154134874,27.019691662053464,51.83764322452409,26.132192808336182,3.075422666457954,0.00015923753486887763
3.1035170285600415,28.600872511959206,51.96432726347187,25.99580138338393,2.9797374770176264,0.0001562125636368843
3.0833948670157887,27.749854043703795,51.98439559000378,24.551494010566877,2.920900899706526,0.0001532643425103727
3.0887923304449396,28.620473248409777,51.64698297198238,26.81327720261529,2.8820467070300304,0.00015071304969753053
2.9276127484709775,27.414310701394758,50.48284925430984,25.580450367398214,2.8888231810219844,0.0001487583199679012
3.092560468971736,27.599597134757406,55.720479933011255,29.185279763931398,2.953001836210009,0.00014744116187779491
3.106236421416504,27.649186901866912,51.976609476436174,27.799262024061957,3.0600136953060244,0.00014664780379449138
3.1116262020754375,26.70870105654185,52.04135330448491,27.009588091967075,2.885056928647574,0.0001461508680851757
3.0285760876272625,25.891241408234553,49.60723058368184,24.729711728505766,3.082753263270103,0.00014567459081986234
2.836831467292755,27.968321498585755,52.04690114281747,26.092114523579014,2.983302265253832,0.00014496611492485032
3.0589763504068075,29.034258962880774,52.22688313993991,24.992281122632722,2.8757033539817725,0.00014385497779831254
2.973509023845443,25.75209660327647,53.77515766691706,28.38642059304994,2.98582284872568,0.00014228734937677098
2.9783517943856572,25.98734052691592,52.879165795683406,25.261725194032064,3.162438223490805,0.0001403288969215107
3.0281125315251924,27.48227320140405,52.06228259645861,26.924257482672495,2.9791603610202526,0.00013813832168467954
2.9766555251109836,26.253772197382123,50.65108802251203,26.7933723106458,2.936928882841812,0.00013592057063829545
3.02135540799452,26.235816668210706,55.70937549670862,28.155382059795958,3.0924131150078535,0.00013387288521497703
2.9280746098580277,25.35683579604265,50.54637639592884,24.570237931198715,3.1568193495888175,0.00013213744176859946
2.9026878169034998,27.76903856101074,52.62224377879013,26.374054678767163,2.9996720506816903,0.00013077153160355215
2.875364016889615,27.344274811931882,51.07904485471852,27.291153922473566,2.8811332317661775,0.00012974100364061058
2.9986903546840784,26.81707108139275,55.72745920834935,25.04825951304059,3.0752938026117325,0.00012893653208950935
3.0730568787622707,25.966776507841182,52.02913714230143,26.2711781126177,3.179079236555703,0.00012820675510210653
3.078492507034894,27.246917893547952,52.87988323962565,26.173273206644293,3.1032839431028294,0.00012739874595536898
2.9429214814415143,28.678870672683438,53.84828888881297,27.164635520173892,3.085078925325907,0.0001263953276493136
2.8031945975425323,24.392851094715322,51.958394018856886,25.232198525419285,3.0066548175065217,0.00012514042676744412
2.996765683782708,25.8804344284941,47.452658484936,26.643574608335598,3.0265164622810174,0.00012364734264230876
2.765157748381283,24.956727018061635,48.99654198439414,27.121901114858282,2.9604843193219046,0.00012198941323324244
2.7846107434553358,27.182481367279287,50.03016466075472,26.227959091381788,3.049009089676345,0.00012027688747988935
3.008962715677813,25.898565528799576,50.08783267865454,28.057717061170138,3.179967673969448,0.00011862683809152092
2.994530204789215,25.376330000997783,48.44436353884411,26.404569416711286,2.754011073461137,0.00011713404413001485
3.1649620267996497,28.576773878929828,50.413220488629676,27.64847495624457,2.9899999083739024,0.0001158498441166112
3.045408650900852,25.56821233050657,51.06730890074151,27.281329716173325,3.080572952384185,0.00011477340879791911
3.045430986928781,26.12151848017417,52.42990913593784,26.612534240522567,2.933403435926046,0.00011385647128647869
3.0063844496067453,25.251300438894287,49.90815087008918,27.241853589620742,2.7455459142083565,0.00011301918741933902
2.7034742651767982,28.22634543247575,47.187012567241986,25.391943846943686,2.980680422597512,0.00011217229402552217
3.0861523423109714,26.583578816935844,49.914789750630156,26.746421244470262,2.924472914897971,0.00011123962247738608
3.0642141176924644,26.937528967405452,47.20147943941731,25.470539107606875,3.1152503692608056,0.00011017545809948118
3.1445345119692854,27.955320982755463,49.24520569006364,27.108093854110017,3.207727721676479,0.00010897297200781678
3.125938804961233,26.398698251719004,47.85320683196243,28.74307901335251,3.0376983109099767,0.00010766245365728848
3.0620493962085407,29.315583931361527,50.20935661064761,26.4274179268882,2.9811937497863417,0.00010630066624606798
2.8731366487519963,27.302081468437144,46.90349477796212,26.046611883803564,3.2018028160075915,0.00010495469049225562
2.778961578645514,25.95980142054552,52.10311347618952,26.356635407283107,2.8277084610305545,0.00010368467079400475
2.7067571334854916,27.444919183359055,47.00588150489264,26.767132498841992,3.039100828489155,0.00010252975747384013
3.0684010132072754,26.32651532102846,52.27476203908176,25.505449086446387,2.9123773038727108,0.00010150038693243425
2.9678644055351313,26.384106952388855,49.94447307127336,25.512500361468945,2.875256850809084,0.00010057822400845443
3.081430881271316,26.205133985798316,48.17545088584304,27.76456061286152,2.9146993275606823,9.972311091002572e-05
2.8773534724314658,29.335975017515658,48.77492408050739,27.20238395862926,2.969246814577872,9.888471918584007e-05
2.7940525021644698,27.801139899495496,48.59907850213555,27.069032012700376,3.0065404842970542,9.801565831737315e-05
3.1183405135117317,25.96489707763775,46.84593559417527,27.4233566651804,3.1229352012940224,9.708272392944886e-05
2.8341386134337103,26.65258191919635,48.02250746518028,27.5528999323582,3.1227218271453174,9.607371074023732e-05
2.7497398645633684,27.32402537412507,47.861781730622326,25.753643552621455,2.8366238867312097,9.499852073536764e-05
3.013454591428521,27.543549521997786,46.44771893614396,26.951347720533843,2.9478348980014957,9.388479501190372e-05
2.995782295184295,26.555533618149813,49.63074494718061,29.717301950090214,2.780673375159609,9.276961117463889e-05
3.138096821411611,25.18198731450323,48.521327428570906,26.84954397752924,3.0622488649632995,9.168961048207587e-05
2.945455322054922,27.113314543492983,45.33561629949897,26.342174878979673,3.1403383706721013,9.067209467771216e-05
3.2350981042538787,28.474119473467532,44.670675748214975,26.821950109013105,3.0654072756678654,8.972917376764624e-05
3.023196820340763,25.328214347561904,46.38681438294461,25.92450155503511,2.9123217942168713,8.885612244339706e-05
3.2175185140011773,26.32805568199709,49.85800684554242,26.183811341658366,3.024591762699162,8.80339769914198e-05
2.857676148714805,28.821870170126033,49.18149331645608,27.08700370694898,2.8097837107977695,8.723537031237744e-05
3.178612898288024,27.874205052783065,45.48280759926954,28.32938646298051,2.9928949348404745,8.643190187494044e-05
2.8613451744181955,26.59106873809152,44.096835358236234,25.179992611027185,2.945433199166088,8.560111516328549e-05
3.116828207478935,28.27934712142945,47.752906236285625,25.90315816507118,2.8875126556232167,8.473141905333245e-05
3.149528330291759,26.46097620515711,47.97901009757452,24.69851937230138,2.9668008653262063,8.382393530087482e-05
2.8516386508455587,27.653839943759895,45.082302428829486,24.507952500716826,2.8725463563949676,8.289109125095273e-05
2.9268464531260983,26.127782284317025,46.41075398132187,26.97478881807904,3.0352385028223514,8.195258470285734e-05
2.839963892622294,25.107127398203353,45.97777604637607,27.302518608400646,2.8623760949068404,8.102993261894812e-05
3.1025827579300924,26.702352928804753,48.720194267116405,27.382891454036837,2.897534455321005,8.014105387927136e-05
2.9443336186627898,28.482192140691723,46.875773415089064,25.791540174067332,2.9741391547678053,7.929620147518291e-05
2.968901960419254,26.143661299980785,46.43214234778882,28.286194086077455,3.0001551847824874,7.849611571743217e-05
2.798326964596938,28.73109967685783,46.101289477206436,28.62540856874155,3.033686491098119,7.773265401252286e-05
2.822950152030608,27.70247172830098,44.82163531930271,26.820866887433993,2.948930086267239,7.699152736559861e-05
2.8246322392886163,26.454501363786587,46.17021340220766,26.413043113960228,2.8904370020993992,7.62562934314023e-05
2.9515486556932182,27.16154267610671,46.97205674867866,27.151545056452477,3.01702026378543,7.551252487194473e-05
3.1073245000023335,25.731193665344144,46.2207519344248,26.932026775759823,2.9618602537108156,7.475112305537849e-05
3.026690938180077,26.467570807400687,46.987828530529036,26.53223280463054,3.030067404232462,7.397004580103474e-05
2.991789290769476,29.048680301718314,45.93597816033224,27.71220408815171,3.1192748875288063,7.317416709234594e-05
2.8065460649459766,26.64322062224797,50.209957871242096,26.77140646172316,3.1505012884792305,7.237346633758761e-05
3.0442055576996543,25.880566926996572,44.23490063457806,26.123765837842065,2.927244899873267,7.158013388402855e-05
2.7677779233995867,27.97961286243853,45.93932784052554,28.759413440711036,2.995819689840749,7.080539158645313e-05
3.0201509090239163,27.427313755735405,43.29113623371885,26.757858758880168,2.962048218737603,7.00568273342687e-05
2.9668610540741427,25.772965913702077,48.355935718053516,27.118694962085513,3.0904009748062267,6.933684688270857e-05
3.011797331323827,28.880034192116955,48.64393380474012,27.227250513050965,3.042716792071234,6.864252245311141e-05
3.0911084598811307,26.717255940507023,47.04598440371438,25.2635238912121,2.853011416565896,6.796675237501072e-05
2.901589225983451,27.030250113768062,44.963750707918116,26.453787899171722,2.8661229323726753,6.730033544413246e-05
2.9902211834621597,28.23013623159896,44.10090971684799,26.214480397248003,3.022972620983304,6.663437475512152e-05
2.9421267329037244,26.58287613975082,46.4334188872443,24.094539311741894,2.906377580059816,6.596239781195154e-05
3.0949018960612658,26.728230559762146,43.80684983137241,27.073026763285494,2.919525070528312,6.528170143685025e-05
2.941065860232592,27.62767297631336,44.198885473090186,27.779497127589423,2.927046438383541,6.459366210361434e-05
2.992660762638322,26.262228294635282,45.26804942222343,27.57872129133851,2.929342688140399,6.390302649521561e-05
3.1143078075923416,25.82337971298891,43.629430207798904,27.172867641472166,2.832640270508196,6.321644448783692e-05
2.829138653974474,28.36809296874899,46.42993563246341,25.782083831935456,2.868101578151849,6.254066693139503e-05
3.0739107229693112,28.489825014663662,44.48753033774773,27.191083702273076,2.9866223261660587,6.188087711505471e-05
2.921178886856659,29.01145138957306,42.015830998748505,26.583813451852464,2.799236170173817,6.123954931296714e-05
2.9595206290922143,26.539752246221088,46.83933385723364,26.614507467403563,2.913237140818471,6.0616066667021855e-05
2.886402567878193,25.58015235482482,46.059793689374416,26.914458390339952,3.03800304654545,6.000712481159618e-05
2.923008434349627,24.452512714230295,43.650945967062945,27.259360237444305,2.825744392310381,5.9407754342704914e-05
3.074589988804493,24.860108634613084,41.25429649458656,26.566706641696978,3.0471204119112145,5.881265926395532e-05
2.7841565347619635,26.28666008581829,43.09255797535236,26.266078441888123,3.2613905802770065,5.821751800206723e-05
3.1955539115121576,24.146418850230344,45.1684036468463,26.118874755487926,3.011118517843527,5.761993386078935e-05
3.151848058228508,29.75223732686352,42.471636893352276,24.923813883186632,2.971099384293834,5.701983408691747e-05
3.017757614011698,26.403450587886383,44.460148316038726,28.86346895131931,3.0302563086789713,5.6419268700474024e-05
2.79850954355188,26.289578537767095,43.87995645816459,26.16964069278223,2.9367331431113426,5.582171057287671e-05
3.193285802238626,26.558422441041834,43.141975225887926,26.474034354318274,2.9454175810072543,5.523107069164309e-05
3.137559508836887,27.823788318046464,42.14785240278379,24.96369781089737,2.9747140747849494,5.465069281950167e-05
3.118485247090611,25.46263601140164,45.344217560392934,27.437613223598337,2.891708468940894,5.408257444719714e-05
3.025111359236363,25.768735342500882,42.311071582446466,29.010894107382093,2.9814260468882363,5.352698350724388e-05
2.9988241412089454,27.6533948557644,42.40435807638109,26.5382584916541,3.0771961041286944,5.298252958719708e-05
2.8386527143922997,28.596314315353652,42.37375886508438,26.345661144714573,2.994048343124468,5.244663271671038e-05
3.1709593198415496,26.707176597984926,40.97738326744829,26.922896223627916,3.0456898036573725,5.191624056645065e-05
3.083853760612802,27.561455496979526,41.16173076963531,27.850571448574826,3.14963910542614,5.138859834553938e-05
3.0200664576599277,24.854472534340008,41.10449884069037,29.578336527430725,3.085488534881551,5.0861878888323935e-05
3.210686444899671,26.54125697036613,41.51600645069355,27.574359057585255,2.8121704993060073,5.033553224459323e-05
3.0643762535261656,26.754192213778367,44.2355115065383,28.027752798865386,3.1577278020476274,4.9810293885882134e-05
3.2449088210719834,27.7542701070399,40.85568433751362,29.484630186050826,2.977180103994009,4.9287879826365644e-05
3.1410929386095967,27.13724574708943,40.914397239369144,27.500817024174605,2.8298686615558597,4.877046965060985e-05
2.916292879400552,26.03308118682764,42.35017784687228,28.305190884023872,2.8305945674406456,4.8260122222820984e-05
2.9512140675806418,26.69997847306413,40.71205436314345,27.08531892656149,2.784027540128318,4.775827196971457e-05
3.1846757651154367,26.8540695773362,42.139560827530524,26.174145449016425,3.108320820843907,4.726542121007417e-05
3.14565571031101,27.31593841970985,40.59351900498543,26.631677186498113,3.050687246496637,4.678108642045761e-05
2.9096505108477047,27.920940214948637,43.68023081091885,27.081276169710694,2.8338345865460663,4.630398920401023e-05
3.1326812784544096,27.14778836508703,42.100536617111786,27.47151063704131,2.898166935614428,4.583242409538987e-05
2.9283962809975543,27.001485452737885,41.148864781661025,27.02280501719985,3.3021206209114653,4.536469818764328e-05
3.0311128778706666,26.9237501855586,41.09014550440257,27.246059706091547,2.9124984257432565,4.489952960595591e-05
3.086217659512406,27.100122953112795,39.6014023751199,27.080258288776264,3.0170380513738664,4.443631114073822e-05
3.108243833780318,25.506452808728366,40.342166989000006,25.0384097832146,2.9686690401018354,4.397518668154286e-05
2.8638524806565293,26.0593529908137,43.04059080627328,26.45704076468719,3.139357582910127,4.351693852168455e-05
3.0640843150720998,28.54140974392088,38.976519682080486,27.99976414882237,3.006987579653781,4.3062729261127196e-05
3.005838267344359,24.626246010899457,40.28617582297154,26.785465642977034,2.954653867209037,4.261377368792522e-05
2.9656853738931557,26.55853973164053,37.64792401956512,29.288035770450282,2.9061916207185265,4.217102693682965e-05
2.964291221743646,26.989751977798637,39.5435183088208,27.46926350193501,2.889740273507012,4.1734963140074555e-05
3.015751509737358,25.620460211872334,40.136415510111966,27.271951981751133,2.9974408987333847,4.130549063945129e-05
2.9194446290299805,26.286750118173355,39.4097766754743,26.39866777318357,2.9306242343881608,4.088201231812338e-05
2.990454813072535,25.690139190048004,38.509920380282765,25.411505384360435,2.8357876876347095,4.046360389629398e-05
2.8130496564959953,29.43067145104962,42.72573772033704,27.04337662232654,2.9949220861208294,4.004925618553147e-05
2.9776262702782272,26.88466205517121,39.4167121679316,24.90919145721794,3.103714139406691,3.963811716271859e-05
3.2006700332053075,26.091370641911986,38.956422427475005,26.598244745256892,2.790568888644684,3.92296746425172e-05
3.211753480818324,27.812629471941836,39.10254315473007,24.41931064725061,3.210556849443627,3.882384033499428e-05
2.950406032019537,27.559789113353844,40.302159881962915,25.697746110228675,2.9204894182801473,3.842092366366935e-05
3.0450741092321767,26.598522429869284,39.52610573617015,25.451920803544937,2.9690586969411052,3.802151099574035e-05
2.8650498315265467,28.604730651125056,39.86184472491734,26.21667919516672,3.3585553509336714,3.7626288423840714e-05
2.9948814065553075,25.800090850385928,39.50335521957874,26.658657562022846,2.9540542374352365,3.723585572054836e-05
3.028444607482529,25.57512141249321,38.77273569447917,26.217113244131617,3.290693619008091,3.685057759427511e-05
2.9974323904908573,25.268152828263084,33.89327995737689,26.654356695606687,2.924559393777498,3.647050543320362e-05
3.0557649970012877,26.316384245525,36.905509252431955,25.817624871741717,3.1032547275574265,3.6095382039857255e-05
2.9148267618443175,24.429453342912918,39.44242351921656,26.20817905322999,3.130840149968359,3.572472136891248e-05
3.2508784922268625,25.665207390000536,39.37503012556236,28.329807556030893,3.0111672050798894,3.535793688837712e-05
2.998043756180765,38.39572019139861,39.58435846509435,25.312198400234454,3.0051524138268375,3.499448332411901e-05
3.022565556039714,36.729080757059094,39.01221614702759,27.90245205631196,2.8212576725092493,3.463397622737343e-05
2.982653849439034,35.7553757063222,38.91191952408324,25.805722219996536,2.973185031650874,3.4276261845886345e-05
3.1191789285226577,38.986235429636174,38.75114782447475,25.802004032717484,3.1869499970795805,3.392142492458476e-05
3.0217331374197047,36.74491409256928,36.033141129505324,29.272799838415953,3.0370452243205395,3.356973796539339e-05
2.901592419396308,40.343071591004204,39.19682995498551,26.976530460601243,3.1389841724229854,3.32215691400875e-05
2.9615580191146704,35.154123093798496,37.812017010921764,25.881278146247308,3.022897772730245,3.287727534199999e-05
3.0094521325714063,38.34366531125681,36.178505671653284,25.700718053322838,3.1714330934694974,3.2537107113341014e-05
2.916344445093274,36.06692502918396,38.3278928673558,25.573202063613774,3.065114249530936,3.220114815181295e-05
2.9510410707992234,38.28741252285471,35.59106031392759,27.061327147738318,2.8540022045542996,3.186930054477834e-05
3.0235336051109716,39.12821099226655,38.47651217525678,27.00288444028778,3.0906418137144485,3.154131583254096e-05
2.9826319453985657,36.729095711292764,35.856526358583295,26.35127468996839,2.8959121560409167,3.121685980508592e-05
2.9442185392438653,37.27729231453437,38.46010914118742,27.67808414856368,3.0422440908808555,3.0895592800508044e-05
2.9983726486588265,37.64188203236374,34.606734510846344,26.765368848887046,3.1336451226001247,3.057724432833976e-05
3.0015077226277205,36.29129502095747,38.17236715110394,27.005102513644047,2.9042910814888563,3.0261664423955782e-05
3.0063909654664327,34.93049018303408,36.01213048395686,27.933857806455478,3.1576608252208267,2.9948841163785258e-05
3.025892241465358,35.76537689220672,39.32644281851221,24.605683853935798,3.0348555354088007,2.9638883448250925e-05
2.916031636120441,37.45410651228242,34.96964428763202,26.01523675269033,3.1272238423179446,2.933197560856329e-05
3.114900043593847,34.948150413977345,37.41186137409645,27.31144877555408,3.1310162656552483,2.9028317980068736e-05
3.0476100096102186,35.573567301075116,38.06379353733328,27.838638142111023,3.1207738977627923,2.8728068696952424e-05
2.8678588590803717,36.62919559276676,39.7147483242049,27.558010767441697,2.9703211704644525,2.843130108312068e-05
2.9087355895017453,35.79996728298067,38.62511658691566,26.000062356171032,3.1339700718126524,2.8137985268967868e-05
3.043972266321058,34.4504939597935,35.502806913541505,28.08734271842199,2.8216094760508263,2.784799685173401e-05
2.7300609339569655,36.83956513613549,34.52778590824632,26.556720180037182,2.9159656117252597,2.7561147665210493e-05
2.971611250117591,38.304401883955016,35.72579818072955,26.62058457493967,2.898922491214269,2.7277229598451034e-05
3.0949979522836557,35.80160402662653,37.78439196891534,25.878951250594344,2.832560658779182,2.6996059514013974e-05
3.2170916142801023,37.28077810607146,36.78137515648002,26.67702383021177,2.9954903705158245,2.6717514061033292e-05
3.0976924036612847,35.79992731210314,36.60688014281598,26.228732653089416,3.046738789582978,2.644154727146312e-05
3.1792795201420883,35.71316448448467,36.512362640594496,26.470466035591414,2.841677918272197,2.6168187612287275e-05
3.168080739864151,36.139529183769945,36.346430410862624,24.56174753843397,2.7811296635429557,2.5897517325356713e-05
2.8872246486071855,34.842467567981345,36.20392957281137,26.28380592742948,3.038126326341938,2.5629640614275136e-05
3.049739633461946,36.378221999648964,33.104006503037084,27.46231742074172,2.904429895458856,2.5364649301102105e-05
2.971849202254915,34.89504525992681,35.28997865135971,27.831898953241538,3.076500081178473,2.5102594587844256e-05
3.045545754511194,33.97067730729636,36.55490433755727,25.546969723700013,3.001877415316057,2.484347128336548e-05
3.2005751947948538,36.29509259077007,35.907820160073285,26.494772082559383,3.2073125554325217,2.4587217090289728e-05
2.933090257433909,36.399862082274446,35.14495697253185,27.980624455807845,3.0472605177697445,2.4333725959595907e-05
2.918721719645713,34.89588638164638,35.522248107425405,26.675344164159004,3.0926693962485436,2.4082871126751908e-05
3.1111312257361528,33.8678490231382,36.13096331115905,27.146915160093855,2.9581106018163723,2.3834531002572373e-05
3.033928701806322,32.40193076120023,36.68096129479028,26.922344653183476,2.7912543697018197,2.3588611841978278e-05
3.0489213964121133,33.142110873296495,33.84611497607198,26.472589446881386,3.0065081830104186,2.334506167705279e-05
2.9826956130723024,35.18570963329119,37.056463937875236,26.377169332412837,3.021412914020866,2.3103872706390327e-05
2.8962764078350713,33.11134027114909,34.32515407716367,27.510741048962917,3.069597508985125,2.2865073138643598e-05
2.871767048081175,32.87070911328472,36.505156642216214,24.587369033669503,2.8708340220305293,2.2628710769212096e-05
3.155636924786739,35.190567922204416,33.315190682710785,26.01343630934887,2.9358795185938633,2.2394833480017137e-05
3.027926691289675,34.83853807154546,34.013356955900484,26.707668186298992,3.0331387280981046,2.216347132299764e-05
3.2891127709822134,33.16028917521043,36.32004188434897,26.133215061094504,3.1865055734172754,2.193462485827672e-05
2.920993937224036,33.20869849195282,33.567918726279984,27.92370360567991,3.1274789331818353,2.170826129749814e-05
3.1240916577146094,32.13802597885175,33.58824181669327,25.821436167406763,3.132146470516545,2.1484319593918986e-05
3.2265119379051237,34.140940423282736,32.52658004032461,26.271942078071483,3.015380587600124,2.1262721837454956e-05
3.1136886277714986,32.005220774658376,33.268906126132066,28.774471320198614,2.831493371388109,2.104338778466128e-05
2.955220410375461,31.980822309885664,33.83380757544594,25.69246160883241,2.8673452273072204,2.082624878731654e-05
3.0210934557473856,33.17897995010706,35.324670250870476,28.656229344835197,2.9540619078063344,2.061125774060484e-05
2.964595675034709,33.557334893360746,32.886605264761876,28.400555858833105,2.824853393383835,2.0398393092173074e-05
3.0364217492021446,35.751646910657406,33.281806696340155,27.48074244528434,3.077800182637104,2.0187656125494395e-05
3.051707068216458,34.32142196381949,32.309771674823374,27.152377489307366,2.989727306650352,1.997906310197763e-05
3.1389851359047527,34.15274210282416,32.10740145172331,24.800982488265575,2.842751187915405,1.977263453766996e-05
2.8673514158011355,33.580618898950014,32.94870482498963,27.708451562059196,3.209371837155258,1.9568384356459806e-05
2.9859995727607167,32.55348322922626,33.199892824171904,25.730765624408193,3.000357506178274,1.936631175176695e-05
2.825696472603924,32.450019357183486,31.26075502856571,30.41880537186914,3.007307782628993,1.9166397242962218e-05
3.0182546200971614,33.53479135704545,32.01470974709132,27.512678027567308,3.006416855144468,1.896860389961216e-05
3.137957464287651,31.84458056482793,33.29974220643312,27.847978331674597,2.910242907684875,1.877288246370447e-05
2.9549397312631007,32.338716278145895,31.21513084193397,27.21282268156947,3.0971973440857,1.8579179421887662e-05
3.1050430683107164,30.92915382235827,33.452306702180884,27.117600814033686,2.881511995978743,1.838744508732645e-05
3.2789885211732046,30.425492342836517,32.2228819565703,25.9642956447485,3.131240827760946,1.8197640460887157e-05
2.8177039081786974,30.652847829102157,32.00456183538414,25.027092628465237,3.1239902031714943,1.8009740741842715e-05
2.945682561090791,30.592775254984705,33.152762806092106,24.21401589491382,3.084140497752777,1.78237350282108e-05
3.0744352927942056,32.71128285452025,32.657630265291445,26.215443930199932,3.161949929035518,1.7639623053571404e-05
3.179754270801426,31.821403306547385,30.679894942611032,26.650994857665008,2.980537061175838,1.7457409313893735e-05
2.9998419989118172,31.6255598046588,32.30639300104467,26.772644377940935,2.944979913762245,1.7277096878903067e-05
2.9744840177177303,32.05768105330797,31.757382132003617,27.561352680396322,2.977997290091339,1.709868180514141e-05
2.941734343503097,31.0689072129446,32.59638644721994,26.44632474551466,3.10247917250619,1.6922150186593144e-05
2.929298176851919,29.59092513987504,33.435918251099324,25.653026227234307,3.0272964901576205,1.6747477737409817e-05
3.1189523141943627,31.563303284909157,33.39722780893026,26.602795304032043,2.8406094283225993,1.6574631894989612e-05
3.008162523515753,31.887348126955246,32.64027409904888,27.51395738504837,3.123610651441585,1.6403575972350982e-05
2.890771111645887,31.606531853455657,30.904901785524185,26.79891715099355,2.8860539038432895,1.623427392529454e-05
3.207768332596999,33.132042913147146,30.915690095989948,22.343440304448876,2.899523011859036,1.606669456787915e-05
3.057120874294056,31.25136075468142,29.87469130614617,27.41062699077596,3.005064017775612,1.5900814359047295e-05
2.9845003101166414,31.43858843480041,33.544752327609324,26.106788759873986,3.156055151046436,1.5736618059555917e-05
2.894171445246788,29.996460890411313,31.391973870593027,27.346114840566987,2.9592796965923904,1.5574097367282734e-05
3.06669949433425,31.467495862459696,29.27721291048866,28.094642312228228,3.13842718404685,1.5413248020918568e-05
2.9701923840759825,29.786849049831922,30.655837007635604,28.262496305851375,2.986778914448457,1.525406630490908e-05
2.8470308619889777,30.718079107199014,31.225943997792797,25.50285961493781,3.1666516972999403,1.5096545683146892e-05
3.0042269241708612,32.286702433703894,30.94619111158496,26.11754576873532,3.059461320947902,1.4940674436205859e-05
3.030824699957209,31.182164891863525,30.90308767487297,26.16117464914685,2.8955427517188306,1.4786434922668552e-05
2.692963019511408,29.609376495655034,28.439028593490683,27.499918644062923,2.9387119212307633,1.4633804242860748e-05
2.939271360392828,30.713662027437042,29.074496317607494,29.08165204901206,3.128750865178391,1.4482756318067864e-05
3.2511714198824757,30.81258755709456,30.53898103693006,26.637918272409006,2.9098143707703037,1.4333264414291155e-05
3.121248794438511,30.61875856230567,27.574162335561148,25.734002741709254,3.0407944355088494,1.4185303908789431e-05
3.170240489265491,31.850984379915726,28.87924011099827,27.21407148387125,3.047093830678161,1.4038854075011018e-05
2.922246848242053,31.243473633848403,29.411093761450303,27.019453039332532,3.034204568324804,1.3893898966239272e-05
2.988413480351043,32.17859907424597,27.82603574429754,26.914571939289182,2.9977081561727976,1.3750427024144762e-05
3.0711037589131864,29.128811953254615,30.105203368527384,28.451741536927,3.0052861657261967,1.3608429767639112e-05
3.0216217339989018,29.74814089390101,29.830555146535957,25.7046511939739,2.8043696552668758,1.3467899807915432e-05
2.9201937439996692,29.406361180921355,29.331887206570258,26.960988768833463,2.948017582419045,1.3328828820506305e-05
2.9033784273665892,29.433530277212903,29.06606675365066,26.868394186098325,3.0282770526571574,1.3191206041617319e-05
3.1077281553588736,28.633517562256035,30.574582879544646,26.91696868576869,2.937004813734244,1.3055017419123194e-05
3.077208188453377,30.00111469452921,30.403708331531867,26.466532163534293,3.0705928930509123,1.292024574582297e-05
2.9427656315892676,28.780156495968594,27.829296080021503,26.716786208665358,2.946100401894273,1.2786871574805196e-05
3.0952306340790505,28.633786142124602,28.952388910079716,26.80343770754304,3.0200659088353445,1.265487454850292e-05
3.1100431933676,30.20737031192162,26.820137272449163,26.456298542770032,2.983985089446539,1.2524235090597953e-05
2.853539149908015,28.736387065687538,28.265475596726688,25.759919638388297,3.1247823338453538,1.2394935510448064e-05
3.008216407837528,28.588892254968385,29.337269518762284,28.053548053498076,2.8709884953263263,1.2266960851690226e-05
3.0860766845045267,28.20989104358676,28.336859616341712,24.260496020191574,2.7987415910523508,1.2140298788708074e-05
2.8937782327358206,27.044010514750713,26.551961712393865,26.850407170277208,2.9745910768008046,1.2014939187720596e-05
3.1063298426356893,26.594481028336872,26.077067750080264,27.16644638467721,3.0680711018267073,1.1890872930610927e-05
3.05520489985068,30.099893426148235,26.90793998933907,26.201518913321593,3.161231024246427,1.1768090935376293e-05
3.11559596706269,28.66752221715969,27.18062092253032,28.371997671549067,3.1737580102130862,1.1646582937136347e-05
2.9085071035752703,29.228058883711157,26.78219651796874,27.003071262900672,2.8248634133758386,1.15263370030645e-05
3.134676839801235,26.52445463738166,27.33711549361677,26.223146827172364,3.2318705367819724,1.1407339436605305e-05
3.0745391598483027,26.950339952750994,29.19572915882529,26.508023855787712,3.034239272409444,1.1289574987482026e-05
3.158137220233126,27.93257566850368,25.957960423339696,26.922000936841343,2.9906181974369046,1.1173027730401984e-05
3.1961482556740237,26.580680038686108,28.5529168301861,27.841798269206965,3.178613256171219,1.1057681845943264e-05
2.8399448675402397,26.940412423292777,26.834797499283187,26.800656828439323,2.9075250664122034,1.0943522391991027e-05
3.3857419052754505,27.78938669537023,27.993672429334772,25.404847016812653,2.87797937350857,1.0830535952967555e-05
3.0989122296716043,26.491301592945405,26.744441718595642,28.490095477566125,3.0197499116700453,1.0718710665492066e-05
2.9303438949237406,27.27874765377064,27.44861595162293,26.214236031468158,2.9604500011196304,1.0608036126602697e-05
2.9963823051162777,25.687979737193007,26.25030245915145,26.577824781465377,3.2758903327124003,1.0498502749471994e-05
3.1240907319930233,25.58325014648893,28.24909940644514,25.706194361679508,2.8670244535263656,1.0390101361221995e-05
2.8130740981274975,25.287973492791195,27.21574923594668,26.60377443476517,3.164012328138892,1.0282822246670502e-05
3.03634144894204,26.115486454300488,28.27274702631886,26.66668774801045,2.897420642047484,1.0176654931088144e-05
2.973781911329179,27.501703715011946,26.603484182837,24.485212183157387,3.0644434832900664,1.0071587926021143e-05
3.101131750710725,26.942243941168964,26.00100006276843,26.161647347502182,2.9660373501261135,9.967608842042486e-06
3.100766979505759,25.93060675092487,25.006424158836726,26.163012260565573,2.900504635278985,9.864704721005251e-06
2.959685732915148,24.992150807550907,25.85322936237357,26.45792528348624,2.7993261893452224,9.762862583360514e-06
2.8643830195267417,25.01751523088709,26.87253443893271,25.603417072748083,2.6899400457137776,9.662069831095083e-06
3.0537910534779518,26.25627230471341,26.80355083132519,27.321254821431133,2.9811175651383772,9.562314647145577e-06
2.8914078196126507,26.69473954545862,26.640837965620744,24.985745776555813,3.0475119198918965,9.463586204751023e-06
3.090553080343892,22.624384033978703,26.23465729765851,23.60827342143355,3.1800573824119334,9.36587452135908e-06
3.048225867948279,26.24911443294819,26.325506596715492,25.883059084505245,2.9122912849920035,9.269170295426726e-06
3.0092958660998437,24.06631440954372,25.55191188498245,23.897032372586274,2.9911134088141518,9.173464608770495e-06
2.7120283613275116,24.52149762370859,26.65057041362091,26.981557791736115,3.004024149743316,9.078748439367638e-06
2.995887550779664,26.268246459818528,25.232004706990015,26.074366753656502,2.888627958481419,8.985012405772867e-06
3.0613352166118517,25.06613794431797,25.469695006525665,24.292522455311314,2.9525694974659413,8.892246620810203e-06
2.9393108025602643,24.76767111404282,26.143759827021334,26.560442872462183,2.941779654649742,8.800440687470926e-06
3.0945688428366642,25.60712361883229,25.84461618777742,24.548517666899148,3.2438596735932643,8.70958378721133e-06
2.8923774264021516,24.714994949685373,23.458900940665053,25.739469114918034,2.95972306882897,8.61966505460801e-06
2.9980292394424324,23.665107117873564,23.635887778920942,23.70116496979416,2.9694333341076913,8.530673819073205e-06
2.874793807295786,25.314597986609165,25.63947382081916,26.504533788672756,3.1420554421696716,8.442599806688199e-06
3.058966202408233,24.86036155767842,25.6364046660878,26.700435350961158,3.055839184976198,8.355433220648523e-06
3.007895605197893,23.748917345643186,24.54409103425144,25.821493865155126,3.0312620188457577,8.269164974297088e-06
3.044692447429932,25.781408421839444,24.632154748499882,23.771429234184428,3.025758781958403,8.183786363130187e-06
3.077742693072103,25.268848953272077,23.655782267964174,25.800647508195997,2.759328233513578,8.099289026084888e-06
2.7940205276981933,24.265255866521674,24.38958054714821,23.23089468945078,3.1523280955277033,8.015664595706918e-06
3.0239784440290283,24.75056733511829,24.440249058822204,23.423722183426072,2.950616962920136,7.932904722519788e-06
2.9157538367783244,23.757165454818118,23.558899887950986,23.43980212910806,2.9546273867097863,7.851000694379212e-06
3.0977672259914746,23.931993925626948,23.713217880387504,21.659485956749972,3.0233700855635997,7.769943570969388e-06
2.986803034246408,23.10198957447799,21.57747829033337,23.471741851371174,2.967474826778829,7.68972424404707e-06
3.0756210997988505,24.395252579659413,24.439690346250842,24.68971281276453,2.8626052699151403,7.610333425672006e-06
2.998763769740308,23.44628586656511,23.782147004394563,24.449440446182507,2.9732347105049293,7.531761953051607e-06
3.002089622628339,23.542873828128535,25.46351023662487,24.126810143762633,3.034675031775413,7.45400087999436e-06
2.8751394388222664,23.338032266402053,23.244738883063306,22.191618887977963,3.218112583204374,7.377041663507407e-06
3.009321835772988,25.888991834393217,24.0785387341081,23.263335183303465,3.0134364445670325,7.300875990981075e-06
2.9182277468258992,22.879061088451195,23.529592933339803,23.332612315616764,2.9113775525470236,7.225496016824577e-06
2.8509662731374563,22.541673115760503,23.30188040854665,23.845544782855534,2.7935331078031664,7.1508939758672e-06
3.243396013341501,23.40092393748876,25.147066585977083,23.678175400995922,3.0743800792339773,7.077062326016222e-06
2.943208000115374,25.111273042614222,22.393219503531423,22.661390244786197,3.0129898318024027,7.0039934826787335e-06
2.879716790616486,22.37634823879875,23.184984552841946,22.001372399857182,2.9189837362620565,6.931679818668978e-06
2.9673531276750094,24.510577339939683,22.61225191121954,23.244923447251534,2.9363287972083736,6.860113574652162e-06
2.7824764916927087,23.721177148490124,23.50191051831645,21.941637087573078,2.805807049936798,6.789286822330004e-06
3.14464274182861,22.371257327219862,24.091942383218978,21.94279760859851,2.893929098872146,6.7191916225055705e-06
2.8818004085416655,20.923859354286165,21.419562608543327,22.210618733800196,3.0094091488461676,6.64982003271233e-06
2.9073330690935912,22.673221942893623,22.64600249364158,22.80581652299698,3.1748708036654527,6.581164278612046e-06
2.9198692484749804,22.998271088557733,22.442090163309935,23.00459092308141,2.964928897061044,6.5132168153617376e-06
3.149276187515282,22.220651943945263,22.408432689658248,22.824320393509765,3.060420361361438,6.4459702863381785e-06
2.956433776655424,22.630328143066883,22.071765767814444,21.593567333572008,3.0854825802108445,6.379417600283637e-06
2.8469977173556558,22.271584723885,22.723914995213747,20.90822978936843,3.0672527081581107,6.313551765445225e-06
2.9569929144607956,22.626077788728654,22.83652648419891,21.48632687674661,3.028185072926915,6.248365959187882e-06
2.965138668283748,22.79205244085394,21.929523489358385,21.81308559155352,3.181558827372201,6.183853429507093e-06
3.2596929545332274,20.143736886363023,21.404662766620973,20.93460596606446,2.930227950137109,6.1200073759543216e-06
3.008795900251569,22.8421984070343,21.548748468242515,20.833603468058488,2.9397716122707815,6.056820973600223e-06
2.9414037002327023,20.786752892704513,21.918978080292668,22.147137804895596,3.112146206288227,5.994287310590425e-06
3.1096619183411986,21.27947953478012,21.850651174474443,22.350270069832266,2.8931022708429377,5.932399508678635e-06
2.9969847147219766,20.73141421098049,21.58230354431364,20.37865577440654,3.221569180819753,5.871150709648587e-06
3.235617084808227,20.929614719139337,21.89769522170783,20.918935376837233,3.10680516479248,5.810534101083414e-06
2.8613895973225953,22.10334199845948,21.415079737759807,21.07785707735859,2.9885760831958557,5.750543053415235e-06
3.0311295100912123,21.3198521800022,20.512584770652467,20.661954101439143,3.112783551315264,5.691171051616462e-06
3.024618452104701,21.698114035699632,20.274278222583753,22.81911868842156,2.8384973564911555,5.63241174434037e-06
3.0521724254724156,19.423893242558385,20.106850342983606,20.300988075752162,2.9010426567153598,5.574258879082483e-06
3.0528835352166417,21.39511069914513,20.07483161231301,21.57542020843406,3.209569807186613,5.516706362309779e-06
3.143372092067022,21.96200398374899,18.846148991639854,20.166078526687166,2.8974328962698617,5.459748187971065e-06
2.700918966103864,21.26398658587794,21.340405158958237,20.272691409270898,2.941611348114265,5.403378306626509e-06
3.1749146059943696,20.419945150310628,20.91043407986335,20.862408083669273,2.977028671860827,5.347590685662482e-06
3.1205431267264925,21.829484948265225,19.404714052455653,21.2805915398138,3.2761413785181266,5.292379257722822e-06
3.1078224704429958,19.71882802925455,19.910267288223206,19.359749068041694,2.747507369070841,5.237738024609395e-06
3.04849742523374,20.091598361012355,20.194902807666622,19.46668360266127,2.942532506361226,5.183660998923877e-06
2.7830800601484325,19.470752842019472,21.900068971736303,19.322174247355196,2.954244660216679,5.130142236298277e-06
2.8404140425521742,18.236126196884037,19.84555497844769,20.782742571253504,3.1003372727921223,5.077175864959298e-06
3.172369992133423,19.47520653688199,19.093459486717617,20.4009806629359,3.087436050900458,5.0247561741784235e-06
2.803475882844749,19.863387957847294,20.18421205121685,19.27978447638177,3.090431142528304,4.97287748164538e-06
2.9621712457918585,19.282345562182797,19.834331750895558,19.258836101944084,3.1528308740693793,4.92153429263213e-06
3.133513596027027,20.015199504940167,19.720493684041006,20.194329163877214,2.9922227436933166,4.870721148790114e-06
3.0788028533280745,19.46268622874326,19.089131486628485,17.794433754280107,2.8965353769799873,4.820432702160598e-06
2.964257197575817,18.75470125043228,19.914370428606496,18.385465326679018,2.841675585991527,4.77066355832101e-06
3.0022322934638592,19.48423150076534,20.430711229569237,18.986423977975626,2.8956476894175847,4.72140839843801e-06
3.15182523971736,19.29813660381416,18.15067422119736,19.179852136412535,3.116311016667107,4.6726619263550266e-06
2.8547565414914673,19.451497443452688,19.99907114093833,19.294520717249554,3.2196122511816916,4.624418852718524e-06
3.055054517842037,19.38420072193556,18.325360876951557,18.785920655819503,2.860839385811529,4.576673880268272e-06
2.8970889988553234,18.90636742837534,17.63081381631435,19.409658275463645,3.177300711729763,4.5294218287432165e-06
2.9521470818787297,17.80784996911456,19.34296049095347,19.250095237892445,2.947665410403405,4.482657572877252e-06
3.0414648319882005,18.79973896979341,17.76718916844787,19.281839751763766,3.0085671909444005,4.436375993955156e-06
2.9440529527265107,18.064688182915926,18.95305868671728,17.066892221159826,2.8875890156985253,4.390572164231344e-06
3.1152030857937145,18.22444947958068,18.193055847644775,18.852925676682627,3.122416240812002,4.3452411834083244e-06
3.13936682438854,18.982371952972418,18.38560630965693,18.081258267004003,2.882288765117041,4.300378189265829e-06
2.8735114432559365,18.101104914684456,17.15436952298879,17.472276431172475,3.1611711967641907,4.255978370797151e-06
3.0122043580843236,17.053036700628542,16.87287633969293,18.108193576153987,3.1960135854169947,4.212037021888034e-06
3.1067552343680505,17.349702072606405,17.644888747064783,17.62293544804344,3.336161178318794,4.168549477839557e-06
3.0150771025553973,17.534458285153093,19.354276168606155,16.077861627118335,3.168248552245586,4.125511016744212e-06
3.0124047297434666,17.295908672930153,17.263628524599277,17.37443917036335,2.916110342065902,4.082916959217504e-06
3.2178642257565784,18.653103074175288,18.072713314189542,17.595886752103645,2.9471949004821516,4.040762698317432e-06
3.1294340067952255,17.515041820243503,17.622685882344943,17.857803856320725,3.1134243872219844,3.9990436289395455e-06
3.109930975176011,17.40395339673744,16.789545169387726,17.697234594685572,2.85625802397622,3.957755216163849e-06
2.701610102784298,17.331801463107137,15.90160356295655,17.094911955328623,2.962714934766791,3.916893055549263e-06
3.0914212282554314,16.95156921507726,18.248685826176914,17.920833489778442,3.2113167786547896,3.876452712165196e-06
3.0872670440952907,16.78106406044107,16.770934977994273,17.751181728594293,3.043598870159127,3.836429851357783e-06
2.952892041672236,16.03529211254142,16.824420946632525,17.461776285303376,3.018668929142974,3.7968201685561776e-06
3.048992087783548,17.767628838800775,16.637777598022314,17.795103109033363,2.937208710318122,3.7576194975332192e-06
2.73661316838914,15.904182635842373,17.408877544717907,18.04698447024126,3.1284668081963756,3.718823604141267e-06
2.95046442240135,17.0244031654861,16.846280496450888,16.271107697377175,2.9339971920738686,3.6804283034897276e-06
2.9474718681847962,17.331445106778197,17.82095247509027,17.686641445276248,3.2015240021363933,3.6424294155175224e-06
3.0015951945710753,16.44106068794912,17.062366512126975,17.08174285355048,2.879434167497415,3.6048229108264027e-06
2.976807593062896,17.110064481821716,16.250659903826264,16.451741517626726,3.164658258734314,3.567604665950591e-06
3.195875777551953,15.558762406452166,18.215232278935673,15.296576828435027,2.944909098896017,3.5307706684704277e-06
2.857119440940471,16.771064656465107,15.7173717558257,15.785083015809418,2.9400398907597487,3.4943169691228856e-06
2.924225609216488,15.975022790886246,16.24343178914738,18.242887650307797,3.134944178248996,3.4582396475395224e-06
2.974792685748333,15.67144408762423,15.272405188196183,15.698111343328224,3.208142709708796,3.422534722387085e-06
2.906659468268111,15.804691230620946,14.636809595738997,16.45293653067286,2.9949646685382074,3.3871984427328347e-06
2.9094099052890194,15.711217581852814,15.519954371421504,15.992412027884933,2.934008811138544,3.352226967602613e-06
2.8560296086599184,16.492369862955435,16.45038254114256,15.803042260495436,3.2527919400480916,3.317616568276213e-06
3.025291237850092,15.728376995045103,16.513210830541972,15.244673878897276,2.986377027642195,3.283363509919219e-06
2.9085705963044597,14.314033324241034,14.768851760618185,16.073722672797818,3.1896136385807825,3.249464145391339e-06
2.866035467993952,16.0605518545684,15.302533263181163,16.25396525277684,3.023069913925591,3.2159147742797305e-06
2.9383809123674993,16.585914075301815,15.94224365926307,15.460049441253162,2.9437371884688748,3.1827117995609643e-06
2.8286564872946633,14.977319633001592,16.305842314588112,14.873498658369474,3.188490316336792,3.1498516552284378e-06
2.989257013135475,14.92873301272526,15.119372660843036,14.959637908411933,2.7921525503170797,3.1173307945281923e-06
2.9933950738729886,15.024254266320705,16.33823152511659,14.074536172407653,3.0788796328328156,3.085145676482064e-06
3.1779754844121095,15.167672790294416,14.186573208924218,14.641389151774112,2.646943289232331,3.05329286132061e-06
2.992241498873824,15.012837510427017,14.86882169646588,15.925713780731357,3.088487492942307,3.0217688898990117e-06
3.0719259841228967,14.795314873917178,15.357823500470554,15.260267380514057,3.1150548587750087,2.990570386788223e-06
3.0085488176236503,15.045645729675734,15.438489222557461,15.580704088314713,2.889270329354575,2.959693981778733e-06
2.954795320152823,13.624525136230046,14.878245869627575,14.238155229539709,3.1285366697758707,2.9291363062268916e-06
2.9401084173308014,14.319147930264663,14.567810145537067,14.052476601393161,2.982838878926257,2.898894171015575e-06
3.1707054075349244,14.99435602041369,14.81789564943806,14.334127117004352,2.936340009951967,2.868964241933652e-06
2.966317236885754,14.660938550483626,14.800296035035077,14.503488815344655,2.9876354002768095,2.839343389931748e-06
3.0448935514551376,13.821898522401343,13.608941317302682,13.555630423346148,3.0842038776303795,2.810028338609449e-06
3.114150156291306,14.320899274968038,14.877424860283597,14.500431560817473,3.0414432502251443,2.7810159265226038e-06
3.0291907665319444,13.403747875215068,14.154858224298394,13.357333142756413,2.906777941660265,2.7523030863995284e-06
2.9638984888657487,13.6552105035424,13.857728899418424,13.214892998249686,2.7528248583566794,2.7238867294822886e-06
3.126051581163112,14.035716059520455,14.459102052657737,13.087946906956592,3.0031830197987213,2.695763770514672e-06
2.834621282396257,14.406730325936797,13.598295556885546,12.972023334676322,2.990281057659361,2.66793115513378e-06
3.111188738173367,13.637841289142253,13.522147859585441,13.598186733046507,3.099963704641871,2.640385878035098e-06
2.9741073099595883,12.488473626812784,13.458747397724007,14.059725624232554,3.1564070973702476,2.613124988422023e-06
3.0923233326195687,13.780495359873186,13.304717364316536,13.763240385398834,2.893886823728959,2.5861455916407173e-06
3.119615573336064,13.64400804676772,14.26017422490656,13.769939361875906,2.9114026654723344,2.5594447104041895e-06
2.735741647958152,13.025009523992306,13.409596171430678,12.935981115610154,3.0548388873447534,2.5330194819018787e-06
3.037003381066566,12.874422110627183,13.01175604012575,13.198311020316538,2.9126960654435567,2.5068670677185547e-06
2.9997511333110682,13.618149024912512,12.679477283694787,13.54024536984623,2.934608624881744,2.4809846864955784e-06
2.924351253687151,12.58132080116566,12.167108244635607,13.771996664607668,2.888263953811914,2.4553695441484932e-06
2.8984734347390755,13.027754155878439,13.509583757240302,12.914751754410696,3.13563963840404,2.4300188427750957e-06
3.1387069751577332,12.921648167936866,12.826838357250443,11.597745649897197,2.7762584051204366,2.4049299126466382e-06
2.755202733739785,13.149866647275461,12.31651754078811,12.421928054744113,3.053543141008984,2.380100032958025e-06
3.0735265460964367,12.398382808182376,12.581133071904942,12.743317060569561,3.0773561320734215,2.3555265272668445e-06
2.7185508480838947,13.091022904338782,12.969183157089931,12.686885244140951,3.0143394446499556,2.331206752334688e-06
3.1961733441728737,12.783304960196034,12.116625016407745,11.337076367457072,3.1091360724031225,2.3071380450415514e-06
3.059686471169613,12.949690029088556,11.97015051138679,12.730495820667244,3.019529979292266,2.2833177959885434e-06
2.937017622212026,11.935083838415167,12.583377196042917,11.553183727274172,2.9013465698607774,2.2597434715786963e-06
2.9361852100710464,12.976755965544674,11.915095939892794,12.715619015383531,2.8987170436883174,2.23641249132243e-06
3.02071289071904,12.240315787223933,12.581657361658053,12.581452016371749,2.7620622695869335,2.2133224198239544e-06
2.9346429174986333,11.714554956598906,11.740419976527557,11.891243098225848,2.7561313383278807,2.1904707358968383e-06
3.0838703666767757,11.29630398803468,11.63641140555494,11.387277991965009,3.151286497183679,2.1678550318838345e-06
3.1375170802229335,11.903958961866051,11.59221412499371,11.548612674444405,2.830154242788404,2.14547282476287e-06
3.894433142149109,11.291064110243928,11.154564879829291,10.686721644481864,3.100577305431242,2.123321728273603e-06
4.907819522499604,11.486992443282512,11.29027316719606,11.250391661401046,3.11254023558453,2.1013993354462196e-06
5.9134561409641115,11.321307889953477,10.044123594169639,10.853179505867887,3.029782091386605,2.0797032828360563e-06
6.935440505109811,10.744773062677645,11.453379870813835,11.444832263116608,2.946518125016622,2.058231220055994e-06
7.666104956395528,10.621469210663932,11.05391159774498,11.155189074414018,2.813544079897051,2.0369808702693666e-06
8.378626684398165,12.21031358505848,11.299456628080867,11.457232580984217,3.18884677613514,2.015949919019052e-06
9.20168628005163,10.833979180189893,10.771035301734042,11.414082861955745,3.1441401733913525,1.9951360803521855e-06
9.699145636603198,10.084758146502216,11.538081692044212,10.433350090921031,3.0383510846758606,1.9745370868147783e-06
11.109783371834503,11.224484157527087,10.56290885243807,10.954357607893943,2.9173520717450594,1.9541507759784867e-06
11.71023594185586,11.559474637256999,10.752682329371243,10.47467254251073,2.9291501610529993,1.933974937341874e-06
12.61027604538933,10.805123560875948,10.560503144273275,10.42147747321349,2.924629228051282,1.914007455405158e-06
13.186980345790117,10.149438147892877,10.08430221155906,10.044334926532072,3.0760555403517325,1.8942461237978726e-06
14.491897606948754,10.575569667025613,10.32416520448973,10.381255066526991,3.0007780550194423,1.8746888083643289e-06
15.342604054114407,10.377471222943006,10.1662678782302,9.440361460621148,2.99954093325378,1.8553334463512635e-06
15.838444454195178,10.091062540105078,10.760128695346088,9.484390866420894,3.025293847760465,1.8361779068977558e-06
17.98928046539363,10.235375007275653,10.330863015490843,9.802563074197764,3.061337019957207,1.8172201282389725e-06
17.540259447412687,9.395145905457445,9.657616046158255,9.468097236182544,2.9236350992807196,1.798458119076898e-06
20.10481066668595,10.071827117454003,10.383415369530535,9.934839406694003,2.9235351496636657,1.7798897799347843e-06
19.524499382255748,9.827486083080304,9.848483584786607,10.05370518711046,2.8793330262050802,1.7615131778342294e-06
20.014986590076724,10.31605576709526,9.099935859887848,9.768782692727955,3.1871731039332194,1.7433262805323614e-06
21.545084628083124,10.029671991089081,9.998057003565968,9.64023219226988,3.0573012753455853,1.7253271553257445e-06
22.998465119316545,9.988227534764361,9.865194474631133,10.336198320719143,2.939494867152811,1.707513849634782e-06
22.953131431723016,9.288401430106866,9.800775039402835,9.613205241882731,3.0109541178787396,1.6898844546550216e-06
25.675951374965656,9.432630201971321,9.354734223585261,9.242222668553316,3.008518123652221,1.6724370747145533e-06
26.21692347621621,8.932835957039766,8.940843834624182,8.913850024697435,3.1368842102588728,1.6551698578716232e-06
25.647665119310105,9.036015343462049,9.171617029530122,8.41820123413847,2.9081638577402384,1.6380809255131315e-06
38.50662111467228,8.735374800095766,9.420282125693888,8.790995230617323,3.336612726898991,-0.14114848591346632
40.92763915552177,8.979322536756268,8.585763546784559,8.319392308169816,2.969036606784797,-0.5174187988801618
27.44849305016795,8.577445328103218,8.865039653597574,8.915016874676896,3.2047849440657012,-0.9835479618273593
23.120990959488324,8.861886734155917,8.620346034864056,8.662298972545246,3.0601675454674835,-1.407053626014462
21.454208542899035,8.987741877563508,9.42491744883924,8.319475557620883,3.2329221067228295,-1.5
18.238752069484484,8.045333061355262,8.558321595119601,8.14979908918624,3.1472484330505366,-1.5
16.13992369539849,8.397587870618263,8.106992222191725,7.784887832083641,3.478480810600886,-1.5
13.37144109297501,8.311049554909676,8.400662672108778,7.500294856665467,3.5986725122371928,-1.5
11.858049292250605,7.780103358329867,8.294917207924348,8.252203427838499,3.4954849928315253,-1.4431405886552464
10.976097296389568,9.066133261363229,8.288412490505284,7.365358193633957,3.683580580544157,-1.074895802639701
10.549931334391804,8.36206352109821,8.9330958584832,7.639582761014925,3.7960907895151377,-0.70390182220908
10.779893904665553,8.220443433882645,7.686613351974725,7.118322586563535,3.7211991528817108,-0.42456778847611903
10.733714073279796,8.700452001299475,7.885261605723277,7.65407390465594,3.9372920600485686,-0.29824586442537215
10.647509101729058,8.019684209862897,8.24797666219237,7.0770722699028,4.1899161392276465,-0.3428082765333767
11.33354570291524,8.941924912911473,7.18964601862219,7.001075011732691,4.025480668758047,-0.5326167048116349
11.164307152693604,8.898343250383604,7.318359739706824,6.852146150326474,3.822595711376469,-0.8087536975978294
11.094276090759282,8.431147925954978,7.470793338711022,6.662301934402803,4.0249587373534235,-1.096374685213636
9.571172809300288,8.645845411690177,7.831106808966055,6.70966272547171,4.2289626807321445,-1.324385745113599
9.327476355468741,8.454058272058571,7.7244517502866135,6.460827887256334,4.495105289576354,-1.4424502679800428
9.111884626907793,8.548517474826795,7.229206227725565,7.088887814758592,4.609357140171275,-1.4314220745289383
8.75802062342831,8.096077960121042,7.416987337021317,6.176539914580164,4.632534668278149,-1.3052618975181713
8.772591710382626,8.621636622792929,7.270940002683224,6.570814744698724,4.7837992384201025,-1.1047369491261156
8.360921958829723,8.218941403010225,7.271892748631612,5.770586083236599,5.052762623640575,-0.8851597327609224
7.470859190375779,9.134164742978106,6.861152102543064,5.825089145188915,4.757125415016566,-0.7016596178006258
7.327782884603781,8.567958060926816,7.364272812369426,5.812277318209813,5.1637868321305405,-0.5957747400652823
7.741917983459693,8.154679387174957,7.273857449504641,5.918628295849009,4.8960552345448445,-0.5865115840927719
7.9587394477564475,8.733921359514028,7.0225107596492915,5.623539777244638,5.463465852706218,-0.6676697136121222
6.983446575316654,7.882339876544802,7.041093521069591,5.819742501960724,5.77392566053183,-0.8115487481186588
7.632171193553287,8.429943679849096,7.399790323609471,5.640589986970291,5.210436411566127,-0.9775810661812558
7.5244871572220315,8.935738709540397,6.904815301740658,5.395383406263695,5.632280995706103,-1.1233499768779955
7.012671306271781,8.509482810278282,6.957253538088983,5.361043705245008,6.122846344523615,-1.2150905459844286
6.5883218106546115,8.615007555152832,6.640525862724315,5.0877471407606265,5.97553558385753,-1.2351560841749092
6.788740501061895,8.75215401250142,7.167882937841637,4.988927758558284,6.414392551653982,-1.1849011127785105
6.450123632520273,8.786783892483342,6.91486464302976,5.260302247127583,6.6387299714214,-1.0826866466140106
6.196339108088488,9.454606749265142,6.891740799576017,5.286008222718883,6.568069327979586,-0.9579233588531559
6.228134696126458,9.393304081798947,6.510323226093891,5.29447032617701,7.140683993595214,-0.8429469569131683
5.889668237766105,8.921274373986936,7.0253218143829015,5.283167100966915,6.4194928079386875,-0.7648887668872479
6.228643247085148,9.899659575282444,7.343921938317646,4.970267911687611,6.5090772742707514,-0.7395194458260788
6.538187424192238,9.086121903597068,6.857772503872976,4.93412804346924,6.27823445107529,-0.7683950888200535
6.306060240175043,8.949450985461922,7.071246180065098,5.0027108591798966,5.8670465807079095,-0.8397167870390422
5.993912452392813,8.7668121716025,6.889168268521246,4.5083464464884155,5.694637261591963,-0.932372433195266
5.829289840421385,8.701240307365321,6.873618333702177,4.27835398672205,5.5068572014173665,-1.0218970069444386
5.761364130775128,10.156862383546805,7.107431106864768,4.299528415608952,5.662246632100523,-1.0867284176814014
5.756472876629645,9.102819507274928,7.300160873118757,4.674101264132069,5.111661534202357,-1.1132068013713199
5.657018534162499,9.468737728379343,7.028190590189183,4.513723631726302,4.847317285137532,-1.0982097119760212
5.711283121044792,10.07246358538296,6.937586237608428,4.67041868667744,4.983265787355572,-1.0489901713593441
5.708351994008689,10.242554580124487,7.5427942965520565,4.621678872206951,4.516729168705402,-0.98050319704392
5.386652538251351,10.280631301049697,7.307810030056454,4.476314414754344,4.729985582197842,-0.9110912513918064
5.43131126032921,9.929850244835404,7.191201163928732,4.525909692599175,4.221727191624358,-0.8577213400124439
4.791245722907608,10.305399221481311,7.510050481310359,4.43727643031165,4.0551186143107785,-0.8319718210400118
4.997647624654026,10.254767007401545,7.400698726668539,4.210526125436889,3.827902084201264,-0.8376811894481669
5.484710000074801,10.467821658083473,7.338093448865751,4.659544216497013,3.986512874342632,-0.8706877242554569
4.9110035265122844,10.689733892238513,7.757722192171049,4.578711374876616,3.6576653299981694,-0.9205419544411713
4.783334713943054,10.97384414170984,7.4364425284049105,4.556071670596084,3.8596509795533414,-0.9736024911916954
4.973661180576824,11.845272311420231,7.568759907394958,3.8721718377921923,3.6286438497569375,-1.0166392579375758
4.7157898148365796,10.43830187239393,7.161931001546634,4.174379567608778,3.147582004329255,-1.0400210266320788
5.061700141649655,11.274628758337842,7.978642379471852,4.381266578318241,3.281315637013382,-1.0397468776004979
5.0180355791590605,12.320900058138525,8.853811355482602,4.5675048892174654,3.1778918954794437,-1.0179283101867356
4.678336724822149,12.234331756142813,8.299470784843178,4.178936548798983,3.1708759926836136,-0.981740626099282
4.451997068589948,11.998077970081079,8.742549533945965,4.383454341332342,3.271263285388514,-0.9412329266505952
4.72507997127137,12.642059970924665,8.299675884935677,4.078897134066047,2.8856860904884933,-0.9066295043149241
4.220057791697101,13.133759510255839,9.011867045623266,4.532272788026935,2.8845771416572825,-0.8858239246392481
4.411222180276202,13.064927947859267,8.518176324328365,4.247036341857422,2.8196283848848678,-0.8826592913860773
4.577277869989509,13.742467765476777,9.471031607803612,4.566172856234073,2.8824237461955935,-0.896345297989156
4.355189885458929,14.41519807230917,9.223583124591677,4.471642531590254,2.7010180274762012,-0.9220552323733937
4.19262796762422,13.697430677228706,9.295983086580804,4.689261735022078,2.820588308602795,-0.9524545962419162
4.251695730092621,14.782885179060559,8.856992874735976,4.43594274958637,2.979007624709502,-0.9797073540249414
4.010611247073372,14.61707526292501,9.854633650803494,4.672897651686135,2.691597416856946,-0.9974289860959993
4.086236229203737,15.217286457271769,10.348003511117588,4.902187892750608,2.7547016329179157,-1.0021150317354717
4.232510022516455,14.882273102142902,10.574268179396672,5.042072994634136,2.7160513254776926,-0.9937430455058007
3.9929523803659026,16.832559448150686,10.590775555503264,5.519230327060702,2.6384676608527418,-0.975473771080583
4.274603637929585,15.876730971001713,11.45244068889904,5.795431858821486,2.6849051941775883,-0.952603142762142
3.946790621774592,18.76003618880035,10.905850512189774,5.669809334480972,2.5682753766557984,-0.9310857776834847
3.83674428173677,19.130489132927543,11.88735163575134,5.588239486601179,2.4030382008554305,-0.9160269013101561
3.973472011701989,19.084123414779587,11.734436309931432,5.655211901866237,2.495982030068952,-0.9105127494637939
3.8790846475853473,20.91844024461894,12.902865795230696,5.701925175096022,2.5781144714469493,-0.915034876150876
3.817287770727681,19.28602563565258,13.49405133319545,6.708906332836063,2.5019122429128267,-0.9275968927749507
3.657974314725909,22.186865214108554,15.224021321964745,6.992744412549937,2.433755979799094,-0.9444181294805609
3.535419555811417,20.400825754270013,14.662999158874277,7.217384581503525,2.3613914611690316,-0.9610106299091663
3.687681324401507,22.481632210898653,15.456899807972492,7.044639859038611,2.461385513349447,-0.9733343864324433
3.893631732072722,23.904375475033742,15.354372155506228,7.481356329513226,2.43137570728308,-0.9787424615446759
3.733146648395483,26.400971472936728,16.928820559434214,7.881733306704155,2.421502864254868,-0.9765041056869765
3.5685905268664957,26.637793203674697,18.383592419120784,8.28875213065566,2.5539727858568413,-0.9678153624207428
3.6672587700030834,30.42692426234109,19.531214472520496,8.602228155030964,2.5371170376497196,-0.955339401779354
3.6066169591834103,31.42990568459648,20.166462584513248,9.011755623795027,2.5876417189031327,-0.9424296339011884
3.575852784859385,30.93445007580874,21.93639101199077,10.487186040579168,2.5038017670863595,-0.9322525164077827
3.494134417625398,34.08020573668062,23.767905105511307,11.185074802850687,2.7066970421903624,-0.9270324672344845
3.2325111688895714,33.92680521738681,23.988636959380166,11.433797185687709,2.6955481822824994,-0.9275921729929697
3.436239211590384,31.898261991342288,27.89748538751867,11.674035467872397,2.789070850051138,-0.9332745279532036
3.4547936302237523,32.540734021108776,28.242540908473345,13.597898180224059,2.576662191678567,-0.9422319347024204
3.348543489970126,32.701579078013,31.581566067764133,14.348304458164618,2.8878448028316615,-0.9519804105320901
3.231785276781249,30.68955591121229,35.04745468613077,17.896883912708144,2.8224197684352887,-0.9600603524509261
2.869484678778972,33.41984723530708,33.11406195892382,19.316341073643947,2.576882562071531,-0.9646336365228683
3.0954570494084455,34.99658897808801,32.824226934327015,21.67767473374522,2.7653425754510343,-0.9648771372886888
2.9183553151027573,34.42966327196082,33.47971749128482,26.556926420850683,2.8958257697351866,-0.9610945955327233
3.0395454040518812,38.10830704525585,32.390273599659025,31.263872128430734,3.203503150466181,-0.744898408238032
2.826645645644587,20.21875149898103,32.65845339725472,31.522619381799927,3.19616196292044,-0.32857125038484947
2.969389298777796,19.0826353125793,31.73335202056192,33.03586487186549,3.2939774727709996,0.14370609290945285
3.027564200097089,19.448240128250234,30.89686672884193,30.184029013269015,2.99926325237029,0.5436728975018066
3.259448548903548,33.14005391490118,31.839069291741463,33.98482470042551,2.9606983174330894,0.7775549026137651
3.108141116774304,31.919961574921125,29.411541266189086,30.401908151367692,2.956723294009775,0.8020885624650694
3.090273112624578,32.30868242207761,32.11091981362055,24.320534615176918,2.904355539701005,0.629363823793837
3.1753693196140893,31.444254649203906,33.27999987667915,22.69369355614546,2.8731529900126183,0.3186190376753085
3.0471675263184896,31.49009127431667,32.898019434398634,22.106609314931582,2.748833534697088,-0.04243641415425711
3.3200340951303953,31.036603005785427,34.1863615549223,22.247123501277574,2.7748493183321727,-0.3615011395608973
2.9110801388687904,32.00560799612544,33.06354769227455,24.374407296880182,3.113440380229606,-0.5645592810230331
3.1927136579044757,30.104930533639255,32.061063504387135,25.119427262849428,2.9042628357057056,-0.612297255011629
3.177982949937336,32.47372327975732,32.53680116636484,27.780671267510396,2.9354196231262333,-0.5066374230289534
2.7681374596355512,32.46493960551439,32.02556752741962,30.83186388991501,2.77611832298835,-0.2866659222012701
2.992857195026531,29.074743141557867,32.040881183224414,29.3276406642081,2.825226332368237,-0.01587291428279501
2.941586771153349,30.179620981976456,31.32719660234257,32.67634525301945,2.9416297305192485,0.2354308194750189
2.9632741905089968,31.363198354759238,30.16543494991934,32.29812660880709,3.1976437064507626,0.4078200604021222
3.006214503552277,32.60459333218735,34.14981463149743,29.334373188980617,3.0018965170767684,0.46626415316216346
2.9927794977322644,31.36646072062995,32.042992586740205,28.11250551294264,2.8700312315642496,0.40651875992345804
2.877951944766875,30.662915946159348,30.695969189092107,24.910893736044642,2.822828986013099,0.25346775535565635
3.0964619017565016,29.031116734856834,31.334297022998364,24.721732390256104,2.8750533971148844,0.05252233964120126
2.9708824074512883,29.579264240577846,30.396302073350682,24.37327665239313,2.719345226450894,-0.1432232400290499
3.1408073513926915,28.11492029733633,29.72349383213699,24.72425767153352,2.94362514235463,-0.28658295879236156
3.2151920375569127,31.588290538263447,29.008289323574072,25.731298163951934,2.9876051261451777,-0.3472444646130258
2.966756951668499,28.644381211815627,28.562636128110572,25.43355165427846,3.0309420399785933,-0.3176699384111284
2.9006238646280567,32.482082030114704,30.39062276555775,29.604151259916858,2.9633120574061675,-0.2129393552266079
3.0646115382765275,27.40007254794472,30.845339822194315,31.29019158122962,3.0053206579166525,-0.06510378529766239
2.9968973346494012,30.19544846105281,29.631128016040076,29.557249375248304,2.976189915145105,0.08609746501928399
3.0919076262533016,30.262067924342308,30.71620398825759,28.53292523349801,2.998739765475846,0.20357913907023872
3.1511411829607057,27.72634183447708,30.01248644312819,27.630199812614116,2.889339613869775,0.26170233080905253
2.7859710458413938,29.807616196653967,29.502132601492725,28.748577507412488,3.031530559622046,0.25151279503024404
2.9431671463995244,30.824456398428552,27.27473164592747,26.194867669959407,2.894893644296149,0.18146139049744286
2.9000749665318555,30.548093705371965,29.803776375158446,24.69069126378042,3.02067184004669,0.07382631789861767
3.0067882783077726,31.222656643978482,27.86487240987389,25.969130043897707,2.8783786321173723,-0.04191659631811693
2.8945048609864714,27.9468691988371,29.719199822931273,25.826387026456427,3.062123828881988,-0.13689557756102877
3.0480003850481876,28.728759279949095,27.95151607777977,27.105558154842562,3.0104245663741773,-0.18981562564885304
2.9380270682652383,29.819917206072297,30.20861729960817,27.357740166775127,2.8985806877981792,-0.19147800050794375
3.030301850059769,29.037480998783536,30.278989921344614,28.180467195122926,3.2076191161339658,-0.14596118516668116
2.9400712388750976,29.036855142522217,30.14932753649645,29.83821435784963,2.9881088766591497,-0.06846779843903263
3.031726189760891,28.71212118135101,28.540818934437024,30.990628604508057,3.2006386429919615,0.019347198860077058
2.8636454760276453,28.12211596420292,27.991220320511864,29.006958549127255,2.8723336521413136,0.09521002163541462
3.0985820700854445,29.850126624968485,29.268450916065326,29.04351168914311,2.8529353255941716,0.14170221498868335
3.159389311037158,29.324155148979823,27.68895562217528,24.553873532921475,3.126554161526472,0.1500747824981531
3.061337640810907,29.121830752554143,28.93370482582715,29.147582561674938,3.168661475415817,0.12161930262394136
2.9667939749596797,27.372777934104487,29.863199733039806,25.565880501018874,2.885840857533358,0.06647596514510509
3.0671935069440757,29.34824984793507,28.214837652599165,26.95416986792882,2.8608770015968528,0.0003926186828346473
2.8980546809788073,29.18734969528569,29.124759910093925,25.695065885344658,2.9275822086795364,-0.059597431931321
3.094624269177444,26.224174914932373,27.524820402823096,25.741115251175536,3.009628078306546,-0.09943261082128971
3.0619243725254055,28.945397708288123,26.242360640524,26.872937067656125,3.1226085015148755,-0.11118498606444216
3.0733769181462356,28.282320545690325,29.44951917711253,26.398350205405176,3.01421234631602,-0.09445324769525115
2.9128663404309543,27.038380927696608,25.989196500775243,28.131415735410794,3.255841161885304,-0.055802419323141776
3.004353073990996,26.653077399830146,29.414756581261972,25.893970013295405,2.845336433058875,-0.006557382402936714
2.9512484391524074,27.079123642545948,28.38373295559964,27.108230884650276,3.0001871250094303,0.040368972689910104
2.9662572727277183,26.7467109865989,26.726164440705546,28.009152101761526,2.9810334304320896,0.07375674976006247
3.224385580454996,26.43303180979473,28.433781460417606,26.907224888628054,2.9459115320289055,0.08666126927448438
3.021188540016419,26.159347802024357,28.396316126911625,28.253981274494244,2.8333154108529803,0.07772924693936223
3.01874151348988,27.32357813727073,28.274355636525733,27.07517733605857,2.921738440199725,0.05103933014968384
2.932381824176072,25.89282152752319,26.811180565014137,28.828985912699185,3.1842777180624418,0.014634788970937942
2.962789516813418,28.83805544806776,26.592688569564565,25.59153429764776,3.0231090424550855,-0.021780266942528083
2.974417771604848,28.745525064493624,28.479271774709698,25.47751116015166,3.166588630996659,-0.04934743237885893
3.11109920209099,25.98513579918348,28.400534794607115,26.71667274402235,2.9431882472396595,-0.06213565235566064
2.949084774289568,27.248774546768384,26.45047808466522,27.636705130808995,2.978949692487599,-0.05832857056806268
3.1399265499214817,25.759994045851943,28.30484037600606,26.82634233491018,3.131739793888779,-0.04030682984222334
2.9628732695054016,25.781669168543488,27.081995035639768,25.58922967776272,3.0544526521702555,-0.013701894637438473
3.003950083988194,25.936600993792258,27.013177147567614,26.432090256502697,2.9204103378508726,0.014258461525590401
2.9516985153553446,27.297397039896726,27.57642642299305,25.42579591226165,3.0724500753439763,0.03664848077920056
2.937747585582077,26.138295955728807,25.132424332440902,26.742320863011933,2.88594748732731,0.048503311815383365
3.0761061489713692,26.91978318396144,25.364454590378063,26.155267749850893,2.861816018413687,0.047855728066017685
2.8400527122206105,26.71703313838612,26.2490367356893,24.02566520593129,3.0775966997670636,0.03595278985332635
3.1508019726700427,28.691708412615487,27.49550827213521,26.459659496273826,3.1033989834931464,0.016671414217312174
2.877397478981218,25.945801976076872,26.133385036442583,26.029746907547896,2.765771557301643,-0.004654907685085543
2.9830118249416975,24.234682268725237,24.02883256919044,27.14518048098067,2.9672649774371425,-0.022661269394226167
2.990518318217255,24.041453552632653,23.8544761042455,25.920428719450545,3.070889136220288,-0.03325957327873863
2.696219054089127,24.191777052923687,26.712949080820465,26.8969695346746,2.9074268870583153,-0.0345217027219469
3.181692050541921,26.233523888236462,25.178684227065673,26.209662717492048,3.0316968740625825,-0.026959889822657804
2.8620474288040083,25.135177822978658,26.546437104208902,26.016829816747755,3.17978362833925,-0.013188748620009735
3.1561167205731855,26.307099241491187,24.83524822341944,26.23937833537663,2.9626733022662655,0.0028947351947977715
2.8691805665248373,24.559513813929204,24.0206770543515,25.316772008073606,2.8224497642850954,0.01717158184064319
2.946148401945506,26.818998027194954,25.575386202768033,23.879481006992922,2.897597339255072,0.0263225216783157
3.0619411557922964,25.47885070621239,25.7498141930827,23.876052693469635,3.230374251864545,0.02856578854500105
2.938064661624985,25.623535843098125,26.82044871216371,26.714300487492658,3.0411354676442675,0.023956288228125216
3.129902659773525,26.048423540165945,24.39594475636996,25.50050065754781,2.926724590271179,0.014211685886422715
3.170389293525438,24.464453424728816,24.3263905488053,25.54610699500958,2.947345407143093,0.0021490858720582566
3.0559776029962324,24.60443226492359,25.182239331096177,25.257421299439574,3.011794867016168,-0.00909657990885066
3.222594570096471,22.8814057902995,25.442685438245537,26.316321476370305,2.856321287762558,-0.01686317861609548
3.1490486931446635,24.299806122972832,24.63705582467854,24.04442765347821,2.965937961514976,-0.0195678416054091
3.103232573046863,21.76718932812175,24.733157990485473,25.126003170538443,3.082117640473533,-0.016997791226467385
3.03891054512791,25.513133859627676,24.96106399473186,23.0641629814389,2.9556477945048507,-0.01024235180037305
3.2300367905039127,25.419473251003254,24.000518803968983,22.8453021091583,2.9547433042637046,-0.0013140546686887862
3.166551736792843,24.467714452701177,24.422372007333347,23.750422777458734,3.1851352022889254,0.007421785958483043
3.051589724365552,24.151566821014733,24.793114477153328,24.03719265255362,3.0412809129325313,0.013853478757665436
2.9372623977821126,23.18267006840925,25.817018583445194,23.771786491041834,3.0867542846935776,0.01661463655219902
3.052755984233187,22.466450106289695,24.215820974622876,22.45914241886115,2.948602354207343,0.015351517641169713
3.075178944774411,23.124001370931406,22.05134098728195,25.39380438294906,3.104241935536638,0.01072058390587799
3.1151598143884294,23.40883630352137,21.263757596801796,22.797229746159314,2.983235642863863,0.004140452898347363
2.9418703633878978,23.264649420501698,23.68403576818715,22.414290490420974,2.8560203895684735,-0.0026199274456666626
2.9437243438419243,21.967350170427352,23.112197471408013,22.318691329567763,3.1934587351430412,-0.007902352812795463
2.8745585151393387,22.820042958744853,23.61629387085269,22.85140132189414,2.953578285303829,-0.010553184002840143
3.048822118494458,23.73576136565282,23.707425548458705,25.238905954999513,2.929721362993763,-0.010159963545899618
2.9145023772694403,23.121459263286738,24.15841717607996,23.22945423391401,2.9926200421452442,-0.0070869919260607706
3.0412780241359623,22.380179288292297,21.997368680918736,22.983179483107893,3.1080583954726166,-0.0023187802488598974
2.9403435965643214,23.798837896822114,22.60352766235956,22.56008887763686,2.9439347918811247,0.0028337325587717618
2.904594527774867,22.82862331795333,22.3019573663742,21.780395219601584,3.0821008016072584,0.007080713509551205
3.035580224290186,22.39342438731481,21.735969785418327,22.12646665420097,2.8188783720249764,0.00946545395177312
3.043594303839357,22.338438879142075,21.86412136067143,21.425139552587236,2.7124426075805212,0.009568051657074285
2.96421191001201,22.14441947852468,21.673135202270664,22.173184438480327,2.804192630315545,0.00756066347318694
3.006809267538913,23.263250441674643,23.555063866969828,23.854244635630362,3.0849716274320715,0.004113858450213998
3.0841655723562154,20.628004571017414,22.323099567534058,23.098224946316527,2.8375922849758197,0.00018987513315478618
3.035385674163183,23.998399766423322,23.546674992227352,22.432831813758074,2.8896532441827287,-0.0032170227001287696
2.9835440342015698,21.895197165142662,20.777387796022303,22.50007322435358,2.8536564340319073,-0.00532528653996749
3.244045784561413,23.4933958369894,23.89965916074542,22.053110300055753,3.1906514069122203,-0.005737668361804807
2.915219914900648,20.71792398656017,22.7757193651765,22.299983755722444,2.8599801230211037,-0.00450429241878731
3.061338906758493,21.96382186982696,21.576460807603997,21.479245471806987,3.044804430501762,-0.002071351576826582
2.990469383783286,21.159041415333053,22.207013508728387,21.35466204456208,2.918370550416942,0.0008620896729722003
3.005774291024546,20.9293608183718,22.80013012782514,20.954294941476,3.028390664039199,0.003536307638148287
2.9713177461852913,20.644332614585103,20.92200924998698,21.254669561643524,3.0299101996356788,0.0053210902945112475
3.1381621166042875,21.393299836909208,22.176276310690383,22.80355398997038,3.092660090197069,0.005857769524468122
3.046060899471379,21.340551318433885,21.0019538284544,21.385368350607745,2.8813701275722603,0.005122761096937781
3.047221983759048,21.390872970507015,21.130697183752797,21.327515991563043,2.9454537747244176,0.003404012152624762
3.031323576044759,20.339619431381127,22.48433620846606,20.984845067601512,2.942071968022455,0.0012037005338912843
2.940995582785827,21.33881858231291,22.077875943506214,20.598758782936994,3.0136716440057936,-0.000902690567182077
3.1194060747419097,20.874973714100076,20.694054771742124,19.76370284727448,2.952392110752602,-0.002412816914765696
2.8449052970271134,20.229780885805248,20.898265361949672,20.03322848637264,2.830731386184849,-0.0030133187901328472
3.044961143109441,20.873507317082467,20.065714702151237,20.380214839968584,3.056672328209601,-0.0026395531125527594
3.082108813686956,20.360778953783,20.75517637029296,18.793188446769022,3.0255073391509684,-0.0014695822347089598
2.868665985058046,20.03063406247705,19.79937395824766,20.199902588667968,2.982503151187796,0.00014037092097279397
3.126263820709884,19.224617538953932,20.345771095743334,21.608253962252743,2.924826906963744,0.0017581785630635988
2.9000711127042713,20.627256551252998,20.894171043914696,20.502919368882157,2.933513551570352,0.0029875955352148165
3.164898961364807,18.40323986334099,20.103843085127426,20.652094785801133,3.15625046586671,0.0035615434104906106
2.8997949153446436,19.76984399216431,19.44606269557156,21.022923654084718,2.900962044642004,0.003395809206133117
3.0543911301324167,18.91850344402451,19.78412955171423,19.791025301926314,3.0527719297589826,0.002593552192817033
2.9126394578229675,18.697661288628844,19.848608782541067,20.07349082910829,2.8719078405576024,0.001403822214377163
3.1386884423046433,18.77013979316219,19.469758299078222,19.695109594566294,3.0999143928795427,0.00014820359069074856
2.9173142087998,19.590779447052885,19.294810618433093,20.86252230955591,2.96174000823156,-0.0008637788842881583
3.173372560550934,20.154457046670355,19.740722671533184,20.110346145974837,2.9105578162969676,-0.0014089246752869034
3.0877050405355946,19.17845465215804,20.063722416713972,20.24162091107695,2.90005483059562,-0.001397124567260146
2.9567361504682075,20.429978793546695,20.342824007518217,19.01920580695657,2.859342067692454,-0.0008816536116321688
2.7184125844100633,20.620971989620436,20.567617880970637,19.230065284811122,3.0192331108440706,-3.3673673342737e-05
2.918984250810166,18.72650541114599,18.835821029979996,20.719373240358728,3.2159180899658697,0.0009097213567373332
3.0498690703774995,19.973603542081342,19.315153933873997,19.60818079624634,3.073942551408161,0.0017089624254603853
3.005852431450741,19.796714010812288,18.2046939694517,18.997871615186337,3.032455787366477,0.002180517429133582
2.9423238027927905,19.07203829022477,18.12062533850882,19.684363067732356,2.978190140422965,0.0022366526765422857
3.1193707356524674,18.623881995998435,18.846390510827675,18.61209951177189,3.1049462238566963,0.0018984073618066684
3.074213577068861,17.202520886431824,18.348688727428055,19.36535950450968,2.903922961975511,0.001280965454959787
3.094818187617491,18.043422233724538,17.494699150682973,19.57560638755893,3.05031887814779,0.0005573974311537748
2.799465533305838,17.59473772348303,19.04445720592055,18.963121826825162,3.161079141569578,-8.851440608674294e-05
2.9269502164781627,19.581097581031152,17.750234474787497,18.12341477871819,3.0444117538046394,-0.0005079334288479736
3.1201113414445234,18.133072438196066,18.22417660264072,16.829821549346423,3.0674769169240106,-0.0006201314958327376
2.9742303766652647,17.490771940074932,17.009762550349773,19.686856115648098,3.1821838993080798,-0.0004261795609583857
3.147316939548876,17.91421396754452,18.595666141055887,18.938398806787564,3.0673704102484676,-1.5368063777848107e-06
2.8353182931084553,17.3888333614779,17.356586266392707,18.705348142703883,2.9888026370994125,0.0005288137899362556
3.074422195652563,18.39564015770796,17.376253139332213,17.37081064694952,2.966389789915559,0.001025107329442585
2.701179288888812,16.093903691634736,15.585776044784502,17.250311179013817,2.9970676968855248,0.001368098908499719
2.9014469669460206,17.11630024416401,16.636902148880097,18.131522724163517,3.111299426315769,0.0014862863691915238
2.9149221313077054,16.956923925595728,17.74500214080871,15.887777872682848,3.1140549789228804,0.0013691358292819617
2.9825592157618077,17.611427941758166,17.502197969744422,17.145365767396964,2.9819785697113748,0.0010643152959000427
3.1135059962583163,16.18913883714339,16.313458149323985,17.806946061229155,3.038305700608725,0.0006610074515772547
3.1032838550088098,17.04423067149666,18.546525914312856,18.169258237554317,2.894031836477942,0.00026457910544295995
3.097868175642037,16.787754209322234,17.84104015768196,16.643985098717515,3.048124482087138,-3.0473287409886734e-05
3.211600655407044,18.051300670875477,16.152543490123538,16.937704322732667,3.213952365261197,-0.00016256799536619758
3.0504802068673262,17.3163659624447,17.202585769597576,16.882448302824947,2.945326667840514,-0.00011514602273507375
2.8503457724433403,16.846113863379994,16.808497045940868,16.750236547020712,3.0012090283354804,8.323497632181943e-05
2.9863729428957093,17.18628312593095,15.05288429459482,17.477678928957513,3.1257825445779006,0.00036979352831746165
3.196996332469745,15.251936051567442,16.63048601786714,16.653147122871857,2.920659312633519,0.0006657928898593207
3.151223586186231,15.574321185764163,17.266921714545802,15.382551530607543,2.975995394528527,0.0008970951636548171
2.9250362890096686,16.260287736948033,16.854769329319115,15.225486924113996,3.116719699512905,0.0010117996204609431
3.0770129790395577,15.9166251436022,15.783905906559701,16.40995421947615,3.111090710621774,0.0009909280593643941
3.1917508701553174,16.62539624925989,15.909717821890972,15.129205283998404,3.019357099026912,0.000850164856889032
3.1780621637235535,15.597466539180818,16.14014513389656,16.513094503170056,3.0242482531987926,0.0006330102372385139
3.0130085842064815,15.776840644718261,15.349700371303872,15.80862896583112,2.8683605777976777,0.0003977634327600841
3.1741171530058834,15.150959396747023,15.919038677446762,15.241106354175896,2.9499148043029506,0.00020204256579656237
3.1105075555193675,16.311724124698017,16.391424453304072,14.887006009650621,2.8542548826848453,8.882345772123505e-05
3.1881668761733826,15.693156631424984,15.886594664024912,15.864684285801555,2.9415654590590496,7.726185825032903e-05
2.938081667713445,14.74181837918942,16.024964993428213,15.33110583927812,3.022893955486086,0.00016011424241884955
2.9712382852388872,16.24750620194149,15.315233871257227,16.71242674081197,2.844317003602494,0.00030780797910795953
2.9632294618992483,15.590617090521366,15.881055215429289,15.961060574638568,3.1951606244585133,0.0004775891985830686
2.9428568249072344,14.912562975806742,15.156923824960778,15.082029624462164,3.32042217211032,0.0006250784832180366
2.9742666017040844,16.32775168425883,15.321438511572792,15.113574496963354,3.0736790527913986,0.0007152119795969679
3.2529270050884316,15.385932891926286,14.893126535649376,15.883912471580736,2.9980748045097623,0.0007299592821896951
3.0662133412887878,15.806317724777292,15.26394981270691,15.387672014908064,2.917712882596731,0.00067122180111817
3.10466829731059,15.354488483126548,13.991525158817911,15.15950815669794,3.0563103670051923,0.0005586276311519585
3.23368446828455,14.834107504011918,15.769269230767197,15.205590731173677,3.0167940437796887,0.00042320563044074763
3.1682598093006598,14.358166511689472,15.393201340983877,15.63477148868742,3.241972553675208,0.00029883825458525723
2.934077834200116,14.054942545345499,14.36152923647057,14.762310386086545,3.0223904843668086,0.00021376715349280854
2.904387810962724,14.290412625069738,14.240529503632771,15.163770140130845,2.9781517801610446,0.00018421391787081892
3.1332972280891203,14.756026385972575,13.874824981059094,15.31465185805054,3.0351280598808072,0.0002114833872835939
3.098075127302589,13.820807591904602,14.97113405363935,14.752135001712194,3.086157475201235,0.0002829499639556661
3.11919720994304,13.688517276714471,14.151127892132529,14.536641108267878,2.9541705893782155,0.00037634749545393696
2.8532513737934506,13.10717622062332,13.588695344091791,13.381358421692976,2.8041038650114802,0.00046603006048756573
3.056603090513149,13.21121626153076,14.642146773082112,13.712192394488836,3.174392946496144,0.0005295078940231012
2.9704487580194803,14.338880171124416,13.993852985817032,13.75657828447457,2.98262075754685,0.0005526439701479485
3.0023083549036618,14.41689267040838,13.681248454985795,14.721860073246106,2.764452871677308,0.0005323638021920498
3.0500773986855,14.306136585299637,14.469784796925959,13.648216942455647,2.9889934354252228,0.00047643644684953676
3.29793000051642,13.682013135087919,13.741484290637768,13.86424027415152,3.0193140114857107,0.00040063602152402324
3.214679253506088,13.944399816693023,14.988294649763535,12.963837957010963,2.9792977712506468,0.0003242034229670924
2.859982651472211,12.988536447042318,13.505611805278619,13.454910644356275,2.9866993020035024,0.0002648611638717326
3.029543802745402,13.494159714209811,13.680112821117199,14.028238857978359,2.9643583764799355,0.0002346334650259008
2.8437058654336163,13.021107300763596,12.839630383532501,13.814713386396676,3.2332985831707295,0.0002374183358963641
2.9794097256792647,13.553991419635583,13.775995221948591,13.712250154128627,3.073381852891866,0.0002687492965298103
3.1528753811501966,12.477235388246811,12.541138206900376,13.030301925181588,2.9327070022895074,0.0003176133164733132
2.8034688331205073,12.420099781513784,12.362716071696573,12.100172464454145,2.9877759029854443,0.00036970285549243445
3.0372079038983606,12.479791833450331,12.79984509795974,13.482640922764347,3.0834295846414617,0.00041118530509535415
3.021550784689856,13.122708916527966,12.633664375526902,12.361268115183352,3.021995403361827,0.000432027358510267
3.011908937576494,13.204560453583749,12.341690723973441,12.47271783437318,2.836443924496138,0.0004281042744527251
3.120990754970923,12.980433200453671,12.863941886364495,12.033465480591502,3.1236360086861645,0.00040168699105718245
3.0145015258536083,12.45145449318643,11.06742006395894,12.937979169060938,2.8645047494844853,0.000360330356856189
2.869628498527274,12.590517134700516,12.111752080251872,12.680290767647936,3.3532505174548093,0.00031457277850560476
3.084820073897711,12.079765030892275,12.117097159985057,12.078566551789288,3.0124889061760474,0.0002751109446474993
3.050540314951469,12.338401876932794,12.228899407562405,12.125301981109425,3.0215143674268887,0.0002501830049356017
2.9991768333904028,11.915220693657727,11.424476944708404,10.73116086451603,3.1067715496960058,0.00024377875088921685
3.117057395560077,11.03413646102026,11.424954267809838,12.103786208123744,2.843919558064094,0.0002550400346490581
2.9954067733246186,12.46952424602875,11.574647540813654,11.880233597152111,3.012715208562942,0.00027889328229924556
3.064116365921968,12.004264647832983,12.040681239911759,12.291620972802827,2.6986172983114916,0.0003076524846121542
3.311751745210643,11.363500226627753,12.024400207929224,11.397661602667172,3.0412046533446975,0.0003331177651970821
4.1560508287215745,10.789011352727039,10.61836001202018,11.396012317500757,3.161248958772363,0.00034861554713297357
4.658246375389908,11.418247045843847,11.709485700887008,10.92736124443927,3.1961020492164485,0.0003504889754703836
5.777493492725222,11.226977404010327,11.488711512377087,11.47519959362524,3.094251823029647,0.000338723977371417
6.826286718135446,11.679392114118633,11.831512714722217,11.105113425178397,2.9298588159940047,0.00031663417361964757
7.6826969389048285,10.282947647899709,11.479333809402409,10.934529648682703,3.0790681559697917,0.000289763584933725
8.795401946178227,10.805497329558978,10.785529072563934,10.883475279305685,2.8585425116762337,0.00026434252015492964
9.419288555646657,11.199670821100565,10.998397053147926,11.465805820794845,3.0961569084510607,0.00024571144423103945
10.451949479486455,10.841620921327296,10.244023551375767,10.723977632134202,3.118595776155616,0.00023709915526645646
11.758388344725123,10.764920985794049,10.692063670512503,10.787843041483049,2.974142325193745,0.00023902161336487854
11.496026376781131,10.571628775553242,10.959382946219868,10.644564599973185,2.754768848845091,0.00024939345420366544
12.927683826323058,10.717545762120512,10.849172736800105,10.515496439368906,2.884180179672881,0.0002642627531334442
13.514205050160584,10.7270953330433,10.118015618914368,10.505362619310286,2.8664309132656056,0.0002789357632136067
15.196066380181332,10.37935666846689,9.488830312214114,10.35264216537859,2.8463018405219,0.00028918384851087244
16.011206947289097,9.10609912641486,9.717457151220353,10.466818282687841,2.992094663843292,0.0002922317357878821
16.714231970079087,9.728550675973212,10.419803222249454,10.253215214055619,2.962824421939691,0.000287305723216145
18.346659281077223,10.147335889357908,9.830269170465744,9.634475941556545,2.946982544676775,0.00027564691282624227
16.82239948206645,10.133110568808458,9.336213042616519,10.038697574138025,2.9345059756015077,0.00026003301119046973
18.282462624832416,10.284216783213596,9.320400875240896,9.47563281825549,2.890192034642614,0.00024396802048816738
19.954030042868244,9.546176353652601,9.585306734558307,9.915992648091791,3.338861205082518,0.0002307660284952658
21.643850610958886,9.54443922963039,9.66788525948982,9.025876264600173,2.9842500505459313,0.00022276130256136163
21.513576706474616,9.330022586178888,9.543815536364592,9.165308049723382,2.9675822197426878,0.00022082585978022137
23.572462896309315,9.138997329913405,9.577501791419564,9.471425795245427,2.863692689945233,0.00022428502823581382
23.547150437697937,9.17522703033557,9.604189823130584,9.129178386412061,2.7701068271552862,0.00023121675610215443
25.459338545715237,9.112066522173848,9.029148445239258,8.753955659502262,2.724280470698624,0.00023902829090506188
26.53838526690239,9.0587492461672,9.32417128750055,9.209378364001196,3.1205035159564423,0.00024514565523328375
26.99796488804058,9.275475822746929,9.095334053384933,8.817123786192843,2.9231617948003144,0.00024763828424330864
26.875752483471512,9.574912091814223,9.386395717012572,9.02270815618186,2.922506384873745,-0.20969649790986217
26.578529943957804,8.936685395525213,9.057556498673454,8.723773816497417,2.986069137638814,-0.6209973390894524
24.02795827547106,8.953437402941594,9.125968248278062,9.207320572247482,2.970015111887018,-1.0900238859740385
22.250054029224362,8.522246687458361,9.206871136413342,8.744119842823684,2.861848080172466,-1.4888338161856436
19.570575221168514,8.553692435824768,8.810126271164112,8.445366464758663,3.193053961326827,-1.5
17.246434161700407,8.800103929765934,8.277533039006741,8.025563940260449,3.354197501788669,-1.5
15.32997443439388,8.558438912552766,8.631171664191895,8.477024412250598,3.3762744855635822,-1.5
12.847022024612361,8.758890128753439,8.175539872645365,7.793621178949431,3.5332340809227882,-1.5
11.928781487068486,8.724889137580385,8.009080535604756,7.880290064436685,3.51512180956132,-1.3374321187821931
11.315482750327362,8.822444579479608,7.534164376125867,7.3380476311428815,3.8591346187137314,-0.9653814769793267
10.800008024791818,8.90485545577408,7.738544793553097,7.602962779970901,3.810017206493218,-0.6186924355431032
10.946351117129359,8.420606814482614,7.9081714491095285,6.937337655243933,3.7933551023791683,-0.3825554619502689
10.940864240162941,8.969883644231247,7.88513318519118,7.42237131664814,3.8972050564539544,-0.3058675042653102
10.415004856130304,8.453047618315598,8.020458647952472,7.668249392069853,4.0407087977516625,-0.3937450802918952
10.308109454574701,8.88545326479318,8.046048438859959,6.965388259696222,4.106190621757233,-0.6105082923378155
11.08855505868884,8.764674645859817,7.491462969861244,6.8941396879394485,4.129824178691934,-0.8920890244545243
9.722771204532458,7.73091776142387,7.517213430821858,6.926081338677076,4.29205882368785,-1.1641992455681158
9.30420813619874,8.035323625694792,7.706553928741029,6.788349207645179,4.107957851487715,-1.3613638928125702
9.191966887489812,8.430830738106446,7.17832400627517,6.6956758665644776,4.3404081872863225,-1.4421064848099527
8.522119578134651,8.223133699334085,7.5171346175239435,6.232129905738456,4.511514430714438,-1.3969370407261459
8.844623602732366,8.379157999904491,7.015630969248276,6.0843591169097575,4.628109377223915,-1.2478504472922587
8.26853935722844,8.147545124413542,7.846544784285573,5.849097106304445,5.03133942801533,-1.0402167422745898
7.412759567857067,8.07886458040058,7.856757801086862,6.159653203496477,4.958499817314964,-0.8297011787405382
8.229874930980635,8.332225855721331,7.640234911928625,5.76181072133428,5.014801951254016,-0.6678187986482024
7.765961228813281,8.482585368848909,7.115616755728407,5.70904228233393,5.158220835814331,-0.5897488866545071
7.704637614977548,7.97790573619868,7.084328399126428,6.043364827235557,5.241578101808549,-0.607181033713615
8.007525019748464,8.013867814708243,6.823174752179679,5.697666082341818,4.931961225030947,-0.7075075304818764
7.803535684306772,8.45383820414427,7.125314749418585,5.790081348568516,5.698517848070024,-0.8590152015241854
7.825105007144253,8.496260764557052,6.643965121434247,5.749283484889973,5.381869356778847,-1.020288513305085
6.992527673749165,8.43390860571802,7.1432061662403274,5.4007989234262,6.121774739691497,-1.1511568053301018
6.9001367916494765,7.910133968635976,7.287327476649429,5.684470188477445,6.0621329929337415,-1.2223749397397476
7.008811298297394,8.814167956515373,6.892413797260337,5.471787041621367,6.086312698172832,-1.2217882873971877
6.871867653264795,8.251971312935789,7.541923543768575,5.1096949154293,6.416267514627513,-1.15579337125729
6.838777133124548,8.671511765381924,6.411314981565766,5.611633995128607,6.5038708612865515,-1.0461561754265605
6.6731469858178025,8.650812577299835,6.9035831957089036,5.145732840939399,6.85571652632053,-0.9233703131901394
7.0185301408139535,8.595815902464661,7.1832227020466615,4.931515311705766,6.628274414056539,-0.8184712459656839
6.466137017295762,8.862412490488403,6.570051945410023,4.98777757176746,6.678569165911068,-0.7554304411271862
6.010576714047855,9.468678075121577,6.920427798773301,4.977806153991454,6.229452316674627,-0.7459301716567999
6.417878808213322,9.293229659770622,6.960432434258311,4.4752063004365,6.0592089843620665,-0.7875867671977772
5.65044023380003,8.467221220875185,6.7460731237274025,4.924446558370901,6.2029959911720045,-0.8657579696504689
5.95711200028891,9.021467789971082,6.971673176143362,4.492893261220793,5.571983876494202,-0.9581825479839308
5.602716182809051,8.58378390796644,7.078142472665919,4.499684685654317,5.520554693371387,-1.0410725354468147
6.13410403779091,9.606881850920374,7.286079375844448,4.459921375195132,5.15243967152164,-1.0950438289792102
6.0038693085582615,9.499752721136916,6.754500640325685,4.57562206529951,5.037800697351762,-1.1094530148273023
6.040256574299135,9.596781573094969,7.150698808261574,4.371201359675725,4.650397646084997,-1.0842243720842824
5.871736854009338,10.06567682656245,7.656628663913108,5.0193205075627265,4.465391071404918,-1.0289436031403378
5.553167513770217,9.451475788295292,7.507155512090755,4.295019282439339,4.810421339216208,-0.959679077904354
5.458470300018808,9.479592309081118,7.533558059415423,4.971703253347332,4.429279528540979,-0.8945027178245125
5.594765664860835,9.996401014604153,7.240630693720036,4.182452811564711,4.5037720519284745,-0.8489135394796248
5.430666729679503,10.169381043962632,6.929459661190685,4.326450234197769,3.798323374550522,-0.832286236428473
4.891973244242768,10.009664040730637,7.8097309681336,4.2915355609847365,3.935805827867175,-0.8461209320559603
5.294024838354921,10.986119074146488,7.471198853272121,4.318209984207099,3.621336466862313,-0.884364495657862
5.213986947818563,11.189003904945109,7.884897610912991,4.178562888151233,4.123706450621301,-0.9355450816715827
5.53764788713775,10.690928729500508,7.817055989480619,4.453058193764023,3.9470290200683515,-0.9860412329328399
4.889857105879253,10.52806199576768,7.1724606924245995,4.531495155190835,3.4684724186281017,-1.023589025914751
5.113408938696787,11.332224539038052,7.466983573347586,4.376412807108707,3.561991160326,-1.040151305173261
4.863364737065543,11.253132796765732,7.647888148470253,4.534858616429925,3.4851251024168888,-1.0335058362497271
5.016754900444175,11.850697759060113,8.261302961844136,4.534290242788941,3.2948571975269756,-1.0072780969514685
5.003627281887989,12.176596977379527,7.6988991519046195,4.69781697630858,3.593116778717365,-0.9695471733810683
4.689546812378926,11.218896494517669,8.298108679688635,4.338954664143484,3.0992938741317753,-0.930488997206916
4.630235956584473,12.835631640120923,8.765359712114892,4.629425347735174,2.9957022713017483,-0.8997146410399064
4.516870558345733,12.492495506236626,8.549244674118768,4.399743684444673,3.088066077365806,-0.8839782784541553
4.418388883307615,13.417045964181053,9.347353951220233,4.703442333020614,2.918120432865588,-0.8857808895948833
4.387440669594911,13.179128921050472,8.983139412849116,4.563628205061907,2.9147732311914982,-0.9031320202994264
4.447826866642288,14.959004289871025,9.532547101354844,4.7385498392705285,2.771132971234281,-0.930426870884957
4.303469832767135,14.303113110930283,9.23072840074076,4.676725007954386,2.7628567067819136,-0.9601276751685444
4.032427838350824,14.415541824023464,9.971208788309278,4.72404451712038,2.724170444053612,-0.9847692324790909
4.496760796894823,15.333013661841482,10.115596856947846,4.590077903596755,2.8167881747118004,-0.9987713858493734
4.55669518092686,16.37989356625372,9.926377874078716,5.093572770076199,2.7542621952480175,-0.999633680792386
4.13399456712662,16.868099189965328,10.597114031807775,5.058556301767875,2.710218471699815,-0.9882753071338571
4.128875994583402,17.433081562642226,10.833187324052048,4.929437969278626,2.7264054459796045,-0.968512391782801
4.258871224443167,18.017442020403713,11.366628932826243,5.6246846799271735,2.4230152416918798,-0.9458753967915345
4.090349191767721,16.34545672463143,12.597988427271636,5.418058362841331,2.561527123294498,-0.926112235151859
3.968430744892407,18.172146263715504,12.545619438327256,5.50257264168296,2.1950516227490726,-0.9137690456911476
3.9328886161103163,18.797075136439144,12.086335901020199,5.503221239647093,2.540255040040846,-0.911187532749073
3.740978194089428,19.362040745143837,13.757784631422824,6.337634311568698,2.596164046324363,-0.9181268470940367
3.8891869046780436,20.45910568525101,14.416711641116988,6.4807406322012096,2.2314426183906306,-0.9320477215716955
3.7839907948136133,22.0139694117704,12.933142607120216,6.394856742905968,2.5133865714441552,-0.9489318640010349
3.9547518859370765,23.374453302295837,14.5383175353797,6.60620776520344,2.330225462274462,-0.9643901820444214
3.733733457561024,24.20661787472088,14.783372317222549,7.420886340648252,2.573061024086886,-0.9747645208464322
3.6018743776413134,24.042090117087195,15.77625351005281,7.384151285920201,2.5185024342834725,-0.9779550174212565
3.4387564090372567,26.20460753292715,16.32770622899211,7.621909250705988,2.5314346679196733,-0.973795508203166
3.5465198776913387,27.4394902269662,17.606150783951186,8.320543229407118,2.6083572448937824,-0.963925081116981
3.3551708137628657,29.973676561475806,19.779488358467965,9.385299107352154,2.6802480292099435,-0.951231113581678
3.4223764741632583,33.58440119193082,22.336992630329586,9.802904955929266,2.568921001900022,-0.9390368852037051
3.3825255553190274,30.305914492102186,22.325178632839076,10.602013951213618,2.5494064703842945,-0.9302539274013866
3.3283669291885736,37.13541608447977,22.443199607376943,11.265216742612234,2.4939861562225603,-0.9267086569618487
3.355330358546027,40.920114732039885,25.61058593915053,11.11203413425222,2.591234211183777,-0.9287921329002113
3.131446761196557,42.89580992166693,29.083868308745043,12.998582599518214,2.852538947633993,-0.9354900903682131
3.180313587781868,46.09689708531491,28.773253628379962,14.543975573059729,2.6546311335011454,-0.9447527586603466
3.0802166154014503,50.73658343902705,32.264962540380225,16.724478140923104,2.9440715341617345,-0.9540846894644058
3.176233243866919,46.36455394254359,37.28179497175083,17.100179387037137,2.762337389817929,-0.9611916547189584
3.418617051599557,37.32396848968625,40.6800986981123,20.644466766042402,2.9534610725590786,-0.964522004990469
2.9247114465339505,30.471767595491485,48.383339455726315,23.92196460761342,2.841289345411522,-0.9635798191310223
2.8900150701158425,26.68858962229533,51.96370637808926,26.873555881799852,2.8889277737231804,-0.9589535067856899
2.9834988652528707,22.643143409658727,43.47281116890758,31.905868055260495,2.713477398571509,-0.6851978853219947
2.9513980107193083,20.07949266001518,40.76046470497612,38.15913351364109,2.9884531764014977,-0.2399015511996117
3.0414267809891404,19.446390313711266,39.0916991549589,41.937065132312775,3.036277688632521,0.23423162203162817
3.02912589637192,21.454440991061322,41.07158616002878,36.16170019495584,2.9455806455635427,0.6128818394606879
2.9589286442133313,23.006714996848455,44.91316791856466,33.475549873997664,3.0746074601526328,0.8101651202243273
2.966701876437893,25.70544326037471,50.388531425491976,27.04360793271531,3.071558327284303,0.7932853298504998
3.066334459063716,29.703653829681794,50.777687026324166,25.191952125958288,3.0441133595774286,0.584904889833072
3.249919242893434,30.164484312820132,48.37742149407873,22.049761471145857,2.9342542576067903,0.25245888377887205
3.2377564772176592,31.627953444889187,42.080997268932435,21.81563740134939,2.8361454018910455,-0.11227554953258738
3.0641500143495715,34.34154234501214,48.37379676494315,22.184938914905892,2.8764466091114143,-0.41767600459962584
3.111373119661938,29.96020980792325,47.29350916276799,24.34725011860568,2.9153902626783648,-0.5945682974709919
3.067267832598416,28.297129796280043,53.792597422214094,25.93490205318032,2.8887230749463524,-0.6110997677771485
2.979493442414479,25.75947741390407,46.3858396650455,30.316886140217655,2.9687019782995407,-0.47722815106424876
3.1503324156668664,24.42877198048908,46.3181670583203,31.325500669722334,3.207501126149155,-0.23864387300375556
2.9376037752707327,22.448269673859667,43.424648534349515,30.7021520114762,3.0269355303808942,0.03747178704725139
3.04608816452221,23.211655081372438,45.49281941244171,32.167628605887415,3.278553524024227,0.28067374202933426
2.908428705327139,24.06427571728614,49.082619881250885,34.84066261770346,3.2942996773800783,0.43468097826169816
3.0702030820840287,24.864063954219265,49.34572575456956,29.243970361615755,2.964701706790995,0.4698337516001394
2.8678657092078823,25.52621805742573,56.39038349559737,26.76592330845809,2.874734458580007,0.38798376734262663
2.8956404035116607,27.567417597529023,46.02858064672171,23.53782939319567,3.1045470776234643,0.2192893740306755
3.048096436286402,27.917903976462068,45.5414483711769,22.723585083643655,3.2235558744414723,0.01240302224780128
2.999801786050045,30.437439741325637,45.3678174534301,24.554787545284682,2.8370810300046716,-0.17898404808240795
3.1141029402503038,29.47790641708319,48.528986119682166,23.79827046438266,2.9946326354601926,-0.3096472111557162
3.0585038533981654,26.677889477950902,52.066903963879255,25.959558527409833,2.94494390963874,-0.35309296153506026
3.040752343434246,27.705614636527894,50.2548346292196,27.852887254497098,3.0808500752485366,-0.3063681478297187
2.744638783237726,25.696149570338047,49.44692483176715,29.468193589099375,3.0128123192657323,-0.18872069936016467
3.0663549314776226,23.50989140500707,46.21800269701405,32.39805704372225,3.137029952386983,-0.03497513549995943
3.0953207627113346,22.96093797165376,46.810870025746674,29.972422432302317,2.8801126168625815,0.11430329710657455
3.153250347462195,25.145785332560344,49.08034209179741,32.37720729409549,2.9565444632475453,0.22318164729310183
2.8367145032552137,24.25190688862653,53.488170169418915,27.44080072128251,2.9004959653793088,0.2686982082124512
3.066100704989089,26.66154351521374,53.27944385921539,30.11823529217624,2.88224049620376,0.24531605982606808
3.0543223597442375,27.36606512013287,52.47558599466655,24.784265597053484,2.7927297312911104,0.16474726777392207
3.099654284639278,26.922051831337264,52.059137368962226,24.81054003794641,2.919307970321959,0.05159520551405264
3.137302749686861,27.183148964858507,49.45392281674236,24.839514651022853,2.9527232570846396,-0.06375914623974507
3.1128064767885744,27.06709032390948,53.87795482052487,26.0208425323773,3.0407138491763095,-0.15305501090312484
2.740835991379536,25.85450494210029,52.6406451921451,26.030645679456768,3.060929462791607,-0.19684332473439625
3.2330026023824137,24.915142540673685,50.842688215044014,27.073953881808105,3.151575553096408,-0.1884490863897621
3.0606239953706087,26.122883101617447,54.238786138590854,26.911759510662666,3.073511329221483,-0.13447895657216408
2.983799107333639,25.82808174749714,47.7607833093373,26.576861386495004,2.834003130283834,-0.05205258571831366
2.916200083862356,25.31306174350324,49.02928627172294,29.341482320825637,2.922815344547645,0.036282244895541535
2.900139144265027,24.599040803822945,50.17349969032085,30.151374058004404,3.0092956506983497,0.10851086702139434
2.7688734887443203,25.770790993238798,48.48292027206104,29.37451073806703,3.0220671087512927,0.14846212619428917
3.0364274877663626,23.90966714750852,53.823050525646245,27.445283313529767,2.8915600354546367,0.14923261036799715
3.1555069909483295,25.911028643459666,55.90904251527685,26.414379253928473,3.1425427522375458,0.11405637078526892
3.1658279880628477,27.438555060277032,52.36014749201083,26.370826032756995,2.946847076601324,0.05463181706467301
2.854246377147537,26.770719094638835,50.238348043746555,26.617890515135247,2.70416205654135,-0.012464818176514226
3.111424427638585,27.015695432248243,50.24691624907934,27.496061226223034,3.034666786628982,-0.07023946166222668
3.0461574357341177,26.22548283090618,54.14044881246404,26.01237628491501,3.0099737200872987,-0.10545199647503012
2.8673428524637674,26.830667058422545,55.12212052079893,26.924384487180774,3.1055576826106783,-0.11150990786926224
2.9975724662696934,27.508244747136867,52.943763770005525,27.408146395067543,3.2097793310634906,-0.08949137857955802
2.9401806827865675,26.480905622376742,49.74126148512482,27.73548906009652,2.7600093410917323,-0.047212391802473795
3.061244383485572,25.214837807932422,51.27153389250918,27.27891079374446,3.0741155071654918,0.0032641724064010336
2.5396097815853125,24.83505001038482,47.792874136969345,25.44175847694067,3.1444609223677054,0.04893512846196226
2.884837313844322,24.17059685279174,51.23213066034086,26.71799898162534,3.14492761250013,0.07910334097017233
3.04126268699012,24.717176219499542,54.8737645141652,27.8860553158031,3.134672270405778,0.08777914911443467
2.881358921087054,26.284897544130754,51.19116263205155,26.42193383468263,2.9844347679139136,0.0747263684045436
2.9085180022488153,27.29678147510521,55.414816933952196,28.021411172398565,3.133030878997996,0.04501682824190084
3.0012667542026326,26.240716738543753,54.08968018121946,28.558916180523408,2.7360391998786366,0.00733221786203086
2.9806553566956775,27.18317209678992,56.37756133705072,26.330169653976885,2.9894335889415182,-0.028464036374600078
2.8409760837208102,26.378907953367342,54.45201523054883,29.48982882565048,3.1161901413653994,-0.05383020238395327
3.088696496368503,26.601856377893466,56.46342181530337,26.109489116755945,3.156575213332678,-0.06350922164653647
2.887429110633475,25.427634830973588,51.69968897424099,26.516489972784008,3.0483216993309625,-0.056520814489758285
2.973783072844304,26.167869746913635,52.22853282030695,27.362212286829354,2.9763876336406936,-0.03602616440122974
2.978920230533221,26.248710922387474,47.31881398918141,29.02564989192494,2.7555759002952245,-0.008196660929764909
3.032482848217285,26.580911024071224,51.5436374741314,27.829187473941122,2.9786849745577384,0.0195509633029132
3.010566069768398,26.82407166456808,52.98555483397031,27.510595786006242,3.1852108669649106,0.04046825834607658
3.2694863264962235,27.282735054868006,51.36043186981161,28.372622588604614,2.9979132022539887,0.05005878493795284
2.865607228539967,26.01809178944781,52.350925175545946,26.025688367779395,3.1150452573116403,0.0469754039821659
2.9704302178755038,27.89388826030639,52.26879354097458,27.53878490621682,3.14241726248384,0.033072790162399245
3.052970707510297,25.208862770040678,52.89176950756435,30.157943463103308,2.8868593627678965,0.012676237398553246
2.79181515546111,27.62494289840278,51.228746780757525,29.29267957950708,3.1320153142254,-0.008686810611353632
3.081343047282528,25.57524675075524,53.57504250005884,25.79169483552336,3.088384381515582,-0.025736874664205066
2.9507482464902823,27.401340034439585,52.38727870630924,27.712692027390712,3.1527327404299847,-0.03470545481495882
3.2416093649711883,26.218304603261736,53.67149568596976,26.34003933925976,2.7743187049498976,-0.034119962884146475
3.0390920492613636,27.515460606477173,52.01562394515964,25.75841938808351,2.9458088073151614,-0.024961361106403047
3.0586467873417895,27.17922398184158,54.14876248112188,26.27139658907529,3.140290247837456,-0.010210982104061805
3.2191563970126076,27.05246803238884,51.782059762323335,26.668404887601163,3.0953970634588828,0.006049800212239672
3.056866012788104,26.200021580446133,53.27392411906586,27.94298365717744,2.94940444885673,0.0197288782769124
2.878497524532516,25.976609676030346,49.61006353432602,28.177313109112664,3.066044849626928,0.027720108796457
3.0107352419126614,25.729812747709033,50.38100844819549,27.237132698688082,3.0798988623040917,0.028572963250079922
3.037550894945352,25.83186091778627,57.50434971834114,28.826583470418196,2.9540079715584384,0.0227007694630018
2.807415514558842,26.287493545245425,51.20701370096113,25.771660977279993,3.0568415989664013,0.012117205535900129
3.076354315826559,27.057251521866164,54.9150725379023,27.24566015752305,3.030038075307243,-0.000193595652560261
2.8451956657834083,27.10964986793982,52.23863447752399,27.180153145953955,2.740787192041266,-0.011088027151559404
3.0357478460916973,26.879454439783128,50.33206641897855,27.313950426075817,2.9456974777550924,-0.018041903147679117
2.8600202188562114,25.079836831574266,49.558387865962246,26.20747333881856,2.9181988108035837,-0.019710539653740495
2.932507714155048,27.138125427937567,50.04297926056035,25.454154025543087,2.852537257607761,-0.01615286004366439
3.112411321403157,25.522616102264596,52.238225852452025,27.40027582655286,2.8387643474947786,-0.008694361401817743
2.899881368660462,26.486551574638405,55.64556629513855,25.451088822802667,3.0791387157587318,0.0005061442316630759
3.317190581860041,26.242196609963646,52.506042328199726,28.05002131568712,3.146105318120389,0.009054691588316212
3.067221948074169,25.44809577037541,56.687560058373535,27.285708233129192,3.3255343691989347,0.01492525721643234
3.0204783323973365,26.19998966721127,52.34522910875224,27.93240145154877,3.083632423315145,0.016920601447617232
3.014011917597885,26.029147899226,54.880101836185254,28.03539575376511,3.0206447635078093,0.014891152594347208
2.7897802107948495,25.78977975405256,56.03235420941577,28.016500536948644,2.8861446653572305,0.009679821537975683
3.1914265403281386,25.67340604825209,55.436599824139655,27.735627998281835,2.8042141320038585,0.002830133020743743
2.9536921501993367,27.29290369993727,54.60531519789475,26.849272086650668,2.8785114509936323,-0.003850614494542373
2.9758348104204493,26.23936110954357,55.378991070891715,26.626937174659734,2.7806046964319235,-0.008754188621251687
3.186612928521967,25.210986416423623,53.51111795268358,28.350232557122638,3.0306029473016043,-0.010845363887177413
3.2463655593250733,24.29866927631415,52.28843683886992,28.466271140863157,3.0888329425556846,-0.009863741155762381
2.9902621546594403,25.907949231184023,51.6377260101731,27.01966745701081,3.221310803035156,-0.0063193814665661084
3.0215066315202876,25.90064365718655,52.072849285235684,28.19708249660939,2.9117853943980667,-0.0013013403404053532
3.0864435117349984,23.2331346633788,55.006617031667794,25.828707086631713,3.102050822160239,0.00383795161187212
2.9754736737973944,28.48796325311016,53.15784506809816,28.103036546497396,2.947376746222729,0.00783480716278184
2.9066371706608116,27.282885936889418,50.63707397894687,26.091808591636294,3.0208376579734955,0.009814026135631159
2.9355320622728853,26.16342055438002,55.44311325208657,27.901825529152724,2.8805796974135776,0.009467903978985833
3.1583797752150153,25.489187974502315,54.325011248518635,28.177298036602988,2.926680765614855,0.007081499926686978
2.8745785668545185,26.182772913686925,46.97604575200018,27.40472171551673,2.983827950769334,0.003411455232024063
3.054222610661373,26.205509824637222,54.43745757768169,28.851684819735556,3.011248206831624,-0.0005393487172532276
3.0411087539296005,25.644254571027847,52.417116195701524,28.46335427816382,2.9590351807728736,-0.0037873533752131017
3.074506522131233,27.989883500761795,51.69012336474773,28.53911587688687,3.0137279578902527,-0.005605970004281387
2.9715383575051115,26.89480270690988,53.6319262260162,26.537098931037374,2.8947598325071535,-0.005679922684448691
2.80324240287218,26.82573053033755,51.945683283662206,24.873986944738643,2.829377349542125,-0.004146012026441271
2.8546021497590988,28.089516752663595,54.040939823877025,25.35821059397164,3.020504843907831,-0.0015203087592745024
3.1337143593547663,27.050859066223783,51.08183196640626,27.33639879780315,3.1544424081861178,0.0014605786632979124
2.891265801506418,27.359318843525376,50.308759855367086,27.387699241579934,3.04706447071829,0.004038025848973199
3.0670701176332855,24.630576337865005,53.65545985784443,27.52265184158335,2.8180223742248547,0.005617917846337503
2.8786163819593495,25.53858374361622,51.65610973182047,28.120162869018753,2.9162457037852825,0.00590083832253778
3.041064904306688,27.046432873682726,51.93955649469155,25.735249751393052,2.929178839980376,0.004929167348862863
2.966076712866532,27.692134136964377,53.29779760245966,29.49292579435111,3.126602754698882,0.003046890577914603
2.9529400273930677,28.186125100260195,51.982518497508096,26.992696059900123,3.082318474675109,0.0007895300039433869
3.0698418509502203,25.485911332895,51.12089363021155,26.59236739283855,2.88516739311685,-0.00126291143207276
3.0030150001251794,27.525490372019526,57.67325922561218,26.05157331566644,2.941508973307177,-0.002630974303687205
3.149149392369715,25.525282828094003,54.720740737542876,27.642726037712986,2.8772162299708253,-0.003043623997461278
2.9021500099405433,27.58797714969466,55.46877629472563,26.780404129855576,2.9950277180399745,-0.002485984226844174
3.1679709147494184,27.010776889186612,51.033746569683274,28.31677976088144,3.0634553123979242,-0.0011805652372281607
3.0812340637143056,26.08147511790565,50.7739736937939,26.261501557492778,2.82829993868069,0.0004876319033291239
2.917804696009468,27.506926437697935,56.318547279459054,27.402625966669778,2.8610154420827016,0.00207900401322505
3.0903971869409363,27.0207759461095,47.63520204450859,27.1199593465221,3.093615918642479,0.00321109016156514
3.0139844898382413,26.388340024445796,51.31431860083409,26.40216812990755,3.0015198081510954,0.003646643150463224
2.90552569208595,26.892861858786897,52.86204944735985,29.15455222986279,2.9982746482541467,0.0033386664525430826
2.7662077400963803,25.183999844956556,50.2152606461698,26.081524916461913,2.8224620370565434,0.0024252193119944244
2.903508439331293,25.915735860720254,51.909274807257944,26.815662750200918,2.8414261707519586,0.001179645111208171
2.824386376718744,25.26901677930769,54.5263856688379,25.626139950382676,3.0632136160839174,-6.776908264623764e-05
3.131344474630806,27.00867299448072,55.88654461364783,26.272218380350097,2.91327334826871,-0.0010151413606346638
2.94392392710139,27.713911200130628,50.946726851038314,25.796879501204465,3.0213372967806467,-0.0014599710706917777
3.016885355468618,26.378021094153155,56.46340771798949,28.078893824378934,2.931232528389504,-0.001339727473071974
3.1629911584486776,26.938460896920144,53.226021537201774,27.34968116830837,3.116815844565734,-0.0007348305495741697
2.8503288331652445,26.57178448793873,57.42816913899587,27.541190262330115,2.9772297992622567,0.00016341390226592837
2.9699812438453224,27.06489401207941,51.947957410498695,27.12685290712827,3.1233538110262673,0.001109058819781516
3.0033317622391187,28.274099283170507,50.66576383698993,28.104486242439393,2.661766367046025,0.00186614005861907
2.938588525056624,24.49177742600284,50.29016782305432,27.063569721657096,2.9496000883153117,0.0022652222758579917
3.0363056924070895,25.899069713402884,54.03199641977105,26.574272836221574,3.115893628901469,0.002238812989773735
3.023557818796254,25.768416436376004,50.98599846452271,27.003823951952757,2.996694110903828,0.0018288745064837385
2.9876974359715684,26.04717300451958,54.880959470339995,27.96549208004424,3.1247060817849848,0.001167044837764901
3.1514506908146633,26.579213209832755,54.680852866574355,26.777158184870437,2.911462441877993,0.00043476621633775647
2.976499609188433,25.087282528460477,50.48784089613354,26.527228836757136,2.8950650237230597,-0.0001852202315082429
2.8655447746216183,26.553244277728005,55.80547617077193,28.735469370803784,3.1731491535845424,-0.0005534558113418963
3.1235704699936657,26.94765284736647,51.616397260816,27.087378318107085,2.856123668979942,-0.0006039163271905723
3.069075925952296,25.47277241364857,56.11151979920307,26.949304609067088,3.076344536104371,-0.00035365911575605
2.8973841934278353,25.32645486638684,50.60559035521134,25.406639122843977,2.9069328865266764,0.00010858999254252092
2.8544833844464996,24.717083478814832,54.37146354049919,26.73068083114108,2.9963301774794537,0.0006502916188828141
3.1696190562116837,24.43669230662028,51.497535810878205,28.838847373583345,3.0275962219444406,0.0011311742975964466
2.9077157693028606,27.01343333897843,50.737865460661325,27.21204727627671,2.9826082083572607,0.0014380433958205278
3.010957125130052,27.19335094765466,58.52399681145989,28.230544213593348,2.924063436622104,0.0015099584447890234
2.957525341444302,25.862424149127108,55.84646575671309,26.64812547550622,2.9003167834123245,0.0013484942563945688
3.1250707167867526,26.224485763207056,52.74991822852827,28.51400166612037,3.09032372088651,0.0010118928130919413
3.0792216076592065,26.698367533375286,55.15528842436058,27.113896359032758,3.1110545803532776,0.000595937171226596
3.03176318652627,26.23537474571129,49.51019769431528,27.269791020270407,2.9588151617503087,0.0002073621456702529
2.7862292626482925,28.141509891477792,54.00242587568877,24.96573543479264,2.947908574333104,-6.30756758221131e-05
3.0358559001909162,24.3836002144059,52.624368738770876,27.456022862166126,3.0850843789480416,-0.00016128575677680406
2.80894995835029,26.089698053761364,51.262575131211705,27.754845859273598,3.0629266846117313,-7.98008258732119e-05
2.9865687781278725,26.922305717987648,51.207459552322064,25.03776321689886,3.005021718287888,0.0001444814642978328
3.003889213597131,25.216233435594255,50.191103833392404,26.411625503094214,2.915255872514479,0.0004431550793978054
2.9593418478384623,26.11476248542327,52.70518110947983,27.21374063621241,3.0507221147297114,0.0007357054418328767
3.1888168703528303,25.848853781449932,58.038729869369625,26.159844706587503,3.1778120834461956,0.0009501598957887706
2.9859788574424897,27.35132402204909,52.014680372278676,27.090792547253926,3.144791594456334,0.0010398544603005286
2.9478268774205976,27.206064627708006,55.01188589847845,26.858322691227695,3.1117836391515024,0.0009925763993602348
2.9952376122857522,27.587677119009424,56.54034462129767,23.97640734755814,3.073079982727977,0.0008305243497845562
3.198122602068174,26.63389693305797,54.685636939781645,29.200929694657347,3.065756488946495,0.0006018983884685703
2.9955417198180325,27.77155994408846,51.415074602530076,27.446075645188465,2.994236195661914,0.00036689814876251484
3.012936191749399,24.056949370772543,53.10682259889107,27.278179247966527,2.8377713829635294,0.00018202497402424988
2.920640091143333,25.4786548764829,51.329678613349955,26.446644730503206,2.776635906462711,8.66562220624802e-05
3.0794596368912384,26.302953269184535,51.741827703720624,27.287513637382105,2.9785953471533455,9.496006405264627e-05
3.1923443020162408,26.65568899724807,54.25319475444232,29.163889670139255,2.9725239650249655,0.00019465136723688053
3.113898066788911,28.089808992153145,55.732561865121866,26.42977838155085,3.242987390444241,0.00035229339126740015
3.070124763646129,26.73355328739075,51.89399836461607,28.498306795169707,3.0664212610911328,0.0005232830010964052
3.115610857907177,25.886240159780392,55.56711588041026,27.61157313837869,2.7623295927434484,0.0006636802216064831
2.9084762585639887,28.00298160097123,48.78782342205372,28.599257101615343,3.0062664157490517,0.0007408423480853881
3.029073488369734,28.543704025454915,51.42051273269965,25.450235005212946,2.8270779651713718,0.0007403794420457667
3.1458472410833416,24.663713668714742,51.586305213591274,28.902200847529617,3.1637425429836,0.0006680602511496552
2.9829059577583807,26.00175822340973,54.712559400524896,27.11996316485815,2.971179110245507,0.0005466461780290617
3.061023528501217,25.762875495106513,53.319573928755105,28.348408245468818,2.8975743811076273,0.00040886707246027415
2.9196971813417747,27.73361829118231,60.19168787154685,27.783965264403243,3.0853558526091787,0.0002885853536211617
2.75429902213533,25.72729588686792,50.84241840556443,27.568522553476022,3.0241822710652237,0.00021245692256451987
2.95692506917288,27.24324023742766,53.900386588061,27.50148326665156,3.27030505353171,0.00019407464219533123
2.983446240219649,25.72596495047142,53.47825246867443,26.98023372261997,2.8875561070054205,0.00023180247973477437
2.939661968838902,28.98843880379366,50.011147686347414,25.78266642879624,3.1147289881342823,0.00031050472540188913
3.0555732914034626,26.592473211140796,53.70581011627594,27.052962739938696,3.024793776797461,0.0004064090196298537
3.0890533363943184,25.835269884640688,50.401392790869785,26.053290608515226,2.9104048007358054,0.0004936458952989898
3.0176678332494005,25.380590676214595,53.02520394341843,26.566176129675462,2.809913351110635,0.0005507269740817059
2.9381443366524804,24.477132018794617,53.88395148332392,28.164710075044276,2.894021722786582,0.0005653907950086301
2.9581347575050985,28.67042762405455,50.614660410727026,24.48643591148347,2.9304871167612867,0.0005367798023969855
3.0927839669655004,25.927301201936732,60.42402498043521,27.39008054820407,3.034565919251298,0.0004746520464860729
3.089840161326681,28.068564477469284,53.2768736496923,27.614176561187094,2.9440924162960775,0.0003960786276405051
2.7383396855758573,27.66934484332223,54.815370738244944,28.024696884302088,3.061393497501633,0.0003206503008698644
3.0214323001956584,27.690381490116465,54.10512528692679,26.99572417150694,2.922802695500609,0.0002654899688070706
2.9012675339431127,28.49203883430646,52.3547128235813,26.387634835504503,3.070475970872234,0.00024130167529273511
2.826365931622724,25.884152248785117,52.53067593045785,27.10524200216904,2.8742525435193143,0.00025032691898580406
2.8835801675761688,27.19573747566533,54.506987494730005,25.266007454388134,2.7232826186816745,0.00028653886270246375
3.146565607663529,28.438995867763495,54.15742800312087,27.793151480309128,2.918438088603749,0.00033783155663002926
2.9400277285813856,26.100047284983287,55.19058818370725,26.612074754591788,2.984273666612954,0.0003894970628649071
2.968074551783269,27.639799302235883,49.65747620198722,28.584985903147867,3.0530679795664213,0.00042803178944847734
3.122471088725198,26.17528660112837,52.97693869325595,23.06479137018705,3.006896167461586,0.0004443170345024653
2.80643192663932,26.14519758690269,56.33673698224184,26.65063600615095,2.971153505735606,0.00043545450175492824
2.878543585299721,25.67110549846208,51.83818724322355,27.08537243853129,2.974289363647076,0.0004049277137440499
2.7271800242065676,27.66526627235818,55.21524111753338,26.34043469394105,3.0518507641676944,0.00036119638574618905
3.1178552627949903,26.929586450342214,56.660370158501394,28.71421587081452,3.07333691100836,0.00031520278256694386
3.0871060909926746,26.588087503560608,53.15592281008782,28.23371850906443,3.0601047971039517,0.00027749196222916813
3.0008894831737822,26.92172101780868,52.97064748169235,27.629663002131853,2.795104081287544,0.00025568040751464165
3.003292647407035,26.75343774634519,54.6813460963595,25.870404380734872,3.2562417361464093,0.0002528585669266421
2.8170032791465482,26.565170613100943,55.917632773034214,24.47423277248762,3.1035659180855113,0.0002672343870139213
2.9952352389539283,24.767983487229465,54.469067705916316,26.9513223157707,3.0793607261300187,0.0002929960981003496
2.819271384469153,28.3123341962608,55.754192973333936,27.392796311341932,3.156153649010818,0.0003220777248512714
2.962240225571401,24.53878687448499,51.57417944661885,26.784337359693467,3.151018170357164,0.00034631879772483316
2.9124455262023603,26.41720570612578,53.36097216771727,25.21262025306827,2.8193720384150263,0.00035945826856227095
3.0133969517958223,26.823694502731428,57.22548806095317,27.06639970700641,2.77897201825395,0.0003584919313880355
3.0457533333739573,27.297644284650765,52.775705150420585,26.73576693459917,3.059165913781553,0.00034411867692768397
3.007796498189318,26.1669201968824,53.12550964320315,26.408928410557373,3.0807574640898836,0.00032024663959964695
3.0877988358710864,27.203384910878295,54.63977715585812,28.420971456565418,2.915240005117744,0.0002927615886679751
2.9845597557603187,26.687250586557273,51.469535862832124,28.152807721289083,2.862857621829624,0.0002679217499634059
2.888352271202117,24.923336510209523,50.461499016265726,26.136971841066643,2.957676782943797,0.00025080231197509436
3.131439964739245,27.567287384757474,53.62070621439417,26.461783185825567,3.2799547647804714,0.00024416378138827536
3.2176741551791417,27.666543101510875,52.81494537505607,26.799285546914277,2.8778968153350095,0.0002479825090345683
2.9688991822115316,27.18724883408403,54.72435410952067,26.941367037041786,2.938179688689863,0.00025969974232021735
2.9488445189532295,26.437954407564693,51.12923601443231,28.181757592735345,2.899510271195167,0.00027506579123441085
3.0518359283359033,27.058307677341173,55.204904186479794,27.03995797370342,2.876723298591781,0.0002893218697312292
2.931984225002878,25.21545700442418,58.93315952225684,27.484686949519944,3.09634923891654,0.00029840250954203055
3.009908438914841,26.238336558604594,53.98304628037452,27.543108251916948,3.136791693626074,0.00029986415704401034
2.9840614778679715,25.77264801766906,52.51608704086695,27.14765665811094,3.0333241114836325,0.0002933379264209783
3.008609627226944,26.052214238143446,52.16090311645417,26.260797317489647,2.9679387041530303,0.00028043793385673546
3.0124297816368175,28.06907419959547,53.26943637027323,27.831620217503698,3.1111942165844324,0.00026419510847664444
2.996203680531499,26.883252625226348,59.02128939099644,27.260346268255482,2.854707973685608,0.00024819573438911326
2.8879674629725423,27.34387514556641,53.78395914543011,25.830961743641534,3.0325239583389596,0.00023566015983028145
3.0029348581461646,27.506841593036622,52.09745076738828,26.34639567533136,3.0832544806050977,0.0002286910859267173
2.86424857612067,26.885275260430305,59.86216982311577,25.553110024528117,3.0569315626991975,0.00022785953172340789
2.855573687662163,26.577810268959226,52.385914588710214,25.711864131584317,2.9774571547068973,0.0002321997070081642
2.962998337483163,27.358404603821597,54.47031872477573,27.06696744483348,3.1153667341408724,0.00023957829573469967
2.905156386873394,24.53010047724566,54.0457563494005,26.35979890927668,2.913245320459896,0.0002473155613376256
3.119085748974627,27.927680076035845,50.609784648544995,27.48962233673981,3.347325516792945,0.00025288512306611925
3.007067402796433,26.385533738184876,57.28293091521393,26.387496272691248,2.989821825308866,0.0002545152458141764
3.056753474896615,27.209411978790502,50.68307685433645,27.250773066374375,2.929809462719479,0.0002515539357063391
3.047096077759822,26.814040338595078,55.2219303866798,27.184235222848685,2.798914757932014,0.0002445296479206316
2.9747747618528715,26.914568274287653,50.31774882938523,25.307687752685474,3.118024059864133,0.0002349194420590713
3.2605134023752966,27.568973794475646,51.88609023340452,25.257554530136005,3.078908691097365,0.00022470657402329127
2.9501544384400202,27.366298521609746,56.383906194357195,26.9373879318172,2.888254115443147,0.000215853586028136
2.92477103230399,25.930111017464846,54.27584221192577,25.267919790276935,2.8050413831395287,0.0002098264967417206
2.824533217496351,27.29724675789647,51.50011854624705,28.116116479214202,3.1046415965646563,0.00020728140728854888
2.9196915913676302,28.45135697231462,56.6090611302788,26.971858847110084,2.879110542916669,0.00020797558574063007
2.9613311387327306,26.08444834001207,49.92390940224985,25.76507295245564,2.869092358118285,0.00021090504351739504
3.021187968597592,25.431118625861664,56.73731157017597,25.569307336809,3.094182691701543,0.00021461532824554864
2.771782696106686,26.570828928231887,52.44087501360878,25.145002732995888,2.860130069126191,0.00021759476324625265
3.0529571843656624,26.586422225489088,51.88782162970647,28.120420262330022,3.0344469977496176,0.00021864723808395287
2.9547304335422235,28.64486200291266,53.33551939517494,28.75239938341703,2.895030559134828,0.0002171556234041069
3.051467008440245,27.91847828337359,51.692067291654126,26.87433438957191,3.0426910700153464,0.00021318127244597095
2.8674447097341855,28.10861129331819,54.535262654031094,26.89175132165631,3.0065767058195823,0.00020738972607099731
3.0687428867669375,25.871581698369212,52.85494848090607,25.754635460790617,2.8175063793927735,0.0002008358919083228
3.0450179111719775,27.468027536658045,54.67840949579566,27.056645841255026,2.9109356427992226,0.00019467325451525032
3.1151852654003305,26.543879350126055,51.28159039805006,26.802327385766493,3.0149464621547706,0.00018986451912418652
3.193845949929309,28.138591929150166,53.606526409509804,25.759366481658176,2.877332925855377,0.00018696397266068518
3.0001975550307214,26.65082475458491,52.87917976238045,26.15866095288003,3.026117313747959,0.00018601825357904793
2.9082123384295873,27.33998598433905,53.8407863945125,28.537894630947296,3.165188281321073,0.0001865993259662553
3.126431514426845,25.88553416831954,50.63771813055951,27.007925276441068,3.028376485904181,0.0001879500768992157
2.95472213570765,26.605327609787675,52.312361936644336,28.232834484169537,3.1264188488011553,0.00018919726438252772
3.028424911720431,26.92380957085409,51.86933494450924,24.783483163960042,3.0389491267082906,0.0001895741087968529
2.851479132792286,26.696601278308705,52.437699123816884,28.377126063374625,2.9906438966576134,0.00018859752133252976
2.8837649451974716,26.590601567253522,53.74568846446272,26.577199305208755,2.88072666462347,0.0001861608082344488
3.2190122722216223,27.857786265380668,52.30128566771517,27.142093727411574,2.987330082001783,0.00018252668081071203
2.968504759501374,26.34593275909735,52.28933229019716,27.32687958903392,2.930705005269382,0.000178230987774983
3.1019897037731816,27.472829726757116,57.0777160291362,27.802823055285554,3.1555426315301807,0.0001739283983707344
2.868861785757636,25.276024205315693,52.22784724259266,25.830882603601395,3.004736334509748,0.00017022266262720098
2.9995884684830663,27.01199155789041,54.305830895457916,25.76068070594267,2.9030586128650477,0.0001675241001080436
3.053078253345382,28.064559955428678,54.22785679766847,25.69686534958653,2.909164571440517,0.00016596661535471765
3.0157639257223514,27.135451885316364,51.97695489245805,27.25077493705204,3.0597320365621212,0.00016539922999326488
3.085044895605108,27.358539655766354,57.00559054224862,25.29793605174413,3.0907502736400283,0.00016544767762629816
3.05944209479258,25.478597089668405,56.828425838647945,26.15837356858731,2.767491896323404,0.0001656249496903979
3.0703314198002625,27.734339721086346,50.99811897486349,28.103984500194407,3.00350346108087,0.00016545961202980129
2.979030896348205,28.140202616546727,53.72183604972646,25.278439203604087,3.10272100797307,0.00016460911598412318
2.938435697048629,26.049562444858168,56.830608622647645,28.26688713931502,2.8429775283469914,0.00016293184193471368
3.0698684814910955,26.307587436421265,54.17829499643454,26.282284156023596,3.129455621235335,0.00016050395246267377
2.940399925878451,26.17033880275707,54.40442989712007,25.522480312009247,2.974795036423077,0.00015758177861051976
3.164249726045616,25.91836919432168,51.8350125073685,27.750356720136043,2.8967479387082613,0.00015452365240707145
3.0901873429769555,28.574188415978295,52.27579274307586,25.3765521358982,2.796706313694632,0.00015169375249384764
3.2803048771241587,28.114206932392243,56.55110589130529,27.442150880633868,2.9217065052179394,0.00014937293326904683
3.019165540033114,26.281487303597252,50.34936159424243,26.12734362928499,2.7718722213180538,0.00014769762419580062
2.8434027157177764,27.044176799445165,49.173901379583505,26.203888021618063,2.9639376546068763,0.000146639215198333
3.065518240646302,28.217018740865907,54.440391734232016,26.056043323414798,3.1287228377626244,0.00014602540479574305
2.8110244843930756,27.717686369427273,51.06799097226004,25.378825834786053,2.932580086564842,0.00014559464704509313
2.910343139382307,25.08433575920608,54.67064745218398,26.693576930323637,3.1636851359498173,0.0001450675567520823
3.0715439386961694,28.211061285013397,51.92654997172428,24.899808575974923,3.131181343984357,0.00014421641386476564
2.8453713717636315,25.82347945790288,50.785496104221735,27.48464427872465,3.1146996577233184,0.00014291602050833693
2.9641363826742917,25.90446660544486,52.55272839515056,25.024656366375385,3.0429831562642637,0.00014116516543669324
3.0488852084479627,26.310586433015494,52.29060132966502,25.371092818931587,3.001360230977491,0.0001390760422214567
3.024380334271504,26.616021412214227,52.43500202829984,28.165432476529787,3.065473743280479,0.00013683699692275446
2.9610906863675135,26.183635205195944,48.27674056375004,26.658816113364306,3.117134015309958,0.0001346600024724741
2.8098933066078784,26.59102200766607,52.43277845816673,26.754708811687365,2.859142459494126,0.00013272697488538282
3.0109545520677603,27.650064502748513,51.14370613268526,27.219764339297605,2.853953088896301,0.00013114809713464723
2.869559147646079,26.791897502001593,54.837781477194326,26.564326896935018,2.8379051924482788,0.0001299412419484245
2.921910281046381,26.62439930407491,53.71923003472126,25.915183383201597,3.0837181162513763,0.0001290356552266159
2.86565377675844,27.440026939154738,48.359591014670805,26.20629625909006,3.123120842186855,0.00012829688500675751
3.184493608935008,26.369997625995843,52.2634097505799,27.314510057580602,3.0059616825275577,0.00012756503132819585
2.985431951481073,26.527869119677,52.59904494040709,28.271336774606702,3.1741515611118296,0.00012669584514902755
2.895456273811961,26.098865274408777,47.284262873157076,29.67062405413097,3.0740646351096768,0.00012559442652672396
3.051839013801599,26.848473593395042,52.132554805332674,26.249905105603883,2.883515360785546,0.00012423396931381824
2.8398932791112967,27.78954086474445,51.90226484171581,28.358518771318224,3.1653271552245443,0.0001226562977826397
3.0209173729389542,25.37641734716321,47.74966180351175,29.18074637319198,3.0175536207800477,0.00012095565613398355
3.0101241507151184,26.690079935141835,51.33546817918078,26.128774203928668,2.8639652332216623,0.00011925116019000562
2.8319712030800885,28.15146126789686,51.044171997641094,27.353808228424953,3.139336091027651,0.00011765560489166718
2.88788906398043,25.987143029658007,50.24016759010326,27.091051490367363,2.7492713522709056,0.00011624853727890653
3.0451893363486082,26.859501616328995,52.47305493389016,27.836192910143573,3.1055032284099315,0.00011505977375836243
3.00519771104616,25.642800303383968,50.47984211340744,27.617712778181204,2.851238213484825,0.00011406646011270468
2.988324222029816,27.415244390809573,48.87626585292783,26.70115394405354,3.295151161298851,0.00011320320538426342
3.080719818463546,26.868949431790114,44.915111563596106,27.769106704446564,2.888769715708538,0.00011238168087193451
3.027897792876939,26.56442772901384,50.63800893026044,28.19238108849454,2.905277281333237,0.00011151408793011668
3.1317658141057754,26.197801011491705,51.06662769514885,27.732718733112126,2.9442933450676536,0.0001105344457162683
2.9810717078069167,25.342633569297394,47.803533281424684,27.102626445855687,3.1081654523547444,0.00010941270938542959
2.9116903167404846,26.249348079322196,51.843415342666376,27.647329036206614,2.9759462631899676,0.00010815890952441289
2.9979715957362734,26.401753296177294,49.61448852428909,26.538731875959165,2.7806628875291204,0.00010681717881990316
3.0173159140687784,25.3594484502994,52.374564945212384,28.06579500512606,3.011547243673801,0.00010545200224992279
3.2869150992883798,25.64355224664797,47.533191170340054,28.32425449215837,3.0568433865058893,0.00010413071768488436
3.081538403274711,28.735082812700526,48.327732408187565,27.271762272124384,3.103393790908787,0.00010290685197476894
3.083181625619413,28.535327093288338,50.245418816241596,28.68772972018862,3.1160937145884127,0.00010180827451509877
2.903592683550201,26.9816154804084,49.307020043804584,27.57035290999173,2.8849119369867195,0.0001008326303925843
2.9205791233559406,25.055480115290738,49.09995431983642,27.833819088522578,3.1801088478462285,9.995052765187059e-05
2.971881280796413,25.864972136256807,45.51137434840232,26.818894165056935,3.026504136657661,9.911502535156705e-05
3.0494053996953063,24.05988713006838,49.20094489712768,26.52648685030344,2.9960051312175566,9.827456251852781e-05
2.9712995390540953,25.11816310353858,48.505165638135914,26.03919626846359,2.9437173227983826,9.738588171773356e-05
3.1602306260064017,25.892932226526185,50.735638323738186,26.743021896843302,3.0593748582499467,9.642380294015753e-05
3.020132100052126,25.32629037860677,49.061229692610176,27.4984350469303,2.770864322403717,9.538574365450399e-05
2.956739416651629,26.89905360142002,50.604982084349466,26.65928835801746,3.0718275315129726,9.429034595777364e-05
3.072634943814969,24.683182333636324,48.33308808352787,28.18519182984339,2.8778719950233955,9.317105894748752e-05
3.17812264527058,26.8838712065892,49.69941602360404,27.540985222114553,3.079975885601043,9.206667933130092e-05
2.9933274728677945,24.428098753038075,50.17966232711794,26.576748797881947,3.1131912569354228,9.101141799796724e-05
3.070468158460227,28.40583883139262,44.50638850361243,27.570930884729094,3.1465787448710802,9.002695099416685e-05
2.899044493526501,25.83306138458984,47.38456833517602,26.913946330062082,3.050348297740132,8.911821571020207e-05
3.1446186312904,25.75866134559111,50.44529778420101,27.200500685966144,3.151548227097522,8.827364799322375e-05
2.926516871118576,26.615245371437805,47.83590127810505,25.597012416165917,3.0097603481818456,8.746941448093959e-05
3.0303959103468965,26.703821022549597,45.739907470914574,27.383559535964878,3.1408247291614666,8.667626047715926e-05
2.8938112977170585,28.67123820066588,50.59565746798705,26.392552907050153,3.1781979794164923,8.586707842735757e-05
2.676701621400211,26.860945673111903,47.513336049622644,25.30974491343204,3.1521139819232014,8.502329343459451e-05
2.892961249684934,25.8200386735908,49.679055328213565,27.558611251118624,3.1278464028517803,8.41386134404222e-05
2.9530018382017054,25.156800978222428,47.4355839978057,26.931702165549396,2.8980745754503596,8.321946382630655e-05
3.055793981916843,24.35538420093526,51.058269865060616,28.609051741402638,2.8537461903101713,8.228228920442459e-05
2.9959840972009273,25.913128324628758,47.81277671569774,24.87587061500102,3.1250521929975386,8.134865337316363e-05
3.0331656947536314,25.81869780505883,44.671367107910285,25.49981256530322,2.97876053072597,8.043952222641457e-05
2.9368700730631088,28.358755940097186,46.16019917131719,28.03009561638207,2.990297367019373,7.95701919386321e-05
3.2477240122485194,26.3380213835811,46.84710088256616,26.5421723561091,2.949472920344296,7.874704060681618e-05
2.9355600387024787,26.76400357305917,45.46929918187496,28.098306203763084,2.9448581807505447,7.796673407316844e-05
3.103091624730626,29.274150562198383,48.306597174756625,26.212003028399252,3.0228095031222733,7.72178646245269e-05
3.0215472980443416,27.010430073693097,46.60459647931045,26.96358525412493,3.083486099540616,7.648441158228034e-05
3.2334141263467813,28.43294154398408,45.989442741167075,27.1030924429304,3.143945763084709,7.57500217100044e-05
2.858377689173736,26.533953259226667,45.298859815564704,26.265393131225636,3.055972108145549,7.50019969735993e-05
3.0388322436743427,26.190895177285384,45.390516605955725,24.863025488248947,3.0658603251435816,7.423404406743459e-05
3.1045263713043827,27.54275639946021,45.63435719909374,27.053843043606285,3.0479942116623846,7.344722559674355e-05
2.8054131788705385,26.807961009395587,42.53207076780486,29.609168728634057,2.97450251061944,7.264903853002986e-05
2.731428222415414,27.03770343533143,46.08717517048977,25.93280914400316,3.194431395380996,7.185100713829056e-05
2.822270670700056,29.026702040960565,46.4197665115845,29.470487093845982,3.163602581377763,7.10655070430244e-05
3.082189117322837,25.213891741973274,46.77275531621495,27.662005998976024,2.9882515433917183,7.030265975046702e-05
3.081075126722854,26.88252678118475,46.122517168544874,28.704123347774654,2.994260938010194,6.956804745210818e-05
3.0194299491310224,26.799779116976282,45.70172847652212,26.027218263888578,2.921623338096641,6.886173213060114e-05
2.9008596976181984,27.114567455874212,41.96718050478399,27.151299288794686,2.9513853573660294,6.81787043074952e-05
3.0412822236221477,26.090453943020325,39.77197671117097,25.12292731505066,3.0345727860366485,6.751052624073307e-05
3.052461844178363,24.558562400626045,45.76537726802365,27.163584113502935,2.903066131037191,6.684766632361182e-05
3.0016811084470576,27.724224796813907,44.015087378300215,26.730223046454338,3.2017374299631483,6.618189595741378e-05
2.9298975557535116,26.159776209107676,49.07444880033495,28.30751898819104,3.0333364995308756,6.550815939115762e-05
2.8920569983030346,25.941434979671705,46.57438399758739,26.084847385704574,2.9724371695148473,6.482550885243373e-05
2.9090064707451173,27.533383833310403,41.385349170008524,25.306346345390043,3.0076524496902985,6.413695808599784e-05
2.862651176724885,29.283120913364275,42.02140251902125,26.39394916343952,2.802792336618106,6.344838522332654e-05
3.021925753639094,27.70300660538797,43.006891692982386,25.487920154081728,3.037250377394333,6.276683426704952e-05
2.9643796972606364,25.818075606229346,45.31103639587747,25.656182108795356,3.1751285454061766,6.20986822470677e-05
2.9281133487370985,28.04965018169905,47.00602319599197,27.41299724574274,3.1014713804313807,6.144812815086007e-05
2.989625649087831,26.849621869368388,43.095548494059145,27.30074834460641,3.0005239504656602,6.0816345160407866e-05
3.0799178007603323,28.527934247900273,44.80446897990003,25.107548360537848,2.926356937387665,6.020144243484504e-05
2.9693213154132274,28.800046859283814,44.42336848082096,29.433178511445806,3.0844854872410554,5.959917674612133e-05
3.1623120800109903,25.17667252002907,43.38060834864658,27.111840888698055,3.0944997102995795,5.9004174188631814e-05
2.9132806828835025,25.523386940680915,42.25263675890936,27.949177985386584,2.9489099122843,5.841132028007574e-05
2.9480031271966,27.52413074679018,43.08800409351694,29.67653714036769,3.2303229089951118,5.781696605510652e-05
2.9296476353999656,27.737150136683823,40.90391524354966,27.143462964640303,3.056005125688804,5.721967164245913e-05
3.211114565956417,26.76476726000502,43.68369840034181,27.119619946127475,3.1798224116119425,5.6620348066210264e-05
2.913334751011339,27.04697190104681,44.17003650933378,27.244265791725606,3.3039666764930464,5.602181423393564e-05
2.902145655023728,26.840192149515214,39.91406816786352,27.19026506545283,3.1028840384814678,5.542792890564285e-05
3.107392763423371,25.642320220245498,42.18581717368034,26.85686284591206,2.788300614731764,5.484254567758283e-05
2.8902237440167604,28.41919120805194,41.567607805475255,25.885316677566436,2.984194568258779,5.426856029446446e-05
2.962367669182795,26.670955363181747,42.44929379769929,26.31585298808337,3.106877989223183,5.3707275075615124e-05
2.927975637976797,26.927685029278923,41.23941950409057,26.7097642976376,2.8752605710948904,5.315820644231361e-05
2.8994201066769234,26.334456854588918,42.37664846155811,27.680815990557218,2.99767129645766,5.2619343997048205e-05
2.9717538616643075,27.555596591500723,40.41587838840176,28.20567161164707,3.2620366122723614,5.208775873281631e-05
2.8818616090738605,26.25839006942443,44.897546412530815,26.34932002078821,2.844328229838711,5.156038160574256e-05
2.852265239987645,25.594743610661716,41.8699763528964,29.171487509697617,3.021751533070787,5.103474867205434e-05
2.864315435545399,26.856296336865206,41.62258494684518,25.70822600387655,3.080808605216856,5.050953337278302e-05
3.0133927185245097,28.74089397633968,40.47731008259155,25.130000641928277,3.2514821165779435,4.998475630533172e-05
3.3034817704883417,27.54573850318535,39.995499664388944,25.07129678941578,2.9943354340933346,4.946164853649051e-05
3.15809256186092,24.462696778757646,41.41825297185776,25.643557452587952,3.0369961670732697,4.8942232587605595e-05
3.2737460282954407,27.125254240487592,39.17779753935502,26.116771656508163,3.0423482950964726,4.8428747675647575e-05
2.945218244617724,25.503827812788185,39.973457114678084,28.105563209706965,3.1252122260508184,4.79230727067614e-05
2.9056557044345457,26.794857727803628,39.07439590479217,27.61710202808447,3.133063336439991,4.742628695670569e-05
3.0765105908005697,29.15821214372163,43.6108560728465,25.35588304805692,3.089556388475282,4.693846467270463e-05
2.8673224082209035,26.328809813036944,41.74522863938922,26.761405863883233,3.067620814091491,4.645873169115704e-05
2.966541416475704,25.495722618313938,39.391395022905975,27.249753677176376,3.226668381587703,4.598554839188478e-05
3.0520291693628936,26.537588121287165,44.46902676210913,28.355613091621265,2.975914062486551,4.551712988810321e-05
2.954599399741329,27.269800520131103,41.38698534746816,26.910225204294857,2.9100152402209454,4.5051889163108166e-05
2.802505868369681,25.408095995545732,41.816195782291146,28.166524891620455,2.9003893353389696,4.45887934741303e-05
2.9327764352673524,26.91699942209473,40.191498701318615,28.842930472382427,3.207986471941169,4.412755507205944e-05
3.004758983147499,26.732444521528656,38.1838092158543,28.344294546600132,3.221042569630684,4.36686240464533e-05
3.1579793218802177,26.53355869633088,43.584096662824145,24.692971756418082,3.1803454996698446,4.321300200920515e-05
3.21020472666128,27.193362254853618,40.31661029799402,25.922751126644265,3.0846295653339224,4.276193834528486e-05
2.926046509562987,26.4359067835275,38.29086678608423,26.54327812271655,3.0286995113864488,4.2316592944588895e-05
3.1608917304308606,27.862144062788925,39.96969085382574,26.94892396521986,3.1855606640243956,4.187774982705768e-05
3.088777169317472,26.61835758706025,42.3413288137203,28.37962632527433,3.2248594318774813,4.144564792902273e-05
2.9835073615055374,26.072834335395367,40.23842350092925,26.370856178809944,2.9582249899387034,4.1019959067774594e-05
3.2079636435241516,28.167532863264263,39.86109641927779,26.141102829773317,3.0314065077090215,4.0599906183239566e-05
2.789841735586546,28.235328428791995,41.11710641833309,26.510550462981584,3.010921890083465,4.018448043373244e-05
3.0278261831635023,27.14993785826925,42.26084175778581,27.89994716033784,2.940253279585068,3.977269576674443e-05
3.1382887568648634,27.949816963033218,39.42417988766129,25.65890962801271,2.763914670141416,3.9363816046031695e-05
2.9355940703465597,26.688594597827308,39.00445975597711,28.27265543975665,2.7844865839029973,3.8957501487288206e-05
2.9944368328242876,27.038285719113855,38.72794178180079,27.1607305252992,2.9840465193766494,3.855384597369471e-05
2.9178255677496785,24.209636368681785,40.28064094533342,26.05202472357697,3.049138662870984,3.815330560593673e-05
2.8053585298168278,26.714341811522225,41.4941869958939,28.569596218228327,3.0856818992741095,3.775654557095604e-05
2.9239671336211184,27.296014145764232,40.212477147270015,26.98443627534272,2.8230821754768525,3.736424974355366e-05
2.912544533832881,24.49398517900719,39.819326381540336,25.771073027655486,3.0736150924343035,3.697694214648582e-05
2.954727158913994,26.782904928913794,37.85277587872239,27.45324503848417,3.1159339981874936,3.659486331761034e-05
2.898172909217956,27.210362202077253,40.409021881826476,26.51880393075526,2.995762082569091,3.6217926555139724e-05
2.9656342914520684,28.462455601137727,39.785928302564976,26.7896159383139,2.9545259263381998,3.58457575831212e-05
2.918774807347097,25.915567142820798,37.58280976756685,22.825081710882905,3.129842561970377,3.5477800694627096e-05
3.2905449923281767,33.72230610996953,37.48217559376342,27.457063616652114,2.7594647456080232,3.5113460545515936e-05
2.999244229594435,37.228373339087426,35.81919125517217,26.216577161426176,3.035357560935029,3.4752240318823234e-05
2.9856009002276447,39.63873932131583,37.302776507661534,29.04027343225031,2.928218537485351,3.439384473976462e-05
3.106153333852641,38.79907988364943,39.344755704318565,25.767580920575156,2.941602707602167,3.403822470792246e-05
3.11588546600691,39.26245492778313,35.46665855714927,28.07889943017898,3.259238470385997,3.368555839699768e-05
2.911713854368658,36.696895431121774,38.58440507776984,27.214667647521473,3.1576966172680314,3.3336178846298415e-05
2.996916948847562,36.6449303321504,36.75597916340576,26.266993754192466,3.0770085840621686,3.2990469991443775e-05
2.8598721263833573,38.47147924966163,35.448862124339826,26.912411670407632,3.0982640740356775,3.264875990167073e-05
2.998421330371875,35.387594321909766,38.49041958711189,26.594476267844584,3.0975014882003133,3.231123667534906e-05
2.9442998663240174,38.95452395298944,38.00863363176687,26.915878036898008,3.0673741609279364,3.197790623803311e-05
3.031974187380858,36.04847607458297,35.95259802015638,27.152137244594172,2.913430664490533,3.16485976472399e-05
3.1377319260275365,35.47611610110949,39.65747248648543,26.620691193568398,3.112808468742274,3.1323011944922046e-05
3.2766154273997246,36.97605847294009,37.654252844472815,27.265052092135456,2.955818564121163,3.1000796956388965e-05
3.1357603900224715,35.86756484360641,38.566619082329474,25.585949656637737,2.93526800246233,3.068162951504905e-05
3.126001930326178,35.584448856617676,35.335604764879065,29.338882107613824,2.976021058876514,3.0365282785133805e-05
2.9353294388778925,38.06771518865023,37.85828105948326,27.184142662851006,2.856026812765841,3.0051664911309948e-05
2.976591184504633,37.49674844282175,37.00044603559853,27.376759245065397,2.867985442046193,2.974082117329225e-05
3.0025344484909935,36.91477754526742,38.44873291607917,25.606969579690624,2.956314973587406,2.9432902849650824e-05
2.9507161785071263,36.11961393714847,38.054402116385745,25.07478833720664,2.8228078437638593,2.9128113082918148e-05
2.992376130310158,36.836985121883316,35.73592268313552,26.27301608162083,2.9795165696167554,2.8826644691164634e-05
3.2695682956116965,36.04053841903858,34.491699959333324,28.61351963995617,2.8247478556161636,2.85286264561349e-05
2.860763664213154,36.77001440233502,35.3494099411676,25.312173397996187,3.100883805973123,2.8234089342754035e-05
2.908877529615029,37.89850680782298,34.81057076269617,27.736685690430836,2.9059073766981114,2.7942959886429298e-05
2.987229416269329,35.01379577644145,35.78654099687279,26.430300460608205,2.8091420865117036,2.7655079327991826e-05
3.072996157471201,36.72998541478614,33.26076886894788,26.003154692965964,3.166544331959566,2.737024243989109e-05
2.8673606570186374,37.69870924754729,36.06438767764157,29.121293498912337,2.999950696917209,2.7088243393791364e-05
2.73614044658311,37.20084144769562,34.602051046127514,27.93645942129732,2.814885986139855,2.680891909506045e-05
3.106652995824847,34.683003959213586,36.35046504796527,27.971790196807728,2.944403980817763,2.6532177174146908e-05
3.1050918839454926,35.98992804047701,36.36116695438803,25.983340592299246,3.053679322016131,2.6258005478229048e-05
3.1282609926565055,35.37073802897723,36.98234946590418,23.842364931660743,2.9200297086876192,2.598646051458729e-05
3.1169171569306773,36.62076098220831,34.82028982102616,25.97877697808327,3.2169193578225306,2.571764047744108e-05
2.901926461004988,35.22932926857245,33.907288850227516,26.357344625511992,3.003374850406964,2.5451650735178874e-05
3.1298200923890156,36.819040134589656,33.73890901281365,26.694230389522975,3.0432848660912355,2.5188570736317456e-05
2.831536326428365,34.05808833474734,35.376432205916494,28.520432411923256,3.0724693009279083,2.4928429697062528e-05
2.937443598332142,34.24015471012789,35.81960189919213,26.894394948403733,3.02962126745295,2.467119702957692e-05
3.052187754933332,35.694649103425846,35.847210575013165,25.485217414827112,2.8682931556883946,2.4416788512827916e-05
3.1050011723579094,36.07073111907221,33.928020549079484,25.659656533315676,3.0292348344074216,2.4165084477797814e-05
2.85026760089417,34.72356236370679,33.461843805057114,26.438555482375655,2.968137345962961,2.3915955585990474e-05
3.0125125645222295,36.18059442925301,31.84462558622563,25.633570894261787,2.9524261645223904,2.3669288269708224e-05
2.8892617311327107,34.67617001387663,34.338055180415886,26.915212400284503,2.751589030938579,2.342500478868522e-05
2.88515831764433,35.06707069948875,33.37692033182626,27.088497002542713,3.107240734306907,2.3183072300990134e-05
2.744461616140956,34.347324238579084,34.26137004724423,26.660595441214028,2.9541636106912414,2.2943500700026203e-05
3.1974149989099,32.263694189069675,35.356113684829424,25.974665744536562,3.238647328104379,2.2706330287150815e-05
2.915096436379343,35.39685965741819,34.30259647190448,27.06437610524112,2.905281262469652,2.247161263478884e-05
2.973322349557737,36.13976434997106,33.47708521418472,27.970858552315004,2.6805283654830867,2.2239391256947348e-05
3.104327171439159,34.57274204677075,35.73713765949285,25.3350569113314,3.059003774048798,2.2009685335549015e-05
3.06833225616735,31.43745652027818,33.45870681353405,27.96914963261842,2.8678910870620586,2.178248139646313e-05
2.9697197458704196,32.8955484248006,33.310287340385166,27.170588232637527,3.1075853813096472,2.155773324947648e-05
2.964500976879747,32.564812975794815,33.770801505361966,26.609152781205804,2.9873540485702472,2.1335370097472425e-05
3.1020017082330287,32.989008059433594,35.15552004628327,26.70293074547378,3.0184683207473806,2.1115310259708702e-05
2.884404574014409,32.78517547488979,33.390418297632465,28.366662026251046,3.068091828323458,2.0897476052102117e-05
3.062179586346194,37.379868811030676,33.031851531522406,25.49534372988893,2.9545516688275106,2.068180645808255e-05
3.1769676526582122,34.000308035940364,34.59959003325475,25.189928904417425,3.046020050642907,2.046826516752604e-05
3.0683275678025983,33.23401160811326,34.971765299999625,28.126013499438482,2.723171295155615,2.025684120781462e-05
2.9189519749235973,32.43747879247016,34.20641415516157,26.579509517257982,3.090681512362755,2.0047544109617103e-05
3.0486240030743237,32.31918204146122,32.199280722163344,26.55813484257411,2.9247071809954694,1.9840394170273955e-05
2.9309167574084616,35.640253860393514,32.05880967604795,26.05333585486916,2.939879763481516,1.9635411186777773e-05
3.006474704579206,32.406623972445196,33.625201240058715,27.6368630478147,2.939917999218622,1.9432604162086617e-05
2.9556151262395027,34.48753542268713,32.73462910593764,26.57113446307806,2.8645821965677563,1.923196487462497e-05
3.0319783165898,32.02830182688811,30.536991980814783,26.829885283977525,3.2182257821888056,1.903346577007726e-05
2.899102727297351,34.406974410642974,31.584880533236078,27.37889670193368,2.9398725851387657,1.883706342733642e-05
3.1304281413480153,32.11474422849187,31.864219359013457,26.452348174543534,3.139371720949972,1.8642705248524295e-05
2.708229610642014,31.77365883911875,32.14910355654483,27.997359376434805,2.9608325893256566,1.8450337882198655e-05
3.1421342115941697,32.851781416326496,30.236335400235518,26.217180153521667,3.1798760138357913,1.8259915171756376e-05
3.198587652343156,32.721583543618884,31.52727724670315,24.97169012440038,2.9282576655614645,1.8071403802766652e-05
3.084689139402093,33.51859460434927,32.939785748512534,25.202107314791085,3.0797841289938015,1.78847852458609e-05
3.010446365259483,31.532072064643966,32.94912633345706,26.326593339727797,3.3199141303759707,1.7700054031756926e-05
2.9831579711977994,31.632819936991375,33.375895605390475,26.498746325386712,2.9845507526736057,1.7517213165198484e-05
3.157608022300198,30.280198601885928,34.26557395317256,24.43592489194439,3.039986613224736,1.7336267825075964e-05
3.2011032254041183,31.24103359567843,31.501465672212138,26.760550652200696,2.9457562154564543,1.7157219017938577e-05
3.1176857269275318,30.702959604004064,32.42634704906116,25.030985580689475,3.031122236279425,1.6980059018039262e-05
2.826596776724426,34.065772548255055,32.26394162129744,26.782826842249854,2.928315801623572,1.680476933285906e-05
2.8861493441688895,30.73070188313364,32.386435166960304,27.387576669689437,3.0758324204801046,1.6631321763960952e-05
3.0247819572167494,29.008232865044672,28.85782144717681,26.1704516071375,2.9618193530229067,1.6459681023141217e-05
2.9754083316306814,31.847673653714327,33.023603405920106,26.419332730322168,3.0709451345705947,1.62898098245849e-05
3.0495782166509353,31.138222402384375,32.28957985120178,26.935735111285858,3.0054162437307532,1.6121673605691507e-05
2.9387170610108977,31.766394842106376,30.86652603765433,27.12342089593859,3.036460370599682,1.5955244032318362e-05
3.017735964332701,34.03422990016648,29.69681051899566,27.412747751657676,3.075347686575758,1.57905012341178e-05
3.1394547726039375,29.27434050594813,29.493503038675755,27.345789628758606,2.992388951617638,1.5627433331164538e-05
2.8966314568587443,31.93999900941649,31.01178059182845,27.75735686979076,3.0166023330033926,1.5466034481480975e-05
3.1184491529469196,31.420400147181965,30.53104920803625,26.80158811718207,3.0912580414204425,1.5306301271224916e-05
2.9923590694843427,32.38108364068358,31.590446475736854,26.81552748718964,3.057936980348293,1.5148229572593037e-05
2.9315140238838535,30.294284321882802,30.471229555734364,26.33380657816782,2.9810817688503857,1.4991810975025956e-05
2.8890935162916787,29.065748989596134,30.501917557178324,28.309824878509506,3.1745906203176624,1.4837031237085071e-05
3.012933604544787,31.18048269334303,29.354169566143288,25.266076647302498,3.150464958265706,1.4683870229867105e-05
3.1276681305652274,30.128442664471788,31.83072014355124,27.034893095240335,3.0159261358067404,1.4532303362430244e-05
2.9114718455666244,30.11099556293082,29.604518127596446,25.579926202125993,3.088333869770093,1.4382303790042073e-05
2.877943668901969,29.81579233664459,31.275119146241824,26.47879436463476,3.0209332018027726,1.423384527507317e-05
2.8809051194117985,27.947625377873877,30.04061859497922,27.37823378000828,3.073802183151246,1.4086904646828523e-05
2.932446124028492,30.57731527048726,28.58583768957573,26.909937682801328,3.105657787498906,1.3941463126405248e-05
2.9470492828012707,30.492278153296056,30.0852786031633,26.158602507325188,2.9828936122272416,1.3797506773887903e-05
2.925137328722348,29.915400217913557,30.078012573152257,27.254322243761685,2.9905358577706873,1.3655025816751605e-05
3.1953920045717847,29.103297935767454,28.620217720617013,26.682491344943347,3.035135038921878,1.3514012568286906e-05
2.9800850818323785,31.078900520039145,30.083949875050852,25.51300882942353,2.9192500836580506,1.3374459688996227e-05
3.129138510531096,30.275414324465093,29.22368472432975,26.004172551393914,2.9644627245879067,1.3236358083344675e-05
3.0718072981855555,29.28376862625491,29.165163055226998,26.81542291513789,3.2086863687757603,1.3099695711719772e-05
2.8647594232137177,28.68413743934877,28.863365265925424,26.985977817697258,2.985026377499719,1.2964457253914577e-05
3.1446260577106124,29.698701156920432,27.95639109094258,27.86851571638714,2.886238174021884,1.2830624246914974e-05
2.91057626948571,30.948950934834212,28.65346515890637,29.855395738401587,2.917104656884765,1.2698176628323207e-05
2.769401649830971,30.60570878590486,28.494219945937324,26.27683605038631,3.02331052980966,1.2567094025035604e-05
3.115849520706425,28.82036617940252,28.55896886539699,25.9153476521223,3.0905841857057594,1.2437357582247642e-05
3.2170952208173786,29.057321514018025,28.615746794247922,28.56226518919518,3.0701439624225104,1.230895071110743e-05
2.936881255735332,26.65449404076559,29.600863058439806,28.293362381723878,2.9860121630233074,1.2181859730810888e-05
3.1302895545274727,28.451922042253468,27.446846543148318,26.177525662952565,3.017922513960063,1.2056073295265227e-05
2.7994821448042964,28.15790185765008,27.115062465829457,27.11430885559364,3.177851539177897,1.1931581982345641e-05
3.016662470597935,26.929727749841366,27.211404035544966,27.63967329583578,3.2076726189261473,1.1808376947117718e-05
2.881182115596222,28.252412355717002,27.91739855337601,25.99711145956802,2.8786223664400756,1.1686448940843454e-05
2.7631992060812567,28.103166551861005,29.577278356733082,27.772738046374013,2.831572139516587,1.1565787011975651e-05
3.025360688871657,26.752176746763194,28.489197788717497,23.839013870694107,3.0968956478895793,1.1446378434779363e-05
2.9680274509876146,28.103290969129244,28.122383607632763,26.694447917350804,3.070505450575267,1.1328208896817894e-05
2.938487290972211,25.669565148960498,27.97437336937515,25.91884664712407,3.1599407301585556,1.1211262644726995e-05
3.028180533147688,26.203210088458164,28.43512372629426,26.321043301040596,3.056121587666608,1.1095523741554108e-05
2.953295488069351,28.13587919822792,27.62051654904738,26.205415132915697,2.9960099346081503,1.0980976513593326e-05
2.8198916749912524,25.745485839746856,27.82696794230526,27.61823378067975,3.1159278553273344,1.0867606738881301e-05
2.9058669668260255,26.332030573225342,24.851306718968697,26.518132475975722,2.9321128921426416,1.0755401625737287e-05
3.0895973741363654,27.725140579682755,27.448200520719762,26.69453652238648,3.18013852762879,1.0644350035119906e-05
2.98857584777677,27.21959809688026,26.408147254833263,26.539994332774064,2.9263871425700376,1.0534442149430253e-05
3.062721827799717,27.129510734866546,24.66732546509928,26.51060928661687,2.7648703575491287,1.0425668696716136e-05
3.060119443850156,27.772105841543024,26.732599256269157,24.87014802104649,3.0711149248883634,1.0318020280239028e-05
2.848797787487368,26.868895687623766,26.64191115292311,26.995750600244197,2.7250026813578794,1.0211486958496986e-05
3.004968117468344,26.522443164053264,26.932988495718234,26.33273064761903,2.984183960622134,1.0106057989912756e-05
3.2648558779437415,26.290088282557903,27.233865933907037,25.22721706602194,3.147426967400276,1.0001721437917047e-05
2.930379994068929,27.759823492246014,27.10392314211435,28.633004013025577,2.929256879982974,9.898464629434225e-06
2.9975758773127557,26.765838662485276,26.72300706985201,25.908511124684928,3.0315464579017446,9.796274541117978e-06
2.9610574661924804,26.277052051233127,26.264950016035204,26.089103366922345,2.6962722034858846,9.69513831312594e-06
2.943501057429687,27.135728630333098,26.730594444005508,26.340084803169315,2.964565905527383,9.595043632046844e-06
3.042157127065746,25.340714255200268,26.034531727370123,27.29855871490619,2.833330245051287,9.49597909446863e-06
2.9749004718625693,25.60932832540141,25.71802701040492,25.253447602625926,3.2121973550717646,9.397934345891664e-06
3.005505249112679,26.507571009281627,24.114137408126798,25.156325061222446,2.9684469726369724,9.300899644917986e-06
2.9584900360102044,25.53452867878972,24.712844826475077,28.473317159709403,3.0224569087703235,9.204866030936043e-06
3.128605238320589,24.263336144113083,24.13350343044526,24.372852681258955,2.9605431594796117,9.109824618408629e-06
3.044381090610004,25.630095186410117,24.937801372469938,24.142700771299694,2.902471856880886,9.015766275735682e-06
3.2555558865192453,24.024615432539914,25.481053233123294,27.05041387433856,2.8266842758280686,8.922681528913137e-06
3.0260632722673444,25.53079498916393,25.867876194980134,25.74836990312617,2.980948880013896,8.830560214307423e-06
3.069977899264167,26.343713948581083,26.010460518927207,24.141834563739625,2.783141651939479,8.739391851972542e-06
2.9797157815999853,24.720849777106345,26.041920826137304,25.173308965915027,3.116661006622149,8.649165528850419e-06
3.0001287103754106,23.767278406663696,23.630264764740403,22.963596510287893,2.9850282594891198,8.559870460586915e-06
3.0589035346635556,23.600761257333183,24.578466978385524,25.332770320212667,3.1265181951936407,8.471496000915054e-06
3.0683677836089758,25.141735406757924,24.9653026585149,25.468315369120408,3.3234381527729653,8.384032201535497e-06
3.307661339630371,25.225365920223712,25.648930854464528,23.95930800449946,3.0895786684112867,8.297469532438761e-06
3.2478637747487684,23.87537509267059,25.883396535551,24.259808985438745,2.833256338080474,8.211799136220227e-06
3.0579004571069963,23.67808600265713,26.935382796005904,24.250291422424073,2.9207551692643112,8.127012516418303e-06
2.876058494802945,24.53411928629472,24.29898968245542,24.412650942113537,2.8076723067767326,8.04310149375388e-06
3.084258597350404,25.660343112879186,23.874133813022077,25.034863518024054,2.9285568517630103,7.960057616041441e-06
3.1129312024874207,23.54120740303384,25.38806072560054,24.47180126726349,3.011800531651092,7.877872448699545e-06
3.0100505558155195,24.55567508001931,23.487833800858517,24.31498805970895,3.06361261345618,7.796537154576437e-06
3.02588546521273,24.791055040294594,24.688360273714068,25.253053723349915,3.039911843151198,7.71604281553966e-06
2.9141972320496508,22.391719007637946,24.734951095506787,23.588162197115025,3.003683304642353,7.636380200682192e-06
3.028789042839677,22.08813600311911,26.205099431090492,24.364631622817946,3.079047351784141,7.557540044950245e-06
2.898011537621171,23.553329613609044,23.150101014449707,23.601335824239193,3.0683902336572957,7.479513381421533e-06
2.82349496133786,22.350824518537145,21.883755625131588,25.50538462147767,2.9183202720580574,7.402291372403623e-06
2.971780788150826,24.67399496160604,24.42094995414032,23.35439074239075,2.9087152308921818,7.325865666614958e-06
2.878980218684171,21.979767042706698,25.210352314861403,22.87922566994837,2.8745997525482143,7.250228058697246e-06
3.039324442460257,23.27922365929258,24.15856495666993,23.861775827750716,2.820422496874022,7.175370824763496e-06
3.041395464755758,23.47915758892183,23.468933657993986,21.913031959564144,3.0486449842081864,7.1012862858921275e-06
2.99982039565246,23.089553664041595,23.11049884304485,22.465713926694264,2.979118208255389,7.027966985550749e-06
2.741766591455206,23.03952564600946,22.486421738235506,24.200864437400693,3.073769078719004,6.955405344919351e-06
3.0664217229967377,24.87155289912798,22.599374597341143,23.798348005135317,2.96719014192827,6.883593658963263e-06
3.099144608778176,22.661441296504027,22.472059474767956,22.665121838107147,3.0886025380430167,6.8125240455170334e-06
2.870377918768618,22.970555525371537,22.989319055937557,21.666801707613338,3.0178073068448272,6.742188748332748e-06
2.961564801852202,22.828135151741296,25.228242413539423,23.217956321944232,2.8343350834663745,6.6725798499857875e-06
2.999878226288215,23.291087632054428,20.860486476263738,23.50096321319829,3.081471161211394,6.603689374750922e-06
3.119506255756491,24.548821750871543,22.03795030131149,23.159200355370313,2.974297489675619,6.535509707421478e-06
3.029860235878582,22.385674090775886,21.90695650944246,21.541485884673907,2.96741797132269,6.468033380736734e-06
2.9289197503637934,22.411334507143867,23.454434917843695,24.321020106660626,2.8485498687277975,6.401253200614525e-06
2.8934200819051976,22.03862868076345,21.97805492306178,20.4860563050584,2.8426948941743007,6.3351621146118326e-06
3.169056656344246,21.816012162213088,21.863811351664562,21.761564603769344,2.820846035858788,6.269753162515381e-06
2.9637799944981738,23.085096125685684,21.145817512746213,22.47320252034109,3.0195882660137583,6.2050196306279785e-06
2.8107581707853413,21.096959421474143,21.703341637159053,21.407054293399412,3.1177380088464424,6.140954759836077e-06
2.918482040460341,22.325936852397234,22.76460544701329,21.43563696662592,2.7818262824218762,6.077551747558428e-06
2.9539107375939335,21.006907474450696,22.029270083017984,22.467229198253985,2.9461874620596826,6.01480380801627e-06
2.9686249479545728,20.871874499191737,21.868496953712857,21.51551390334164,2.8138407903507385,5.952704011257606e-06
2.8829783057774128,21.79348340350864,20.418955408869994,22.534247837416522,2.8959520022897203,5.891245583030442e-06
3.1750870066060584,21.016561108282964,20.590921281754706,22.059955008760703,3.0060211639987346,5.8304216664740044e-06
2.9722616931739028,20.88620016543865,20.868682490325206,21.286962160747926,3.0267083935614947,5.770225578896849e-06
3.1382359806062987,20.642285950433948,20.936195636516537,20.749002318440546,3.1075856238369925,5.7106506102775486e-06
2.8345839408687965,21.8651444471417,20.331237729437873,20.18223403144395,3.1491442444925832,5.651690370666422e-06
2.933927503410947,20.986189990956568,19.81506853525321,21.720927913591247,3.07392253001829,5.5933385561877135e-06
3.181392744654613,19.414908051145815,21.759839665694276,20.173384965408385,2.871760337164174,5.535589067844616e-06
2.99455095026752,20.57392030933728,20.865290984346153,21.423541954474548,3.123121237834285,5.478435818366015e-06
2.9038915323248307,21.550957656467528,20.516438655314197,20.127259046694455,3.105864454612367,5.421872743893698e-06
2.864533408511457,21.646282385186513,21.796295573971324,19.65604166092847,3.014085819109598,5.365893966650097e-06
2.900907421733515,21.462062988661074,20.129532985219296,19.034546730201953,3.1855317643706567,5.310493435887073e-06
2.9126438657378015,20.666118870903954,20.9534369385925,20.945925963810744,2.8491576078778538,5.255665128546104e-06
2.64325665306423,20.235267016117906,20.62886912903825,19.238727290305555,3.1206386928360756,5.201403000032757e-06
2.871298665007002,19.87604348398931,20.399275843857296,21.148270850521975,2.7502435741978206,5.1477011385582e-06
3.099607821070393,19.995375885274836,21.120827283739576,18.322110939028438,3.0504972884647055,5.094553622437296e-06
3.065764190169562,20.14914332600701,19.362406909055586,21.17407154692048,2.9967888449492897,5.04195463643959e-06
2.839786283884886,19.318556608651722,20.16136277507015,21.08126965602018,2.9570661034163117,4.989898486799423e-06
2.896373886643561,19.030293163516625,20.804737053528108,19.785070212286566,3.152367058564046,4.938379615666553e-06
3.211464868741367,20.0280796479965,20.70322519429092,18.55192187065166,2.976527630709904,4.887392655179342e-06
3.090911452068055,18.363268832069732,19.586069454941406,20.69508791247428,2.9170379967982916,4.836932065677967e-06
2.8561718235575704,19.131637838997396,18.79200538541506,20.20766571748035,3.1689366405128183,4.786992504653111e-06
2.8802365287818232,18.946876629797966,19.19312831273229,18.949048784422224,2.959529642431035,4.737568609159822e-06
3.0493221568234157,19.38544071462368,18.4918607632274,20.554860023124938,2.93235073439346,4.6886551195460364e-06
3.0464391042027543,18.735588598381334,18.124925493968345,18.017808116653107,2.942469535658657,4.640246807147561e-06
3.122810289144452,18.20972916410104,19.329967317059936,18.306260549882023,3.1867013722363566,4.5923383332253795e-06
3.108978107093525,17.09770277589984,20.229832047086987,19.00500182020303,3.043605816206834,4.544924485179607e-06
3.0203871625666467,18.611380557850687,16.943802270887304,17.212891308989118,2.953077183572149,4.49800020762327e-06
2.760841194503674,19.487524366686827,17.72073467296154,19.72772829143081,3.0712398285546936,4.451560402804893e-06
3.0961834708664004,17.81337932539093,18.861361591857605,17.44763285018119,2.9973493024086357,4.40560002989683e-06
3.0019582937188667,18.80085900703189,18.089834735450932,18.90846534470366,2.9538153953112642,4.360114065148589e-06
3.1944829631145093,17.389811664304347,18.06374892205814,18.523581194326244,2.8751082604196836,4.3150975894088035e-06
2.974677092009299,19.40776890484131,17.180226003037586,18.07665394066537,2.6782634019174294,4.270545794486634e-06
3.094697897250061,18.30475823195934,18.91770890471664,19.368751151512747,2.900899569045323,4.226453995007783e-06
3.0013844681929793,17.0633074113955,18.858097541458562,18.2013284973214,3.059933566871231,4.182817482757323e-06
2.893017386329972,18.631240817109706,19.55719254178284,17.752778812144143,3.0724504079890367,4.139631542668143e-06
3.0026300162689883,17.860474468575763,19.233332553685084,19.117361474512908,3.132222025889042,4.096891567041054e-06
3.143787651073916,17.055467075729087,17.936276876070064,17.38036336858881,2.9806108073433477,4.0545929903348434e-06
3.000543478402254,18.267132060697218,17.896330618071335,17.916339696637113,2.873840943488513,4.012731130336912e-06
3.038336829318002,17.457593196712814,17.841759443762292,17.605262022888507,2.9496903513375723,3.971301468785214e-06
3.111832066277303,17.734463743351863,16.77376246196363,17.332608911105986,2.85730492782929,3.930299496812472e-06
3.1394315742466268,16.520072494240562,17.775899712013562,17.319776910190946,2.9107317787911877,3.889720827741022e-06
3.0781151753876634,17.227672835592113,17.116657003446747,16.34426330060034,3.196322791024384,3.849561131445282e-06
2.990563274150762,17.56081853222331,16.581284804536494,16.661737350604174,3.1923556873634116,3.8098159157085195e-06
3.017812441657974,18.041892211156043,17.555885195902164,17.954283882918673,2.9926858520970696,3.770481057485791e-06
2.872778482113294,16.421757375081746,17.06854638235786,16.979802511093432,3.0435308792470277,3.7315523057413276e-06
3.1801855892274213,17.203088877780168,17.94389685667382,15.932201534583394,2.9295373071953064,3.6930255302036853e-06
3.0449654569220517,17.32078536133643,15.614286492373491,17.207002776638262,3.1604761315679384,3.6548965373547374e-06
2.8350594323085123,16.66615095735798,16.983987281687885,17.36202099727072,2.8163435454939414,3.6171611942831363e-06
2.938249442192486,15.708098395928259,15.814358788077406,17.2508634361183,2.831346797510613,3.579815575263937e-06
3.112975786758186,17.04556396597466,15.703901464369212,16.49012726755082,3.1250242843774276,3.5428554785097716e-06
2.9210423262916563,16.585577520153258,16.515598565032477,17.791809663665468,3.0978324274678015,3.506277027266077e-06
2.947977408004584,16.444080431232052,17.32482637923538,16.058653669177794,2.934757984618944,3.4700762731789614e-06
2.9879641421334036,14.914539900458118,16.78112451378576,15.856318433196675,3.00658245631641,3.4342491568863464e-06
3.1115952985209674,15.269659426180748,15.837496896473853,16.0354604279197,2.939295529835066,3.3987919736800344e-06
2.949977438524892,15.857430923222559,16.98326633161674,15.322545004014307,3.019819192726155,3.3637008467152384e-06
2.861567593955873,15.639376227967574,15.66925624899613,15.360166131790459,3.1039377655636593,3.3289719867725707e-06
2.96863914590346,15.022688839979011,16.074911092987644,15.584607167380641,2.961189246571195,3.2946017403438455e-06
2.9773487391914415,16.1913994780123,16.514989154079913,15.912001649369529,3.0550426875881893,3.2605862956822703e-06
3.136191835600295,15.913574586541168,15.398190632879318,16.47908643001723,3.0361560623527826,3.2269220820498223e-06
2.957807554254625,14.917534065399181,15.198025994023395,15.004122980997971,2.9845922675518066,3.1936053821639462e-06
2.929444884312697,15.460845726486571,16.514885152017566,16.712691549656217,2.9938011049382314,3.160632763049473e-06
3.1080027304754467,16.336237906335725,15.530517713145416,16.672291480977957,3.1454463840013256,3.128000578595497e-06
3.010357030934628,15.490456625178906,15.520469930769927,14.626913511012512,3.095558002037825,3.09570531770236e-06
2.955829356616466,14.803194042220756,16.047860661009032,15.05680986743263,3.042972100545947,3.063743460035787e-06
3.1406976157551902,14.693177308698836,15.465835661619527,14.797087843936586,2.9787964965851645,3.0321116217574913e-06
2.9538692589859004,14.615595918581178,15.16804678866723,13.482643058037993,2.9694203524168903,3.000806330659208e-06
3.0096569498547874,14.550366735612581,15.14199435885593,14.722538556100837,3.0221179618241405,2.9698242073928574e-06
2.8102661211378224,14.445084834722635,15.135518966352619,13.993556062544519,3.249540675445942,2.9391619104160116e-06
3.181152206684551,14.803837892646278,15.241892647833238,14.571364995783075,3.0157950326949425,2.908816248794317e-06
2.8331482470267435,14.347168327400809,14.032775554308815,14.034129052973373,3.0326350995622966,2.878783857928679e-06
2.8218503091260483,14.112075918951467,14.444415387933267,13.540480853722997,2.897161072528106,2.8490616195485294e-06
3.015501622271903,14.733443139904775,14.928815178011176,14.412305432835609,2.8645438703374535,2.8196463201726867e-06
3.1193564867038552,13.974160804775272,14.908521846852071,13.80092882101468,3.1501053491842215,2.7905347078091867e-06
2.96711420466509,13.691006063561574,14.606243255316935,13.566188404070823,3.1241390632477084,2.7617236183888153e-06
3.124291558216229,14.268720128273191,13.385370810671915,13.086946414091335,2.937787342778638,2.733210063433156e-06
3.116800445255114,14.717569128462394,14.21480132414383,14.035626534004185,2.7943630661701415,2.7049907888178857e-06
2.998594384151737,13.648355931446819,13.436875186439059,13.589117489138902,3.091119561233479,2.6770628387336473e-06
3.2478343779749523,13.385685956723929,14.602050482693583,13.814692733494478,2.950539763524865,2.6494232374419893e-06
3.060864563030138,13.41220599971515,14.536963334009634,13.679164350119889,2.952713093272659,2.6220690330685284e-06
3.1207414709429027,13.83150023087351,13.345904342227719,12.934647370357467,2.990063006158678,2.594997191369717e-06
2.7424030831153527,13.230770691602094,13.804986017361108,14.715334795629948,2.763390598252016,2.5682049120288134e-06
3.2253291807999136,13.600902454489319,12.995195583701703,13.21901412999025,3.1211054884302993,2.54168921621716e-06
3.024239143629219,12.359715816875813,12.916333022009685,13.694473958123051,3.252239193953753,2.5154473799280734e-06
2.937304051349639,14.399475459067979,12.587784549697902,12.486467438308175,3.059720545258456,2.4894764472259133e-06
3.024874102760211,12.62091372099189,13.38392504779015,12.6930746808189,3.0227247455640964,2.4637736711291047e-06
3.0700687889020513,13.110346812081936,12.90286121458211,12.495048430552826,2.8973184016933886,2.4383362877615072e-06
2.792612402817355,13.017422671884693,12.029486306068293,12.560354318057412,3.0030181532850806,2.41316146849302e-06
3.0593706351107737,12.47425488923656,12.92753440793307,12.850129150991776,3.071592985687214,2.3882466139573123e-06
3.1261992351588797,11.771875999983296,12.696811136301664,12.829620275495824,3.0159833575436448,2.3635889249820294e-06
3.2083064536555117,13.398321935547784,12.147427594996325,11.52150654439787,2.8565366509629286,2.3391858209857628e-06
3.1070160259177855,13.005410135451301,11.824393694303895,11.992832189432994,3.0897729866183465,2.315034657645609e-06
3.050527558441057,12.787924269510109,12.103728481539273,11.844136088199047,2.927594109561973,2.291132851097003e-06
3.034544383090317,11.799483078347631,13.192406713187347,11.89896660141622,2.924225512892306,2.2674779052460687e-06
2.975724811343543,12.15904523545969,12.017707704944142,12.356515335641083,3.171778800647927,2.244067111587779e-06
3.2112189023617854,12.397783888171606,12.228022206377341,11.614408970689487,3.1363289135387586,2.220897996321709e-06
3.1496250719567978,12.143142581464167,10.985868884510085,11.49255336310537,2.9772950434157797,2.197968175954012e-06
3.021971491423497,12.600518399231555,11.140179553101989,11.754370966637932,3.020791442026379,2.1752751050784466e-06
2.9640433801319817,12.435472983326443,11.084977117063772,11.41432450830147,3.265469372696726,2.152816269295839e-06
3.2289607105808824,12.24739007143024,11.474824369149658,11.64174373256508,2.9705370705679486,2.1305893326183076e-06
4.31579949686451,11.651828069506754,11.455216082729555,10.596890280091976,3.228448786285708,2.1085919528957683e-06
5.174273527790843,11.61159418179613,11.378834751906838,11.06778426936856,2.8891157520225756,2.0868216269679032e-06
6.356568182183516,11.551110407205615,11.223520358341256,10.985453191217736,3.0544729055482676,2.0652761017992742e-06
6.937965742262186,10.928876436489952,11.380227133047553,10.621240469694525,3.2304371416329305,2.0439529208591537e-06
7.764698223938362,11.571377706571473,11.314716318676416,11.126686605249333,3.3396949229420008,2.0228499246817656e-06
9.16883295462568,11.29588637344482,10.359185854843007,11.258314863518523,2.848325809602557,2.001964834021257e-06
9.391238977021093,11.352827399076427,11.599006547338089,10.98680987714977,2.704848897044887,1.981295323750152e-06
9.966082842435426,11.157862771499078,10.693133439658553,10.855821839157732,2.955916259131684,1.9608393036664454e-06
11.73325746136334,10.355172350226063,11.402936073493022,11.536849589573269,2.87367946573459,1.940594445670227e-06
12.228909163147925,10.9017115913446,10.979869795366168,10.909438103232075,3.0501869090623464,1.9205585790869743e-06
13.843339773623214,10.228223280441332,10.508378680176195,11.07933216019309,2.8981603125827378,1.900729600364979e-06
14.2621974299623,10.071303974162808,10.964701322564789,9.910320196197832,3.090316946642403,1.8811054459845736e-06
15.173970773808648,10.707377689938564,10.052932936183476,10.540525640090413,2.9213275207794056,1.8616838256933435e-06
16.97271232824979,9.61693338876563,9.520796638530838,10.744737773197818,2.8812982611562226,1.8424627094897929e-06
17.026548784777777,10.638385968606935,9.919240339611832,9.795498412865511,3.1125949964936357,1.8234400957097118e-06
18.714778340314435,9.83383267753688,9.64955890611528,9.934773941461437,3.1715124712989002,1.8046138917140915e-06
19.21106162522795,9.88694353301356,10.479646218319067,9.501344248145413,3.0471078865108248,1.785981987519083e-06
20.108000841233924,10.11985907937912,10.540645362785378,9.726616666154495,3.254353547654461,1.7675424171513593e-06
20.701446162245922,10.09497291074032,9.337993566633404,10.325466229762092,3.115196957408764,1.749293208102758e-06
23.275568351338887,10.012650444743574,9.399015160546673,9.612055293976235,3.1002259458722734,1.7312323361666762e-06
21.074876567526225,9.808551508084461,9.659182452219607,9.252839610916848,3.0233024601437353,1.7133580302121305e-06
21.703627249006882,9.303666823189058,9.251779087136358,8.984642419913685,2.823384427000569,1.6956683363932698e-06
23.49543533566618,9.222829555729712,9.048169621018925,8.972716949382175,2.966932121823469,1.6781613455257645e-06
26.05963016480779,9.217128068120616,9.669828833306934,9.132866450738781,3.134989412336623,1.6608350623477585e-06
25.048922471915294,8.818700230176988,9.24381542041864,8.89596271301158,3.0113198434911763,1.643687674673703e-06
24.1877447920101,9.497605713446493,8.90769248531562,8.974765568884717,3.021150550284897,1.6267173257649568e-06
40.63998444559167,8.55136145603516,9.131171385068335,9.28446101922316,2.960087821911037,-0.2678029055743663
37.82095193511741,8.591338723099494,8.710078246247681,8.79586714944805,3.0792680576852303,-0.7088316023617666
25.779148572847884,8.905544779657124,8.207426506138914,8.169264029269547,3.215890719103193,-1.1807179154845817
22.2320827549107,8.776374427260771,8.65213739176001,8.51630314777892,3.099973587084351,-1.5
19.274754495643812,8.714474948118045,8.56578871208089,7.415775214153025,3.1549831621267015,-1.5
16.640815198378647,8.217233886843577,8.213512108562284,8.076781708144699,3.302379646903815,-1.5
13.67071712376877,8.758242809150836,8.347260522562166,8.128861807268116,3.3789482329151017,-1.5
13.39227837499634,8.46531584158036,8.324956835255689,8.407181211796214,3.4769871736206963,-1.5
12.18061916852218,8.703339624383666,8.686485128185495,7.665720912160237,3.6839667525116004,-1.3341480384754354
10.710132093018805,8.887826968854606,7.5317837793308176,7.886692684589815,3.7214369020248625,-0.9491029623801273
10.911987110520364,8.648087251559316,8.587071564457801,7.690338038091633,3.863333665584335,-0.5942897076157375
11.441926563610613,8.334861775855646,8.106542703736697,7.128733337673983,3.816211211663078,-0.35673274853914694
11.047833127777917,8.632571019479423,7.695982357479607,7.54273457228561,3.8832415947476395,-0.2851824102491627
10.347986363993101,8.498173939821568,7.649709579702155,6.781538746254076,3.903861474115218,-0.38295853111517725
11.24590492193004,7.63349511311743,7.899973553484572,7.226066233240104,4.174262790196506,-0.611557736354238
10.929774594559952,8.223985558458173,7.60634833971732,6.782656667789151,3.9832217410013455,-0.9038554828446947
10.054373118775986,8.502899412781456,7.3355155314912555,6.421413344256927,4.124176126221389,-1.1830467783130043
9.690313629047758,8.541982858834087,7.685674316663594,6.699510031571648,4.200567035859861,-1.3822475274242394
9.157784018908583,8.705988498770735,7.432803520953497,6.3022269037643515,4.769437856778526,-1.45992564886272
9.068741488449794,8.358704219898895,7.95913861441686,6.6779855651306885,4.6346041027909255,-1.4077823080517087
8.618511347866221,8.16869875445998,7.746944558440254,6.544120906507856,4.650610000333846,-1.249850305024154
8.223410587867052,8.491764082598792,7.306166917739279,6.301906279134609,4.593511210346902,-1.0338146663626488
7.953552212260438,8.764488469378165,7.728341223973204,6.2901745896669015,5.350681777729857,-0.8173458612508211
7.889291855893524,7.82350250450377,7.130057785826989,6.343980664856834,5.286784372661456,-0.6531935032838951
7.895479229304211,8.251692977920897,7.533589820240716,6.6725944011133125,5.56095290187661,-0.5767667829098807
7.25784125568018,8.601377329414595,6.9795636787563895,5.515488937812978,5.300614029685918,-0.5990112603926988
7.640158695074596,8.27556615573542,6.7218792516963966,5.985491936686853,5.439718736065037,-0.7058671448294727
7.334060964651426,7.684379101880922,7.183918821311119,5.723125497952276,5.628142335647143,-0.8638772466223311
7.198576171979169,8.590512970038349,6.818176922254925,5.921716335963788,5.75468475269401,-1.0300414273514544
7.185130667411559,9.026610350662576,7.465135879976613,5.51113356617105,6.120241849133879,-1.1631365052130946
6.436188712644541,8.136639290291837,7.263739607821115,5.254586955888038,5.730646705364809,-1.2336065903708604
7.177122029617272,8.256628802016218,6.708147400271653,5.0723172052447305,6.5479704083326595,-1.229738263083465
6.079142759724145,8.318137275173864,7.34631727609234,5.2074533618351335,6.338123744177426,-1.1589475213140044
6.435785726183982,8.040152643712675,6.820980507800865,5.38954337304742,6.72502103479283,-1.044299239777969
6.434538079591713,9.225187502314936,7.170978223049828,4.823607974545696,6.9331262422070585,-0.9175248821783593
6.784547907322465,8.947566079527602,7.079012299843168,4.935476442012255,6.941515786335494,-0.8105407823217246
6.707755204853698,8.656433537102254,7.398794101687237,5.178838392488616,6.548712651521533,-0.7476588218450234
6.0273497164751095,9.085352195306072,7.331753530273076,5.05337086899209,6.302704959531865,-0.7403251991942928
6.01347165109634,8.74911545811389,6.78142560161278,4.656458763995675,6.470514335488627,-0.7854513286937873
5.723128261681962,9.588283381788727,6.601793869314836,4.907225636491752,5.671624880034176,-0.8674339655977451
5.868129632329925,8.921934224823557,6.623977699368326,4.311489553185181,5.887825615949328,-0.96305161613718
5.7522006759372,9.319410613953046,7.041927530181582,4.51180759903249,5.8619167139852895,-1.0477909168605481
6.080529569178026,9.016094546496861,6.762685306633335,4.3577027315342365,5.029710180544828,-1.1019334551781919
5.676104439672194,9.900706191392734,6.918560109556917,4.680220176909908,4.993384876071553,-1.1149396729884111
6.0186313702736784,9.684462194943952,7.388032103007358,4.5137618522609095,4.797391313974665,-1.0872120708367141
5.669078408997102,10.457897933318451,7.267164990624345,4.690188612317039,4.900303814535839,-1.0290396607634535
5.250208224416816,9.854856104922632,7.197127565829766,4.776382829065598,4.492025832517979,-0.9572282925370483
5.633774613102588,10.478519376977053,7.199153660314659,3.9011761953040995,4.4806935311356835,-0.8904389994761274
4.9315175715212,10.24092613741535,7.529289999545886,4.5089202012600165,4.007344513241684,-0.8444810013571897
4.720023752358212,10.376505197600089,7.5156047693828,4.104618391717071,3.810327416729612,-0.8287089968532608
5.194877754607627,9.870311777261787,7.268384415941047,4.299603194140779,3.8856179355657767,-0.8443065438504987
5.452648193665046,10.573867426216175,7.373002413426701,4.187472746755504,4.009121188185842,-0.8847104026740229
5.006388322205322,10.904722684506009,7.60438156068762,4.672089541758262,3.8709343904949716,-0.937886347322568
5.018554637084202,10.6536821489084,8.02140528136757,4.76580773462998,3.450480578109877,-0.9897399512714948
4.976410738443358,10.848332876383552,7.346531766899665,4.785428129271564,3.749748699091327,-1.0277311887243759
4.885786829578964,11.015780700963978,8.025635909755024,4.285754379965653,3.814758102727238,-1.0437936904979628
5.0107701967722456,11.371483853853363,7.777476250775821,4.648952459257553,3.1427322391946735,-1.0359083662507014
4.796853546217976,12.685411807674573,7.9119585344966055,4.541475235419851,3.3491555126066905,-1.0080663587258547
4.837448470595901,12.326266433358288,8.387470916942183,4.3276655117500535,3.293269624747005,-0.9687716654250121
4.663660997425006,12.953767706499745,8.42977345583142,4.685735997046463,3.2327511319830102,-0.9285757161601815
4.400077444258324,12.563949989545767,8.627576141163432,4.548719986068545,3.261338441330831,-0.8973285214429934
4.650640633595824,13.661252761738911,8.058923541163063,4.3336825376355295,2.9646305480310633,-0.8818403333805938
4.185094500117135,12.857420226269205,8.925362813643671,4.84389184410685,2.937778197303826,-0.8844876326315283
4.140926242930466,13.440430629130462,8.928887272865493,4.3992876066341635,2.7482583727307213,-0.9030209834641809
4.315055821573868,13.64094135669562,8.936205296026225,4.616461428010282,2.7345134325797673,-0.9315169884812142
4.5591201108230575,14.19928762274531,9.671794669970042,4.567443780516335,2.955975870146278,-0.9621425332486588
4.030644294843138,14.390324401985996,8.543242884390345,4.894288806085324,2.7770332953084567,-0.9872302664473087
4.156842358100224,14.64007525476037,9.983091686191607,4.929170708872076,2.700197153869268,-1.0011321805377493
4.202006628913035,15.812442930055141,10.700813848130634,4.94633983559725,2.6644397646744835,-1.001419043374269
4.409536591803766,16.030772225052736,10.837481906562363,5.212303665265418,2.56583985903513,-0.9891908166664292
3.874483596367135,15.573610608030199,10.247192338481195,5.23622715696048,2.5620540945497834,-0.9685003323066019
3.982201186087458,17.37148875881815,11.236713701577884,5.34940021429312,2.5586307882574832,-0.945108144472409
3.9488432606389074,16.845403374869967,10.852443416149962,4.843697664911545,2.526608545031565,-0.9249301738667085
3.845145489165658,18.2891004599163,12.789515913192401,5.215038376540197,2.8063989203432613,-0.9125829723276497
4.096441697791977,19.20532489560494,12.624243909310735,5.453353520126125,2.4969886277651088,-0.9103724239879991
3.601236787447214,18.3461399047961,12.298338594938578,6.309335012389818,2.674116766331674,-0.9179336272782963
3.603633318260095,20.16509455688137,13.520216216090256,6.567470171123308,2.514199386676343,-0.9325529658084417
3.8883765731607576,21.554583183017453,14.56602671329033,6.571369249515979,2.445442650919051,-0.9500343844121009
3.9620278250574756,22.986681771103854,15.890177369251262,7.047294444964827,2.4872082136478757,-0.9658512317636818
3.547481354105168,22.695989370854456,15.845547723131768,7.062671087840011,2.4215435940736563,-0.9762780014797933
3.6369436578147756,24.962305245441105,15.965628486158147,7.118580312670553,2.4121126075003985,-0.9792279555949361
3.5550040502622036,27.863184815935657,18.348232943346286,8.413483502018815,2.55417382190063,-0.9746182955296233
3.760656926163903,28.65592961420186,18.213893519409638,8.130008075723389,2.5825544585632034,-0.9642152635138599
3.570854463683039,28.907996888807507,20.38522254546076,9.143871935130855,2.6592666990877802,-0.9510423775239361
3.7958910635930554,34.10240665027815,21.54576228323568,9.731500963425795,2.746089835083164,-0.9385340934777795
3.45919346603204,32.012585534359175,23.823394520287813,9.891718370664142,2.687806178995753,-0.9296632498099582
3.3124341918331908,33.01589677801895,24.788522981876163,11.265806987995045,2.752699865740226,-0.926257118392708
3.3036580676391036,33.13165497101664,23.58518288141444,10.981306570573505,2.765422594719971,-0.9286522312053991
3.1774578786034122,34.00500441066487,27.73708642332714,13.668517140669485,2.7333738965009102,-0.9357425370835127
3.2760116578732785,32.03100842097504,30.385133949630088,15.614100234793508,2.882114877404735,-0.9453748403033726
3.166796928192407,33.80430877319003,35.357813820631065,16.159217992556943,2.643206442459667,-0.9549648475522872
3.007104754337814,33.40505225845192,36.13501679209563,17.963068246072886,2.9204125770041593,-0.962164439644396
3.1183928021366865,32.76422101861992,33.568819799738804,19.504014285085137,2.837382192669652,-0.9654131048511043
2.8325600546387006,32.76756627291096,33.09428068018758,23.56589823112489,3.03862621884725,-0.9642493112949353
3.0503238753154234,33.75061091507171,34.54851983281522,28.30872024999602,2.965376655233305,-0.925793723320558
3.0963396570795005,31.962223020530306,34.17895113224595,32.66209411741593,2.8391096707493904,-0.6001847079373195
2.9994475997383754,19.27579382148211,33.66176944520783,32.861047109300635,2.9373895325683206,-0.13542510379052242
2.9411998000315487,18.682314266645523,32.52296105742609,29.701954171715673,3.082684541980555,0.3286430027772658
2.8199725508802778,21.356867028631207,32.97063753501457,33.076767272514495,3.056986062436662,0.6743295164725398
3.0087899062667955,32.60256382788438,33.13054751144455,32.76039538383728,3.04435683077883,0.8263088546630641
3.061356539767836,33.546303640444066,32.61501797476847,28.090374736087252,2.952070697665665,0.7640657519723235
2.922634606003922,31.067116289820934,32.298290081144195,24.493986857778022,3.0786542688533993,0.5213647802250004
3.1087957490564255,32.47567455436814,31.958018090112752,20.821597164819647,3.0150202546061893,0.17304580989624044
3.174720599622717,32.572593524872,31.799460736429573,20.270071030957492,2.837051658005542,-0.18685880085045073
3.1559076099730436,31.902539298138763,31.491997984939722,22.050011950870093,2.9303949490596466,-0.4697108229836349
3.0373127769076276,33.00383432305431,31.988234205374397,24.91671405640645,2.956216076989642,-0.6133723079501567
3.162203119892805,30.69842686870472,30.54127492377313,27.39358322656845,3.247639410897103,-0.595011412096957
2.7852111050078054,32.28247325234954,31.25933731615248,30.03315033328232,2.9911400938051758,-0.43322251187971705
3.044427130554464,31.986043094034585,31.004389258272745,33.44497588087245,3.0014926788612515,-0.17988044172203732
2.764505340689182,32.80092306762453,31.256818889435245,31.727871686422187,2.939563892442315,0.09539202456982318
2.9152760712071366,30.138499344851382,31.393157280351513,30.99028981073709,3.0923112200712453,0.3237182069282524
3.1781658647697557,29.951455333293254,29.5146157702325,31.357551672278646,2.8740856445683596,0.4536631083319987
2.911227359080799,33.40601506022013,30.336536094432162,27.572464344680757,3.175214667519112,0.4622247938720972
3.0263752702777973,31.728704128563507,31.6317945870325,24.91019008374984,2.9177870750887434,0.35794616599817636
3.077901592088746,32.06410474720105,30.969227515581288,25.6931867581447,3.118026125028335,0.17607910278742192
3.1092496987056863,30.534857460882396,29.169578338167497,22.817469223503096,2.924937445305789,-0.03232789720903058
3.0539980835691365,30.05002907293412,31.019051964099773,23.38395918920195,2.999635737484065,-0.21423233489012894
3.087277806556649,31.755385693530595,29.410740301365344,26.11765952244808,2.9931647246991293,-0.3276790884847434
2.9007091882990492,32.525124418359574,31.902018027584823,25.196334810869082,2.944905208435148,-0.3510402118847652
3.277221604652034,31.368166892143172,33.0028930875382,29.573109261021635,2.8322367243103748,-0.28650069756865837
2.98026121288003,29.77048992505236,28.589582749937275,29.38435200235599,2.949923854585292,-0.15744510139336626
2.9320729783719557,29.845661664498696,31.098334074445088,30.243283102144925,2.9226443939107463,-0.0009139942659579722
2.970463380313803,31.34294855350605,30.00296967844819,31.522985440374615,3.0557226754331426,0.1426032790847939
2.990717479771033,32.655346370464834,30.26964824009377,28.759641122526645,3.0526004238519038,0.23932278673094154
2.9243803378106064,30.78834843625831,28.814170220484076,27.987170552763843,3.039484423661701,0.2698007755702957
2.7992334730653847,29.70883974293183,28.446797332644664,25.5526815775381,3.0435972434788545,0.23241150367887176
3.083243023710505,28.83683576543448,29.72529965821813,26.473226981149544,2.9768199993179563,0.14218535182460135
3.09614224332612,30.34680030531202,28.63650588791077,25.782364100735474,3.0708464204302643,0.02569550589847235
2.909705844557484,31.057690397766915,28.544119049564358,25.707749800684034,2.918280051536715,-0.08641720479976588
3.1657596632811678,29.233291037166392,29.348347881489893,25.889597967477513,3.033760740930702,-0.16725587957713167
3.090979898052124,29.1492822279384,26.563352393908684,25.665410987978714,2.927078358215568,-0.19988523345122225
3.0278540108532086,29.606432214821908,29.996544020141588,27.778901495363083,2.861422524752909,-0.18058173437321315
2.930072151034044,29.342272157019075,30.736140249080787,28.60196040676869,2.9480201637504013,-0.11858474639247238
2.8948593047927904,30.86164599882927,27.157880404156796,29.585066817829684,2.7952180416378933,-0.03271508852100049
3.2910114138810087,29.923449433166432,30.099747201542446,28.94980651390142,2.904856940386359,0.054042355170220796
2.8698399870117477,28.30014525125071,29.762824647514645,27.574622614208664,3.0111151901888107,0.12049574340140505
3.02291898838591,27.912308499106967,27.754634034988598,28.947694980478122,3.0664716544247113,0.15224631209634898
3.141599262356459,30.224930412864676,29.54040731805932,28.055733459585547,2.9494897594211595,0.14459830766661286
2.7227658215867923,27.618873356336476,29.135062379824603,26.597842334443385,3.0208983002922207,0.10285345850626028
2.9622332180149087,26.96292018089699,29.89062274768486,26.992847685593198,3.113322683311334,0.04014696751212771
2.9476626006759514,29.485090500313383,28.59632486806221,26.20643175201549,3.1997610338017872,-0.026433500851897364
3.012071096395637,26.45782059195456,29.291194098206425,26.53149777786737,2.86624530726007,-0.08035136514349359
3.061677781555596,27.43231109945577,28.64365995086883,25.687571078054624,2.9403687482178054,-0.1095969016406481
3.0086019211951993,27.913435757615854,27.6583291075142,27.339157430602302,3.089617950450019,-0.10921392743865554
3.085008678184995,27.39749385900087,28.349761628644753,26.843331546570074,3.182406634127106,-0.0818892319637472
3.1224868718977765,27.39929255420182,29.91810985336556,27.635176646673397,2.6900288407534982,-0.03663067072873494
3.2620644208112637,28.524803501077944,27.741103205418263,29.201158961391982,2.838180800344766,0.013977336599822676
3.0395651877900134,26.529636184006232,27.66588083124609,26.879822529208866,2.9314218717165295,0.05714871046099299
3.003401705415085,25.70047024334104,28.19048280541838,28.554312832646758,2.891008015233994,0.08302466765440786
3.0112755861650484,27.677089625522687,27.134918912808057,28.380492561370083,2.8312079054510235,0.08681683702683472
2.961700392229494,27.71156210723681,28.75488870955598,26.351737116079075,3.309796527551505,0.06952921788456456
2.870685672094802,25.99742130732596,27.538748800670962,26.989786854720435,2.885804020564344,0.037207536376291664
3.0797764819697404,26.57204621977153,27.508997526393163,26.133572216176532,2.974115512158978,-0.0009726158789203701
3.0814774326607624,27.083774153296908,28.24796673393697,26.879818197050522,3.0308507730640155,-0.03521213105728498
3.072787375918174,26.66830587517046,27.569767015585573,25.773046184394158,2.9045281115743644,-0.05752736915500007
3.1086348224410885,26.086872601781394,23.77342107756935,27.26212817643684,3.2587635785278457,-0.06353417008491635
2.7874200261441926,27.31043536837727,25.722892271683172,26.331257604530027,2.817262528321876,-0.05320003220851249
3.157190139232111,28.07309434798923,26.11134680233713,23.51201249712071,2.9545988573415136,-0.0304716219838339
2.9921732749601846,25.240144182912204,25.950052481992095,26.34808048048747,2.761074871843559,-0.0019665668761485768
2.9899290702249384,27.274702425089263,24.815629245471012,29.41583062120104,2.99888278017568,0.024870338789470876
2.8649976762124583,25.53871667449772,26.914510253327308,27.813281816098655,2.979388883938652,0.04365103310843115
3.130775181414588,28.47684893711933,26.62047819836895,25.385524490819527,3.1117877392826743,0.05050626256461725
2.9047631218499306,26.990659093537836,28.07122871555475,28.124855306388913,3.0302867396244904,0.04480693225073713
3.0943135478717165,26.230515814505615,26.89957318663327,25.62492379473699,3.034596661903242,0.029033950907602177
3.097327885681584,25.51872995147104,24.630324603542856,27.624317554913155,2.8998685196429164,0.007902676368392376
3.009597737214048,23.72912486661158,26.57733488702867,26.054318467236623,3.2021235387435913,-0.012979826093145415
2.990075968131656,26.004014343125768,25.2948228903119,25.61707023546441,3.1611020768420977,-0.028557135813300296
2.9035197026315043,25.997898597140225,25.616246904847227,23.694756470404766,2.8264444277431746,-0.03550575459445157
2.863205194176516,25.133334299904767,25.849032227601143,25.059498921214335,3.1771638655490273,-0.032892352936620226
3.0589693801995197,25.873808684137927,26.329093976409954,25.638112154504995,3.0128158041628263,-0.022191947859294306
3.075379425263622,23.557930516356507,24.557425662665914,24.397209098850848,2.8213088400834248,-0.0067184526824422865
3.002526527102939,26.16344580805045,24.53997095661942,26.23080340617531,2.950746809063058,0.009342465993183332
3.197495254738539,26.525816592299712,23.02993122993871,24.309621992813597,3.101081534558716,0.022028118430684925
3.1092468368707946,25.388924059478395,23.704699018811773,23.83170342324988,2.9087265505829145,0.02854356782309318
3.1911352110485716,26.037929432855062,23.86400279059061,25.308393179178342,3.072582887398054,0.027839661869131952
3.1993712095207743,25.16827576120561,24.13515340194445,25.800866735572704,3.202411378838185,0.020715722719677157
3.3007755105153547,25.061635775600006,23.508208689864283,25.83250591600857,3.0503306047802914,0.009463459010715028
2.9862272208304095,25.534879690240942,24.04717326006121,25.127812039945308,3.1584766055751814,-0.002821147027564386
3.092508245026825,23.905665499544874,25.94723659369744,23.541274400406387,2.879648442620882,-0.013061510689027167
3.1032415217363707,25.61772066489109,25.008057056491936,24.672522967132753,2.9940772632332493,-0.018947395073675367
3.0687900966937023,25.573727866506857,23.603594709137486,22.96811998644204,2.870369974625138,-0.01943008664624952
3.082383905001693,23.88199379457142,25.88101990199797,25.223675154223795,2.9792406426728677,-0.014867310436027499
3.3450223699264185,23.841060350390027,23.202966523759198,24.77682307138665,2.8855707825032657,-0.0068132394915269845
2.8431897996310607,24.813954947475835,23.954317651786706,22.907879532666957,3.124947631542827,0.0024642791257402617
2.9155592810636763,23.029039454633445,21.62181305531608,23.857504626413295,3.0944581270335867,0.010597959930140236
3.006796615007196,24.653347206266318,23.653315998798362,22.712547684523148,2.905265220628567,0.015705818433787776
2.7240253695339205,25.622918397489368,23.19557225858794,21.832948993874112,3.0667648525174362,0.016806704256569778
2.9920439137759383,24.64674612573392,25.116998888506853,26.03248150152039,3.020388233812377,0.013980304656142046
3.1758991607420204,23.592987401645196,24.593680929893537,22.889718180391448,3.176287596542646,0.008255020822732596
3.305203932770148,22.63498816967792,23.127146817997914,23.8987796335508,3.184039639065118,0.0012747886166173971
3.1657111546071723,23.793365777807644,22.623674845041656,22.095293702151086,3.021956170813115,-0.00515475811290707
3.104834743831611,23.592026957447736,24.281175672084295,21.504445326288696,3.2166582434599515,-0.00951979936070968
3.0458704661576133,22.238314146652538,21.916558334517976,22.495574696615392,3.0843330996613605,-0.010941188308449635
3.153191621167229,23.361146106312763,22.23831250307525,22.640323332401994,3.1059219869359156,-0.009332900557634817
2.933859398284014,22.119264663976733,23.495358701481035,22.998275763297073,2.985199812469435,-0.00535363685447883
2.8379423653333213,21.15048803945285,23.432544537459275,21.45555502054208,2.9569110302667583,-0.00018143751460229936
3.1129330783734965,22.239731226126715,22.422030656609728,23.92248108818034,3.2968248681308165,0.0048183755306029615
3.1320958032855177,21.9997370000503,22.17285858776829,24.221850574951684,2.897154441663353,0.008441802467107703
2.8410188557491685,22.88475237255854,22.770235797824093,21.38690327602408,2.9434531280912077,0.00992504070062214
3.040786770855665,22.10682984580816,22.504691736577122,22.85249830295802,3.1629938913178286,0.009091866107613025
3.043386615181753,21.899475975812134,21.163014791147656,22.282281829593536,3.051684003552852,0.006345151671760026
2.9759486230067016,23.068985889238785,22.732049825924218,22.425864279214295,2.9969416750164397,0.0025182119953934645
2.9712157436704008,21.344624054161887,23.177263072087477,22.586197243522637,2.847523328995504,-0.0013655997427208851
3.066632053060567,21.860151373651178,22.075119551089482,22.182759926932565,3.0629833245333127,-0.0043585234619724095
3.133631010515877,22.297499910416278,22.788530368951136,20.44619748162135,3.1389759837237476,-0.005812409225517923
3.1368473850869214,21.614219994714603,22.140130073518623,24.0300087574648,3.1361019247448696,-0.005510245824879823
2.921240568005053,21.42853989952788,21.689868033883883,22.66089026280466,2.9836142227588147,-0.003681280009070105
3.290006394510091,20.47114040777854,20.925026442783956,21.747605632463625,2.8993980130084887,-0.0009062231599895774
2.992422086614934,20.47300075884206,21.952911439910327,20.450993861244257,3.0457473267412447,0.0020547799445629626
3.167729763880412,20.302327188754532,21.267435725713653,21.637203072763743,2.9703072045718555,0.004462807057592552
3.197054303305741,20.801422454420027,20.62466736676669,22.253848496721258,2.802969461262221,0.0057781099257951645
2.888976021159695,20.80372447205247,20.99319530634028,20.574808831878297,2.9066118893677024,0.005774043879162751
2.7965969261775827,21.070269988852605,21.306626484807026,22.16595732530244,2.973913756595336,0.004564848753243539
2.9496163496821293,21.422822369392584,22.380947432351995,21.078738162264543,2.9363431948785834,0.0025480516755382173
2.921203566658881,21.411251575047828,19.500145825408335,21.038710220444084,2.9281856932347528,0.0002829705156205631
3.1193947556374373,20.892020735796304,22.062548600387704,20.93018810965583,2.9924826440472763,-0.001659531713671107
3.0132201666567733,21.396418260844683,21.500770901144904,19.985739095372594,3.081232576645109,-0.0028369681643186017
3.0593935507945664,20.921698923256464,22.527467787317146,21.6317299465719,3.027566491055945,-0.0030316796850475753
3.008583635507738,21.66207132959209,21.74563639207374,19.24479827381536,3.171062479932303,-0.00228414627324611
3.1010074906145344,18.598199599585634,20.684640975355116,20.577279865239813,3.1183064590078073,-0.0008605719088283485
3.020179827503749,20.17622624579656,20.665242772963584,20.354972651463555,2.8857651541014167,0.000831623971813431
2.927355632650246,19.71645701986593,19.813536748364562,20.537873006736206,2.7887590496971733,0.002355290625366502
2.9442046795446566,19.778294040870726,20.298418444848963,20.985315254575983,3.1879965386602382,0.0033525195348735747
2.9950978406808586,21.320591879632683,20.49499991033088,19.252108603863448,2.9755292722719435,0.003624809538052061
3.08056597409923,20.66264053602405,19.779865632426173,20.889735240442803,3.3099850435054607,0.003167434713088576
2.9661043521438604,19.5651592513456,20.033856702029237,19.8020858400233,3.0196068487868115,0.0021536554014962624
3.0048185403693997,20.589688992698278,20.405306217326824,20.35518109760629,2.8983762181684334,0.0008769988425345391
3.2119823126745075,17.483170415215092,20.416163903347545,20.7745086991156,2.931993721720591,-0.0003306800205347411
3.0065329427500296,19.84624378158093,19.315928270262074,18.824802082987794,2.938667496048228,-0.0011833015924978291
2.9635826545179262,18.785458076171096,19.424944718969513,18.75603754541488,3.0045173181929203,-0.0015061740301313
2.9889432508943665,19.500904763735676,19.60655124979911,19.639252448267932,2.9809082043686157,-0.001268765448016114
2.7826356582876763,18.19582069253237,19.15570079353989,19.692652651718394,3.002219375748398,-0.000579531957594832
2.9047251824035567,18.4764574034607,18.332993108609998,20.310385541553934,2.85349662989022,0.0003526230623161344
3.0127137643419597,18.665983173696297,19.17067481484446,18.26984541640048,3.1309733096692822,0.001277963177564069
3.086033497310655,19.83251786038016,18.605119014802202,18.519728867802183,3.0184174306137708,0.001970258142227183
2.9611815737872234,18.7313034455075,18.622636267331803,17.818509832148973,3.172365262945636,0.002279779044114651
2.976934686805392,17.53202667837638,18.847889314385643,18.59288262960076,2.9702377425218813,0.00216304532962782
2.9502964958451297,20.09661801300786,19.04678516491876,16.614310784080455,2.9461071701522528,0.0016841173909225133
2.832749459483185,19.266224718594685,18.515613506049046,17.613718863133343,3.116956443912623,0.0009896075141610705
3.121414082109777,18.810605860824957,18.788517175678308,19.860209109124334,2.981660990563932,0.0002657873351536226
3.096298911209985,18.1543260577872,18.834508050024187,18.110535356583974,2.920130934074962,-0.0003102058446198939
2.837778613343868,17.95146051492991,18.825248581953538,16.801055618768846,3.0121805695959853,-0.0006126747459709072
3.1487451657207712,16.75899258739731,18.097103257141207,19.444300294824483,3.2355875876689293,-0.0005934524256261769
3.1433094870349607,19.22893073081986,17.623243853766496,18.655576619284002,2.879619029785155,-0.0002868459456145556
3.1828453282578435,17.086497500714962,17.419769576994117,19.28562499770395,3.067172206356732,0.0002059210544245326
2.995259075497956,18.90447522415969,17.23642732986718,17.82970848238662,2.8193428117022545,0.0007471890956122483
3.192748140908116,17.106801889432003,17.47132624742374,17.16158210516472,2.8066028787231883,0.001199545316274616
2.838715634356734,18.28267241165551,18.418782078332686,17.340245946332093,2.839397074328337,0.0014592393383812386
2.808124763968662,17.701411069469867,16.68526583961626,17.464297237313517,3.0680806717134192,0.0014784867900013397
2.7856310984980572,16.79833682280357,17.034928746307497,17.6662287146422,3.1321912665978333,0.0012722045971102314
2.994097183374468,16.52184431224972,17.027807891321125,18.479608104078437,2.975161696176553,0.0009088999934165455
3.0601618438403606,17.414447231164107,16.739976096940666,17.221389882064123,3.009007550113693,0.0004893154787814469
3.083449999070543,16.42673286969393,17.573732237099275,17.202757840586806,3.267190042370948,0.00011909649980542049
2.9767621585272086,16.284269896066473,17.57406180071462,17.125314267075414,3.0396234190860545,-0.00011734469430025948
2.9205153076116535,17.194974049235768,16.864771083317788,17.326263453537056,3.090819457033005,-0.00017551370062486658
2.912827109320685,16.763371686509814,15.885155610802094,15.428995344782813,3.0881140468379558,-5.8171826753776695e-05
2.962875194669658,17.338519720145047,16.140613370670252,16.044017101092653,2.919462447459233,0.00018946652807933374
2.854793128577563,17.4031991348158,16.643714448485046,16.6399698856946,3.098636394712165,0.0004944470667907332
2.986235683828967,16.112917888381084,16.789713055381057,17.00143689958141,3.143067225904975,0.0007762527764060398
3.112340769874578,15.858503960885102,15.455673750665625,15.951813365573742,2.8895485369501315,0.0009670576187237914
3.221233516053286,15.954739567324724,15.499601077633171,17.560810903760032,2.7922121809072475,0.0010271215767390716
3.0220954579398542,16.045914938180427,15.855553757294876,16.900447615545914,2.9619691488804762,0.0009520055945255476
3.2060857012089077,15.675910452320057,16.68637749672563,15.513150931675845,2.8940681969771367,0.000770565810835847
2.908122902972304,16.700587190919887,15.87548003937502,15.889918634420304,2.9632904634734807,0.0005350211870951481
2.9920467056704614,16.10093899350201,15.823718604562144,16.104252976021176,3.096493081550894,0.0003062043393953015
3.0996229678102805,15.253654470240651,15.677241314696984,13.547723043411413,2.983298066424399,0.00013800564548631047
2.9170957840198466,16.11013337033584,14.930977370427314,15.750620680821255,3.155798118142395,6.486646513351773e-05
3.0761933938412884,15.938665851698703,17.588900784625253,16.10745985928073,3.096070734907778,9.509829364740997e-05
2.7645617506978977,15.640837973997929,15.805580555302818,15.692194931337617,3.099511319688,0.0002111442736409982
3.083613822608947,15.302992269855022,15.126317491965699,15.72775716010981,3.018128140622507,0.00037611256528473727
2.9872993259859126,13.678860944624386,16.52472943243826,16.1996664129534,3.052869698158429,0.0005444435163675789
2.9203018253899367,15.10195827688504,15.753607669935295,14.978157752908693,2.9812413281152232,0.0006737535644083067
3.0378501232833917,15.370776756668025,15.547010025473934,14.913218789039085,2.870893183524495,0.0007348709519091474
2.9955391097120696,16.02296168453337,15.626495558368493,14.207071508088148,2.9197697329949746,0.000717779259814895
2.7851886355603166,14.787345706857662,14.976309155027277,15.674583170382672,2.975603617105199,0.0006323801955429673
2.7846446715122415,15.841305175008394,15.690569910250588,15.600813571127288,3.007801185941352,0.000504342893975082
2.8094884795152906,15.35632285197142,14.753203111318566,14.66778484247364,3.075014978748748,0.0003674792577354904
2.9525477339819366,14.70604705927126,14.107764780818185,15.02088139640853,2.9462047849542308,0.00025480437167510635
2.918136162036748,14.99003953454796,15.619723439472523,15.212579529144483,3.053814295959916,0.0001905722622513905
3.026083174562014,15.68019405972315,14.957775247993848,14.625251665628628,3.1010438171998373,0.00018513973522854652
2.9364117898881767,14.897617675690691,14.388674472198407,13.726691017561613,2.897119449276683,0.00023366089217696258
2.889028619712251,15.341108266365953,14.893336957040047,13.688436288897833,2.985335255111773,0.0003185951414505101
2.8677583646948004,14.61129855625201,14.611078722663578,14.79017696629894,2.9577429212780775,0.00041508505744322524
3.155466670629384,14.737790966466104,13.484388870576575,14.413657708981784,3.0610467333946527,0.0004976445916861107
2.917789505714404,14.078283634020137,13.104126896889225,14.098468321293257,3.0478963673137747,0.0005464156056707366
3.1037200776703893,14.005886473133767,12.436197227852041,12.78666666563268,2.9586997707809526,0.0005515080159829923
3.122798672300586,14.56946855442503,13.917341842534118,13.89953044492766,2.8430828245702777,0.0005145349562083576
2.97400663697997,13.798118394172262,13.53242064963126,13.706504782757952,2.9494761096723985,0.0004472145902805016
2.900969425927573,15.264877036401185,13.745181928130862,13.828264387283289,2.955532945812567,0.00036763522485032114
3.076571282482947,13.822273303441442,12.872185255193484,13.681876449173718,3.051836892243951,0.00029529681669170413
3.0974397552316852,13.565870366526594,14.058967445173659,13.679244044285143,2.9315865890598958,0.00024624241958515994
2.9553767495191505,13.604647378569299,13.395907776774646,13.486151621177482,2.9165212440419146,0.00022945640506070411
3.0730618184921568,12.205125748652865,12.17656118210815,12.453585145516781,2.950605136851896,0.00024529516855825674
3.2075803531767404,13.091849860666622,12.944679784636811,13.806944009399139,3.322235533559435,0.00028615451743104186
3.019250629444455,13.319482589851441,13.030418062934473,12.784686269451155,2.9279439608762767,0.00033901582423135837
2.969074032679069,12.276812586281096,12.941437577848834,13.736176555662489,3.0351052378891685,0.00038908713966428235
2.9523105314646094,12.87598351879655,14.180397313232938,12.890975940782745,3.125050568314038,0.0004235575353228636
3.058796651815633,11.984802913932917,12.42326608024169,12.180940015801198,3.0110543659204603,0.00043454120789188186
2.979116099658367,13.505188635815772,11.28117189624902,13.512298109678795,3.0275115893736144,0.00042056576377460543
3.01817847445072,13.585874793308856,11.828389145546302,12.19581689841455,3.036192337453286,0.00038636978963753734
2.9461631535721793,12.60981899792277,13.431864570485827,12.177529304764303,2.7940295407092863,0.00034120675975081146
2.9020051710265333,11.821233426167367,12.344242513906318,12.427981793577205,3.007327971301496,0.0002961985704626834
2.796639635634268,12.904495586133768,12.225340878905973,10.975565951757899,2.980242162000175,0.0002614657587571899
2.9866074715193576,11.658736374771724,12.328522463437782,12.146140940802141,2.8645357767885034,0.0002437522503834238
2.856446460168579,12.085945800466808,12.109255828877584,11.443018148828923,3.1580080835367323,0.00024507939316561523
2.891347094462522,11.583574687729998,11.204560379722551,12.192135818244411,2.999313477517291,0.00026266682467289816
3.0638755613726416,11.0213608963753,12.112724241244036,11.540513260371716,3.032202112339962,0.00029002868980839406
3.0791631941338284,11.55901414828607,12.077724959313235,11.251911953353769,2.956765918654066,0.00031887571643939315
3.698460772958654,12.54140566496574,11.76755269575371,11.831101903268486,2.7482206900623725,0.00034128985988215126
4.356638137964546,12.233459937041804,11.90540024264253,10.618053209095496,2.974500332034234,0.00035161851992091
5.354390954158416,12.004349649673427,11.491553113174092,11.5455843076581,3.1001307861421674,0.0003476519108265991
6.348979344630455,10.467720214086583,11.867461562848602,11.166030046039367,3.0368531139976316,0.00033085975021478333
7.759130604769138,10.304808191472837,11.065106327809065,11.036430503611385,3.0257882869820825,0.00030571190041776174
6.980465557354348,11.460887521306974,10.359665617005541,11.288341154344042,2.8812229392529614,0.000278328351826495
9.42544923583486,11.585539706151543,11.378234379583347,11.25504063914999,2.9912452651016967,0.00025484568147534286
9.283272601169447,10.101642178825527,11.347880579677142,10.992036475022266,3.020895419126315,0.00023992227097346946
10.672192604732347,10.637424054535485,11.249587558984498,10.66341671116037,2.8845117146549266,0.00023573389046869231
11.680318351043866,11.068275842162011,11.587038495114857,10.296027261719779,2.8751642737509506,0.00024166119448692402
12.31756447835345,10.67059051710639,10.664187602122697,10.129945965414757,3.1680610914712912,0.0002546846890859302
13.84188486049056,9.8996088077756,10.578769614479953,10.443425876623465,2.7912716292838735,0.0002703292189164119
13.845614268621423,10.080704708173784,11.042199475212746,11.290355439505307,3.032078861675763,0.000283880108277444
14.329209662099592,10.7927058477039,10.387427672925252,10.600860939768365,2.986640865647241,0.00029155127889951733
15.973972571187083,8.952931167868337,10.16193513494928,9.960345529069706,3.134816447143955,0.0002913252963788476
16.09901078995543,10.369363842207637,10.313555623748586,10.62736221087637,3.105029724548795,0.00028328960905965887
18.370098486492175,10.367003451923004,10.14822553410961,9.949531692851362,3.0962434436706467,0.0002694312003332708
19.032741475263673,9.388733741737951,9.264445205535049,9.18744508385108,3.0628219880267014,0.00025298696621433496
18.48146375360409,9.35989570283788,9.830255018478486,9.767063089196778,2.966701531379039,0.00023754672948322704
20.805631445579397,8.584927244809476,9.570569091333244,10.18711321273831,2.9727896572510195,0.00022614878508553864
20.39811954715808,10.559072243204895,9.974140052392231,9.2166808857617,2.908090944853469,0.00022058871511961988
21.795074051834764,9.746561286660816,9.723932029866145,9.755591057997297,3.119389590529104,0.00022109102180422214
22.88602467689248,9.266107788287076,9.751003068574793,9.878615014242529,2.8201310647853965,0.00022639176643644832
25.66061165079634,9.441592661654688,9.284001528155843,8.547476210194564,2.7425732005490344,0.00023417617739609066
24.504543799101455,8.828480793688067,9.191432771406127,9.172196950289848,3.143073346773758,0.00024173371177634278
26.785520640334695,9.040446706493407,8.696435297188723,9.100434053366492,3.010985931107211,0.0002466521612949462
25.474690824492868,9.461031151134287,9.029461305598343,9.056312773019084,2.8145167442555117,-0.03215513728226242
27.332472284709933,8.57126761170103,9.030354110209533,8.805503919937495,3.0211494182047707,-0.35240800390386307
26.092440602398554,7.984361203702663,8.506769371813803,8.861109826478927,3.00695102057259,-0.8130841805713664
24.730026278287415,8.578089028535134,8.828103773469255,8.306768219925186,3.1877207477992076,-1.2748294153466517
20.51939504178088,8.607668475805953,8.424216724666337,8.918013684477458,3.2317354887049428,-1.5
18.72522578428613,8.50745523433412,8.572040717879203,8.798232378547342,3.171530141579567,-1.5
15.995292810671526,8.918803129468328,8.900310553256581,8.370136453672101,3.332479577678946,-1.5
14.525391213720736,8.36735301806075,8.731578565187391,8.013460619675197,3.3951351069322375,-1.5
13.156922039999912,8.5663078999396,8.184762265243526,7.74845276959011,3.4186727800843157,-1.5
11.332033991471489,8.413812459850838,8.513164186304737,8.00730988858783,3.678421045501245,-1.2679818256327047
11.58400662417492,8.150994473281676,7.515904496545319,6.943386088924257,3.7742972213394026,-0.8773409530120353
11.235449217266074,8.454589851853171,8.041705758764785,6.942346334459537,3.731275703236649,-0.5354155169799348
10.673407255000017,8.244260319642398,7.803538361955984,6.863980032126943,3.786286375408103,-0.32402693450663267
11.086704963434766,8.238419498522326,7.9820256268469505,7.335657131074061,4.008510258121694,-0.28424018746858726
11.101671378670607,8.375424429232174,8.043094794058078,7.267889939468005,4.046368826153652,-0.41109285885048164
10.584881066538207,8.015826546537873,7.268949706660847,6.856570158308818,3.840486961928366,-0.6592097111098569
10.133103825582438,8.476883048601962,7.171740177142056,6.721752843993631,4.1756172088158605,-0.9575394106161225
9.936556773595795,8.665655941606266,7.877009473936703,6.656905894372199,4.419252178262754,-1.2289886036725863
9.965978617727282,8.488067844195223,7.128949514105443,6.891383282576912,4.2389828566632035,-1.4097689461838103
9.368556419857857,7.985191734353259,7.479878161814789,6.51182711089458,4.344104823071071,-1.463772141800232
8.600769220611141,8.300133022165683,7.565052173628519,6.4104801566136365,4.470914494040052,-1.3889245089086237
8.247306291736058,8.67038722620425,7.4448292250378065,6.045748186101716,4.60307510016361,-1.2147016078863935
8.109318917595843,8.433079055779137,7.004578499583255,5.967271257072798,4.967116825044565,-0.9921953826669299
7.928908604827605,8.735509268223584,7.449428406439582,6.043865647711051,4.913661968873761,-0.7797969502525587
8.017681607394007,8.177158087960825,6.680102087370577,5.73249470354421,5.4028657525469015,-0.6283477191341811
7.762777240201909,7.944743456863059,7.330166099254736,5.498656269422342,4.950676726411943,-0.5694113416299068
7.843451206774521,8.59900274062902,6.964681798440007,5.533668034584148,5.643475704152537,-0.6092550750176301
7.948170833895189,8.190133810642992,7.054626108417599,5.5882260964153785,5.7301761722093305,-0.7295215430824886
6.989285301200088,8.704921651797232,7.318029131836601,5.631679713618482,5.375023492623792,-0.8938526053256424
7.60303482919757,8.326442412534595,6.409204416772388,4.987023202549072,5.51583641297859,-1.0583297211674787
6.834458432896431,8.496039742992584,7.081707128268627,5.277676899718813,6.2070015762937905,-1.182843621874324
6.687791658034724,8.550429369708493,6.8709649795365815,5.433654834961048,6.178434768404397,-1.2405339427602362
6.922744584386202,8.539351259590969,6.479280833678525,5.064582703978071,6.15272999666928,-1.2231684894138537
6.47863823289338,9.02149926223402,6.694412716966692,5.581882678737464,6.712802280625667,-1.141513949867521
5.8937153892131375,9.05365420568327,6.643459316993748,4.832441501217515,6.772042373361588,-1.0210518537283548
5.809064667519251,9.225117755961275,7.114638526203363,4.816924572734927,6.524871159646363,-0.8944901053541892
5.5733536901453435,8.736866829952481,6.919525170516787,4.9545011895983455,6.485271380194041,-0.7931690290858
6.2901600665576565,9.037420322224389,7.108821342966354,4.983211694378571,6.428307285615976,-0.7395470541220851
5.860234857997133,8.458167523165258,6.827595663209786,4.61467774349555,6.29852153038949,-0.7425018529112067
6.112333652593738,8.830737510267811,7.010531271307569,4.606712353244208,6.485738672294135,-0.7963494799402662
5.727671487297896,9.264105592967114,7.565006987350819,4.6973492480100445,5.944184156321961,-0.8834997581172075
6.098123703052314,9.115649367259138,6.845292953161073,4.958614624448504,5.169658835338304,-0.9797841462789683
6.297657457885838,9.903717827738173,6.360388004391845,4.198446077445865,5.132829746150095,-1.0609219594841206
5.486128492438042,9.570769129196599,6.871559080136611,4.44883673831222,4.918721553715249,-1.1084469281513196
5.842541273118012,9.823662301718734,6.945434767041583,4.710661471399569,5.0494570659639635,-1.1136965283223463
5.928026082286589,10.000033542987167,6.88396922765115,4.653518461476829,4.822365753379857,-1.0790633092582556
5.283122463655723,10.15212478451693,6.8621973793757105,4.692915107222616,4.742298975997893,-1.016445063817915
5.194249125997787,9.842512278162918,7.546441656170651,4.27336627945135,4.379505722188107,-0.9435169477948145
5.320822414431744,9.88365452618348,7.519495638480994,4.61729866397718,4.2247050941554605,-0.878922731033269
5.22467000440248,10.771805885876706,7.280952905640299,4.343679909545085,3.9978450898126,-0.8376492052038651
5.428118839957699,10.289159572152949,7.214398339081823,4.3511678059049546,3.831576160638066,-0.8276938623310954
5.313239589026301,10.350957842535454,7.265812517123412,4.424781304963356,3.697136244248476,-0.8487255333452772
5.504502836074435,10.489772807447423,7.420080168380415,3.9684197604032114,3.752068020499022,-0.8928916554988671
5.377009731216054,10.789811274748587,8.100321326525325,4.160906370034007,3.6978985189334033,-0.9473887045427587
4.756788121435267,11.023832148496828,7.524415614078689,4.395645180071116,3.2617612131791063,-0.99801502985953
4.772684746781145,10.850733660607858,7.695125462122514,4.355625362661504,3.3694054646680693,-1.032753616989609
4.943270488484637,11.41931958794965,8.094651591310074,4.360464132302202,3.197834288828967,-1.0445087018567105
5.188961915682135,11.419691391034414,8.02093147828083,4.542793174614413,3.2104974056399103,-1.032403780884866
4.820518180747988,12.163441231366175,8.396710686627518,4.249980766157186,3.170545730647964,-1.0014512872307573
4.379713840168405,11.469161599874228,7.848014202014003,4.090637260873253,2.9165553350112585,-0.9608171574114811
5.008972788270089,12.793124068443777,8.635602102927999,4.654929220070064,3.025504030882682,-0.9212256142336933
4.644030232029829,12.725628088494757,8.540508800012136,4.352381149230717,3.0001053376835602,-0.8922108987700801
4.507714138578897,13.188561447199058,8.919677552376218,4.693022150279801,2.971121793452832,-0.8798984270137287
4.097907192109082,14.034228971667249,9.089140306564252,4.501427609538439,2.844851330701664,-0.8858097869418118
4.707651758932921,13.355682648628827,9.251812545369845,4.90861717741697,2.816711992124423,-0.9068937344778933
4.481917938041202,13.688485619624364,9.34155892444844,4.728795873906164,2.9056764487812194,-0.9366689120808822
4.2209317702852545,14.712383974449018,9.302771286093302,4.748537793481784,2.66835032204753,-0.9671027623733726
4.318681217497964,15.647989807337947,9.858836729660936,4.854816734101206,2.774874613767249,-0.9907042585441901
4.263668112237376,15.745947914905374,9.778826216992707,4.830139927829427,2.80868705691877,-1.002301651254854
4.480327539964156,15.587271621208442,9.245019074486825,5.20775770899127,2.525421117253036,-1.0000996437926872
4.048423308158853,16.77639424256324,10.598100870229656,5.163989339327106,2.585088986892945,-0.9858216190502552
4.078480414217839,16.163099248124198,12.233340966710662,5.459836045391843,2.5751782331654987,-0.9639824092829795
4.232603685163816,17.28600199904064,11.22970847878696,5.326646521917495,2.794048501828693,-0.9405447350953218
4.0008158133437774,18.60052599675691,11.59513081532345,5.745720070799033,2.6595927422799575,-0.921340291888058
3.7616909427211085,17.38024355656036,11.989318799317184,6.0819254268864835,2.5597354392262375,-0.910660515333889
3.986716897662623,20.00573693584297,13.02701699727836,5.912035160029814,2.5684751255309775,-0.9103454959037013
3.9435449291153137,19.855123686342363,12.975557246241493,5.732792081229414,2.324937223701969,-0.9195496181497257
4.085079474931445,19.72155019905008,12.921494910059618,6.051851709403058,2.5505481244212267,-0.9351820619091583
3.894284161299259,22.39795332471162,15.052492353453196,6.624777891624182,2.589243759832273,-0.952855948113642
3.4535704437041663,24.431598454559683,15.426968804210773,6.880596872492477,2.632662307599024,-0.968070390569642
3.422608668315481,23.433101702662356,16.738999474650562,7.039785708151344,2.2362889046567473,-0.9773170276931
3.5559520275995555,25.487438575371215,16.65884624238258,7.416280175721851,2.6489635397135753,-0.9788480165458213
3.4760874383246585,27.669211213815924,18.321407307981808,7.872875286723592,2.5473210345441846,-0.9729480108367712
3.6831870808469396,28.771851344071464,17.474146198704208,8.457298115355643,2.427109072511618,-0.9616872660996738
3.5485214584825053,30.017116299707794,18.671578725950255,8.817282875497257,2.6090126688671234,-0.9482613689419694
3.340301598324702,32.29905492710261,20.931878144428957,10.1630935911743,2.6822803228388796,-0.9361145089930057
3.3157350746961822,34.96782073473306,21.437858314847595,11.208658131727047,2.587667337854298,-0.9280787219682524
3.4327414078159437,38.06108347719229,24.040637350478402,12.41756594779865,2.620426142839505,-0.9257373779226894
3.4282369644619006,40.562074168672154,26.41042516008492,13.565333665243434,2.480032005024279,-0.929148425012857
3.6122728284952723,43.145190664401014,29.584519896219824,12.745079888126858,2.934916872542533,-0.9369634457589902
3.132152787564546,48.678735406246446,30.31198249137545,16.157950077700967,2.7622256834998713,-0.9468789829976498
3.082581775970495,48.277213134917474,35.05449741425122,17.167641499531793,2.6557124830150483,-0.9562811512045667
3.2035528133415094,44.23709987357297,37.241805345720636,18.370604220174908,2.776992832672596,-0.9629095753148071
3.032969801788347,34.75642253059314,42.69403831038337,20.329445192228683,2.9450368596172276,-0.9653771957593822
3.223357926430246,26.781906059325607,46.745008584590366,25.407583629013065,3.0201343682050643,-0.9634318988345836
3.1610444810566767,24.184666693909897,48.95240127002756,27.869298370257738,3.13145630770188,-0.8681794564914975
2.9897914874933202,23.619686170485735,45.46596493870615,34.876233101781025,2.8501379588289506,-0.5134638110889691
2.7344090771368905,20.9397594789849,39.37584999388848,39.43658275952873,3.090230474035628,-0.04613872715040257
2.864741872568033,19.37143076315377,41.63384468706601,38.224194322046934,3.1437399127699233,0.3975994671331788
3.127723468243982,21.175514447795596,43.19861418565983,37.622326628644366,3.2356094806777147,0.7076625149406433
2.998909815414003,23.420353446484988,43.64902524614695,30.54495203278431,3.1376403955805667,0.8189479999718476
2.920639411303848,26.55836897018396,53.82648020512604,28.15892660215214,2.8499061652877353,0.7213576923816611
3.1107755438975686,28.92672393798786,46.55481935202615,24.45345199340769,2.986000613297454,0.45681282613648116
2.9040495805413937,32.834196297148694,43.765018814858045,22.27217010948542,2.8297801479135236,0.10429496428226093
3.029729887867822,35.939221568269616,42.21129192823841,22.259457411514372,2.8540493452244355,-0.2426829983378552
3.3251480745341864,32.24733646916949,46.014780459168485,22.371202545129098,2.9073338808232507,-0.5001259590513569
2.9197828474104557,28.70210876037408,47.55818208849852,23.179757436799143,2.8643881410580487,-0.6131710558091631
2.9527524863255703,27.481117379953556,50.74086491203414,28.217121175141273,2.90517560108937,-0.5668927259393092
2.743753119516956,24.44658488732986,46.548994262560754,29.599426168903758,2.951333771413309,-0.3864437767260121
2.8399871134648156,23.34890402593497,47.869229357990804,34.141581108944614,3.227793717010618,-0.1274315027661944
3.130388448921144,22.911442883845883,44.773737502774,34.11315695091286,3.053262580259621,0.14027617805357287
3.004164535512373,23.48895982383921,44.28030821423166,33.73004847144784,3.1957196494161093,0.35079957498896724
3.0717492863494558,25.123945950372978,48.94259784775977,31.371117501082146,3.0093228251667474,0.4579300085398951
2.977432661632816,26.006530021203353,45.47810607223714,28.79666468138066,2.954047795527177,0.4446545168209427
3.093134276249227,26.95607248515033,54.92702255464895,26.290285136208055,3.1411741221375014,0.32474369878441556
3.1754568408260835,29.506995166425796,49.100111083196204,23.38096317684593,2.9272917523580917,0.1367103493231166
2.9372291025462216,29.363256436712156,48.49984608779058,25.85970596961236,2.838030518730563,-0.06772451477059402
3.077436545024058,30.84626155024912,48.54778824301072,24.78237409053257,2.9108373456046204,-0.2373716939924834
3.1986419494836875,27.597776389008956,51.474333632188085,23.83653004221009,2.9122488463758422,-0.33398339745074623
3.303156758075185,26.226837399962324,52.67449836292023,27.047298345330155,2.9236898367254778,-0.3404288321607011
2.87417096217837,26.442792464263864,50.340107163003566,29.486802753309426,3.0835842787594885,-0.26301662663151415
3.020119642725082,24.334575740222736,49.938292389935796,30.217337146971264,2.9203232676022783,-0.12791068777013315
3.0890623624892166,22.054920863499426,46.21411955251312,31.02339145638205,3.0785380533543165,0.026972174356096924
3.005435943075595,23.936880126773257,49.34628574248267,29.72773757709078,3.0212031928340095,0.1622163592224646
2.7614527265335607,24.24955560681515,50.371236393811685,29.941588124010384,2.9889142653052607,0.24662990366025775
2.9989962347713846,25.404564018715487,49.121385535763466,28.54235444119989,3.006963874145135,0.26411579337644153
2.965083300565248,26.45864629173056,52.41576160511642,26.878339377880256,3.1927182632450433,0.2162694410714163
3.293070181669544,25.824245835550595,51.69508931100053,26.908924003825355,2.870741302622876,0.12044396480315331
3.2179881659709633,27.49681651757603,46.964098958887256,26.34549405464553,2.9390669921300527,0.00415019556920837
2.818039222185907,25.69197073350491,47.227116309239165,24.68998906128178,3.0332223607194306,-0.1025255801484353
3.03682267494988,27.99215707410577,51.3958154337322,24.641786125428087,3.0011586674446007,-0.17446781396264935
3.0687593402414244,25.363444140844273,52.1140415284453,28.248048183027173,2.870389229379897,-0.19720867077773055
3.038362303875365,26.544992998305222,49.423980537442944,29.184620378628765,2.93532563337439,-0.16951777300496765
3.0374437288635465,27.91406928636553,47.81774988885041,27.42272133145176,3.10212713975624,-0.10254442455771717
3.2220927835172386,23.549273622159266,49.48483829944765,29.601410442844223,2.935318372593476,-0.016022390388107932
3.0057242755571854,26.13032617548401,46.45440746107604,29.227621193026216,2.95384581719473,0.06728249816603793
3.1331482017734413,24.592978169662004,50.292336568867135,27.456426193723914,3.0234871486504034,0.12737719174980414
3.0101779174565872,26.308253100002613,52.1043651507789,26.034599914130094,3.015934744889988,0.15166409874942938
3.059916636330318,25.625221524380617,50.556498759708774,26.961887800525105,2.731448230775502,0.13736007001671977
3.036885209270211,25.083005228455598,55.63115623511803,28.812771535148524,3.0785956243379906,0.09131572601666804
2.972863410509346,27.971927250826152,49.71454277429354,24.138585378901617,2.7821742138992267,0.02750634204538288
2.992815078612566,27.2609885923983,52.14678061995111,24.938616624297882,2.9516638693843222,-0.03699162562419557
3.0115467242117147,28.1942735822418,55.80807006788553,25.09681889865438,3.2133428470148964,-0.08642694386146389
2.9725374166860394,28.09474400377683,56.733933066088255,26.451566039082152,2.927287060004968,-0.11009060214672678
2.769551598224279,27.491866778270598,47.212672141331424,27.543047658541475,3.075219912136226,-0.10448093437674685
3.0629827664923415,27.933454914589195,52.19384941043781,28.44583207384103,3.179852121126582,-0.07352566917546824
3.008478708043094,26.63795821559942,52.760789951892036,27.15864043444195,2.92585293529588,-0.02697672723376206
2.7335278948043387,27.28211889992616,48.485623429908756,26.91689784893473,3.0112035752946076,0.02247190572655644
3.0770439304209165,27.709154839281787,52.495377533492565,30.23549780489788,2.8706443491114646,0.0625302799640265
2.963835725053944,25.905416043419905,48.01243065018748,26.016019146026263,2.859920441279924,0.08426776357189406
2.9352003254935957,26.702470039803043,52.49468589157585,25.015712497020903,3.043132693573005,0.08399253938481686
3.0619719515533883,25.36696173620362,53.04806967070798,26.847384553942348,2.6725128903248567,0.0636920112856908
3.1355388612577078,26.58445902074626,52.85204183442845,26.450903685816538,2.910709841590418,0.030052753678812383
2.877437636912097,24.958193835537642,52.27433032355658,26.43761890603211,3.109875446718413,-0.007577347460272535
3.107423210655132,25.52326422784296,54.033284287193204,27.08012709605727,2.8063082036440905,-0.03969641132873188
3.1696729478398975,27.604436518212026,50.581513735748494,28.096008126996736,3.1073918140925114,-0.058974177262572265
3.1380822916551776,27.206088761410182,51.91036261992686,29.157903029235488,2.9517464718389377,-0.0618458928872236
3.0252846539228972,27.04353628596276,51.465433547954795,26.43162135109155,3.1490768133286946,-0.04905058756108323
2.9893626728864477,28.55566160386934,55.93845172677381,26.407185516090554,3.035700768883246,-0.025075025369362323
3.097279905389916,24.639656796950504,51.87047513224562,29.850420483929813,2.7904094316414048,0.00326569703447422
2.960905808125389,27.527759795903997,53.30286341666764,28.49439066513115,2.8867174471680674,0.028690045373150518
2.9812039200033955,25.226107338740476,49.36038853256222,28.95038281725824,2.850605672053004,0.0452626866370045
3.01616602734486,26.496125649293727,51.6732517559466,26.5580518782612,2.914144465271608,0.0497210955021109
2.850976601344934,26.644373252747627,50.443147043662364,25.247453660803966,3.0402558290915547,0.04203580359579849
3.159861726327961,27.09653115377406,50.54243870132868,25.22391292669115,2.9898498891359075,0.025134954370429077
3.142216628382924,25.04997291836054,52.916686046828126,28.588426877084412,2.9383545503510606,0.003933241261174123
3.0128772015287897,27.62521889052756,54.11508361895864,27.43679989558918,3.0116820329501643,-0.016037669711768694
3.1467383308114676,27.505301973701716,53.53808276748958,27.223378001622272,2.9067498917359376,-0.030029128855542757
2.997539582781154,26.654098149394372,57.10309219443522,27.40917749689552,2.9370680552848456,-0.03516257609031241
3.0674284086229187,26.2840269524977,53.153259244706724,27.325221485104986,2.9155846286647553,-0.03096652706793679
2.8578185264158464,27.198443653912424,51.311011705569136,27.463457820429575,2.8700890801026544,-0.01928088923111354
3.1348253289601877,26.69598214597406,53.536299699679894,27.914586058412382,3.1441524656947997,-0.0036071956061111857
3.0266353523034897,28.820778887144325,51.17001761044715,28.241690843517617,2.9909895020041977,0.011888696938863042
3.106002026148452,27.169556122029995,53.55595194911255,28.226688711015843,2.9482989941321742,0.023448385000831552
3.0920073838837494,24.369907962205865,52.94069352292178,26.604561473018368,3.054875811846539,0.02859985834476172
3.0778803415892995,25.6872227257629,52.95302503666066,28.04346430748353,2.947168589967639,0.026646580705589284
3.0276465247308,27.474774632316823,54.73882146923862,28.24822225737306,3.121473265814212,0.01868178006863313
3.0150209478956143,29.212105087443003,56.221470547281655,26.627626141627072,2.826008635549025,0.0071659747909792485
3.0824689699547325,26.603858931401973,51.07514165366512,26.42080224765429,2.9100980635928786,-0.004791281673315916
2.9190436348711417,26.869201733352053,56.76483873680178,28.261101673838144,3.0414745365633835,-0.014244804196548121
2.9809390733803878,26.593951313736312,50.898425154877465,28.005354513211675,3.0089072191951103,-0.01911607940030738
3.0006556991348363,27.93086188138954,56.92797511904564,26.92591773166668,2.861041056164997,-0.0186232846402638
2.9452287034397084,25.003965107934654,55.062040249786534,27.631557869838637,2.8132270133933215,-0.013358184743197835
3.2106732839325836,27.12552669941727,53.72240303798306,27.041501088958785,2.7577920857439113,-0.0050220626664457604
3.0256296520323382,28.115083003233224,53.0277760951664,26.388113194652068,3.0314984198197847,0.004085252802842438
3.0631897870713702,26.46530865464945,50.5279948722911,26.528408707240096,2.767212210875728,0.011677341069495969
3.0750392851150306,25.371418343987415,52.112380633365355,26.687960499960926,2.876920326531059,0.01603638730097156
3.0451266215287016,26.89711486402277,48.848925018633025,27.020174359338263,3.139553016915312,0.016381484979763203
3.180453994466255,27.003112079977075,55.31034391884177,28.428035632673293,2.933074239050869,0.012976759352076223
3.1871990964475594,24.76275798417953,56.79680504308313,27.83869660642778,2.8924905071094202,0.006975744867547578
3.1212319645980444,28.29041377393416,50.56411044326694,26.589847006314404,2.9789478315542612,6.294050049763817e-05
3.023792891644635,27.17277655773412,50.3300327861865,26.019265453713697,2.773430658228172,-0.00600250477555051
3.0331779986595917,26.049640286869344,50.397768047741565,27.98252972485458,3.116080972887128,-0.009821383104010921
3.166793496638737,26.39669546758409,55.234120188872296,25.368660890765906,3.0387736146731275,-0.010663442451730884
2.840639079825595,25.735233096284798,52.349955342156456,27.190337415234914,2.700690818510044,-0.008586607494878646
3.0003699408877997,26.373078597286607,52.244299624979355,27.69701371407035,2.9610541706940534,-0.004353986592606962
2.9851385195156555,27.196034489701614,53.24486771149515,25.621702039028712,3.029227624760327,0.0008134634819279326
3.1651878350072353,28.446359077566846,51.87950938871068,27.519907271651633,3.157625566711716,0.005574063412710438
3.175674334163128,25.61077600897476,52.24757249377334,27.50484788490449,3.0241335223843233,0.008802443716928525
3.049167130761679,25.436811587531654,51.675604080520706,27.683066757567417,2.8768882307901986,0.009844479470574877
3.0527559984639265,28.95540271595497,51.53035957391508,26.534247202998053,2.82906943480277,0.008635268967810028
3.22856483136927,25.544545041636386,54.69709826093467,25.57858390014492,3.156809477454559,0.0056634197549945975
3.374466072003721,26.697756188239943,57.856362296291756,26.616263010870682,2.9156800750492495,0.0018037675270219183
2.6632387301339793,25.910657587133677,55.878776633717784,25.340938890191126,2.951972990270774,-0.0019292656265052
3.1087929411094697,27.24189121441794,55.73601306980179,25.91916836293715,2.9054050769710598,-0.004640719390074701
2.9277115405251193,25.40172121497892,51.66591009288018,28.53440447573453,3.0787510390931425,-0.005762429400508714
2.863226187072141,25.566775308794355,51.590403588019775,28.949081903549224,2.927135116715181,-0.005162715984824817
2.956059848381734,27.781018388889215,54.707815121323264,26.351064442845598,3.0591567631469574,-0.0031402717929072173
3.180478483967291,26.87974640408007,49.60266218367908,26.570974685453045,2.9148800299306927,-0.00031385838209738886
2.731937433252422,26.880004349768146,53.39714626876405,29.08022562109072,2.8094821019374963,0.002556239571459457
3.1106493040509697,26.109860364711064,50.94371883405118,27.08459566594417,3.112766676947034,0.0047655903252171415
2.982340600838024,25.546927870999177,52.54975485693122,25.87163922369851,3.0190667417933343,0.005832146521514782
3.0815804287107187,27.69790912459331,50.39460941838404,26.76259516844484,2.9652213568780645,0.005594105102622933
3.1436715404521514,23.342690552963223,54.57675683785996,26.017420334883106,2.9370401280630674,0.0042212856849777065
2.90593158132059,25.257558731229032,51.99756934921668,27.101134365807845,3.1480141126508285,0.002144818360909673
3.29073160952156,24.595338016292146,52.82660117090178,27.947353743585158,2.9704094893781785,-7.060859704036463e-05
2.983929975224003,28.126112571622116,48.86819348699718,25.761207768020313,2.9777568169744795,-0.0018758332217396847
3.0704266982257593,25.90702137369412,51.35077043300929,26.677993999378973,3.100986280537172,-0.0028694940699561604
2.833983740297179,26.33366754591009,52.49952757752073,26.380089306461333,3.008851964723649,-0.0028827764723021784
3.1211283585225775,25.037697363623547,53.27211370699302,26.9291932964477,2.897660070248796,-0.00200016358015981
2.9901859811079,26.55591613421001,53.03410639477878,27.296881779157594,2.8987577263870317,-0.0005167368293019175
2.6810565534481903,26.700406826394904,55.566480006311316,28.430740588247083,2.810403611075384,0.0011520373177134904
2.9762106542729034,26.59339266713267,53.32419325775698,26.84640583621267,2.973178498761685,0.0025819287685705326
3.03981925395516,25.637424279709105,50.916320194606506,27.626692637828782,3.085980983764896,0.0034439403808554977
2.942303612839153,27.77485905813338,57.50356502950012,26.973194863857746,2.919242385685022,0.0035760400658185762
3.114084772035451,25.42132349660335,54.09373601730699,27.544420388730575,2.9482779962284296,0.00300799375427373
2.892306879565912,27.150387098017184,49.704666656249245,28.425822529909652,3.0726006016045617,0.0019373561198470632
3.080431879178684,26.593519801927897,54.25904381609951,27.316238642825393,2.9055242578542937,0.0006667309180409819
3.294245503577107,26.470511887040686,51.450947114859765,26.15798203836356,3.052402194726524,-0.0004790466043446957
2.876296599750009,27.28733554707882,53.18908966176081,25.626150223490765,2.7533793267691724,-0.001233897575218537
2.825715052293236,28.903127026775287,52.951116381439505,27.42218946949059,2.9774880382541022,-0.0014501102683325646
2.977249670561719,25.936687509718983,54.06138430005407,23.934848129112147,3.076897925010655,-0.0011239369636486085
3.064155687995899,25.717080157184675,53.024197119033566,24.77041129063128,3.1338237380042666,-0.000383921552657438
3.058016076917057,27.317775751319285,54.48168627240014,25.67312000799643,2.9485473843089482,0.0005519439175050017
3.165111818235916,26.96752902582043,53.934063936936745,28.437028168677056,2.992319705641756,0.0014370835737039748
3.037761281381804,25.177776457978986,57.011189419397326,28.142580640485672,2.8528766091896074,0.002058837114877142
3.130908356766285,27.319078013529328,54.056743185369406,25.41843822673157,3.044852571515478,0.0022872429552447332
2.931221404584504,27.249084247924124,55.61857440848131,27.446904988992255,3.026244866438902,0.0020994333882048614
2.8438042254032765,25.50073918112761,54.517675805514365,26.610667487748092,3.1782180096994264,0.0015758373972288137
2.763612591651371,25.9472067458278,52.71763733644948,29.003536451252813,2.8575172190623257,0.0008715795296574964
3.116982549728922,28.23677417119444,55.347156422655715,27.82840767210782,2.866339441389676,0.00017220276011737387
3.004857274030942,26.39718236649056,49.3737679707804,28.555296207902707,2.868398261290272,-0.00035414009835909417
3.103388703932661,25.41448848093247,51.86437150283557,28.25429939830519,3.179783823226495,-0.0005960841528824568
3.0861801698160893,25.8308173371792,52.57810329865244,26.47691587706434,2.850751240438213,-0.0005211876711039103
2.954397407582042,26.993970163113687,59.63691164880576,28.424313639882904,2.932237277991406,-0.0001769274827571943
3.1269396238156264,26.26059198714528,50.78579452345632,25.219857042933445,3.056711744544838,0.0003278397474198624
2.947597143204559,27.250645381161743,55.05849923482126,25.52767246287348,2.808422181724888,0.0008547316562347969
2.9245940668623605,25.40711818973392,54.168347845286334,28.452407717354657,3.010007624241979,0.0012720944905103867
3.0959519764420493,25.264643218679662,55.62773700003029,26.834044003036013,2.9680254990759805,0.0014864509473023072
2.940798604037974,25.810237633270038,50.655017582849425,26.490270398302872,2.9969106895759205,0.0014619092890769808
2.9155793279557325,25.90887149368981,52.59218951416492,26.77992079969239,2.960825846429906,0.0012238631446294707
2.874520785111554,25.305358619927468,54.78353233314891,28.348903047075495,2.8951645431705435,0.0008474549213498617
2.9563439455111737,26.559924634969164,55.02733153456049,27.463120568507247,3.1271775790241176,0.00043494198416555086
3.010222327809695,27.890060050010142,52.859320783609135,26.822351617294917,2.841416900410475,8.844329790578868e-05
3.058877627490342,24.122581893890914,54.76185944111418,26.885965526056523,2.966062948340644,-0.00011489791171941857
3.2412673962426606,27.145870385344374,53.61860252925663,26.167672923414848,2.902672508279606,-0.00013950283960752295
2.9956853791869116,28.681213073960972,50.59089543964142,27.73044366581903,2.788760726925156,3.6184562102925706e-06
3.075864047519253,25.736426203568794,58.95058791384396,27.16421147879607,3.0793764173212486,0.0002636185999678851
3.1406015932969726,26.54910524574808,53.64909310079523,27.007638801450575,3.045147453913645,0.0005656681407342633
2.987218541006566,27.531186494543373,50.99184150658083,27.682711193369443,3.0788686955161406,0.0008312605352747264
2.7893898593548156,25.326142491147273,51.702560937933974,26.817273199751913,2.9582356461924513,0.0009976369534430854
3.0472321317860027,28.222432232538576,53.67446879376012,26.421900955995724,2.9764432597502086,0.0010316810803474561
3.1168803129939073,26.838151037628535,53.565874182254284,26.210714832955663,3.0151838206033994,0.0009353862018922406
2.772292420288655,26.23323236931474,54.4751103557966,27.84396096122704,3.0946598983951263,0.0007423009378865906
2.960559368676569,25.140652821947555,54.60560521741623,27.2786744639546,2.957224083153239,0.0005066071023676168
2.8747794006449796,27.868397544861995,51.22316109156363,27.102256424296275,3.2338618158503256,0.0002881315066819687
2.9063059990736524,26.6391073673893,59.00443843941132,26.762616930968658,3.2926780992838927,0.0001372943156378668
2.862268193373713,26.564024708576476,54.32962808631432,28.216482034995984,3.0410780338909507,8.366211831899123e-05
2.9597121328025726,26.1546449588635,49.99233066842246,27.373475848358282,3.1114282504895896,0.00013057606732623362
2.973421568202144,25.598412269879187,53.544794901210636,27.323035584092754,2.99411733533418,0.00025663120704879174
2.9735167746853635,28.631509550495096,54.94514804157234,26.5833801286894,2.9757962009135195,0.0004230481232418478
2.8787624798002263,25.695981589481583,52.5938256161347,27.10687727006694,2.868885984759003,0.0005846280466751912
2.8516303034347517,27.653947746337742,49.86443054518701,27.310137115531532,2.7618909595269567,0.0007013123878148829
3.1356022142900772,25.80227076117292,56.89235819331226,26.62254925993505,2.7508126450938035,0.0007474810074446005
3.089998450441075,27.238832001169122,53.2797984210191,26.89245471509651,2.8523951428736085,0.0007169242806492021
2.859407086557341,25.547488366310738,52.06731807933197,26.54933559243259,3.111019777520699,0.000622657243247145
3.1511590752329695,24.972273905301737,56.399519639151464,27.35189985055716,2.95386231738218,0.0004920719204367907
2.8929481852727164,26.765979058561395,54.644918251950855,26.145415908339483,3.0457966805350307,0.0003590149665025209
2.927971376763973,24.926019517986234,52.78080040139203,27.489257204187048,2.7837304297585863,0.0002549871865956355
3.009750425804182,27.432251862492045,53.94096433785883,27.036327320765952,2.9954856682920927,0.00020168318050990544
3.1388657770283293,27.754618368858637,54.09209919266203,27.498500639578502,3.152599318862285,0.00020656934015294935
3.11581335998071,25.99401003800157,54.927863751246264,27.91904810667992,2.7330173522744725,0.000262310639127627
2.8896531752419854,27.743942820577317,52.89870780311264,26.890895275121867,3.1342173005110907,0.00034984925829996107
3.0180072355065044,27.614330004397203,53.1572828431072,27.26650932175873,2.994017238196614,0.00044406668028666214
3.053296541337685,26.26377804781477,52.7186075694227,25.91170219515781,3.1972345931903514,0.0005204256262597793
3.389239252152351,28.543833778664435,54.47771797693786,27.546018666596595,3.000071939347338,0.0005608899553228141
3.052011658865709,25.176887001973082,51.42915347111334,23.961839683823886,3.073373184868759,0.0005577451150412535
2.994961255059833,26.125991839948785,52.11219254699332,26.583745008274065,3.174508741333721,0.0005145730096572823
3.097219259146331,29.729952088604442,53.201011409797154,27.892803401898156,3.0385928674389486,0.00044439281023174964
3.1858974070937123,27.56277532400819,52.53601101688041,25.54601483898343,3.061837939681827,0.0003656678532845682
2.962160273055154,27.906846050519857,57.82687540151632,29.374748716306605,2.931877047077018,0.0002973368304499957
2.9574745749392335,24.415062347458594,55.905981522503765,26.78832777412327,3.014898195670737,0.00025416365425826314
3.026985608004584,27.063610911738497,54.64052276481423,24.51485472620987,2.9538145209128817,0.00024350969082189507
3.0512833774483745,25.56438785744122,57.51138907616254,29.26094922842643,2.996940774325309,0.00026418945819938806
2.775855820297165,26.287790995242524,55.75917864030279,27.572465335751495,2.7775884766413306,0.00030750611508722895
3.1016744397620104,27.20473256337647,53.131261956913065,28.557743159697623,2.8235429639926,0.0003600242229295553
2.927248411208694,24.963466591603773,53.64897144580638,28.237209462910293,3.050033427135748,0.0004072532040016717
2.9886061669843977,28.064484989905672,56.75762770149707,25.66472681938589,2.7875084201027676,0.00043726556637122785
3.0049189405717858,26.21345277278141,51.85291055142912,28.342098596126988,2.774746035363627,0.0004433751522967595
3.247613036419102,28.2298462203796,54.61725857129696,26.659308803142704,2.981537502023918,0.0004253058608328934
3.21901638134548,26.258095779051104,59.37488707953666,25.852092953749754,3.0151155154314475,0.00038869840677425755
3.1151554873471774,25.094590022485253,52.92588707522758,25.75874650678298,2.8649845500430478,0.00034322041876988854
2.7197066615415526,26.70750912829635,52.93662870872048,25.567467803876006,2.9772920980331716,0.00029986184789110407
2.937982338186121,27.08008271683198,53.67642091194212,26.539578240807337,3.1113820127817715,0.0002681450279207412
2.826914257272858,24.988173375201296,54.41638735048545,26.101933040822164,3.019152686610343,0.00025393574297936765
2.752116496738883,23.976655669852267,54.02542677742645,27.892900834246706,2.6620086802211547,0.0002583354130192681
3.3221126213830985,26.676140111906438,50.680166238164986,26.87283855205004,2.881624516704435,0.0002778294636291209
3.02802144454612,26.056233456821484,56.49472149833945,27.177239733214588,3.1993153905797236,0.0003055459676494445
2.7955212200496975,26.785948300573715,52.44149263088389,27.250070916621176,2.9566605164349387,0.00033322123058940415
3.1854637923057165,25.66840815355626,52.58569755316847,28.857817667841534,3.115861096542135,0.0003533322253058721
3.279018796733598,26.664471136768007,55.85927688720463,26.566430829565522,3.1836920559336206,0.00036086238912221935
2.8799526256753905,26.70705969120841,53.716236877775025,27.151598110422693,3.0843867238527207,0.000354303151846759
2.9407182839578017,25.632044227150196,52.414892079380415,25.63552582079833,2.96080421512619,0.00033571429278813107
2.9924049279711826,25.595852102416732,54.288390559012214,28.139766346178163,2.9457880402708576,0.00030991071322287685
2.944300522287167,27.407020022189627,56.742023885783944,26.688852197242603,2.6125416821754373,0.00028304987471172754
3.0630296389636413,27.05747584056789,52.51212386214908,26.966300273135186,2.968024098896212,0.0002610160228717407
2.9857961730072624,25.501561248697673,53.150428144401424,26.991324052633995,2.825928515288282,0.00024801213788123056
3.0938749421717753,27.931137146057537,49.85482894908876,28.81759796173168,2.847101151275728,0.0002456840830924414
3.0579877210326796,25.868420591112745,52.15434832488739,28.98859290474631,2.9641066316927174,0.0002529435565605352
3.1018315763148516,26.356651571603496,52.13864778527566,28.142149333767705,2.9940430106733196,0.00026647184298552465
2.7463655320401648,26.675435782811697,58.177711964084544,24.889773211294806,3.347875696368358,0.00028172227225524736
3.0177655782630386,26.323260867341936,53.25148625909962,27.528388066812088,3.0464110503119226,0.00029413385563463966
3.0783903849215584,28.35906626567075,53.84882114478131,28.01643146755393,2.8397460933285545,0.0003002423178847831
3.0816644232548516,26.54485353280562,54.19102047601094,25.81151707768618,2.822922198552188,0.0002984271389218371
2.7985290408891905,26.467181220581256,56.534343547557,27.034101675944946,2.9738022189499147,0.0002891446412468054
2.981465794904752,26.90362751952281,51.71341634189858,27.818402156899282,3.131942911223649,0.00027463533036455577
2.9022522124803802,27.538741259546242,55.61574265927793,25.757307863304298,2.8388151472414553,0.0002582226622944219
2.8611221928353383,27.224387198036467,54.52081567056041,26.85710468491732,3.0710113071322707,0.00024340958792324512
3.1323880388917242,27.42063229785437,51.47585153757202,27.40372213072894,2.8931719730009395,0.00023301039501132597
3.0322670111143046,29.179373198129564,50.935451986106564,25.333388744290207,3.215349357372209,0.00022852601860970666
2.927917276797761,28.319891491564185,57.13930893369528,26.835146224216963,3.048996725669892,0.00022989354471641773
3.119618443720303,26.68283593103923,57.21868716131,27.37596623169817,3.0729797494804982,0.00023563815461747291
2.8771899415741244,26.750074896026764,50.66260346063505,26.880181890948258,2.7690482672786394,0.00024335535486318542
3.001929697381242,26.012670086149683,46.794444343709486,25.93418243617796,2.941372977170695,0.0002503772786992846
3.099154698980048,27.09504486357091,54.672296668617456,25.521337211369165,2.9460767910923322,0.00025444483202089277
3.0976614350805063,27.169615665970387,53.211946038166644,28.091612758218425,3.008485534566075,0.00025422161479073775
3.001075251423076,25.956246950033613,54.36132034826242,27.067122278019312,2.869422130260481,0.0002495383945798241
3.162863754177972,27.573426022575717,52.14484530411425,27.477458665342954,3.110777895482412,0.00024133219492778986
2.8259748196420063,25.947783935335142,52.06223335939058,26.502482454846213,2.9565516276170243,0.00023132151666107367
3.16030286273035,28.08122379051411,54.06667203940856,26.01874130904012,2.927589599316796,0.00022151978804478317
2.9731962336379514,28.18069071926265,52.377826369530304,25.58870085085821,3.161305497052342,0.00021371958041334138
3.094682789177069,26.25887525534067,51.9824738965023,27.113091402537624,2.9781556760900982,0.0002090756542878471
3.2196032002818225,25.017988842479625,56.942179764462225,26.863695518578098,2.968988268261959,0.00020787965642068355
2.9035693262067808,26.497154853070665,52.279397454310924,24.652792264029692,2.9556091683521633,0.00020956453968242286
3.0761529867272435,26.883974359480195,50.434342368300754,25.536467116754064,2.993758102568123,0.00021291754852351656
2.915570291716251,27.44000330591555,49.21787042893211,26.549079303244888,3.14675466844933,0.00021643171201469625
2.834996403365622,27.808329158164284,55.983025709777166,26.909151814428707,2.9730463684791495,0.00021869820480601449
3.0509518592185865,28.380620044979413,56.44116656940876,28.089350314608744,2.96242340199508,0.00021874052862262713
3.378848527590055,26.950036001552252,49.734131324801965,27.70316839349123,3.0156322775437006,0.00021621428090525953
3.0281188440916886,24.921554600455742,51.975470513017115,25.724333986675198,3.0428818736329446,0.00021143564925088664
2.9432878261218764,26.011872260940084,53.27184746717854,28.224951205685237,3.030519653774626,0.00020524666991338135
2.8623500603850225,27.571282500090398,51.411570955485175,26.497522351769575,3.124798151065183,0.0001987643068223925
3.037672737751446,25.286690832201973,53.22843813927834,26.015050627405696,3.044219451256928,0.0001930845657700885
3.117726175298995,25.566862021795387,53.30858766811475,26.768294830954215,2.99855414445898,0.0001890175732938702
3.060970028419237,29.22313854390592,56.538273153403864,28.032996444991785,3.164711081453126,0.00018691537906590498
2.9656930464780578,26.013382054955432,56.61855328004434,27.251322676480623,2.859280223667929,0.0001866262788170719
2.9036326440398925,25.614294790163168,55.252527780527686,27.43843891534752,3.100229855351292,0.0001875757114415304
2.807395051180869,25.66681259130195,52.710076430989034,27.679378429272422,3.0328613385621854,0.00018894298263222298
2.9906565887639474,29.180018570980252,56.702218856805366,25.299225718358493,3.038458130603214,0.00018988243335802952
2.9960571373639286,25.4725687042251,55.43572512429804,26.636298907878402,2.842279871990447,0.0001897313508087145
2.919434642968536,27.682717493182185,58.64909243014807,28.475118144287446,2.9521849501462065,0.00018815518775401068
3.0302511098497074,25.797165633613126,53.21449826243138,25.79888204372573,2.838239379913263,0.0001852002332985406
3.0224204364016822,26.5083252717653,51.707672829292335,27.07726054845433,3.0900102625379025,0.0001812490087898568
3.1685557073912927,28.98875366991837,53.21171723778949,27.475402210748424,2.90577843260161,0.00017689774568050015
3.1393445793110497,25.887764055532354,54.20315505924481,26.702563231790396,3.139900837219121,0.0001727925701433573
3.104366626074827,25.175769882764172,51.60778488288947,27.186235342869654,2.8011333193096477,0.00016946786755292026
3.0347745041002727,27.147536306020736,56.46971355091232,28.075531905987116,3.031796040734221,0.0001672259666783263
3.0527552090908556,25.063919733067205,50.10825146617425,26.462943183476817,3.2433773521668523,0.0001660838102298344
3.0244698802412326,27.930898399951797,56.95948592601544,25.441277371643448,3.065030032109485,0.00016579373192562448
2.7591047121408905,26.361322492712453,58.71760822138502,25.815763724212232,2.99199556634014,0.0001659268072435842
2.9171815928002984,26.776062398366214,56.28774053088999,24.376304453550503,3.028650799735015,0.00016599302550932438
2.9091018669708992,26.405296811311207,52.506642302819344,27.05589133738097,2.9536768688774466,0.00016556582158959018
2.962099748104575,26.685653465851072,50.07413115498971,27.338009366322094,3.063116685748449,0.000164380284222443
2.825782208402454,27.125681858472944,50.99067476320436,27.09751249850866,3.0969617899217057,0.0001623834432463445
3.0713083453704004,25.3644439139371,53.74442196481533,25.60011913941354,3.0513541493402134,0.0001597285884862326
3.093220011650931,25.53990177257848,50.340952657632876,26.388545198733482,2.845678443654708,0.00015671989524170896
2.999473108950542,27.979505329687985,54.117570492500725,26.33627374148427,3.155556135347744,0.00015372517458508007
3.0638753299038015,27.166903069008388,49.326696181807854,26.963407492439988,2.9983292650060642,0.00015108076626991747
3.033674158049873,26.514344750281,50.32629346134412,27.558786660687918,2.948120536546898,0.00014901240397682586
2.861521418154396,27.570705079325542,50.42824810378693,27.94606188135779,3.1089029963811545,0.00014758991264220633
2.9391031042276805,28.023606556462582,50.10106685982146,27.61098824784087,3.130881213018321,0.00014672380521115198
3.027359356476841,28.361750232025802,52.24947139765776,27.464718756179376,2.96304490917237,0.00014620094320325574
3.070591632671178,26.574476311287174,53.859616173385675,28.936292859259694,3.3186466282516434,0.00014574716979099273
2.9426641364562314,26.232142659917983,52.742510023430384,27.374338498760157,2.967730245731904,0.0001450993160317506
2.994711555889065,26.553235129249508,54.70429718383423,25.306554858140927,2.9727962745697782,0.0001440682393487362
3.0892498637908874,28.94245347822144,53.89049992835015,26.65274389454501,3.09684578044931,0.00014257833883927595
3.125402349941463,26.82722127481873,53.301263565322586,28.240110108847507,3.144718138617803,0.00014067598767464334
2.9371058822834653,26.849751308068466,50.14487120755492,25.32358157579115,3.0147283714897113,0.00013850754804828336
2.921599888213958,26.902449692696063,50.87774981992895,26.476343820473012,3.0447633613038043,0.00013627497772127905
3.261628943655151,25.993500497871732,51.83726457548879,26.93345632547593,3.0821759077238706,0.00013418178855780614
3.173902605724585,25.624597845630614,51.55265082819291,24.85217043249035,3.0409374693411286,0.00013238335164370623
3.1210277220424945,25.39453717015318,51.96082108027968,27.679060043830283,2.738812555178054,0.0001309532613541266
3.1824788416068137,26.39491249563994,53.288156934237584,26.73415830745637,2.888584076100567,0.00012987253903045531
3.0595339595265787,25.7427044062352,50.29276893383167,26.702633088796787,2.8557308927461027,0.00012904230748519776
2.7486464329562033,27.010345741753717,49.38749193537764,27.13331784313456,2.887587199465055,0.0001283147997463118
2.9187898200541262,27.203980706820325,48.28654923059537,25.559199288971172,3.041678885262417,0.0001275335548522622
2.677756534260653,25.73099673100602,53.09206220564238,26.734673945744806,2.9691159840355987,0.0001265722154661841
2.9262193139005,25.8064128611293,52.51135520817159,29.131654998671824,3.1286550258453047,0.0001253626092071446
3.0160733145608227,25.355837818440406,53.36219228222704,24.616834586627718,2.9054128168951503,0.00012390621689523025
3.040745901702119,28.44167550645713,47.098387756381406,27.844648038354915,2.9722746191799363,0.00012226768963922695
2.985266081013908,26.819056934719068,49.54603102314283,25.592395587449342,3.0380399868377523,0.00012055356161404566
3.0702501141055127,28.101674915287983,47.7160866706101,28.703493239035804,2.903720673271413,0.00011888263178544647
3.0355953496464676,26.727655234232287,48.26776475356471,25.47254920008528,3.0130255451426384,0.00011735595067368724
3.097819134367926,28.054895216936348,48.861661061750894,25.989704830743353,2.9938182418244397,0.00011603375023987858
3.0216228593075645,26.54161315290466,52.53444711690492,28.711768536412855,3.2728151976271813,0.00011492432328426351
3.115826236780396,25.93967643858234,48.42792583811372,24.69143349302287,3.100928801578146,0.00011398651358397341
3.066390926565167,27.89666072486241,51.29229678699648,28.882395270026052,3.0556434626413975,0.00011314402216738037
3.156113268695439,25.348960001733733,51.48802646571912,26.23470843664434,3.0214272830414854,0.00011230701408548071
2.873205300067494,25.41188430049593,46.52988009262958,26.46599318430008,2.964205088800276,0.00011139513111347625
2.9257075534214794,26.316146895335095,50.34544859336365,26.151449266760732,3.334207674858513,0.00011035618699663225
3.189064457673906,25.657263855133575,50.65835940006119,27.472760529642528,3.0843165280789178,0.0001091763731573755
2.8713753377017874,27.0012643031341,48.385804122466574,26.663659473659532,2.9253263811564816,0.00010788023432421257
2.909332215265176,28.06707768359645,49.835559708080105,26.692578094667944,2.7792983694164026,0.0001065213136413389
3.068129290061928,27.893807005789007,51.04134783780251,25.67131416992881,3.019561984268663,0.00010516655940945194
3.0179506396697393,25.856565685512884,50.971252641109416,27.92551099938464,3.0013353290324223,0.00010387883343751479
2.797013808813368,25.716959392337042,47.78052861144752,26.497329138544785,3.042821567305193,0.00010270194274527844
3.1030825462642966,24.503883085443555,47.157600735852114,27.725357861244746,3.0015263639640635,0.00010165161741578967
3.0745345929549064,25.867611739651178,47.7486373464212,25.839466477783986,2.9669091044348495,0.0001007141084791846
2.9012354333260237,26.72644417566496,46.11547767031481,24.83527547706307,3.066398473048001,9.985208323678268e-05
3.0127206664730024,27.03751700396526,48.48933197635094,27.86127797022387,3.1292851673530535,9.901574337716271e-05
3.055878363704553,25.76505344506093,47.45987708723461,25.83584255303602,3.0349897278006424,9.815600522075323e-05
2.9950732784786958,26.923906856691946,51.87753165543014,26.609259007268623,3.1363902458632573,9.723635402656599e-05
2.9474229748564533,28.297379411808542,45.823078012550106,27.669600149138947,3.199644146505377,9.624060426857649e-05
3.0931753436648823,26.719308136042567,48.5251699612464,26.653644495159583,3.046527866185141,9.517503435722256e-05
3.1161011832344654,27.08115277212433,47.93988411214766,25.90521692334954,2.8626609283164464,9.406486927808732e-05
3.028492355064686,26.657885809746208,45.60854149689351,28.326295925890644,2.8338754421337287,9.294646030043252e-05
2.8195042632141165,28.0549337395381,47.30810513921142,28.493861490527717,3.132925762716374,9.18574410765439e-05
3.0054379153872066,27.76166409033631,50.02588424158209,28.67691746862913,2.925732880848986,9.08274328079848e-05
2.9246071167500682,25.78693084216335,47.26067220479096,25.784309632755416,3.0780945788005223,8.987151135036291e-05
2.9969687185803595,25.69712562657734,44.57460864184904,26.598579123929298,3.142795377760214,8.898778556729942e-05
3.012203051275132,27.1954644930134,46.4491426240927,28.653309887237636,2.8837126677236937,8.815931602237916e-05
2.9530821528159095,26.879863395395944,49.96721272384193,26.289059808239184,2.8347460229747616,8.735952812368438e-05
3.1118550673704926,25.288427898901045,46.77126182958756,26.64105019264539,3.0627175420109922,8.655949696681512e-05
2.951566676709704,26.788988483007117,43.48439838180701,26.25657564283214,3.0519554226838594,8.573516739661399e-05
3.0308704223347513,27.98622961164988,42.95911186619669,27.275841951306287,3.0522687995405833,8.48727581380396e-05
2.988420797300076,27.278163886982128,46.94122095460397,26.633688341340434,3.187424350793666,8.397119407306572e-05
3.0269097822388997,24.688185237026953,45.720440097614365,27.109645993185502,3.0321955394373137,8.304123405204906e-05
3.027709178205437,27.827456865747283,48.51581906152749,25.95240412429424,2.834708750578143,8.210179544024993e-05
2.9415568323217496,27.70601108253328,49.49298483824026,25.214993099447213,3.0840355189324575,8.117461525726177e-05
3.1601665799231347,28.029823492397963,45.55748280209062,29.202565857145345,3.229588243603426,8.027869159303075e-05
2.925627089315356,26.443855122912545,44.64064266678911,26.79577651895323,3.136990855518914,7.942587832429054e-05
2.9872162617331623,25.96273663603023,42.936864264170524,28.110400185615905,3.062392330445996,7.861860310877206e-05
2.9324784669886266,25.25692193151634,46.52832212698785,24.602252561349925,3.137790983449183,7.785007866416925e-05
3.068856337871411,25.78926028974295,44.54357867228516,25.323711508704505,2.9905166556340244,7.710673901213713e-05
3.0461468208719804,27.454985995672203,44.85802775572169,27.11141567107095,3.044431562783078,7.63721111962311e-05
3.1230424754477584,27.91347238178938,42.281063259040174,25.932580657602827,2.88712348781941,7.56310574690063e-05
3.0864899114025803,26.17394139309993,49.7119984434885,28.919806933166527,2.8630729022751917,7.487332099425448e-05
2.7995437988790552,28.00641421402118,46.1210606619464,26.506365277862912,3.0014178814580093,7.40955744494875e-05
3.012442377064719,28.78791522234394,46.993591310785014,26.844536990473735,2.934760424443582,7.330160372646209e-05
3.190845238169411,24.46342559716489,47.19150567253036,26.98914412850493,3.1035360612176173,7.25007446168316e-05
2.8955857134474403,27.742619468320633,44.30440207281993,26.201989110890867,2.983733359759847,7.170510620383073e-05
2.9908820790675175,25.88500485181392,44.89157272633256,24.22503116134892,3.219921507940494,7.092636162734148e-05
3.005179041489418,28.27140230102281,44.32291594978731,26.44709817046286,3.081488274093801,7.017292653503749e-05
3.137838891801532,27.17986048167522,46.55937354771137,27.110813514783676,2.9413455586956267,6.944817666809823e-05
2.9358903870988984,27.811695127699384,44.82375123465081,27.152361477922113,2.839316339315436,6.875004746929086e-05
3.050062423978001,26.998168658673794,44.86454280403842,26.200091197836095,3.0110236183960755,6.807199355834307e-05
2.9811661068871893,26.14171516930621,44.22044334256279,26.862300280915463,2.893190885616942,6.74049540082136e-05
2.844762146055075,28.374416295036646,48.55128121101241,27.276336662704114,2.986616317972508,6.673975877722223e-05
3.0849534101052734,26.88601894219157,39.08235463871975,26.793964997642092,2.737228249412363,6.606935116425926e-05
3.285823175718706,25.636530586344993,46.36187265399094,27.280933669336406,3.1475513798913832,6.539030202103791e-05
2.9746875251626883,25.730393075884493,41.56184929366152,26.836626045507053,3.1589965168737155,6.470330932708038e-05
3.0760917260720353,26.50567518592305,44.87302431450869,28.45390034429428,2.788946947808955,6.401264946228016e-05
2.8737557169100936,27.67262399211188,43.41394818724146,27.4562259359903,2.963738750266988,6.33248064224816e-05
3.095338737875981,23.897216454062974,43.958406385129024,25.133214012692243,2.8473374555942295,6.264668341874981e-05
3.0632016914681994,27.262434963191392,42.428048901287035,25.81852447329547,3.3500006793373105,6.198386929301496e-05
3.0887182476455597,28.92708771656446,41.709256544388865,27.661105390625114,2.9232952139902855,6.133937641161793e-05
3.064647632305668,27.53487236181311,44.621696401671144,24.862050537280094,3.026873590750559,6.071311586336454e-05
3.0714270704791953,27.397608860157355,44.65127978960667,27.16128721267391,2.8862169289506627,6.010217338606185e-05
3.250242225470011,26.88091434101757,43.43510537136112,25.910271120260383,2.831581305518322,5.950174918975815e-05
3.007394099605035,28.774991759964294,44.63218999886926,26.44230905728385,3.306731216364962,5.890647414556277e-05
2.8683208117602543,24.292639619845854,41.23330460903972,27.501501937957844,3.2313110131073963,5.83117497835017e-05
2.94400487308279,26.32544325040343,44.80096845338727,25.19268573005143,3.209173476981549,5.7714784232418815e-05
2.954426456744107,26.407428910397726,45.06659726742769,26.772975627479173,3.004098897536695,5.7115097308383815e-05
3.1446960846152847,27.963335735553198,41.24955050637041,25.8420955464623,2.972965398991208,5.651441979001694e-05
2.9357369976702747,24.878759720446904,42.52123989874017,25.298440046242177,2.9091644655289053,5.5916063500175195e-05
2.7431101118904646,27.119283232179242,40.855907937559664,26.814583498043355,2.9356926686262765,5.532396169996549e-05
3.1674484512606114,27.38896481284044,42.957213593849986,23.34141606968174,2.98418425811829,5.4741642557984356e-05
2.746928586789184,27.228743971093934,44.10077448459066,28.36907980420584,3.023947780301182,5.4171390606091695e-05
3.0291049446340454,26.05078152678304,38.343081552934194,27.05446692244171,3.1171312777690026,5.3613785033128825e-05
2.9922722922120015,25.302651037029143,42.30822815443469,27.438251894749403,3.0707216241795354,5.306769287923535e-05
3.112758659855056,26.66787512453261,47.23686529549291,25.518154338512836,2.9786002264663236,5.253067963046939e-05
2.7966326608898195,28.937681090569114,43.38044969550029,27.58067825602292,3.180210284310907,5.1999701300340426e-05
2.9552272109979008,28.066034749090182,40.984537514173745,26.656818185912567,3.051137806277649,5.14718836631627e-05
2.796665842429468,27.72956571447289,42.09337502395693,26.98175130778935,3.1145260534407027,5.094519290268342e-05
2.814725422390522,25.75190713165991,39.94465775345487,27.290882135346234,2.8990719063574417,5.041884307012199e-05
2.764494224237734,26.222566278888642,38.86200118018236,27.25298690192967,2.8244903286203558,4.989336432601818e-05
2.912170159854072,27.926921236288972,41.15939860776731,26.411300982219164,3.0576153317142856,4.9370344889981764e-05
2.943673440793575,27.5286931881622,44.086754960259405,27.10013636619795,2.931634813985149,4.8851939009720264e-05
3.0836219838965726,26.94710605037583,43.22583428023906,26.030604645395158,3.1193726761147973,4.834027926005085e-05
2.978572302716601,26.25421499737438,39.76046042375686,27.117130256331958,2.8908618755649735,4.783694652585106e-05
2.988923509619518,25.054870478954758,41.02836961187569,27.35558432662054,3.062230216333595,4.734262034127513e-05
3.083283124001577,28.36634112491591,42.58825872912933,27.57077392515147,2.838442445554857,4.685697925379825e-05
2.820619995895136,24.24224677185819,40.73778846752139,27.176264942839598,3.0803501454202693,4.637885354149192e-05
3.168106859866865,26.664725345499342,42.39728554364786,25.138190594388,2.9154450346906917,4.5906571356146874e-05
2.78976317653972,27.400536008040934,44.04419093777579,26.55634227888739,2.990527960633479,4.543839670603679e-05
2.917407600086967,26.436544672099526,39.786059993856036,26.772263881832284,2.986540100731924,4.497294505363092e-05
2.9756563997832264,27.26172460217401,38.94883863062614,28.442896882238273,2.9848212708448543,4.4509477084183794e-05
3.0185050822617487,26.249017358564778,39.27110035536433,27.74636020776376,3.224496553576712,4.404800999432095e-05
2.880528077978856,26.912052683558585,38.475519670134105,27.031602932978817,3.0483803760861172,4.3589234909513654e-05
3.069328237610219,25.533466772760743,38.14142159209234,25.61256164058066,2.8355890545404874,4.3134277977320325e-05
2.879584961934584,27.401665891858528,38.587469702385924,26.6386822728886,3.047134778658631,4.268437645410884e-05
2.962342688387926,25.667098109510853,40.72661607425998,27.054772140203642,2.6684741748120633,4.2240555810120194e-05
3.0584098010838017,26.642918180652632,38.959413882866016,27.16746800660199,2.939504230866853,4.1803387665842786e-05
2.9757745856410347,26.645073287309202,41.20848692472034,26.839097845801458,2.988041616761995,4.137287814849659e-05
2.9025688254597117,25.18743571257369,38.71898107580842,28.674388860929042,3.0885985749233256,4.0948505156245096e-05
2.9650982779569057,25.151329478687593,38.07163082948124,25.913258159614852,3.0760818154493625,4.0529379766088454e-05
3.1130293694932663,26.322048168078556,39.9355082280898,26.57406064425293,3.065405015590747,4.011448362080871e-05
3.033606323836126,29.880074391129806,42.02804333942398,26.40910210208839,2.9420092472640635,3.970291717251277e-05
3.1224885780614966,28.092893084929692,37.5591401560329,27.25399109843648,2.748826326406452,3.9294096909058286e-05
3.159203593245935,26.48116213868293,38.33822225414248,23.955788589670163,3.04184691260006,3.888785925633098e-05
3.059797847314545,27.536043807235284,37.17030711627244,25.608353561307695,3.1176274725610478,3.848445279413294e-05
3.055825344701142,26.645490267553352,37.91690553081865,25.997745415911183,2.8649802534359705,3.808443101357736e-05
2.911601360245953,28.185518159978884,39.294964434971256,27.17474510738668,3.176203464725848,3.7688480768507235e-05
3.065198182428952,28.305899825423975,42.76404596994049,27.68292505259442,3.191156948778477,3.72972329471561e-05
3.0592884982198156,25.48302893396535,40.17919071270337,27.761689732745673,2.769165273697739,3.6911103472021275e-05
2.907820757035056,26.72145226318544,38.20301156187102,26.223709044894782,3.13419563893335,3.6530201034585515e-05
3.1133970116725598,27.472254319423687,38.6032497678306,27.042970459475196,3.1097850085741228,3.615431722193442e-05
2.980103556849734,27.525138756530147,36.112268790952214,27.40500736247907,3.1287427844579345,3.5782994829283504e-05
3.0373651361255765,27.14503243921813,39.30610031137257,27.068021096316393,2.9879797146039055,3.541565141085467e-05
3.253490181329375,40.56915449115357,36.844556400673895,28.161425332749374,2.97405374702525,3.505172182947159e-05
2.9401433757494684,36.157484950127326,37.68928688610693,27.36412011690003,2.7303049612477635,3.469078477026838e-05
3.0128883265459208,40.25763440661782,37.9426333502079,28.76729493258338,2.724528060610631,3.43326434197369e-05
3.1340650771301566,37.53372332447798,35.77747969695397,26.235563280720047,3.042027280074492,3.3977343661091585e-05
2.977410909629549,37.24929136104085,37.633383047001814,26.797320367843916,3.1092882398230652,3.3625132908485654e-05
2.97985360604914,38.158148411143806,34.5554102374891,24.95378834672958,2.760535496014577,3.3276372623066e-05
2.912680097468506,39.866464617599895,39.757345388637575,25.812000128778248,2.891808735013471,3.293143151213863e-05
2.7624711369127133,34.99206860253228,37.76173833520165,27.147748123412452,2.9047371874179944,3.259058605414941e-05
2.95854435423033,38.26356990929802,39.07053696457033,26.552324942037124,3.092474361722059,3.225395216892046e-05
2.842826259253194,37.86122496825804,37.05167666567967,26.598479076035964,3.135629293343655,3.192146215224074e-05
2.939915174611659,36.96673479556875,38.03497574168367,27.409045128586502,3.0200511592882138,3.1592888583850304e-05
2.923060197543332,38.94469081081955,36.34087766767346,26.591605367162888,3.1138587415858265,3.126790497812409e-05
2.7852644449315274,36.05126388383458,37.08509426096626,27.006737592787506,3.0600856217365813,3.094616492821183e-05
2.9979325065174427,33.32045380292402,35.91820538276002,25.3655137082087,3.0177557911573656,3.0627380033847954e-05
3.066345870763793,37.829810134652426,35.68389181216594,26.58338447863307,2.95954606293233,3.0311376216192546e-05
2.8593818963865054,34.45383001525092,38.35329165513983,25.588981102040428,3.0024391256451333,2.9998118043139567e-05
3.1575552676927767,35.87593394009349,37.96118231548442,23.98550027296094,3.0324926206280844,2.9687696668883012e-05
2.9329994644697956,38.12708269718484,36.677780821127016,25.256356432076878,2.872607645944149,2.9380288713341185e-05
3.144484174685919,36.952106860917084,37.70851336597629,26.515537895013516,3.027355712453174,2.9076097590071075e-05
2.999576795712275,37.59327682993757,34.95200585687694,25.788228316378913,3.0307056631595084,2.8775293547769125e-05
3.119726169436477,36.665048140103266,36.164743445177514,27.67258584094998,3.108873368533256,2.847796739175188e-05
3.1295246473435383,35.14240947680732,38.21578709103664,27.05788079613105,2.8400532525190894,2.8184107558033328e-05
2.920062730179896,36.8890400907288,35.89556393353019,27.762550240187316,3.093326907783022,2.789360370042152e-05
3.1002468108338403,38.44329606641718,37.554732113890616,28.330208318097622,2.8473764372887005,2.7606274923590932e-05
3.2062003624453803,36.8428898857905,35.161770288899675,25.190601090862195,3.0695277230373703,2.732191226384272e-05
2.8981712958181918,34.45767931747463,35.99401601422462,27.31057339408099,2.90993231927005,2.704032433004043e-05
3.1923620482196777,34.52912390410183,34.991328853413904,27.96771827999058,3.030359908368344,2.676137504918335e-05
2.8923777465040055,37.06492658163225,35.075089442591704,25.989686677664434,3.241465389335546,2.6485004509930137e-05
3.1260442053009836,35.70421105356196,37.377507063981504,24.3285013821805,2.798571226085471,2.6211229555472433e-05
3.138105768059461,35.315903487101785,38.30403989121155,26.691804615710623,2.8851668751378208,2.594012574734449e-05
3.08455045487129,35.4404768654229,37.58110872189233,26.772824822748003,3.073232622270994,2.5671796906513518e-05
2.8432238320831296,33.00895905418652,33.60531195246362,25.565521700614898,2.9027477164733013,2.5406339893104053e-05
3.1620346014288043,34.89276506312663,36.43473958632882,26.969424048736094,2.988798034783341,2.514381520951169e-05
3.015387109072504,35.51706425199693,36.04276691769511,25.80344132646242,2.950464292532121,2.4884228044734522e-05
2.9938451271776314,34.4397747689678,33.85851446705784,26.61305196265463,3.2734351824546484,2.462752519394332e-05
3.0921553494308256,35.2594523663326,33.883153418660875,27.213784875961398,3.001242334718446,2.4373606419636527e-05
3.10442540302518,34.9419871609331,34.5840294636711,25.65687560303871,3.0467842081759935,2.41223460143536e-05
2.8844424456707882,34.092283405717254,33.95939964885446,27.036042622269356,2.7795479273279677,2.3873619254214052e-05
3.0549039656319166,34.56408981876244,38.49831840948022,26.79270728578387,3.1913575240999097,2.3627325753756488e-05
2.7234928838616446,36.2211403358863,34.28440591616366,25.97172203852238,2.917484215709007,2.338340555454759e-05
2.8830328386423343,35.28565866787941,33.53986049772393,26.30348701241283,3.0527479104103756,2.3141843484227676e-05
2.8671034087646405,35.273252064953695,34.46289796711879,25.133066816714315,3.1405590072389233,2.2902662913997278e-05
2.9064615520179187,35.52763411676327,33.94598518049991,26.007555309299377,2.8902855456177368,2.266591010843945e-05
2.656756814515701,32.063969292484,34.18380165111962,26.305245216830173,2.8597295691071896,2.2431634698597393e-05
3.111282021958238,33.22268214575812,33.158520790302134,26.306879878086953,2.9291205362786474,2.2199871319766703e-05
2.9076251166727545,35.28617248624498,32.79791198507374,27.927047544808055,2.8710930708234477,2.197062635365394e-05
3.307249087707529,35.785312210062614,32.302918692528706,25.067459025393653,2.967432738265792,2.174387267773163e-05
3.1471860293115865,35.825733385254345,34.87968707689996,26.76577883608608,2.979631488097434,2.15195531931627e-05
3.0931425687850096,32.205683065276936,34.70265792519903,27.237268170899902,2.737597208214111,2.1297591582086133e-05
2.83935273149931,34.41980131972874,32.780828615559656,28.557583887049745,2.9532714044656894,2.107790664626999e-05
3.170240025685423,33.294179339140705,33.21723454733658,27.84464011244871,3.148931046474375,2.08604265364104e-05
3.0088588768708546,32.824772605999506,37.133004532848865,27.40135212182569,2.9049399206504005,2.06450998449737e-05
2.849109114820078,33.47255056737341,31.322403122230423,25.797809155178594,2.999679833954769,2.0431900525664808e-05
2.9115289087922482,33.61165818409134,33.56127299598729,25.681991209507967,3.0427803738611163,2.022082649441182e-05
3.0778183808543242,36.24551337680887,32.18630108400492,26.242331848200028,2.94552779261822,2.0011892445294543e-05
2.8083279127853693,33.57469375383331,33.203712163521445,26.74753788495866,2.9754812189714723,1.9805119200074125e-05
2.8702171948398076,34.014959384195215,34.54375077441837,26.108626796338,2.9375586244484637,1.9600522734030038e-05
2.9839960127013834,32.71988001128293,32.52935346178198,24.907825220459234,2.8776810970287348,1.9398105412532147e-05
3.31560641511641,30.807635842408107,31.957054401123006,26.779602965890117,2.7942496515650577,1.919785106411709e-05
3.0601295305656673,33.225504979532474,33.124140904385854,26.463258901534495,2.979184994842036,1.8999725312874105e-05
2.942766395733007,31.61719146202091,34.906802388585895,26.433103775964945,3.1945200331624166,1.8803680383374762e-05
3.2998611820250527,33.4399290523164,34.99869326408669,24.637162355793244,3.0979426214959807,1.8609662749453225e-05
3.1608082537907136,33.171255869426915,31.074901310408706,25.386781451455718,2.8870537786804555,1.8417621287975734e-05
2.7760552668351353,33.34236768785429,30.165189796259614,27.023524873961748,2.67084362918978,1.82275147186658e-05
2.9124258618794268,33.39236696664084,32.849286169809076,26.710322256604183,3.108840887098718,1.803931560672424e-05
3.0030510261039147,29.66573883245303,31.97734477039468,27.561186815684017,2.987910346836363,1.78530110264449e-05
3.079771113837336,33.3264986756614,32.774979871913104,25.333373707966565,3.0990419263659987,1.7668599189111584e-05
2.827298895425388,32.32050138596618,31.963995672244177,27.902696842903595,2.9281906210047715,1.7486084541856177e-05
3.1419292316228793,32.04585366816169,32.00801690075709,25.051019898315218,3.003945894847115,1.7305470766451444e-05
3.0778858910761575,29.94119306836132,31.640968843710613,26.15496070932354,3.108383111788902,1.7126755644931384e-05
2.8331840232443235,31.924117794477755,32.86788016999974,26.04617470129166,2.9608114783248065,1.694992712190614e-05
3.13867953120629,30.843407065993492,29.865638903478306,27.167334349231986,3.165065143777925,1.6774962560950806e-05
3.118443752524721,31.83911068234977,30.953279324656336,28.662069676375772,2.880093862427389,1.660183056077971e-05
3.1250843928394723,29.81808710013699,30.471084517381748,26.044466479649188,2.969595763341009,1.643049459380179e-05
2.8751932948192667,30.528114557427976,30.845210520191284,27.26875345040231,3.090252915975245,1.626091816625488e-05
2.887565293388124,31.17864807887404,33.11119902600429,27.947361647191627,3.088366837044015,1.6093068873040802e-05
3.158651160025675,30.77232455397281,32.92926779137077,27.720319783205966,2.9894742243329184,1.592692182254269e-05
2.9924721296369605,33.08595586704717,28.91327640927501,25.971237444589555,2.905161164846462,1.5762460335799464e-05
2.88929540766789,31.14030205880783,31.812523333956403,26.09908257939551,3.130369995259748,1.5599675062022335e-05
3.233451134875726,31.913261085320197,32.84233567891304,25.851489159268667,3.0503688538699403,1.543856149493536e-05
2.9848890490387094,31.403364665072353,32.324089226768315,25.703948467582432,2.93237515735579,1.5279116074288938e-05
3.0719685378356134,31.07818347291328,29.752035792787005,26.586909235914593,2.9488890531842857,1.5121333126270167e-05
2.9947567061395475,30.580591393365886,31.164247440076295,25.713505116677048,3.2233335577165807,1.4965201826787542e-05
3.0469453428851523,32.337752536256325,29.700009854418333,26.02225115109634,3.1106559468613857,1.4810705618727079e-05
2.8271936469031482,32.26322386893811,33.18431629214096,25.64611453174477,2.9727982169739535,1.4657822365399921e-05
3.2041148375458683,29.73777136073357,28.90193196040429,25.35515565402692,2.9905242934981096,1.45065261672491e-05
3.0396061788762276,31.8179170211988,30.849376571682683,29.229872680633157,2.9368626555922894,1.4356790284337563e-05
3.050295557166994,29.146678195954227,30.756714179908666,29.342549079280356,3.0674642552614717,1.420858947539154e-05
2.9457260970439507,30.132000567806948,29.381183652366456,27.45653751952195,2.7045862349434566,1.4061902340867261e-05
3.21004521796438,29.457308215842488,30.363804615905757,25.6184481858184,2.919143127576033,1.391671200597578e-05
3.017393864478653,29.865695877417647,28.08262717186708,27.72276957888284,3.055612444259043,1.3773006405171207e-05
2.9385463859846657,30.75481327274472,29.54076857049739,25.664170736226023,3.041656853684509,1.3630776517243903e-05
2.856912130994815,31.618048747989217,30.04739212813468,27.168069538336596,3.1041676005397134,1.3490014990302566e-05
2.9995158863243834,29.576110798465418,28.281231437667856,26.999399092181022,3.042934766179063,1.3350713769592006e-05
2.9055412899103312,28.296256048905352,28.56153727987239,25.847580879849964,3.082935811999056,1.321286268950659e-05
2.9657306802457386,30.23188243683692,31.80905184484464,27.62949738060565,2.9147870796566693,1.30764483250196e-05
2.9865512331637,27.696348972649474,29.85148587508873,27.183249351271016,2.9811726922519375,1.2941453875906804e-05
3.0595422385288047,30.555623764514763,29.021444838832508,25.910489010249538,2.7343863026706954,1.2807860186458942e-05
3.0731577451667444,29.97914622046538,28.70785908900965,26.503774424977316,2.8030665739432905,1.2675646936731726e-05
2.8254746265114257,27.87314045116788,27.94400185642119,28.687498603703265,3.0949323257020067,1.254479427321342e-05
3.0312181235584963,27.90788863656552,29.989999058023894,24.872995135537945,2.699103018979879,1.241528420325656e-05
2.925207503743586,28.9443139055219,26.73113805115096,26.04919861735256,3.028767546089611,1.228710110293585e-05
2.9489743837410933,29.513834651494815,26.705533668998928,27.75588063540708,3.0764305996145835,1.2160232346890265e-05
3.1065055446555934,28.726214166112257,27.124084440454553,26.41110468120306,3.0234906486379396,1.2034667462725432e-05
2.9794362952301836,28.174254761718814,30.143121876878325,26.74145682005998,2.87237870745787,1.1910397389902055e-05
2.965307813105219,28.902747931264688,30.479980966653102,28.064054494277958,2.9917541927174316,1.1787412924424252e-05
2.842385875276003,27.993021604391537,30.285092356626237,27.279576423673635,3.022759638603661,1.1665704212455667e-05
3.0438354633489895,26.847117211022226,29.40572313221377,27.127328533132406,2.8828293236564226,1.1545259563854087e-05
2.8612789481269933,27.006599000158033,28.43384095640348,26.50203710344783,2.9158567003941416,1.1426065603559337e-05
2.934703845007376,28.063810929345625,27.085134792435458,25.88626427013832,3.0233059450710287,1.1308107297114445e-05
3.070215095922495,25.766839852269786,28.600832621392065,26.950472602860415,2.889038954807917,1.1191368724287067e-05
2.9394241743249667,26.491426668941248,26.549552210538568,26.68402822317391,3.335799627758804,1.1075833997540199e-05
3.034651898918707,24.562574011941354,28.044947963422942,26.65326315522258,2.9157618577826434,1.0961487925529723e-05
2.967435038230027,26.658811542767978,26.021998628337826,27.8947815927227,2.8161362826299037,1.084831699801393e-05
3.0216962929256255,26.814187680487578,28.470046534587503,25.958395362596068,3.0772591173083415,1.0736308955151712e-05
3.0439992543497603,26.576897667147914,27.306263683249508,27.079578268112513,2.970479213977981,1.0625453225305109e-05
2.8505734658628326,25.41859787984407,27.44603871231076,26.75217096218577,2.9611409989478608,1.0515740230729435e-05
2.8352755957507063,26.601475561038693,27.662923389763822,28.07242756972118,2.85604641619582,1.0407160542633999e-05
3.11594669095614,26.767257128465854,27.47158823535948,25.4608210222865,2.9042027142607605,1.0299704687385929e-05
3.0217529286946903,25.77321581446668,25.939751160064706,25.753511213620246,3.1319386648292165,1.0193362322406246e-05
3.2274968109004996,26.29271836174077,24.136395926967655,26.18773887804621,2.9399384804784296,1.0088122088414667e-05
3.1233728464333494,26.564810364951157,27.0080866259691,26.425410206337123,2.920295363575409,9.983971813793005e-06
3.22098042636655,26.249097132552542,26.92339521011968,25.750355122633415,3.0596395623442922,9.880898635579773e-06
2.9406573095128183,25.637362121941482,26.89862652349467,28.33045679443942,3.0815765580654264,9.778889453567709e-06
3.2591479604968043,26.01797703029037,24.885931626568063,28.716724309144244,3.1937451289023695,9.677931683284112e-06
2.859533852925243,25.502129085237424,27.211477419017683,27.601024656369237,3.013205649791636,9.578013312775775e-06
3.0314599418917627,25.15321887964166,24.364617319466824,25.712621927624255,3.242520599923012,9.47912329765321e-06
2.914772737524819,26.707749445110423,23.88854181098507,25.494155130265497,3.194097115148328,9.381251590075522e-06
3.103551689573668,27.370695994161334,25.106221305248003,27.794550979368253,3.1467965380688834,9.28438878933233e-06
2.91139306836523,27.050586136928906,25.237993557252075,25.0871713908184,3.044953734913101,9.188525867909184e-06
2.9910901593321544,25.13664745519504,26.215094715430705,25.000734712389892,3.065302093809886,9.093653910250406e-06
3.2148672682850457,26.555890779304924,24.433010658371288,25.428302900176178,2.848199762969103,8.999763636484025e-06
2.9869465616995594,26.244121472019838,25.858255443830664,24.753531152590554,2.822093342454985,8.906845100377669e-06
3.0274674192947066,25.05938935049025,27.86674265870179,25.00823838536555,2.999069619275981,8.814888125948056e-06
3.029894941464588,23.20575395843015,27.167794590345288,24.9063939015651,3.077726166722703,8.723881911221129e-06
2.9825688140973385,24.52958776434463,24.782981215855497,24.88797524630977,2.820360139771287,8.633815555953973e-06
2.9514721364780727,24.77091142345709,26.347417712029454,24.05578530729855,2.9200470197065065,8.544678329374994e-06
3.1422219864441856,24.47487010091888,23.928978842135628,24.67591641044292,3.1603902084610223,8.456459999195907e-06
2.6809782062753666,25.67158666783727,22.969434134163865,24.974973142867146,2.8832684865024403,8.369150681625394e-06
3.181635725251945,24.561983893076356,26.757974219745993,24.574002170558387,3.2700037218814506,8.282741094801137e-06
2.951494254359901,22.01202336480875,23.060438255186803,21.809723201605497,3.056700595345355,8.197222465710265e-06
3.026449115126137,24.306968405161363,24.365033150094103,23.632051687010236,3.1082633576078016,8.11258645252749e-06
3.036119400904907,23.04487938018332,24.095324855492926,24.890259881140892,3.198867666322847,8.028824643831838e-06
2.9847599429097955,25.103193066728988,22.981296490156,26.52614667851386,2.813028133534069,7.945928686904409e-06
2.901937275719542,22.96600940553616,23.018919064317224,24.075939907950957,3.0786939157081674,7.863889938261385e-06
2.70315009388722,23.176048715897124,23.584473321376667,24.793263670764635,3.091970413740809,7.78269953787069e-06
3.095870157181162,24.516349459611096,24.417383234826527,24.30088275377448,3.0164356432251482,7.70234832199341e-06
3.0128188139968444,25.00128911014835,25.816118014567532,24.5344132382523,2.676343844149616,7.622827095464176e-06
2.981275267960968,22.135834493475066,22.332751510007427,24.577898465740226,2.892130736423969,7.544126693480069e-06
3.0957344556157214,23.137754558725653,23.380629093020964,25.066662832255066,2.715920475706024,7.466238149351277e-06
3.0433897884737067,24.067242348662713,23.582804901586904,23.63554545491817,3.018246073325698,7.389152754773884e-06
3.0761050304284527,21.82040997381006,23.980691635874763,23.017950573959798,2.8801865927417603,7.3128622669160755e-06
2.9380402235169147,22.110644998484588,23.6542028569175,23.100544826638234,3.084267880780749,7.237358622378064e-06
2.886089334090341,24.295805624708688,21.937081017660756,23.75914164726535,3.0301485931835326,7.162634119965216e-06
3.12717895906997,23.189816237076315,24.119473404905804,23.74668146486017,3.0907630099969317,7.088681226830032e-06
2.939776240058649,23.710180040484715,23.69954498606023,22.845639435410988,3.002440415625449,7.015492390995967e-06
3.097219794883799,24.34175545775684,23.13444248485793,23.7794166348571,3.138890288721004,6.943059895586188e-06
3.001756841804552,24.030128141556407,22.859010458967983,24.001704519387427,3.211389731448521,6.871375954358583e-06
3.2113425132079594,21.97898527505589,22.115278206264925,24.47423268405735,3.1048193879279706,6.800432849789832e-06
3.051644071390324,22.869894152477464,24.36538241345907,22.102652501569775,2.8430258681018135,6.7302225069635276e-06
2.8897964360628916,23.486944915340935,21.47788986990834,22.310488804580956,2.8641125756024732,6.660737022278082e-06
2.9555745094551047,24.44828662260754,22.11754539836699,22.151603906039178,2.8255251291109857,6.591968633054742e-06
3.0907247035488803,22.032463351357528,22.30528310560071,21.147476822915902,3.235780977483711,6.523909678577188e-06
2.920484715251531,23.1775582684218,22.375239079231942,23.065013198071988,3.055821664396698,6.456552856988583e-06
3.109501045733955,22.30453835124029,22.552506541028958,20.929283848044207,3.0684952527339786,6.389890964142332e-06
2.7761380476145425,21.130242096351072,20.72104286479851,23.55468858838183,3.1613064413932017,6.323917113685263e-06
2.94376225666054,21.711836195555037,22.335520965675382,22.815064862811287,2.937528731866717,6.2586244051786486e-06
2.987950389080456,21.54299758976803,21.79975636220365,23.240258567864682,3.053143195552927,6.194005924010501e-06
3.015967862177064,21.00606278573603,20.383642642624025,21.51869046243419,2.971606865835452,6.130054950268815e-06
2.9425455740592574,21.60259587285945,21.795216252238014,21.753418415821656,2.9539993597359606,6.066764722975601e-06
3.0987984740849126,19.671901697886568,21.31539330254273,23.490578396684406,3.145337057225632,6.004128279828705e-06
2.7834492058659266,21.8075311829785,22.651361548627833,21.8387821265123,2.95585029618531,5.9421387373951e-06
3.2017256409804067,20.50251628831011,21.76225979750235,20.52975603512274,2.9163037710811643,5.8807893453260775e-06
3.0228058043271666,21.33897391006325,21.880080343505877,21.986701707957504,3.053918720862099,5.8200732539318496e-06
2.981616888653965,20.618216149982263,20.44092492660427,21.151803709709448,3.117990169849842,5.759983772724672e-06
2.9885970245457156,19.95257097016991,20.935168644755795,21.137527512024676,3.071551400655308,5.700514428086585e-06
2.9752163294306495,21.22054010896775,21.273554249064,22.538717616761964,2.9859196269543316,5.641658731879775e-06
2.871137457242828,21.327166999933088,21.16622920254464,21.685146428935344,3.3036167937689425,5.5834104502480335e-06
3.2093121859938125,21.328075403548908,21.094720756881134,19.59515555426102,2.8627425772842323,5.525763525095611e-06
3.077272095747991,19.80006935957699,20.03426838751903,20.648188331758536,2.833411133859035,5.468711781945728e-06
3.0537401570855454,20.882885917335212,20.664877003653647,21.65365344718245,2.9452964729087903,5.412249319782842e-06
2.992466165275892,18.791118505237744,20.284223534582924,20.800716655892938,3.0576648538869358,5.356370041097029e-06
3.2449770135587337,19.628519246672482,20.6707044414408,21.222315923976783,3.0815612260080507,5.301067888906034e-06
3.128409911467008,18.777159876595537,20.171909491663037,20.70847737324363,2.9095778792405955,5.246336878071495e-06
2.8794865185415572,18.93243613178924,19.961783571006,21.097458019463534,3.112384415832463,5.192170985322621e-06
2.9970841156178536,19.657378436453158,20.675825916938482,19.799014514377276,3.1314853159818687,5.138564384848467e-06
3.02510497652301,19.523294424904368,20.74730651443705,18.954497680315136,2.97937512823994,5.085511131019261e-06
3.035645113419474,19.52916864806375,20.215392916032584,18.755369945168834,2.993655039400248,5.033005481001952e-06
3.0124499799963766,20.151215509686896,19.070855496494808,19.43607693685363,3.1197454657478323,4.9810417428549005e-06
2.9417941149264624,19.305253002876217,17.938774768189955,20.454745250015478,2.9167802078717093,4.9296142597990896e-06
2.8727989449241047,18.6700351005796,19.671931780549585,20.931559113792872,2.8850562394701758,4.8787176541894434e-06
2.987232930816635,19.621595332763793,18.41288463024619,19.70011779212261,3.0189818961053887,4.828346582383076e-06
2.87335062802749,18.722534299994294,19.15426680012035,19.542406148161234,3.1773169640404424,4.778495671147367e-06
3.1334379235756162,17.25804909867873,19.459850174986094,19.470344611018668,2.6833055325140602,4.729159588110763e-06
3.3022583658698514,19.382672009612477,19.14008153649309,19.728230762321903,3.0693371937072573,4.680333043002831e-06
2.8472518277725967,20.620187791630983,18.89967534215067,19.357322706372305,2.8307768974492484,4.63201070844548e-06
3.014879206992977,18.232737358484442,20.07722791433238,18.86426156466023,2.968215636629359,4.584187395142295e-06
3.146036748073623,18.9908232636171,18.474623347801653,19.26224743241107,3.0349715764506335,4.5368577960597916e-06
3.040658256500253,18.679665552482874,19.512707942261844,19.246816740916717,3.2090852432066685,4.490016857323718e-06
3.0839855475932385,18.666350377529223,19.006286888720805,18.191033608626288,3.0355052495579415,4.443659402055622e-06
3.040708758938441,19.471727875965936,18.795074321250798,18.604851956108224,3.0297148893744485,4.397780495008547e-06
2.998217285647041,19.257348528109347,17.96190606837193,18.01375021768326,2.962804129751789,4.352375094368214e-06
3.3149630991719468,19.09482835772214,18.40854886168563,17.85273848491374,3.1905488965757627,4.307438424778097e-06
3.0503691450330996,16.61688790173899,19.18649472180469,18.03439281590938,3.106169637731904,4.262965721185807e-06
3.115052737168513,18.862623281719998,17.57153348543516,18.79300013889722,2.9037113334392135,4.218952151997008e-06
3.0303731638030413,18.96746768809739,18.392222234885526,18.932641709390452,3.1441857149590366,4.175393074554346e-06
2.9411662112808417,17.904202623959204,17.121475869512427,16.815699368858425,3.2740582740836377,4.1322839128291575e-06
2.9948526533943136,18.339198255139205,17.24823992881063,17.45684192606924,2.7035778927256353,4.089619822301037e-06
3.0738169374085693,17.61840955639758,17.00933475442064,17.007893265189658,3.0505801203429606,4.0473963354915785e-06
3.0823529491069275,18.05034440882218,17.13371322643994,17.56899013914777,2.8476774577328965,4.005608829449819e-06
3.004398770405894,17.031760407493945,16.72052651524953,18.466500021215456,2.9738944440196513,3.964252773849408e-06
2.947108637647393,17.144217231380228,18.178927108065075,18.553542120235818,2.974231944898558,3.923323626360984e-06
2.8786493449121253,17.447794594139953,17.371691661960824,18.01884442081519,2.861520316324491,3.882816960425463e-06
2.977552607781408,15.820571141944706,16.90466188302163,16.55364786205583,3.074014919691544,3.842728483690824e-06
2.9168182367120026,17.293997040543246,16.384846993373355,17.05587049334353,3.1393875341891095,3.8030537849055957e-06
2.9026758059558544,17.867219030548632,16.50062926789057,16.342459155331262,2.893761725675331,3.7637887056288206e-06
2.901552947452362,17.305346744094866,17.671726633427685,16.976196731042265,2.8454204797740594,3.7249289941535248e-06
2.8233273137907045,17.798006873136153,16.770010974968365,17.23323700824019,2.7913313365627728,3.6864704503737155e-06
3.1783736990751486,16.548027531102033,17.201699771990047,16.737869049385115,2.999054220676785,3.6484090985632594e-06
3.326773966848179,16.320977497838893,17.562938453768627,16.63852016764379,3.0525670003711034,3.6107407915676208e-06
2.8255319537452737,17.10118375136474,17.46464834756448,17.417559319428786,2.955506821460007,3.573461489965316e-06
3.0148837020105246,16.999376588851035,15.041239335209903,16.55949333611117,3.015843997886688,3.536567097126394e-06
2.9748707329380197,16.92130894875539,16.93271299803991,15.133953098123897,2.9142171246689514,3.5000536385247372e-06
2.8987995738456105,17.281867161617672,15.943001373072187,16.65956221700155,2.8766137068342363,3.4639171862129782e-06
3.099245105871378,16.981929823440407,16.003034434516138,16.637201358302875,2.957988899812708,3.4281537764793826e-06
2.976855289161806,15.967740675358817,15.730419950326521,15.234570986907977,2.959611458103876,3.392759524411291e-06
3.0252252083284485,16.09630821062045,16.01230053197121,15.325383487531852,3.1345701348688007,3.35773065826415e-06
3.213030266197484,15.816294265478255,17.061851433269254,15.57813307108065,3.1983874233064276,3.3230634402438395e-06
2.9635575172938875,15.236658532978174,16.14478622583962,15.156511323552305,2.9720147122101856,3.288754063160582e-06
2.855303636526175,15.007057459558114,15.682223188730788,16.30083225088135,3.1860851067684455,3.254798868115074e-06
2.9523426092402376,16.228886061784838,16.611766428718642,16.441403303912768,2.963064928405613,3.221194360066334e-06
2.9438853782653607,15.14652961399933,14.552801843515407,15.560497116632362,2.9440908300847215,3.187936804650527e-06
3.0010440446177324,16.15478550506693,15.684548704460845,15.67519054562265,2.9225268246092604,3.1550226443969186e-06
2.9058745803620933,15.163147081390516,15.373766844833417,15.703824226079659,3.088955380896137,3.1224484047454997e-06
3.241987521275694,15.265010333188524,15.610989093281294,15.184103752733789,2.9880772124652206,3.0902104867955035e-06
2.8408385298580074,14.849867710406949,14.831658664674176,15.793958352013565,3.037820433484175,3.0583054831386984e-06
2.94462312643307,16.006519250650744,14.345179919787686,14.820787378145248,3.036365358909463,3.0267298647578434e-06
2.9646304884305024,14.583411658975637,14.331948613646718,14.641265523586325,2.9546383668310274,2.995480165628977e-06
3.0195911043300554,14.95506765770747,15.18234980545526,14.84663835222351,3.013090866423859,2.964553137578088e-06
3.0920146080819726,15.732890939427714,13.349542244817076,14.771698863271835,3.1941031143178673,2.9339453490961925e-06
2.889423693483106,13.76061303878386,15.011532258084683,15.108778691367853,3.0506763555200087,2.9036535325209785e-06
2.9773370266478034,14.531117581167935,14.714813793572894,15.715291970549162,2.9300358573939085,2.873674429553741e-06
2.9451153988144334,14.370293422561433,14.093524615639973,15.568297891567923,2.739354579163436,2.844004864285644e-06
2.834114186904034,14.742322116458311,12.672144598793604,14.840263853535944,2.9913824316423865,2.8146415860488297e-06
2.8346153510701226,14.692836885858334,14.288001212937283,13.475766156202287,2.9955329118036165,2.785581550542494e-06
3.0316858823290387,14.143706669145269,14.313969201082939,14.32015079359285,3.0921417988968667,2.7568215266859908e-06
3.121888615034656,14.105173143166285,14.54274526982102,13.482465962000532,2.7293045750751057,2.728358505897476e-06
3.165447497662713,13.175143028699424,13.456282604694582,14.575351713546542,3.1669603175137864,2.700189446868761e-06
3.072950051979878,13.0774486915533,12.72690423962847,13.626325027333152,2.914382560321455,2.672311139312182e-06
2.9047833252393827,14.012442665063945,13.528413494906781,14.220328688422331,3.0112254447180646,2.6447207300977627e-06
3.1824207403615126,13.878961180536276,13.159046711021016,13.853296812864205,3.0952462885431618,2.6174151350244908e-06
2.905397075166813,13.271309555950378,13.472415463671659,12.802431625627028,2.979880993113561,2.5903914592075987e-06
2.9760416952309208,13.193658519711153,13.471686339420023,12.867347876302226,3.051342468530124,2.5636467352384153e-06
2.895017309516479,14.57427607200335,13.506583189985978,14.156753994009778,2.997837477264569,2.5371780933222775e-06
2.9310508422861092,13.633259960215106,13.215218573337218,13.099112618944257,2.8041969209090962,2.5109826531583306e-06
2.9784046502029042,12.28970045721053,12.7458405339058,13.565765954350661,3.000346840873828,2.485057740193428e-06
2.885876415397618,13.094089908711227,12.605021399390807,13.086639057939614,3.1773715001525873,2.4594004630659832e-06
3.009536618574433,13.406417346333095,12.811340115476384,13.191683264834229,2.970343284293431,2.434008173747423e-06
2.986060809904492,12.826451011045723,13.273453807657534,13.091542327194174,2.8766026167886585,2.4088780982571146e-06
2.9721208541977457,12.89332756474056,12.223143426076334,12.705587347393667,2.9974925382668762,2.384007524304789e-06
2.974019390825752,13.742933682890062,12.479152896665813,13.171464080601611,3.2029473057051563,2.359393708369295e-06
3.182753705753583,12.32468829503183,12.74127138328214,12.192766468352383,2.981651878041364,2.3350339472982095e-06
3.095830902309547,11.865159857559915,12.81190634484934,13.592988258768806,2.947445323724518,2.3109256793685032e-06
2.9106914242994057,12.213866365197687,12.123291124630482,12.437816757868463,2.8260129405102385,2.2870663554431724e-06
3.21130336908506,12.03623282579052,12.349234668042858,12.71139879550907,2.839210620444689,2.2634533704754303e-06
3.075915704480229,11.912899624474308,11.485905675351733,12.244764422833637,3.0523834190535695,2.2400841722787426e-06
3.0693497382911725,12.261910060757124,12.668098663786695,12.146699232355836,3.011783663145511,2.2169561548914646e-06
3.0817067870006114,11.943066698199225,12.116799375154459,12.068405757299875,2.7370932619177193,2.194066974752169e-06
3.149251613384431,11.715128420440532,11.53032844299773,11.959767997866546,3.029619512629284,2.171414148172331e-06
3.059954572392502,11.414942993937462,11.991804842765035,11.908705084312231,3.1158085586125055,2.1489951593728974e-06
3.8053449105811965,11.489966618699544,11.060898336025838,11.862701508100075,2.845084186146414,2.126807612266431e-06
4.929704248079695,11.137462983773114,10.972706597141464,11.333625534398367,2.9405855443543327,2.104849236201367e-06
5.876872829409337,11.324322068235245,11.22357995205053,11.846953256173386,2.9831412369413117,2.0831175096765497e-06
6.16103899181642,10.422852468216673,11.211507127715826,11.720896213722975,3.274601820318292,2.0616102238922804e-06
7.506677202482136,10.731708522061822,11.32497647796279,11.247292163449409,3.023999291071939,2.0403250549597334e-06
8.215925763939028,11.106832156892933,10.478790425879613,10.696935802608973,3.0228285779306687,2.019259574830157e-06
8.85672497042685,10.415146865709746,10.686170391850572,12.05990873620602,2.9582662939409774,1.99841162263477e-06
9.483278087067886,10.901920038132735,11.1358813119873,11.54997778372485,3.0060990369833345,1.977778809283236e-06
10.420274394704974,10.393008872454018,11.013739457221877,11.52421643607756,3.053887178276412,1.9573590353322896e-06
11.672168962343857,10.948194298594219,10.543857405174244,10.143779788630527,2.925864389942549,1.9371500793332233e-06
12.950430471642228,9.778331264811223,10.730681557691758,11.161861392145177,2.898695293376155,1.917149762816483e-06
12.542325268698749,10.385950047153417,9.456975336583989,10.435216990806662,3.198982009894383,1.8973559401014581e-06
13.746229953560755,9.546717816982733,9.912384269707708,10.143426799197485,2.7848630318849112,1.8777665549250058e-06
15.678063892514729,10.186732290716908,9.993345665562693,9.636456061949183,2.766616752167351,1.858379368949661e-06
17.842377972381946,10.171990054662707,9.901628266136584,9.730533110612878,3.127041009841689,1.839192377696011e-06
17.53979271396239,10.004647008110428,9.967294120141355,9.850745322874923,2.7027741928576243,1.82020347773289e-06
18.95970244075929,9.99428630775878,9.47844068835207,9.582770767469384,2.9962315380606896,1.801410695105176e-06
18.5334531628052,9.534273993951754,9.154019335339736,10.200414509920977,2.9895340823659446,1.782811925591392e-06
19.6090101652269,9.929636623543793,10.203050188702166,9.177851538700695,2.9924735872461468,1.7644051253661353e-06
20.81861960795486,9.82318852256641,9.885116723270503,10.298800796583285,2.8492960085028454,1.7461883681988101e-06
20.170219763699464,9.504625362853368,9.797014075248986,9.297789307658467,2.8750154562374313,1.7281597332944667e-06
23.112226863164565,9.928782624798608,9.580814078603664,9.371192854894284,2.991525825770672,1.7103171224320804e-06
22.731679555742737,8.983461360661442,10.044342665664765,8.958763899450275,3.0379907946564697,1.692658762171539e-06
24.082271036282517,8.67977035243937,9.11440098048974,8.781079493258838,3.056016514392248,1.6751827377646455e-06
24.675737892621672,9.295543494497075,8.430904672185974,8.925873588809115,2.9974849578173783,1.6578871318611693e-06
26.363907493343728,8.946811835533692,9.328516150116574,9.365999582258757,3.0252903521298413,1.6407701755442461e-06
28.95154204616784,8.665735100824154,9.388043624373587,9.753704427768088,2.9814490694282534,-0.08914784308024619
38.041881899423984,8.924996247509787,9.532099330139205,9.045948072976202,2.9776116814460374,-0.4387463306635583
25.365663183455307,8.83905135519163,8.512059099852546,8.164594090678833,3.3435078610870153,-0.9024252563727261
24.22317830028824,8.380305839922139,9.319727833969655,8.024548127234242,3.0940830886270314,-1.3443619060282992
19.715087537595608,8.962385807617819,8.09244828657437,7.934673179112543,2.981752692940213,-1.5
18.06024555535976,7.946876357244385,7.819834327218956,8.151120575854657,3.2629358159411823,-1.5
15.803822880153932,8.842095659325599,8.33387996266373,8.02302695087857,3.404586949068549,-1.5
13.866832309944852,9.188002715469985,7.965614498358765,8.007155612852712,3.342468109772675,-1.5
12.833978237221995,9.13613228023229,8.184975693943121,7.9673259566442205,3.492038526283406,-1.5
12.072790558963352,8.726546271364485,8.24040515193641,7.697442410233407,3.5596770274900256,-1.160593355990453
11.372447488982774,9.189241814990222,7.965989053643396,7.8839260349339835,3.6061691649227097,-0.7752287418879846
11.068533815753582,8.641938908292095,8.514047844377991,7.445100717099198,3.8191684558423624,-0.4647719198421807
10.381285941546672,8.567400374417716,7.747543904840072,7.1682349811217145,3.944842485139951,-0.30003344526452125
10.3719635952707,8.836539740671027,8.05418599257973,7.419268274284501,3.8547870130652373,-0.30902635170253023
11.458115207942743,9.450457526411569,7.6354593269143205,7.0646539608038585,4.082514138378882,-0.4745853265712931
10.900006935001072,8.116060492305952,7.9702039402915785,7.006970479512357,4.155148387599576,-0.7427330025193575
10.12934240251363,8.026583025722962,7.216173256872108,6.616463574223841,4.016252630132566,-1.0391535691618454
9.267451560944005,7.842180869839155,7.755784203253292,6.970100318349653,4.236910868677931,-1.2891373108408843
9.9697812535761,8.41392803650121,7.046614468057607,6.647261632960299,4.197249682186649,-1.435839383954855
8.949584950570367,8.725802704007604,7.436332196120928,6.372554704650129,4.260864482064918,-1.4525557576192505
8.454369410426269,8.921509889885684,7.507726237930499,5.942869341008217,4.682863051806948,-1.346570928621075
7.736634525093778,8.1639681002872,7.166140256506043,6.709216150417029,4.8557294890780165,-1.1544020823046788
7.239993243642591,8.580188810290712,7.584545355564911,6.037311057864681,4.841946024882932,-0.9303582941917194
8.093114504139557,8.893357423625295,7.1471995594472775,6.082297740258627,5.364565441766734,-0.7317740118208147
8.06676049467947,8.28203633867625,7.615932764580842,5.694318798082562,5.061106838377306,-0.6047869789731313
7.67324137689076,8.296223309309754,7.997155496681948,5.541967722273139,5.321277555612667,-0.5740705686993445
8.117842103091204,8.472965719689197,6.951555329720057,5.705306383950703,5.548646115407031,-0.6386841561857505
7.878447856133474,8.053401790724015,6.761764041294854,5.8879001385696075,5.8305164178478295,-0.7745315939664732
8.214801126477656,8.255296966170047,7.250753613012111,5.825672122678278,6.0796122801568995,-0.9422583542017878
7.4189856496316455,8.756827483648081,7.217718583315372,5.075628244774553,5.9309224259944555,-1.0981832699257552
7.220341629626181,8.544214000989099,7.121195664874789,5.017265052704073,5.866857710883259,-1.2053258706112076
7.450994971823587,8.934930494903242,7.307507016313515,5.327225153270081,6.508754102052806,-1.241828451510967
6.997163680152527,8.74443049821851,6.836336011409229,5.232257338709563,6.9985934833835906,-1.2049519204972718
6.225095418606352,8.439875045691444,7.427248258492643,5.193941244860101,6.213984803140846,-1.1100666977850087
6.602635031985773,8.751777833457652,6.908043820739163,4.92227548150815,6.80282803302221,-0.9853267305455156
6.428284764604348,8.62195120038228,6.628628363630828,5.234164623054761,6.7103757733877485,-0.8636994238350812
5.972321385719029,8.316756574409846,7.040921250543424,4.79897556492925,6.5881049159513445,-0.7745183395256161
6.164935893624752,8.900322494475128,6.8444319005099405,4.772214886887313,6.388303130975919,-0.7366542481418457
5.990768123844135,8.566810518030897,7.189030141233513,5.091836600828899,6.1622122925326615,-0.7548277337783372
5.755039429796747,9.234208667682573,7.052007924493512,4.914567045528351,5.812883441066655,-0.8196914839079298
6.220639041707211,9.654756316795881,7.139379274828495,4.792142202252381,6.01631671923168,-0.9113362625630042
6.002578625648515,9.38853641064939,6.797730708868913,4.713233368459252,6.043187557139888,-1.0050670133886277
5.823248478094757,9.319550835964398,7.256544122639317,4.853749208337535,5.244459650955497,-1.077840419875641
5.766256957857351,8.910177715214179,6.817837497716582,4.63525725301853,4.836577798006892,-1.113735031730013
6.017799504817927,10.005381798437341,7.2485404090511585,4.852291015777092,5.046322633089004,-1.1072058268356006
5.9742899084192915,9.522388801298236,7.434146246602152,4.615664540000963,4.984203791539958,-1.0635261847961544
5.2709945204882604,9.440602791045544,6.711266889291303,4.710137453924931,4.269123659979099,-0.9965575025042053
5.481298727886485,10.866379347809021,7.224308588117625,4.437480896446546,4.321647967135584,-0.9246234685180801
5.46575977317267,11.159344948139957,7.265143771312038,4.128446107232204,4.24511251579438,-0.865658060344298
4.738161708543173,9.533646679856417,7.5944545365601535,4.154909961684158,4.067370298510597,-0.8328710479912576
5.404541249452762,10.380447486328714,7.379727184599716,4.256423776639744,4.168678371630321,-0.8319414703750071
5.127955806494869,10.544747850740219,7.867421353753724,4.575163454549612,3.9992870630589437,-0.8602904729616163
5.037282302296536,10.410384595282066,7.585758997237147,4.332222093003035,3.878505447457559,-0.9084303685291142
5.02120142486376,11.168260550148132,8.022938393952877,4.56694197874751,3.6075234413282016,-0.9628802480817282
5.378727879676342,11.51960288264782,7.858692963088445,4.418872427404103,3.801324456821832,-1.0098001982823082
4.912226950970079,11.412257976619511,7.7091283333989225,3.9893280625197765,3.5920870146465416,-1.0383949166692052
4.812687837306729,11.626086778472668,7.778007128727678,4.212556330048453,3.401153105652578,-1.043277317801038
4.894485158840446,11.735180922662034,7.888360906221228,4.546044485529927,3.2961962819626303,-1.025307694750079
4.536029564972648,12.683732459831708,8.080294636942927,4.573954869667745,3.0439027055789847,-0.9908379739788573
4.530936777930434,12.805321829529973,8.501988757464957,4.43205431360136,3.078769988318906,-0.9496848220186269
4.3128351177245285,12.032513145693379,8.559815459804675,4.644559980128771,3.150216476595585,-0.9124360723066378
4.5902321393760355,13.607098239267435,9.048940409184144,4.609449190882836,3.117111700955152,-0.8878043025627931
4.612245090915966,13.672901549396045,9.264184157945815,4.327330032734096,3.0421613831833434,-0.8806678786103586
4.570986749686289,13.040386852689474,9.7808183774221,4.7226881075642275,2.8719593406071513,-0.8912168932622977
4.192356207230554,13.233282856604655,8.584325660550276,4.423357750106963,2.9705468824638253,-0.9153160275922052
4.308093108646532,14.586516590378654,9.418567680301024,4.475914624714993,2.852303304524905,-0.9458898980877544
4.363295143197059,15.43374271510786,10.120694453361093,4.747290936445036,2.7416745258675093,-0.974903936208984
4.396139599296157,15.068029138179215,9.903385719500376,5.087739156874529,2.744885664115628,-0.9954058446329156
4.239788760435116,15.327248979647505,10.098589294735948,5.030510351198433,2.5295063654057115,-1.0031247754885122
4.082991946189442,16.132204329059515,9.872167022483632,4.565683001261288,2.760136289571923,-0.9972773488084814
3.9898084449555022,15.170696643633349,10.439383450562095,5.5090300450373055,2.544379285807135,-0.9804536863010014
4.072135052615456,16.58585832076401,10.970392301358768,5.297501600337656,2.583204008786377,-0.9576917599124732
4.0642269780095255,17.695896197924444,11.500524454403074,5.377663594450919,2.6242184367092856,-0.935036413800401
4.153448846229667,19.1847371594327,12.011362765699888,5.6241897108893415,2.6310122172595185,-0.9179789296999934
3.8165190544955205,19.232957609073967,11.835129776864585,5.914109462623864,2.4527450160021016,-0.9101675768425436
3.633238675411655,19.298362656025557,13.349525723495237,6.355443502584391,2.4440955605795587,-0.9126796354216649
4.043292477063529,19.449933729160257,13.320428473644125,6.631198270644988,2.5322508009376388,-0.923983347913934
3.702642665545307,21.40153761148546,13.624458452659967,6.11671454281229,2.399475344196605,-0.940538932289636
3.9423197574571724,20.279737550584585,15.325587086746498,6.59411850727774,2.3945995761127663,-0.95783642203518
3.762412513650043,24.65680286017658,15.385857863990918,7.145956067861339,2.4905426136758657,-0.9715792388986526
3.7666378629189854,27.28456871337398,16.265532269376678,7.337235027253778,2.5652320550941456,-0.9787123286142294
3.630173250798904,27.67856123830426,17.45063779970975,7.731808392708576,2.4427228626993096,-0.9780579496454103
3.408656272716301,26.086098001009102,18.212215532208024,8.492754290140367,2.572670490580099,-0.9704385610717159
3.44512250775078,28.803947017617602,18.840268077937125,8.860941503122875,2.7331335949085385,-0.9583017417923639
3.4873281935139584,30.241632215855706,20.80267331571134,9.054723788167014,2.615295040664698,-0.9449820211868356
3.4290327182367477,32.50199486479954,21.74357439402922,10.47515853138783,2.6256344049673044,-0.9338111137576914
3.2903047886805963,32.63512700527383,24.005826281738884,11.020693471827759,2.564957023805886,-0.9273065035926669
3.304381067428338,32.0072860572774,25.74067223029576,12.504550332492279,2.5961860106089927,-0.9266292004072998
3.5666220231343684,32.27829289150901,28.57151537349373,12.92994971337401,2.800459163710049,-0.9314192988199279
3.2385481204214193,32.93535715893211,29.00561782490106,14.252826093691626,2.710024067570535,-0.9400164555358159
3.178353085062982,35.543174739241095,31.919472423621148,14.502560370979483,2.774398832854023,-0.949977971707814
3.1549803990783634,34.713829589241186,35.997246471626774,17.712080702226523,2.8198105264083058,-0.9587422499070866
3.382846790409665,32.36466403939449,32.67216019814033,19.380429542227546,2.9112616659298656,-0.9642632611150379
3.178738949442394,34.58641107034708,31.913087324307174,23.17212984000959,2.958435906113184,-0.9654639685604243
3.009431813030033,34.4534905010003,34.31675634144083,27.68646489482961,3.1730417835578204,-0.9624140705247699
2.839304004775226,34.263480018857436,32.79352610600234,32.47479334605837,2.8807095024057476,-0.7984939293005686
2.9404723499835623,34.08243607918329,31.850037571506107,35.6896611141586,2.9722650536277944,-0.4086795596746673
2.8789327514584886,21.08385001112544,33.78300693886938,34.59485368289434,3.158576955582513,0.06161982733560889
2.9563915740854556,19.749381015566048,32.22494421881941,32.79376409373893,3.035893615362705,0.48065860667880406
2.856725235867843,30.621461292463515,31.23071175668697,31.241267283533546,3.0606389602765125,0.7475711042876604
3.0511088634213044,31.709844239524674,29.600128408764014,31.608677471448136,3.2538836201892813,0.8096325539893092
3.018985894167744,34.816632027544735,32.67308908394973,24.29621157003099,2.7638272464268607,0.6693408859387167
3.004141144079869,30.79752145448243,32.26416684285493,23.869126586614286,2.822706876153359,0.37846611818210874
3.0874826151799777,33.18887476520031,31.500995658732425,22.228852577696507,2.815668154324145,0.020974309597112148
3.263544599081488,30.57242369705158,33.378076127150706,22.42511241501578,2.886140996117069,-0.31027618910919313
2.974039226679734,34.299667480703995,30.097460753369358,24.114774262526087,2.9966058732399734,-0.5369271926846549
3.25305828102042,33.1308805351938,31.111904697697412,24.085267544001624,2.9732860323764094,-0.6129262460202672
3.020127705590116,31.210514189849256,30.14390483184577,26.577816552466288,2.670988019657716,-0.532909921569115
2.713499403390282,33.721953235036175,33.31939300183534,30.98610641436107,3.0204218173346287,-0.32995236379984205
2.936977998578104,32.524378116202826,31.35707358420958,32.741822495502085,3.1314356121348186,-0.06415721021769205
3.001591479673432,32.92900569374283,30.90971577414244,31.80314397750581,3.15512482941353,0.1943311470093844
2.964794968015277,32.905264366554086,29.510186655387734,31.780981260412137,3.075725852002428,0.3832747819630813
2.8657061566677755,30.49149288323594,31.64122090189705,29.7908098874323,3.1401437832988446,0.46279619239344644
2.913830639475772,30.5327513363326,30.20544659311798,27.569596599949655,2.976818811749508,0.4231272841701158
2.8573794108325203,30.34297162902227,32.17792895577148,25.17291009068302,2.894457618104978,0.28435449879792973
3.112903025225294,31.347688007136608,30.31773175610849,23.26525971052992,2.8565873597245215,0.08892181494932194
2.934853328692698,31.42519493834777,29.525856770551343,24.656883400935435,2.8406244835491576,-0.11065143495018609
3.1009473636609957,28.725857475986004,30.3632431300012,23.06578905513575,2.8073740513360312,-0.2654310408338762
3.2307892349403753,32.786068596240575,30.630310830200376,24.398177567601714,2.963769387935475,-0.34166185671935856
2.740250798447637,30.608891377320866,29.71803008061384,26.931994749048073,3.0174066461856577,-0.32765455249831443
3.039237489002439,29.775587593352455,32.68506164400564,26.909524380719443,2.9941584447387477,-0.2347010183469544
3.0248562532070693,31.306021237396173,29.374352600061822,29.30838940164715,2.9574300116460757,-0.09231767430521838
3.0197732775160184,31.73710792133629,30.263985342222504,30.2889111566429,2.9700370116566988,0.06053016541105698
2.9412071747647186,29.912124779691815,30.269476236548464,29.141450092375976,2.9700913807637166,0.1857361448989409
2.9766436789550625,31.094871875672233,29.05116492715627,30.716025967613415,3.0288654171233333,0.25525057794253786
3.05374132278539,30.536305582551577,31.08606689732087,27.252410527358876,2.8849418237495863,0.25702687801299645
2.894924382879259,28.141535053877,29.693719709582265,25.500637496615923,3.081675948256379,0.1965540477442525
3.2588240125455727,28.03794581825035,29.908090483464353,26.22666660049443,3.088999240174205,0.09398822935849435
2.923186067030947,28.314699068250473,29.732254569469326,26.278107523447428,2.745468279902333,-0.022034041255292184
3.0396112144928282,28.510866670758784,30.82479690269652,25.007834446154632,3.2261491935298534,-0.1221054069765035
3.23152191061049,29.2559303525794,29.277820240255117,24.616885279469457,3.0985541753919104,-0.1832709237133306
2.8998416015289203,30.154098521199327,27.704349196880983,28.22333705548417,3.1696012049321385,-0.19404975837451643
3.002009624185381,29.186442283757554,29.206072234403727,27.969131535449883,2.970678126487548,-0.1562258501892523
2.8773135229670843,30.323288731047512,31.120631136141668,28.246439061098236,2.9128889929241755,-0.0832542564494626
3.005187908193688,30.438851290158485,28.12502502300717,27.935913433177134,3.1559632160862514,0.004033206667734244
3.0661071236509305,30.4235561531037,30.046257839452977,29.403552347834164,3.064580657002491,0.08314198657079475
3.1003144563994676,28.41700740651686,27.483455806874176,26.334178038946035,3.005865843688287,0.13553392664348832
2.9814311607697057,29.502062539722953,28.83240505916652,29.5207868760465,3.0978086876489557,0.15079244278272158
3.2854656281822163,27.873948825572256,29.31651971434703,26.88533615344405,2.990513056013892,0.12844731708721768
3.112813508155928,29.86735389422658,30.334212626320706,24.916706852520228,2.9085669454662115,0.07721967622747333
3.234182986348013,27.40917063554212,30.608921842185598,28.11995992090441,2.8466907138914856,0.012096389057258732
3.03428366891057,31.0922173432644,28.01375003000529,26.79447170321193,3.1249162363537946,-0.04986448602717928
3.1550818440698745,27.177145213263305,28.84746328663172,25.541618556459408,2.862807625814731,-0.09386559348899629
3.125467109108006,29.72962187356121,29.841329440195114,26.105756907693614,2.9010503191300425,-0.11077339198695789
3.0829310926585465,26.865827243450074,30.155893932876875,28.803836611311755,2.934657246004104,-0.09884557089171864
3.089007713101333,25.814402617464424,28.773793029570232,26.635818597696158,3.122867304601094,-0.06350891120740626
2.8819306098965116,27.52183233797625,29.46177308528747,25.94708659793292,3.0751252040857824,-0.015412062417339948
3.157974465337754,26.402688858678797,28.52369491006904,26.95535177622492,3.133014940793605,0.03262214036258803
3.243982626626258,27.815171421918794,27.39340242311697,27.981038612368128,3.051495447209682,0.0689070067113852
3.0011305593574042,27.457992646658415,26.764733438382976,27.665904118367333,2.8875345535561534,0.08563647933000897
2.9554894518778534,29.812530818114674,24.57260557413927,27.14722860460153,3.0345946032366995,0.08044540989850707
3.081053963406709,27.118039049951783,27.981387859776902,28.202844675427407,3.0314331884918175,0.05650947316168255
3.0589521982722285,26.95344789269658,26.423692939912492,26.67531389020894,2.9926433159486883,0.0212880651880241
3.2869104271413505,26.925966039970223,25.407685638302347,27.45046249245036,2.9219999383998108,-0.01566529538804885
2.9031321836603277,28.001018640269027,26.578205694233365,27.93668507850463,3.0018924216444907,-0.045210741997376326
3.1663966824543763,27.141307841440963,27.66912687201219,25.764607499568243,2.80470790161415,-0.06080996334649631
2.7989834635936948,26.316009270341482,26.139737796365832,27.21290537409552,2.922299882599728,-0.05988979872630036
3.063909255892131,27.186296138875672,24.997447851014332,25.976345913644575,3.156828619836256,-0.044121769305281264
2.993900357457529,26.909930876927675,24.45739378755351,27.008237761791765,3.220901611158114,-0.01864428781788339
3.0733456441669498,27.958217385526662,26.13249147527252,26.97527617661878,3.0685133097477064,0.009490763977473022
2.859807184208251,26.237683320107365,26.772652932146396,26.19935793489244,3.2503134774800793,0.03320128356617454
2.8518069313407204,25.734644048640465,26.54996004473235,27.300316401812083,3.096824763358948,0.047100925509995256
2.944408127244747,23.93463416669416,26.094605891114544,25.042278664299477,3.1860643737451477,0.048661562642238025
3.1048824468556306,25.495220677804316,28.24003092085865,24.487039704537533,3.208652548931528,0.03857862192912344
2.889049009108379,25.51195897977767,25.32661675781427,27.315576750871607,3.0001253245054995,0.02032007666587662
3.1421257625533072,26.760304064472564,26.516101311070596,25.02477598623026,2.9739423821636555,-0.0009597982847015275
3.0561649629384533,26.092305760249463,27.016636102627547,23.5749338130396,3.043942662594965,-0.01982205685610405
2.968544370903367,24.532459494434768,24.54536810063465,24.742913672455593,2.9303604754268284,-0.03189146064433272
3.087875749102717,26.494297578388093,25.11643299289242,25.565901853286107,3.149518156354779,-0.03482815107398844
2.7887740405719095,26.420318109846068,25.35645092363151,24.974979803369873,3.0658914504206107,-0.028719100942486732
3.0212760847664546,23.223303683852297,26.23397394849347,24.120222292264476,2.8166858347947645,-0.015844810440548078
3.3851684979148677,24.66479269425923,23.799635950057283,25.1842456595326,2.9216104336837168,6.73683988942431e-05
3.07121265995691,25.186628798610734,26.557281980772093,24.89651690903821,3.0016702503245285,0.014876709140538001
3.076344400867923,27.08964996684802,25.375169569892133,25.57126522047792,3.0848295223322384,0.025072836412255273
2.973005100332852,25.333781717943744,24.464381140799723,26.50297926873378,3.0653705859737523,0.02857482675843418
3.0951565007041584,26.26228887738933,23.759180363036453,26.422827746419255,3.221181343538286,0.025112618310410492
3.1177856882518973,25.637330122281465,24.379134225697065,24.090446648216624,2.770750094761154,0.01613443090249943
2.83317371339875,24.651537428721248,25.08081669258528,24.64017053730237,2.928792151672261,0.00430415833160472
3.066817215640637,26.007643016206053,24.66020074095843,25.463927909664836,2.918501894862915,-0.007253122138876391
3.101126172759587,22.924669397411083,23.613788803585212,22.431804548972405,2.990990397055118,-0.01575190977295027
3.1849576298266546,23.155009351167685,26.920036696171785,24.57279535293361,3.0729087605487124,-0.01939441099232958
2.9147021594951545,24.207431652753854,23.231554601873732,24.132262229184374,3.044541498869989,-0.01772166869474055
3.0332963262386596,26.6573994941245,25.54213095299488,23.626450250478413,3.1300949769093784,-0.011608209813466237
2.9896249365643253,24.91042395566598,23.456593760739125,24.005931192679473,3.21003081882936,-0.0029326752012982567
3.1676060784899693,24.372819010932446,24.509042828381453,23.837598977357825,3.2077383515231492,0.005967096496048883
2.85280430264077,24.179631000768147,22.71450226243929,25.076100402175552,2.8844635838242785,0.01290309100506263
3.207667742894813,22.634985624729303,23.94539710121708,22.950579933432685,3.005549160265573,0.016356445366635497
3.2966911622943087,25.60669124264065,24.566342372592405,24.199141733234796,3.039919383140327,0.015788549074551572
3.1219698993520977,22.544624745319545,23.05432656859943,23.465979137603764,3.0195893350093272,0.011686419145344245
3.0294010964534377,23.427983714358064,23.731783776882388,23.190603510886046,2.8909961033608833,0.005354536062650158
3.0098000595480263,23.317529714987,24.34575939481456,22.928474221550406,2.9656378763121016,-0.0014740424866060441
3.0803663184026684,25.260689088751295,22.782444472325295,23.569604192276895,2.9766351721186073,-0.007096862110402875
3.0231510389369536,24.287488873932787,23.627808929796494,22.595081493237114,3.0167852619997224,-0.010253666291369668
2.9104992166671697,25.085131181822465,22.8900218879572,22.9967321041425,3.09180255614923,-0.010394408703052116
2.855992068520204,22.134231869610705,21.891143449542184,22.92218923798328,2.738539246005721,-0.007751017206231091
3.0823181159745343,23.040007941955114,24.044671740766585,23.309071148185353,3.0521217004642964,-0.003212601652972811
3.123191328972028,22.64015488462647,21.173977605053054,23.363983834612917,2.9304024259959824,0.0019483461260018193
2.8981792568615,22.29314154051586,21.28866293368198,23.83547291823033,2.7284935561989263,0.00641910911770153
3.260270564126423,22.485387014228067,21.120016199245054,23.822805112555876,3.1838246379453126,0.009169693278843948
3.163193619249051,23.09889238554198,21.361698721598433,23.831353270786536,3.2658823756489337,0.009678748456724184
3.0386191525127284,21.954343229329805,23.152668663090623,25.482600879160202,2.9399733272169284,0.008015968849877528
2.9233096685744844,22.37198500507019,23.475936023757555,21.847595729041203,2.964136706059045,0.004773467748395128
3.0457454560289774,22.528698020716106,22.5554669432689,23.204972036594047,3.0379556031604413,0.0008760274336302696
2.9023479212173346,23.348744285998357,22.716275052379515,20.34460825423791,3.000999072408895,-0.00267301455411764
2.849491495090541,22.370552526245284,22.9149365200952,21.80295322286682,2.9663840752026456,-0.005042781294357653
2.915365302629824,23.194462418376574,22.967945318782707,22.754265302916636,3.0230845211912865,-0.00576196395282649
2.953217931700241,22.363396425059825,20.04776170110762,23.823815182856634,2.8096589893905333,-0.004802077253299482
2.815577920191047,20.597211236602785,23.012705835934653,21.542034963678518,2.7783633339013716,-0.0025456820160605275
2.93426389096013,22.121425591375054,22.54014072094103,21.499744786624625,2.9497394928913,0.0003426370705859516
3.1740019265020956,23.547212912042053,22.274148082085738,21.52103121133039,3.035620273471484,0.0031026420038522545
3.1820518855841593,22.36914269021725,20.24815961894808,21.188711437052724,2.8157131991797493,0.005071796481081295
3.095096314668948,20.514546189847945,20.699925946431527,21.003919576446727,2.9815203493556575,0.005837944472115678
3.011952817204229,19.543236299355836,18.79505757824704,20.583017040714257,3.114723531110523,0.0053177157758414455
2.8376830740553314,21.899761160515453,21.214160431819067,19.756048943100428,3.096435742320868,0.0037480721622886563
2.9934992907476867,21.972877196050682,22.588875685067492,20.52973511626994,3.0623750094513578,0.0016006440090742206
2.9262776863590467,18.9887036191407,21.412451852093977,22.047401630018744,3.0892844728168907,-0.0005535483035229119
2.9656111735887376,21.77659196777959,21.320075571700187,20.166270979626677,2.942232056575232,-0.0021917329107704847
3.17504544862808,18.455765541655406,20.067658933951726,20.576708612158146,2.979126960113703,-0.0029623786005904054
3.031124165813143,21.42848443337547,20.268604842233145,20.895453705352885,2.987424399516563,-0.002755766528740363
3.0259604160070994,20.273322456950545,20.056025530747743,20.173762141442907,3.0240267915833385,-0.0017095511327836722
2.92401140704123,20.434664824132405,20.28847000771737,19.659112813907957,2.9075988983987124,-0.00015363995753214934
2.7355750185638166,20.30296284392724,20.495662822034515,21.028061766433805,2.809953925648893,0.0014868904424856439
2.983329653592869,19.625096059078984,19.79772329211038,19.99581913076457,2.8920590046018924,0.002803550147871842
3.1285529777335066,21.27183858417964,19.53916932096881,20.650768931938376,3.023967925049284,0.003502386318576409
2.9612635635480755,20.228946257764076,20.133518212854998,20.202196767876895,2.885691907855614,0.0034655002809525987
3.021778141254908,20.138495022346042,20.649960940731894,18.27594478542798,2.9803516763577242,0.002764346703454988
3.1662936196395717,18.50639394212325,19.182178796487364,19.080302300706343,3.0359298339237775,0.0016257936304745306
2.990237936671201,19.794758382119042,19.540227639631745,20.57090632977222,2.9813394509555713,0.0003633315979777955
2.9847712145443492,20.469479724825305,20.135874878548123,19.72697120715721,2.7914329225209964,-0.000706782352032627
2.8794718303759232,19.19471714619769,18.81908687445443,19.226333239680397,3.1199663321309377,-0.0013427236176147726
3.0728173730356385,19.05103704986534,18.963132539878014,19.043169203196193,2.980274074643083,-0.0014294385338242312
3.0614297700734663,19.220621129512892,19.4121714771266,20.03337147906158,2.9231917329198898,-0.0009955597113661232
3.1365962367085216,19.076061144909648,19.184796427160176,18.446848676872182,2.867898395993504,-0.00019387859268552916
2.8989111702115498,20.89334340254867,18.56307594734648,18.147993282531772,2.9252063589922717,0.000746687404025237
3.0713016745164063,18.824829504608736,18.523267059083242,19.25318897509787,3.060346540302851,0.0015834532118214038
2.9567362263538186,18.874861439523578,19.868181231347865,21.019217621820513,2.97453893594497,0.0021202235938174597
3.027909463234612,17.907403688063205,19.519281399701274,19.251830250257196,3.1843039000551934,0.002250970566789142
3.159504860010728,19.138176921831512,17.86201486064741,18.316940808190534,3.3430725282668097,0.001977751790010287
2.9381418417871745,19.122919564268088,17.95858007806146,19.687642389202633,3.248719909517377,0.0014007614327119495
3.1417145288555357,18.17020678975799,19.033744586929554,18.136164460554898,2.951570349883992,0.0006853705352729887
2.9768339308930796,19.263943413511374,17.421714346736458,18.856644648525133,3.0381412127651584,1.6188602382670697e-05
3.0081750723921807,18.61975874998122,18.771847501524796,18.403342908711696,2.9714237119411555,-0.00044954054131525787
2.9424644825643513,18.162142846322553,17.21579156687666,17.39982277939162,3.0597714287541242,-0.0006178099432672552
2.9878061015810213,17.980732671711873,18.87187292469099,16.571903483400753,2.76870811503582,-0.0004751972028466465
2.868343418023326,18.362077305363393,17.318132942304494,18.857543730647787,3.1517465425012725,-8.50865378412941e-05
3.027226410091662,17.962571067746538,17.507568646954116,18.998851002749884,3.064146063693283,0.00043446876894257755
2.925189343170354,18.248947259466178,18.3754662223049,17.729534213529593,2.8949057458260223,0.0009442517669082157
2.903241361664229,17.325963347366756,17.343231049398494,18.16062032802538,2.8894865368174347,0.0013196082743812303
3.030860490839094,17.211850026285727,17.82121866517574,17.029339484339644,3.037285953910029,0.0014795066524612597
2.834944234746313,17.382404058610973,16.804656608813435,18.27239321270099,2.9493950461191014,0.0014024423718305389
2.9902455139606556,17.094469582401594,17.300376784441287,18.109529664924395,3.0374801223368944,0.0011264671652466214
2.931360610491389,17.603381919779835,18.04107420783782,18.187612763892083,2.8126239233321573,0.0007347234129686819
