26.99809954598428,8.926086400460868,9.085043633975673,8.850925986067699,2.9825028477205953,0.0
3.1056546328349586,27.12731315357351,32.17236718999468,32.67744023111267,3.0202100028260364,0.0
2.95645571386219,27.589206061215666,33.19184413374399,34.17611609514574,3.100854108734212,0.0
3.2012671323899333,26.71342856584473,33.170146674684275,29.700889276278136,2.970048468011716,0.0
2.9895286279767417,26.510398754697196,35.19685190568888,31.34195322209697,2.838198068824213,0.0
2.950764885284143,27.516303576506015,33.75483132574209,33.56776689726795,2.9274768848868247,0.0
2.801666460639749,25.99426459912751,33.19070761446041,33.29027371764321,2.9675596309255083,0.0
2.9262786979150412,25.483480761941063,31.736848445843652,34.00162928267397,3.0377668962626307,0.0
2.8486985443905763,25.89555702697391,33.84195815481315,32.20749532266871,2.8939419637744517,0.0
2.8681520289166906,26.373619343947468,30.328512971533275,33.2689402495912,3.248032318229222,0.0
3.009394069810883,27.394588915561275,33.90570552032915,32.87931003561028,2.8269980096182796,0.0
2.998474845967997,27.61944831135776,32.585940736971644,32.09921677636716,2.966106410611724,0.0
2.924044817589232,24.778100909468996,32.03498615282966,30.655099185961795,2.9724709815831236,0.0
2.997402946376805,26.45743092986358,32.6242586052759,31.35889655706043,2.9567030821985525,0.0
3.040048409372602,25.851963218621012,30.627418506683217,32.38487749447869,2.831086599911369,0.0
2.9549509541890617,25.187112904326433,31.348978349295706,31.035708457881004,2.967691212478527,0.0
2.976800174287594,27.131202127551155,30.82800910124298,31.96034038166956,3.0776687495195345,0.0
2.8998149587429114,26.97853298660923,30.0951546981913,31.027743426155183,2.9756732660824796,0.0
3.0919195990263955,27.073406581562445,30.637449471361872,30.59914782303937,3.001652373683828,0.0
2.931327348143398,25.20166935628386,29.860327949956456,30.551730263754774,3.142954749771227,0.0
2.9516193637454204,27.794186718926323,31.360583773236964,30.24425269022438,3.068340029719992,0.0
3.2317284587644313,26.902168761292423,32.2950058141309,33.12753671780773,2.830639435374698,0.0
2.908574643291499,26.989224472057614,30.08446819398999,34.02327220400767,3.0423035103170393,0.0
2.9722826242736713,26.503594949969738,33.7320856520336,30.041082070032303,2.9215626972789095,0.0
3.199039968215979,27.348865737974286,29.15170983105288,30.548377641945354,2.932255875905103,0.0
2.8948006174227734,25.857085588976215,30.645008285960955,30.103617256857902,2.9462999169249176,0.0
2.8875409731823583,26.315594394792445,29.905924037641572,28.918441239740655,3.0833897627592495,0.0
2.803717660444754,25.62385998448869,28.750641888667644,31.23164976763489,2.8875119544008268,0.0
3.181275481659203,28.794797395625693,30.28265320608511,28.661151624970408,3.130378385612146,0.0
3.1727980557113344,26.380076830305388,29.331869949414536,28.694380874129877,2.9756002769197876,0.0
2.798546440397712,25.25797461522202,31.826007590935784,29.84525027509666,2.9792445861655903,0.0
2.925164650071492,26.12496440498957,29.350439828819606,30.418604770445672,2.8929779738293124,0.0
3.072355739941032,26.490283402417376,28.958861452137004,28.118014388487754,2.792356840843739,0.0
2.94331485779157,27.053720733042592,29.4953052689156,30.71754364673205,3.256367917534959,0.0
3.0785809305865484,26.69156799901877,29.700691580260607,29.711082500377618,3.1268485445106955,0.0
3.038179703365267,29.001715574479395,30.4339318101322,29.79043262564275,2.958462156732524,0.0
3.018158272066238,26.363267716773603,28.97431669852885,30.404336067405012,3.0420411165632886,0.0
3.2348282112826534,28.021080571205335,29.172755125612035,30.171740183292936,2.9574400848660445,0.0
3.018315909849004,27.456782625274116,28.91357313828698,30.060125327523604,2.9157453358499206,0.0
3.197374787837481,26.66904309079691,31.672123976898607,29.49852366303369,2.9773480353624535,0.0
3.1862432036654527,25.322341310254657,27.579701104977914,27.482768809233633,2.9907551001322847,0.0
2.8959812867999566,28.230337936898238,29.960062239552745,30.1478802058427,2.992366862122229,0.0
2.9780986979434725,26.414697177532247,28.521630165880918,27.78709625918096,2.889208643403208,0.0
3.033885698463215,26.812873223676267,29.000250874306797,28.971112752134307,3.034293860803462,0.0
2.8485728656858975,27.154007389439602,28.394886888443054,29.819163640175205,3.043933401158552,0.0
3.146088014938589,25.11995106941613,27.114793718399522,27.92315820762151,2.995287811355471,0.0
2.8584527978082055,26.024193136903936,28.81097479157791,27.377545151535244,3.092303841045641,0.0
3.1983453330501743,26.891459796563325,30.824475286974398,26.18719316886767,3.083015379804259,0.0
2.979253686373708,26.214039911279524,27.67734429690503,29.078652468825112,3.0890105465591544,0.0
2.68122787511166,26.13944116241433,26.042380200916973,30.69520758754824,2.951254318731305,0.0
2.9497851261234906,25.732858560276554,27.84883904176384,27.483611078048934,2.918959409923911,0.0
2.9288031584296976,27.403775232222493,30.32390557675646,29.513100477770355,2.836023120881428,0.0
2.963924658563002,27.362466262058142,27.976742436801903,26.540402477420045,3.224018845532267,0.0
3.116638356935399,28.686057976005372,27.296673995035356,27.505703786127782,2.819616331160558,0.0
2.86468953872543,26.47649724574121,26.92383708771572,28.835226147928456,2.7519602769183638,0.0
2.9736571491419617,26.413593785820808,28.520097582033237,28.066463293514964,3.0269653180090637,0.0
3.1118398798831493,27.350182841431426,26.178231996480335,27.048148884721694,2.885136894333265,0.0
3.109958806509201,28.533859464881466,27.224230389373993,28.507221023923613,3.0229955423219614,0.0
3.1179842071840422,25.770735055432205,26.371247573219204,28.290834170227072,3.08074453112094,0.0
3.130948990501314,27.35724949219899,27.682720266106287,25.691771560500587,3.0652931351099135,0.0
2.8681741441644886,27.23248017175181,27.15204552586188,28.225966705250958,2.9762020335050043,0.0
2.9355123823283593,26.77690685552973,27.910527926640253,26.209690174288927,2.9714029232889096,0.0
3.1983828230397053,27.718152990580638,27.360122050604474,28.526834535458057,3.1112912996474487,0.0
3.1784225393623844,25.73968788607316,24.973726430263316,26.912532362248637,2.984452779287288,0.0
2.9497028664443157,26.990664547299346,26.39401905396704,26.141348535987518,3.0422051936508625,0.0
2.8849326361469694,26.85988343357452,27.065488667964072,27.537633761181745,2.961166199830418,0.0
2.7643829496016297,27.21284276821816,28.833056566578684,25.784696652744692,2.924208866368946,0.0
3.0874620633785863,27.98607759587195,25.59444100736812,24.287707907030576,3.1528666180096665,0.0
2.869617222304601,26.38273712562905,26.4840884507457,27.20013415608106,2.8964803549792264,0.0
3.1852985826782234,24.793120341975794,25.756364999375332,24.55937750231566,3.1301928847296003,0.0
3.020348035307231,27.0113950411071,27.493704776226558,25.524755524794298,3.0514749749817716,0.0
3.0472516731925525,26.55307496033604,27.498057006718003,25.60675140864425,3.0842247058535945,0.0
2.915790058825023,25.949862557518237,26.70833576631901,25.650262753192557,2.7940609640254537,0.0
2.7578705226243962,26.46287410394632,24.74497355886229,23.95629015945324,3.1545110878807323,0.0
3.107760078887474,26.916002842436182,26.774602601367157,25.987125497627805,2.9316605670165132,0.0
3.1220794712458733,28.030422392963143,25.022487283000398,26.736398159501928,2.875262591522129,0.0
3.0599476735629523,25.77964449374221,24.509119171977286,24.89449395321415,3.028640381865508,0.0
3.06423687406939,25.299686862892344,26.769553217737883,24.91493046723426,2.9222740131816147,0.0
2.8526599416609075,24.51496497917585,24.261230130707457,24.42474113238621,2.954414976437747,0.0
3.0417888846025205,25.46674555421002,26.487240929726557,25.58652842229489,3.19517676861086,0.0
3.0603495172131367,24.50048508558481,24.35488098930747,24.81478374735349,2.892610386699838,0.0
3.020844878300182,24.19484285604296,25.864770773876085,24.43363656697988,3.2510547061467743,0.0
2.967943222946421,24.070075225537177,25.018989213446844,24.463780549508957,3.032112489760233,0.0
2.9780000739050765,25.436265333123625,25.716961583151537,23.13304300550212,2.924672479614047,0.0
3.0542848135467997,25.0764186194534,24.07176630975071,25.021860376715583,3.0045998193124324,0.0
3.079985252305481,25.117457318609254,24.366050235776033,23.95068046990439,3.047997906016789,0.0
2.9225215060068748,23.333227035464965,24.279674081365766,24.4274261663344,2.977135244208155,0.0
3.0308688985322636,25.023229926529837,23.883066561664545,25.41073383525033,2.86180883810461,0.0
2.9667121678497455,23.79709947596737,24.694784828613813,24.729766255106654,2.981737982611631,0.0
3.0014144889706835,23.780106035179468,23.916077007059517,26.02530977222221,2.9547646970250567,0.0
3.197284825832507,24.884053369681652,24.291581705600553,25.179186067381746,3.0602819113896507,0.0
2.821407896549323,24.03058477967545,24.28226185697448,22.835888223881767,3.0213774576897316,0.0
2.743937238245305,24.48968907124298,24.38980513203588,24.95910567872123,2.9806614866729757,0.0
3.017489027764699,24.29320911300687,24.021524193171498,24.438774912282454,3.2181375008779773,0.0
2.927496828473756,23.492854776385474,24.00141355184719,22.578148292836616,3.231095188901023,0.0
3.070993497002968,23.943794608218894,22.767264491078546,24.680806587373088,2.9970919380449965,0.0
3.1393887972224297,22.57767353673529,21.317220068233556,23.397124466044943,2.9769481134280316,0.0
2.8662352584523045,23.666819926986967,22.810314440123562,22.568843277342264,2.986294866947452,0.0
3.16303187353967,23.14824351308385,21.325114363562896,23.303725055114953,3.0848597830116717,0.0
2.921572284692805,24.91913370314918,24.317981093459608,23.774032532165776,3.145419789031296,0.0
2.9473673149904194,21.912026924176796,23.511172717312206,24.759708952503416,3.2394270578781925,0.0
2.924508718815738,22.92108990956596,22.287725645481807,24.127457804732586,2.9879666207451008,0.0
2.858735096847992,22.30884944926926,23.775477340621915,22.572995313723517,2.8917110249061015,0.0
3.3765299704899205,21.390918851311557,21.03798359587289,21.500028508465036,2.907349142394951,0.0
2.9568398541439778,20.746658439245827,23.68020671844213,23.805884346140193,3.110823820979062,0.0
2.972788223497513,24.383657109633766,23.435760336759063,23.009001991962364,2.8240100462105064,0.0
3.2404715363720644,21.344485672376738,22.06885851587528,22.680734321855798,3.1116045486318926,0.0
2.980577951413658,24.007224746960105,22.968211835651267,22.091233218687822,3.0641123744040137,0.0
2.836327656184027,21.809729822961103,22.313812930233706,22.45863826120925,2.9187723297876143,0.0
2.97975801118907,23.231153115888986,21.28469970701051,22.3935128057199,3.045759889070911,0.0
2.9387109383985037,22.625346557734865,20.592275659599096,22.291374456070745,2.818083403617462,0.0
2.9917466050038315,22.262884561674692,22.609495013933866,22.625754194781198,3.223806722700018,0.0
2.877738729017333,22.293405157128085,20.34463028720565,22.222695386813843,3.001113109397395,0.0
2.938548188295471,21.950157927199754,22.319572462973206,22.140607248619194,3.017771494378628,0.0
2.8292586513457563,21.602571530546875,21.190530715586444,21.53793029450205,2.9447309954037673,0.0
3.0029597625372655,22.17987896708831,23.01695624654274,22.79940570758973,3.1110661039756047,0.0
3.089220974246997,20.564020095677105,20.982329618159717,20.88540695552598,2.919738327987483,0.0
2.953711698515247,22.333993454815054,20.286646323412917,21.547316872559584,2.8128144500235437,0.0
2.9165741351794,21.526364242066865,22.516038137665785,20.910340947430853,2.882289151839207,0.0
2.824264677593067,20.847886825428795,22.333983198533446,20.54652041389365,3.024516308058025,0.0
3.048268907718124,20.27578492619806,22.354027673414098,20.682594170890507,2.9470502763475603,0.0
3.155735476179666,20.319696563033645,21.50113087625935,20.359990468337273,3.0701569706190015,0.0
3.1743269187762926,20.866268003922666,20.813208528782997,19.70756360257098,3.132245615666095,0.0
2.8275847520063615,20.208515078205636,20.09599264954694,20.95153633880111,3.1491303918322555,0.0
2.9710629630568355,20.453527739415787,19.801208959023146,21.10887306532331,3.0060857221411443,0.0
3.1597598128412296,20.640536195222495,21.286096450615865,20.414195168414597,2.969688433533223,0.0
2.8467384840911745,20.784990750286834,19.74849886548084,20.020176745531188,2.9781980664629373,0.0
2.9374023620946574,20.271747592921173,19.94196782846082,20.176370062776943,2.856420597788763,0.0
2.8658219266305034,18.827542167961575,19.58334442724013,19.12335343012237,2.7741423419417695,0.0
2.920351320383282,20.101167700767004,18.001666604887717,20.640152932750667,2.948438705819019,0.0
2.9866698258295843,19.865375911752846,20.42195362605339,19.69808026261651,3.110376798555058,0.0
2.971074950453225,19.858519185535844,19.45551378811268,20.04722905935461,2.974851127593196,0.0
2.9746928860360424,20.152427659343363,19.430595013967654,18.471344611224108,3.0253986533626764,0.0
3.1915513543660365,19.975747973949492,20.438354252412,20.059325274460583,2.918176730739192,0.0
3.040882005083132,19.40402673028829,19.944643433112596,20.807795694328256,3.0703955705417867,0.0
2.904953488271638,19.333240503682084,18.75573078076027,20.090958326994933,3.0594595984609665,0.0
3.2391416556867623,20.225020332179476,18.225602174993536,19.58784974353001,2.9826577118092823,0.0
3.2272941412215514,19.64301989610828,18.59639102028926,18.621854631313813,3.0399841802847076,0.0
2.993476233207096,19.136930751512136,19.783361381063227,18.502508056435705,3.0632199159056563,0.0
2.836423276740005,18.758583367946645,19.656294728499724,19.169795898243212,2.975470827471432,0.0
3.0015275690708285,20.096411466480713,17.725325996472552,19.90895365132682,2.8320193536030143,0.0
3.150434507020383,18.737777594484022,19.857871428602024,19.207326056000845,3.1290886550076547,0.0
3.1660068169327578,18.479650310786297,17.5328798270426,20.27217575991265,3.0989254469413496,0.0
2.8966705346224355,18.69990778466624,18.733862212383436,19.492146911028794,3.237390655062771,0.0
3.1127119549724167,18.543552987021663,18.76198068482541,18.562064581563856,2.812054405336472,0.0
3.065482793422273,17.965425682872596,18.313001075493297,19.10040838719693,3.0571859301786053,0.0
3.037230666657224,18.064791248466392,19.11281838171744,18.321870984177703,2.91383323216304,0.0
2.9496480718694005,18.986956612754312,18.664048055472136,17.654679848841965,2.993818859027985,0.0
3.171932618707639,18.578227136959608,19.194423130549534,18.646390154090827,3.1412377808779572,0.0
2.9724402923480744,17.91893236189763,18.225602444544926,18.391094998402306,2.918702966097804,0.0
2.8683218978758642,18.82826925679351,17.389040974869097,18.451172969320954,2.9046549946943783,0.0
2.9520605908972746,17.533278894265305,18.629840025360764,17.504249712470074,2.8780816784879404,0.0
3.092386117120313,17.607808556156694,17.8064498556123,17.781477912755665,2.8201355829126484,0.0
2.906714866095758,17.320122204515634,16.798084164493734,17.21512147674615,3.1054380365023015,0.0
3.069196266348491,16.823616502239645,18.08378163513534,17.32788614083172,2.85581128185898,0.0
3.1273112832834924,17.233707114801472,17.24955570093608,16.9522834038277,3.0287561003312273,0.0
3.1015387118025126,18.117673066202286,17.585744469271997,17.584148146003148,3.1144814820223132,0.0
2.85579851807546,17.664826302431123,17.652747260874946,16.867391579247418,3.156769920551458,0.0
2.9317125650788474,16.3378294703499,17.2070420280986,16.354674271915496,2.8435918618901086,0.0
2.9571167737805784,16.485906584483615,16.814150457322636,16.87009176459364,2.87248873902215,0.0
3.0545849324838152,17.33577506217245,17.70893472802984,16.824988641564936,2.989441519712497,0.0
3.0582370300977293,15.941872079694422,16.063358209384802,16.639483135624637,3.10026799003352,0.0
2.693780051305545,16.375196695919634,16.937584214624845,16.995196136243955,2.860007022671387,0.0
3.0722340339064287,15.912582920397227,16.487819448178495,16.192495734060184,3.0275760652709067,0.0
3.0221089144986393,16.145027249453122,16.56869961029605,16.229057486787333,3.1465910584290766,0.0
2.9657704692341675,17.055922538077386,18.293917408308545,16.2130152120995,2.930683370602811,0.0
3.015971339992316,16.345964030395983,16.38764668631709,15.944968115896861,2.938930118772798,0.0
3.028533339100813,16.938744855533702,15.559640111142775,16.471354264707017,3.134753987678899,0.0
3.107901493428748,16.625564618775282,16.94524618254271,15.66548140443593,2.973264175484157,0.0
3.0866051126137437,16.42816764023275,16.188652681042097,15.510516985674235,2.8614731622816385,0.0
3.04677829074494,15.484046859686153,16.193603350125073,16.577159329104457,2.8287235502859187,0.0
2.9834152520658095,16.022957812218653,15.94678422592145,15.607080758806108,2.97240138282453,0.0
3.117734225711949,14.711458797228584,15.292457283785895,16.110011569380077,3.0712962304015385,0.0
3.0802230631013057,17.424472599269766,16.773077459964423,14.912014832308177,3.1007662031491794,0.0
3.0254853910087727,15.831551693849573,15.78948922011546,15.254394051487678,3.0902611250550236,0.0
2.9735148442293373,15.831115447006725,15.108930000350599,15.989379692283986,2.9937451180361245,0.0
2.980390626088256,14.484423510773324,15.024752115664391,17.049929755775306,3.1131829772023036,0.0
2.8038138664487047,15.015197749430849,16.264055327816,15.268606654308075,2.9040439642832068,0.0
2.844890962677004,16.18245198202234,16.452480133173523,14.96443847160887,2.913879414001873,0.0
2.9250684644397906,15.133287075642807,15.839172011920747,15.75255670501278,2.9100489766700433,0.0
2.9813972362137506,14.55998930105456,15.170268020323727,15.549522839235404,2.759714154749953,0.0
3.0541813011067465,15.222222477328359,15.76052936800698,16.253800503109858,2.93500223559961,0.0
3.123432973727163,12.99414407281768,15.117417298734688,14.991839230058991,3.1254017929443565,0.0
3.0313991406644027,14.593851441166587,15.217142520398008,15.565211021890704,3.08389205558261,0.0
3.0393764273714132,14.157329982429896,15.029113865153546,13.89481465766825,3.1158082439105743,0.0
2.757575894050638,14.98877998899262,14.313868608148365,14.641258940119414,3.2291692373901304,0.0
3.007268632233448,14.691389589609397,15.447556333544586,14.471468291786392,3.0490721262823293,0.0
3.3272763795085374,14.216268169776496,14.741150603124039,13.885578552276616,3.122594145034896,0.0
2.886328003680724,14.206873824213197,13.54146306618292,13.594563941321193,2.8811988723910806,0.0
2.791090075451925,15.340248958360952,13.101179464229023,14.17387686618497,2.9784956444976003,0.0
3.1239998338690507,13.922620067009987,14.298822242032687,13.888313287843824,3.0857723806703263,0.0
2.862211058287588,12.86931101293426,14.084931606682554,14.25470526592924,3.14240626409146,0.0
3.0705569647597213,14.55111120881633,13.533250626415326,14.167909415522033,3.029526563665366,0.0
2.9559265517728024,14.039587401075337,13.583116444651816,12.900163311274023,2.930695580656258,0.0
2.7706322595498936,13.066482879816485,13.59069605762361,13.194916071193308,2.9170275159543575,0.0
3.171939973676329,13.328829428343784,13.754411509662692,12.926295933486685,2.8672838207301354,0.0
2.9139057403189246,13.767721162569472,13.17990881043772,13.518074031217294,3.0443377474894775,0.0
2.935863652849902,13.162696946640615,13.886170591738452,13.290515396394687,2.8222705572017284,0.0
2.8077483622928,13.19228249472603,13.188133920996837,13.73606390453627,2.8980718786588118,0.0
3.015238064481818,12.568878567541026,12.845164298480645,13.122367608027215,2.806943634607228,0.0
3.197835049595836,13.675210292447105,12.199344369457423,14.539313658783863,2.9386728527197103,0.0
2.7236115031047,12.63684346852427,13.82869103491789,11.98238966830931,3.1297155614307197,0.0
2.76379067994568,11.812194528568877,13.38732567392034,13.110462431532861,2.9305352881797333,0.0
2.9446597111276342,12.87714148876827,12.883049271664651,13.334596581006577,2.8659196720237823,0.0
3.0185308997189533,12.644347989773236,12.849205044288537,13.238845515895825,2.9244057367519307,0.0
3.060709617605563,11.963239835577435,12.520832260719546,12.22188726735194,3.0435391819769606,0.0
3.1291026859690674,12.82597606520413,12.46775671587273,12.893017358172662,3.164460612110378,0.0
2.7929237053515528,13.32626309618593,12.337962496262984,12.587950193514777,2.81450091522742,0.0
2.9672629725549844,12.459506063662447,11.82594244269671,12.402849006195021,2.926052167374529,0.0
2.8027535628077516,11.482562062191818,12.479432473902595,11.44143329429617,2.867603455654955,0.0
2.982053630814005,12.260800100077244,11.908561638107619,12.874648373152716,2.8360231352563536,0.0
3.0482894695229104,12.352329738397362,11.093989646538372,11.077048195366322,2.9785207274972914,0.0
2.9412030661529,10.825862107365914,11.771402488238133,11.57435199383055,2.792834787200578,0.0
2.948442275264828,11.886648621768499,12.054416152415836,11.538926640810299,3.0629760491577063,0.0
2.999035051165522,11.72235610013553,11.065783698623813,10.992284955900107,3.5898201341217026,0.0
2.946340553219983,11.847350589386014,11.931227731332294,11.627726766109385,4.33597458389803,0.0
2.8643629197088623,11.816102565577465,11.578375776972548,11.38025835932559,5.253839574987116,0.0
2.862534102371201,11.355195955885776,11.292689754386755,11.638024207383692,6.264165451474548,0.0
2.8523304640202,11.72576971752854,10.933788207931217,11.167755937667478,7.450979131662161,0.0
2.9868779845626725,10.912832638690933,10.703990525370305,10.035038475722798,8.222102778209731,0.0
2.90407129818517,10.624730546728715,10.83197554458614,10.729142086718156,8.485489089901025,0.0
2.9503921804821776,10.135298067478011,11.124652705560937,10.916225208232056,9.719686688146464,0.0
3.0268718314166083,11.269292124425128,10.631208062285538,11.396504544354404,10.833654437147676,0.0
2.9415789037289306,11.12898345071931,9.814742098678325,11.59623336125158,11.287875866569133,0.0
2.942806088541866,10.31321047442224,10.658916610085726,10.468596852949883,12.88963914409164,0.0
2.9368632722303603,10.100412100729045,9.904969328054916,10.720716527911295,12.766060307443759,0.0
2.970811216237956,10.112192677898427,10.272063299080061,9.955862928937552,13.604723366522162,0.0
3.0469844414479934,10.029101412692953,9.913527405230555,10.884688999950598,15.553627112355368,0.0
3.0617619886603773,10.409167254118232,9.263841859571603,10.313828160877971,16.03141288967111,0.0
2.9193412335053157,10.245429976747205,9.95758137084133,9.92605333277269,16.686811410945914,0.0
3.0477868201357303,9.835652133218169,9.81402202125496,9.758719494433281,19.004019318202964,0.0
3.122727414819463,9.548526129473151,9.955995872040175,9.948250065222851,19.128270380343956,0.0
3.0742650705641905,8.8380068253816,9.797463600095679,9.840613934659494,19.988106270860918,0.0
2.8730522041215742,9.030728977552727,9.572024768983582,10.246478941504959,20.397888615044106,0.0
3.097805760535425,10.038290281617954,9.777997582628966,9.97985619403902,22.169402704486096,0.0
2.9898344191926163,9.454733367198257,9.516167628091367,9.496761028922661,21.702653432577126,0.0
2.9941406115727465,9.66036760595891,9.10303685732986,9.13133831076372,22.87443291594902,0.0
3.0615858476590505,9.812721087755019,9.520452040043805,9.216556457246776,23.848365563643032,0.0
3.0683985251114327,9.488863464865785,9.127381996351133,9.189608822083953,25.034402627180416,0.0
3.0231328167930496,9.14853887981569,9.820340858883613,9.515794611366571,25.437719937689195,0.0
3.04598128099558,9.268287892778286,8.704807741060941,8.583563228774118,25.36321526715824,8.059345191213651e-13
3.056801295546081,8.621527742011223,8.960373789350284,8.908617070920373,25.818704590079847,0.3037582980072314
2.880939518354633,8.734515583775472,8.458345033605495,9.13176530292363,26.977125448953807,0.7631193344330774
3.172253963703709,9.288498434894217,8.604067189150316,8.773372110762672,25.260209903241407,1.2365881575137583
3.2356613258817144,8.04380624955763,8.649271386589332,8.832014750829964,22.01422298987556,1.5
3.18338348345077,8.030012108324891,8.10743833570616,8.941025193663556,18.581763993237598,1.5
3.427036832481557,8.716704285800576,8.345980185718142,8.941975480777598,16.288101622543707,1.5
3.3812950175956695,8.096606602979772,8.738425502790456,8.684318414325373,14.474425852272079,1.5
3.7569274475236423,7.647783869713242,7.936379725439681,8.939977808463716,13.073382867827904,1.5
3.4071472029670025,7.89423682568081,7.765158192431918,8.803475234965388,12.617202665014085,1.3377172863730364
3.6158016371866406,7.477786086176846,8.035879414985896,8.318152031741276,11.831731186608817,0.9436432986012595
4.032278893893836,7.368770904207589,8.220913956189237,8.73348531286647,11.557098998958878,0.5815620246323072
3.713999444618912,7.252043534195816,7.695997267531828,8.274116859562904,10.241203803437259,0.34035824088047467
4.1276303225790745,7.30355078772373,7.594696115920681,8.237536346682978,10.470081163868294,0.2694368324365072
4.060266025729164,6.986329361163722,7.291403780666815,8.281044862676714,10.734528166259741,0.37161809164724213
4.056633815019397,6.779891319449451,7.554855987894786,9.042302866510889,11.32698778501735,0.6070026928671877
3.922026641808804,6.713976096357422,7.0051261322455645,7.987609876104329,10.35117621624652,0.9066051120695199
4.052518083472557,6.2799787362781405,7.733058532152571,8.443319460410002,9.954209306140065,1.1917941291111984
4.414065119260995,6.343239672165754,7.517632174635885,8.206025604869454,9.604760098412456,1.394338342639002
4.320432171645922,6.690507331058607,7.303745008021361,8.50075142140308,9.346915276059027,1.4721235762737723
4.948991318152377,6.563309264869339,7.560587401851778,8.383784950129018,8.671606013297422,1.4171079089747334
4.826119708606452,6.205693599705654,7.574639844912104,8.428300866617972,8.177261196151035,1.2542834316287792
4.822888626486165,5.874281361653445,6.971810215659636,8.360748386840333,8.099570093394323,1.0327020944130472
4.80539571085747,5.874488738667511,7.33253430394483,8.731827250680302,7.942845223277893,0.8114412249307638
5.567484794055666,5.604642068371147,7.325814244797716,7.979524612257528,7.443821287669678,0.6443516256669921
5.395370856667353,6.232229603452053,7.11488631205322,8.630911729033336,7.597018996292471,0.5673962752202201
5.499193227846976,5.964776059909453,6.963833729267821,8.626508997306626,7.546135383692725,0.5914393462910177
5.154779190929368,5.915323969445533,6.882432365420708,8.689883446459902,7.557399913474154,0.7017792708517219
5.277664400197885,5.848569393421741,7.015150812312012,8.516499365796161,7.401955444462218,0.8639620588490129
5.940434793774701,5.347880298170092,6.974275453815443,8.370558219269867,7.651344364263462,1.0339101123848253
5.932463703861863,5.425481940432409,6.537292161545528,8.285988701130853,7.637896639387437,1.1695121058524314
6.127514235889263,5.6574319248185985,6.650140013260302,9.149269319449056,7.015662508817431,1.2407131416900279
6.314779296686347,5.210385435957457,6.972915013286721,8.068543039907052,6.679262541419659,1.2357771247849687
6.475874868591105,5.115543063100441,6.856489308568995,8.314571555677807,6.642300994574102,1.1625372694544556
7.045742084777202,5.032005517174241,7.218037260788626,9.070749638235418,6.489924056552817,1.044775458888839
7.23514263793465,5.1084774371266946,6.88263651207919,9.128334946409064,6.59456663834059,0.9150393481809982
6.981615274618126,5.043399808373824,7.171966186393865,8.885456127613795,6.3849392321262775,0.8059534071395223
6.698168042372906,5.00735744457782,7.210048442359176,9.45712045858682,5.918449552452287,0.7422665618287398
5.955021316834,4.9167911108936515,6.5486865077421585,8.537854534031828,6.495994776174702,0.7355079875170938
5.847998431216426,4.833661704202289,6.625527253438557,9.143665431219919,6.134313126205797,0.7823285084116114
5.832813602023372,4.673554132668006,7.149979985388517,9.07387727470739,6.0481574984439375,0.8666141671781
5.884286453673476,4.769536456292757,6.954136269554473,8.757590869464897,5.7111683097502075,0.9645290336412378
5.2482922504102545,4.773394982122155,7.051528272771617,9.209629089072317,5.727409433751962,1.0510005033776189
5.086748520831641,4.559628163466853,7.331574623352285,9.653270187553785,5.488050735338713,1.10593759352565
4.8389688872597985,4.5230275482387565,7.21574867109333,9.47381869878821,5.886799857252052,1.1186892165270108
4.918750019312964,4.567265152232141,7.331479380087486,9.269766010863261,5.63848284307839,1.0898116219019036
4.7098502478948,4.351321885605331,6.863941459928178,10.255049906053465,5.4454695543182305,1.029952168682
4.201147356136161,4.587196634626464,6.732770464152013,9.583360551242064,5.7547643544569524,0.9563745368365195
3.862800883266142,4.511994336775287,7.363690587860273,9.588332032337863,4.877139951778122,0.8881769429785844
4.343577605924812,4.373982160097195,7.40172427282699,10.007714297649576,5.17510611439368,0.841480483784306
3.977957003335791,4.558425511823539,7.165109197142524,10.507701968581243,5.485496362659521,0.8257613551800854
4.007792933995384,4.401710838447343,7.113420348623476,11.331836780335433,5.34569080592957,0.8421211879098628
3.8476224967647,4.481469299313297,7.619360989993585,9.955680063965769,5.026935814368629,0.8837490786157862
3.7020168092995633,4.31223382748568,7.957474342525302,10.938075030902578,4.952947150526597,0.938272237873319
3.603771367117119,4.09986515753973,7.60831676698486,11.334828248033094,4.838360943728059,0.9912572538164497
3.580555013220748,4.434218157647514,7.602644853022507,10.994508696760802,4.893076151970255,1.0299073489159576
3.413377089447923,4.397830052830197,7.771606428302394,11.241410889433654,5.080094361952624,1.046036989311758
3.2541022220028633,4.2634893368005615,7.930115576718106,11.80000483037326,4.754551461842327,1.0376624784458026
3.3394609549443985,4.105707798166713,8.715899682425913,11.809141776364307,4.70929228043872,1.0089427601312484
3.294212085813599,4.515693485941553,8.511796349393105,11.655866825485612,4.600511646915996,0.9686296026599339
3.059074316654441,4.615554216310463,8.084926594361155,13.029088924922068,4.491928419503366,0.9275348597926079
2.9404601853752284,4.5462445715569855,8.348805915255232,12.780515165888312,4.665698592192607,0.8957170920265425
2.8248293517333836,4.707434182073806,8.673870878708236,12.81138955919736,4.395402881085662,0.8800969473259275
3.080805805127058,4.57538665092739,9.197241050558652,12.414391011083733,4.508720211334321,0.8830448032841185
2.787792682821297,4.680805733297289,9.077952248236796,13.53831044158527,4.543937020448318,0.9022002649383012
2.8360891620918904,4.039276680035712,9.34356075006542,13.488057097378038,4.225962336631047,0.9314603102755326
2.678016384787568,4.6335282335541015,9.76911001372953,14.150392425093845,4.408739558250291,0.9627933090871628
2.602583296865238,4.936820167511886,9.762293320269057,14.82388903464693,4.407758603468975,0.9883645313388285
2.679228832594176,4.901763641025427,9.530205254869683,16.286685155598764,4.4583753117076865,1.0024277866662528
2.699978025807362,5.027420376503068,10.510015316041967,15.077619484685176,4.211786170475401,1.0025427203771753
2.6428525524957758,4.7095383803670545,10.276752144288391,16.120673357272885,4.293923454407673,0.9898803259183033
2.7858808883756163,5.317979877743391,10.746804122085345,16.61253051471074,4.449408114383061,0.968622139392155
2.418478099545949,5.2578808866356015,12.128410361503615,16.711166018994756,4.273502531712171,0.9446787078573147
2.7647527052004435,5.434845689640464,11.462741397255968,18.968870728251513,4.0098068493436365,0.924098842136649
2.627784945273981,5.526300918433381,10.95482491730117,18.23264840588584,4.042587860426547,0.9115840021910238
2.418695651318126,6.6416696039171015,13.652413858379653,20.07593413761963,4.198967380133893,0.9094604973110068
2.4712165849024363,6.059675551378714,12.997157116393648,20.526421970923852,3.860184791771498,0.9173200161016142
2.604660064296867,6.494801668880116,13.955856493734654,21.4017810714487,3.8670249264499468,0.9323578455103914
2.4634149869203172,6.570882574830289,14.443699107728143,22.3640039152898,3.6726586235031253,0.9502655086394641
2.484327179697746,6.762000944160874,15.65397758333435,22.778653533332292,3.986165801968659,0.9664118639563347
2.4625836225428297,6.80698886132331,15.546405408825267,24.3915298694131,3.812386575196652,0.9769996121434171
2.5115519462554734,7.431066554399908,16.857281974479275,27.779881050948326,3.7317469171566318,0.9799175518574943
2.6005551083390333,7.97921430841758,17.515513799718168,25.67197724963462,3.6848247987231457,0.9751075728876942
2.4557521736978205,8.899855539251694,18.132344212829086,27.91706846858016,3.7027391728710626,0.9643994485802939
2.623841407303938,9.263178571255493,21.273499479008876,27.960739271783645,3.474182025909383,0.9509002028234605
2.6736548920298633,10.361549169026572,21.182278340378993,30.973251509864657,3.395737288079374,0.9381256872698149
2.5033901966456615,10.696107171986965,22.396870759490408,33.47103544929388,3.373485396416502,0.9291083820626009
2.762406439864667,11.67604746188409,21.636914477531963,36.33764285204149,3.448970844459153,0.9257008152689572
2.64777140103057,12.152415345063362,27.791012878993605,38.74928785887037,3.2431379295433427,0.92822723679277
2.7926032858348053,13.076545162392794,28.249541288754834,40.68028219220219,3.359038899442131,0.9355380438616434
2.7743146809617,15.250360816048177,31.092218718478875,45.213722776601784,3.2511633311296184,0.9454185610423828
3.0010692688526333,15.866588003068632,32.12718201400483,54.57500849690082,3.226796606843116,0.9552216325178988
3.01516863753206,19.20671799580205,36.83652036257852,43.021043954325506,3.0778338760575146,0.9625503305646714
2.8495489891161863,20.30934079256321,44.39523942916501,36.28536945258334,3.186439439538548,0.9658200521722256
2.961051454809752,24.87240049609953,48.08449839271111,29.940028296796534,3.1302774960772064,0.9645736008604557
2.9954235897003536,28.190247714255953,52.696737976246,23.56722651214902,2.9266273760256265,0.8910798124613089
2.973119997320581,32.10754187552578,44.43388508893073,22.16966108016368,2.9536924836936462,0.547341787483022
3.09461776464291,40.84993209384213,42.224512153993054,19.535819855775046,2.9878772874528075,0.08069985723714367
2.97284994411872,40.70955045657796,41.53315644453372,21.168521284215043,3.00496163491838,-0.37117271823293047
3.0748901494227847,36.20927789846604,41.80100332096296,20.229562107917168,2.981510936242459,-0.6951885250100122
2.9815984309558425,34.426607504249056,45.19529754567869,24.069286666418794,2.9774840218243432,-0.8222584237371652
3.055083661896397,28.808879942592302,50.20735836863521,26.724043914076475,3.1526920796631854,-0.7382560160791034
2.9289744861482405,24.672910684911177,45.881405612205384,32.26208329356757,3.1581557221652257,-0.48197955918468083
3.217735100927881,22.317172243679863,45.4472234824612,35.28411772607498,3.0760939197070947,-0.1308612062908168
2.895521903080876,22.1037378684964,44.138395534415764,32.40568203133405,3.2028361895538136,0.22132658822654158
2.8035560524599963,21.09033645995172,47.1674910918062,33.32008148245686,3.175736430169522,0.4887428786488501
2.8450888175159905,24.21574938840474,49.93425089469378,30.360718477962845,3.04204315903279,0.6136810317017753
2.958786782324764,24.969172458263376,55.3330745750423,27.306746003020617,3.1230510770219744,0.5781531564083312
2.9527326920390102,29.273298162404245,48.931163495984485,25.005729942898093,3.1948580621934926,0.40479544680526064
3.0873058980583785,33.56640551891205,47.24454339232245,23.927622099455093,2.9942420464229405,0.14780899834788927
3.0996339466375473,35.177927833151905,46.19593483898762,22.608857912322904,2.990828467808011,-0.12298888935617033
2.9948095974186058,30.962304744587072,44.390260046791106,20.9065841432906,3.14641335159503,-0.34051974203304497
2.9135249067288136,29.590747910187737,49.98475539954043,25.770031448909034,3.1210806145444927,-0.45652766512399334
2.887219852869133,27.258413504575746,50.6864995831618,26.42123097141861,2.987227378033461,-0.45167639363665135
2.865858060927246,25.526510558669504,53.02463570880067,27.530601245145956,2.6689451425972783,-0.3377265875233597
2.7020290431549987,24.315603843885295,50.56111728148606,29.875530947549056,3.183049800993112,-0.15195615230617665
2.9879134078699487,23.88211724050168,48.95768658478541,30.19404971398552,2.880389762147766,0.054140975376080494
3.0830569794434886,23.750355307910745,49.52241766560749,30.154039429094688,3.0953959351940292,0.22862769607159897
3.1238525314175263,25.127158128498607,51.61448681892466,28.6679497545615,3.0044631471090466,0.33180056518482565
2.899765308672132,26.562323301780822,56.56014107625538,28.407535358824973,3.1230217565185736,0.3447814665509332
2.928259110839725,29.11698378801893,49.68347096227885,26.103904647239485,3.1246988562093523,0.27229070925461496
2.7896195112485938,29.139636350736115,48.10932314454982,25.294940363461833,3.0633659669463555,0.13943547717252675
3.0820824292637004,30.45845207002045,44.29258908347744,24.506852587002687,2.898340660922626,-0.016181867821240904
3.052816690803236,29.37220914034767,48.06183444593264,23.211181890534448,3.182224499324963,-0.15470626343454755
2.9153332950987885,28.001589231358064,50.685140101533804,25.000908453499882,3.0418365808020007,-0.24392522281572807
2.881395498298697,26.871335214805928,50.520174462946805,23.88125617377078,3.1091267446364057,-0.26643927741632384
3.101845973706268,27.289336249529462,50.71617894312447,25.419044486818656,2.8886938470176458,-0.22260103200049297
2.8428575821164275,27.507067889179933,50.67536302380648,28.829930867789585,3.098947208299534,-0.1288776448357617
2.984813395051709,25.567453300833023,49.89497904641612,29.07176423697249,3.039575470087567,-0.01243522907106712
3.009750386652383,26.826335129563894,51.29211607789531,28.060408388836347,3.0375977521573394,0.09640683142815472
2.8692073773378115,26.176076354881022,51.46207821230141,29.44845561374515,3.0354245513545335,0.1718293061640069
2.9038944301116167,26.143120419587763,52.10265010829958,27.202201069619772,3.0720365146421886,0.19840246159806763
3.0371624275505806,26.814416151568714,54.47990974985601,25.984467952482735,3.1083378594503595,0.17393244090270227
2.992598467975101,28.331510864534543,49.811016746750255,26.69951307340088,3.100469867778695,0.10883807452645344
2.9217643578808374,28.08616683357409,57.20991894721022,23.217881435139645,2.788988115080012,0.02251304375360861
2.9448291974980805,27.69261961748438,50.9935038950712,23.43713072616316,2.9648007374327947,-0.06217788346215757
3.185518850893337,28.153393825959093,48.0819047906474,25.282071869719868,3.135082387956859,-0.12476615362145625
3.09052226763294,27.30118437099026,51.558697829087286,26.24711625375979,3.24496842375798,-0.1519507305707961
2.9758741897884082,26.013048125906423,49.79746084727134,26.794856883873727,2.958931145290782,-0.14020817964531815
2.8920979679801357,26.664850483391923,54.53322325147157,28.19697821820962,3.1157835319983387,-0.09579535274988255
2.915850810319292,25.97421224425629,50.848135990863476,28.341028661686078,3.2174433663447353,-0.03237195112917945
2.935481201911243,26.720547535484496,48.944660962942834,27.056778498607603,3.054560140389338,0.03297047543619446
2.794397856602783,24.943248343603212,50.890612562697086,26.812950270988768,2.8736053715360423,0.08416751034772992
2.9771361108420185,28.841649705323192,50.60326745683801,27.388695708458428,3.089758298414476,0.11000113610270316
3.0550558149825964,28.01092064900416,50.75255983914232,27.36034327550108,2.9781878373322974,0.10640583377804161
2.9450404530367527,27.48629231249843,50.83275083405098,26.38555394148296,2.9655864260816287,0.07683263340173704
2.9858387896210274,28.200963174977183,54.52338366924094,26.834003388856363,3.0633073811301164,0.03075229110489094
3.109721514471275,26.622578296977466,49.8313434518212,25.077474509270733,3.0345543864643503,-0.01917551243658045
2.8850493605871974,25.68472095641444,51.7145852135778,25.670153778189384,2.8968902720801792,-0.060461504529364204
3.0264883946436854,27.169898173417984,53.899638890517664,26.09146192872904,3.0568288599369025,-0.08381102786855044
2.919215861036842,27.386936173432655,52.99702291750003,26.661148891626052,3.0684479580141897,-0.08510651582365178
2.806152693686479,26.328373894613314,54.28909616225561,27.82887633342402,3.073644075537295,-0.06595689462436378
2.909245788732046,27.897363366435506,57.18632369067306,25.999003809617996,3.059195145446069,-0.03280549788901553
2.8974276730531154,24.950249698994142,53.07465365941307,26.261822671015373,2.9723516169119435,0.005060424557013081
3.117168500959897,25.812708482178273,56.81691042330931,26.552464537895833,2.9050693804794063,0.038018230608450526
2.8453114813808607,26.668070442155244,56.4006889735109,28.487933905854497,3.201537500863057,0.05848074321497143
2.863736865851859,26.15976423478327,52.20139702900553,25.19434740681292,2.9504145499804455,0.0625645575862259
2.888473621287736,27.6495457218612,52.2450321214144,26.004596613067488,2.9589061496881643,0.05071125100169926
2.8138656783251106,25.67266675214432,55.32581423256705,26.17709966659215,2.970840087074605,0.027201863580967996
2.9858422658416126,28.610683120813203,51.742649955917145,25.831505786316256,3.101276615772109,-0.0012204619921149726
3.050190022575434,27.884320616309402,51.81276635086737,25.1082701790608,3.0876041525052638,-0.027206559809029383
2.964610528106006,27.002309436661466,54.82887034323083,24.842351902027122,3.0885962319987947,-0.044642538800561064
2.940032346589556,26.955806707150742,50.72099277455525,25.877664724032968,2.8556617225338576,-0.05002953556405456
3.1387282141160977,27.907738987441938,55.571586491238875,28.216986547043966,3.02603625118226,-0.04310652416941692
2.800572965883922,27.291703618740463,54.237447863170935,26.982904900980984,2.9934780690344844,-0.026630799542010617
3.0164863170977814,28.177347757243115,53.54845800441106,28.936247318885993,3.071897380516901,-0.005443182465398971
2.9846324304114185,26.279367364197448,54.21722412134965,27.616635382595838,3.0827115197031913,0.014892058966417713
2.7160974244282143,26.317649990998543,55.08030442086513,26.889736531407067,2.9721158776268877,0.02950443894708223
3.064450606104441,25.793327208751233,55.75733703651614,26.417492228407873,2.8804671496214613,0.03534177476080214
2.9191981433843575,26.353188271199357,51.621944531534716,24.07248921898822,3.12165677421768,0.03175394852152959
2.9188105241644866,28.490820371772447,48.03962183163202,25.809972697416175,3.000255159276281,0.02044112933518382
2.790621569666712,26.477384013910733,52.746739855648684,26.637898950420116,3.196765297677728,0.004834610554032934
2.877616822115918,27.90466322287828,50.23513488226543,26.468220553510914,2.927344857992535,-0.010889475269695822
2.7875409882077413,27.513603748114917,48.444907521330755,26.166077091886585,2.9619102334682683,-0.022891472380780507
2.760199346894423,26.563263671693402,54.00335836751838,24.866142012641895,3.139734243471789,-0.028573117629284522
3.055483963867012,26.85489776798104,55.04554002496777,28.40395842022544,3.094652737338362,-0.027101276957021653
2.827874527350722,24.61210245058615,51.28418230855646,25.922832390904464,2.8207459618771575,-0.019456379219021658
3.000094840287267,28.369116533232454,57.0389834177949,26.64581735377563,3.281850373644094,-0.008035310116816042
3.000385917196157,25.462732965385435,53.27821171046908,25.554868388596482,2.8405315116880274,0.004055656775288845
2.9626354613336665,28.918308277584735,55.052998563389245,25.05775689325672,2.9046328558754015,0.013818741012800126
2.8844382496608496,26.11302159282009,53.28188867504217,26.019796509128938,3.0570547002648287,0.019084641360868206
2.964046535034541,26.293066855079935,54.01657990377004,26.56602865718847,3.2001085755161656,0.018967985360499748
2.830396899936272,27.308183534329753,49.35100528318993,27.101334696590445,2.9816738938790457,0.013970539101135129
3.1518248827778064,27.173085316016163,49.54226080694,25.346937648597276,3.1255288758908666,0.005737853305563674
2.9286682430367263,28.117327736597822,52.671652392202176,27.515657114831676,3.020474641176167,-0.0034411426709569115
3.086231091271264,27.422991900207528,52.24332894317735,26.80628018038312,3.02878621093981,-0.01124736168094544
3.0725671817768885,27.702238273422953,53.570825403626216,26.23901667729998,3.065748174126071,-0.015898513640627537
3.017846021320371,27.33540239853537,52.46329583853004,25.924878174947192,3.01749567104897,-0.0165358778304258
3.073237535331634,26.463931163268786,51.68359083768774,26.808957572669865,3.050121145059449,-0.013352527416155113
2.8888448240580864,24.073791096697168,51.276874157305144,26.715776805088584,2.8960080824481187,-0.007454405361303517
3.183336853287183,26.640738047800628,57.55345474753025,26.042027518790466,2.933325205463181,-0.0005114097106606475
3.0742133285420494,25.695569827578055,52.68685261200754,26.43787285561381,2.91946422480071,0.005698251838821936
2.890102992988513,26.714119723225604,56.808287101879145,26.182952486257495,2.9039902675484437,0.009730233071937303
2.81123799898604,27.5977193352017,56.228420946013635,28.391405270627054,3.1510822094047763,0.010796327507880904
2.8373760224423954,27.641693788473653,55.886395801061596,26.819796921959735,2.9314894452777476,0.008898912030360036
2.9934763381733607,24.6688076507097,51.733068827870895,28.35791647428523,2.901070325592529,0.004761260291155374
3.103978475136553,27.829296894168866,54.98260339140995,26.600415361078305,3.0415246715184,-0.00041147287359884275
3.100801548166617,26.234894093446417,53.54394815113148,27.910856116656,2.915769700554243,-0.005267632945448818
2.938331273748317,27.888803102755872,53.42095279695239,28.357894729151194,3.126958913314658,-0.008650778738290999
2.9872513725574517,27.25657904828704,54.13535742862202,26.301302907813646,3.1096945904220643,-0.00986402215779307
3.1848487986739435,24.944276577947903,50.9470292381872,27.604430765282178,2.9221544275755233,-0.008799434719610878
2.8824572525580896,25.95152522993455,51.89473955559943,26.37058459326572,3.1021985553589526,-0.005912826625192739
2.8581629642647477,27.33165369904634,53.38393923925539,26.706352465923743,3.038458360216634,-0.002063552259476189
3.088321345390534,27.76462911228733,50.02020230724084,27.94302059735767,2.945076172376269,0.0017298780583905873
2.9801261400891663,25.23716446897512,53.15595770509311,28.393987650172882,3.218122705674112,0.004551551714072948
2.872832326474822,28.02829759774151,55.846549327792424,26.28504806213559,3.083281110515157,0.005802060595074496
2.974054206069196,26.781458352878467,51.980317882312825,27.16429095068698,3.175970052988946,0.005316692192226471
3.1332960290597693,27.105776316447184,50.90474111494998,27.81678161120573,2.9406383421391893,0.0033675117168380517
3.0003725767032794,25.96958277378433,52.32860027584505,27.456410114746625,3.17418473872117,0.000558978185603662
2.9124555275499806,28.329599459130286,55.116350628194425,27.358530938224444,3.0506425970903543,-0.002348198418220211
2.8941022367418694,27.85124549447856,51.46532133759366,25.67805997234464,3.1086264327113695,-0.00463582412523408
2.9681246240240298,25.81380500393615,51.66311417259358,25.12568547241588,2.904487078732451,-0.0057992671327935525
2.9575980676929587,28.38635152382975,54.49995291162766,26.548542059207133,2.8675221096948174,-0.005651584540733734
2.945234958595405,28.142321736347185,52.57644134447183,26.986083059018657,3.0652788103926416,-0.004341241555397166
2.743802161752554,26.489674188168916,52.978573604717226,26.26359019506934,2.8841404656310576,-0.0022866647067796278
3.1185867388183866,28.86855657341913,54.33904234013245,27.57655457660892,3.1260780215135195,-5.082459172034404e-05
2.839009319475198,26.837937708146153,52.24926441911204,25.23807014109646,2.9796967990324457,0.0018083909576685152
3.010170580221133,28.096251701774907,54.005903362049736,26.07381172858858,3.1692007059800726,0.0028734873255734494
2.869063401801458,29.213470263783712,56.44604575785838,24.799575289753047,3.0274517663614575,0.002956682653991633
2.6828544858993046,26.94407635002087,53.09925974064336,26.49669509058283,2.9888053373153256,0.002125522029756079
3.1157999814610493,27.35248045517135,55.52003235363565,26.239285381159988,2.976278317959139,0.000664122218292546
2.980296942553116,27.39197732241356,55.354202262899975,24.459376374620202,3.1225305145378277,-0.0010148956551851033
3.118021931261831,27.20367533729457,56.3381567852607,27.2164306643809,2.9534081572035378,-0.00248204488206764
2.9726629261778688,27.444567595690994,52.12535544769713,23.52665627259408,3.010242981259257,-0.003396957111696919
3.0649932247137093,26.067502147941056,55.150017861709834,26.80440001405564,3.201367504672834,-0.0035834159973557296
2.9608976133525666,26.64301730670468,54.4903726955525,25.567670696028415,3.1417883646093263,-0.0030578876188721398
3.0797090125034026,26.27854591271266,56.47399391527215,27.41642185799156,3.1434930917081405,-0.002008670243029093
2.7888447677595525,28.51484819444188,51.27216298917592,26.81881890180536,3.0659636149143163,-0.0007350536356780087
2.954211521022167,28.19188102670393,55.49843394103997,25.51230901838117,3.077948844788893,0.00043521156172618035
3.0257940419631884,25.397778702125798,52.41723587616911,26.595107620886647,2.960969892509863,0.0012281556531031704
3.1295124737288784,25.984137464828844,51.28722992698221,26.70995346476834,3.053548357791204,0.001485555704537527
2.9330062743706122,28.683262034436172,55.23217552166099,26.572912594278048,2.922157757037064,0.0011933192205510136
2.83680493497137,27.583274336133037,54.53034952518428,26.018517218556656,2.803873762925098,0.00047231445791202166
3.344803574408056,27.580623179670106,56.32938643999706,24.882837542845685,2.889038209787685,-0.0004628385938281889
3.1400729421140365,27.241220872951466,48.33993416793854,27.216926698650067,3.0483469536899297,-0.0013641881979162371
3.16365575658036,28.215041483847887,51.994857869264514,26.481735196364323,3.2044026180164376,-0.0020137001088049804
2.9644153502136747,27.3508868560522,54.561568568504654,28.51785052052174,3.09751223806229,-0.0022736978889147186
2.941624736532852,28.650646551298742,55.57237420480588,28.190020178813718,3.020614041975138,-0.002113340013104908
2.8038718867007235,26.812790719265298,57.323314639714525,28.432032993250992,2.8875743066510444,-0.0016067856443577723
3.082467004232699,27.07702460322297,50.97956258940669,25.220704243700723,3.0839889563072633,-0.0009059702359239313
3.016712230712178,28.858086600465832,50.94204703348003,26.638695388726642,2.9271980586234436,-0.0001968351226568317
2.9587336073960318,26.941302362627344,51.3439737761647,27.687883637140757,2.958427417719678,0.00034889159354136275
2.8658121756982724,27.16563799730323,50.84840456224705,26.754572563216364,2.991571626302684,0.0006142405060440112
3.0939937765623733,25.345721725557247,52.177271056095734,25.688448399440052,3.0112652236002324,0.0005606773060097719
3.1673731241276193,25.01083048236578,54.11552000569314,26.00732687270648,2.8945916403724143,0.00023062338957635886
2.955392479196644,27.665699554829096,52.49885321130357,25.082011438482997,3.069521746171586,-0.000269943362798019
2.961744470935321,27.867103454957572,48.06420698903776,24.551378948585974,2.941049330656781,-0.0008028324849861355
2.945186280362162,24.810678758293186,52.870827028723404,26.663955033227044,2.8837717016830546,-0.0012340834159264673
3.042002640659069,28.161552162725567,52.15693477140645,26.20688048673703,3.0713607210273186,-0.0014661930983069478
2.9656224453155975,27.83320451583272,54.50719207526555,26.817867439764672,3.067565275378199,-0.0014586549729032746
3.100462840074503,30.20905927295001,52.040134440632094,26.033075789781343,2.799750211913507,-0.001232833232553608
3.056269599084949,26.56186305768507,54.77335110130066,25.617535808494956,3.169564075436674,-0.0008613555770038235
3.129537923918411,28.271008036062778,53.31822633009363,26.548488122912342,3.140207644558573,-0.0004459589075779869
2.8365093493647513,27.230343013331876,52.05352785692034,25.992347023836324,3.0694173672146636,-9.018829619914128e-05
2.9221616649896642,27.47251351308594,55.61551671710716,27.676337955716193,3.116340913672492,0.0001259575319312556
3.136440690661972,27.293209017732707,55.43743061276627,28.838913214434818,3.041148539254389,0.00016343467268141356
3.085048229016061,27.451217527304085,48.19994545101335,27.03690300096385,3.1285807129153063,3.007495443908102e-05
2.965928593408493,26.25721296598524,53.40691551446876,26.88443040685719,2.811989679643328,-0.0002254173083386692
3.064018009221386,26.401722064949563,50.31973215880676,27.6302692408809,2.974312556766355,-0.0005288895652583097
3.005755085727096,26.74745837751509,54.32644822558723,26.502661700741402,3.201973876814363,-0.0008010094662789324
3.0173966218890094,28.035504296837512,53.82791824380939,25.91629585373812,3.0762549133548496,-0.0009770219789248216
2.7240534951557467,26.465125153226488,54.67758684637058,26.54705374936505,3.1623569439381165,-0.0010212322528120727
3.104052825939704,27.420998563074125,53.83278642992452,27.12908072390256,3.0704195439608135,-0.0009331510662698671
3.200555037353645,26.499767663933127,54.10507283820973,25.693970035927624,3.015465879903081,-0.0007445362541211877
2.815580421429534,28.27318774434952,55.90790380522903,27.379649308875784,2.7852764905679193,-0.0005088458689451517
3.1864613006295843,26.302922537792373,52.40881016607932,27.188840123763363,2.999699670335496,-0.0002863328326409054
3.023120430069614,25.995201679973356,56.08208248826004,25.53724553524312,3.2677944178465226,-0.00012878909248864725
2.9386936294277444,26.529946840859214,53.582239684722374,26.737719912302857,2.7925005149371476,-6.76822257147995e-05
3.0019797088191207,25.21338508924761,57.03996191431865,27.76632841728566,3.1011417474881418,-0.0001082747420980097
3.0906858254828116,26.966088908842778,53.77515230254861,28.212557061449075,2.9737444063258467,-0.00023063409892133842
3.004362416199208,29.308274930002177,56.05148969583204,26.654739656107314,2.9835610488846243,-0.0003966853065077205
2.970635841784967,27.513589700614542,56.122990446683254,26.291193860939508,3.0836272802388685,-0.0005610617568674882
3.0914976615276495,26.610932589024745,55.119393353245655,25.226592703307777,2.9325700744319807,-0.0006827818516186027
3.060781487611743,26.846210879699157,53.144574449955165,26.348049136344965,3.0869733658222978,-0.0007348378909565107
3.054417426243286,26.599554759617583,51.197016833170956,27.57742353426598,2.909918104076069,-0.0007095463944344879
2.997210191518122,27.326262477558654,52.187372216541505,26.183237813242144,2.856480890811216,-0.0006187284369054183
3.0008736996938823,29.58284962281482,51.43833633415286,26.448225034992614,3.2107471672843118,-0.000489128048954697
2.8763567837143076,26.326014187448994,55.88922107880821,24.85155540474101,2.9653880628262406,-0.00035459981504543087
2.8308929791081967,25.672035783948186,54.5594230335825,27.14844460371088,3.072500668785975,-0.00024724913196154104
3.0640657138001837,26.335481406802433,57.32206669294217,28.212694529121947,2.9654461413713813,-0.00018977257982630887
2.9911834785534763,25.741362655137387,53.281918625651414,25.450298560015774,2.9234059591274875,-0.00019075736676771776
3.0756545393352224,27.342102014218856,53.57341546902418,25.959138316760086,2.963878839383037,-0.000243824998493021
2.9516387803742665,26.6485727691728,49.17710945116423,26.767003907754088,3.0986114780063216,-0.0003304915084237324
2.9413933516196566,27.06059020587029,56.291375068390735,26.447077932124863,3.1451420308421816,-0.00042572336813201833
3.122861700998404,26.361294461738385,49.24286927289724,26.513573219367306,3.370763857343431,-0.0005046014800073897
2.946969225472133,27.71880134532723,53.312591194745124,26.744585373882185,2.887954821650875,-0.0005483747962821283
2.9941368468411054,25.2276149259428,53.157024448257935,25.835644539540898,3.2100317343921687,-0.0005484838524756939
2.8557978035696254,26.215168074150036,52.46019200755417,27.017812732465842,2.9838211427020753,-0.0005077526011876899
2.817660235509142,28.34445766782584,55.36549045944101,26.981805460330488,3.1664219565234957,-0.00043870606108144727
2.9295906298903964,28.16726653574737,50.41798017029448,26.7888427704644,2.8637902218879696,-0.0003596744041246936
2.8101564201025573,28.14030217476785,55.97066564893462,28.322386425269492,3.010438093338317,-0.0002898249966563965
3.0417160753600445,26.95328896267739,53.07188079460728,27.793640391229523,2.8112983302570442,-0.00024442499324986335
2.9774511481111237,26.18945114292205,51.475098118365274,24.58891533686763,2.883461187978397,-0.00023146711399385202
3.010241621927387,25.89033022457919,54.618800798145436,27.33284891426246,3.0935564078059294,-0.00025036051516775143
3.0212938297741987,26.811692711487236,56.73842058522911,26.781580552584177,3.05962537777418,-0.00029282479342297024
2.8606005855645953,24.607842236135646,53.98937493411808,26.538652607848203,3.3023902889686814,-0.0003455769934954132
2.887153735516259,26.350136184824812,53.12716363405658,25.920493850367635,2.8917815627880303,-0.00039400103761678187
3.235012314808042,28.70143223383153,55.20720900739517,25.375478640223825,3.0659000398312504,-0.00042582079209213715
3.046534781371775,25.52767793292625,55.28137246690799,27.241879805390408,2.771220198017062,-0.000433882661417912
2.9955210883296166,27.929162358678052,57.60668769958855,29.130293866683424,3.046922656541034,-0.0004174484430984267
2.938825822093679,28.035071249004293,50.504277987230765,25.873808516687614,2.9412602031632344,-0.0003818140690177031
2.7449368503264497,27.956695506138164,54.23950952993449,27.54844803974637,3.17266567483823,-0.00033649334936718003
2.9749668691221296,27.38241015347919,54.12294158730469,27.469495184962433,3.0311933949517504,-0.00029253412036576266
2.99320018777895,28.23579579087776,57.545026247907735,27.20467900537228,3.1471694177989322,-0.0002596957157784899
3.181905766901792,28.28236287145544,52.18162090352463,25.222577894809863,2.966608569456425,-0.00024418670916699723
2.9780772107224633,29.108378586302862,54.16962089784578,24.414837736965676,2.9736879354746426,-0.00024746444121337305
3.008154518295172,25.923273777606912,55.84462293554449,27.514334204218773,2.9532203074287606,-0.0002662956356780374
3.3379283695560305,25.39788295060351,54.14308740686662,27.965528569631612,2.6959108706944344,-0.00029395311646296374
2.9279949827309304,26.565973887225557,54.46802450207262,24.994549906629125,3.1565626082030254,-0.0003221581089628999
3.111863082088698,25.052689508874877,51.6640746072349,27.165806447468594,2.900521527963262,-0.0003432303176692541
2.9569004811660724,26.32241481947652,55.66839426604322,25.39659695314884,3.012780766276251,-0.0003519044248324949
2.742737235312383,26.128342502128746,52.623627156533246,26.408400483869116,2.9954436799663333,-0.00034640014906657155
2.8941202394252032,27.306706004243672,56.550765584496816,27.813519112796254,2.8469565945542237,-0.0003285507291471898
2.8072816554827034,28.079621562700588,52.83827295629331,24.440586530033283,3.0073473110809097,-0.0003030408754579109
3.1297505079558583,27.74107348670747,53.79986157398703,26.291005736357633,3.244635780081417,-0.00027601746888208
3.087003845125518,25.8714843901349,53.450416057591944,30.503368329194956,3.1643082450769615,-0.000253465905953637
2.8948973315790623,26.067393636821446,57.05296281865219,26.076056213345712,2.966315119178866,-0.00023976767087913794
2.8137877965796094,24.30981946877493,51.21912642853651,26.561456451489832,2.8004079119446446,-0.00023677428804785475
2.8893248981297774,26.90839606395438,52.53101456285764,27.267090521049045,2.9291187251132205,-0.00024357785734524957
2.877223105207135,25.87845165430678,55.54436331755306,25.208275195105124,3.0638131811093436,-0.0002569731177363212
3.11914762620228,24.837717261160982,53.64172273369205,24.87052283817225,3.126906692088012,-0.0002724381527099549
2.8219163282981334,26.527027473141498,55.02736258752692,27.836039227635336,2.8570727918402303,-0.000285349759114299
3.0980476932419267,27.854814536116567,50.5797960252196,27.511530065252842,2.887585204836599,-0.00029211722257747603
2.8775086391110674,27.13871080453224,55.56030701290317,25.185274637063934,3.071966653616784,-0.0002909657429971907
2.9575342510554345,27.44570195741722,53.81850978574754,27.401349887810056,2.9108671578537533,-0.0002822094995081055
2.778522833402223,26.450049431963638,51.04850006860966,26.06811506979582,3.1397328066079213,-0.00026799252119616657
2.784755499137752,24.449179011516087,54.69239543583135,28.344284458013924,2.9369349757994483,-0.0002516069407183831
2.866253220468966,26.499117492395847,51.939935725336944,25.01365746981785,2.9831600335271315,-0.00023659146742781404
2.9905701166208396,26.5379402086481,54.022196285086366,26.37227734831568,2.9941009349901715,-0.00022584866667349658
2.8979026635929035,27.03931223333107,54.683691224859174,25.3677244611738,3.1393219662632257,-0.00022099419955636017
3.0695174292403005,26.239620735521196,55.72118633252657,26.326569406867417,3.018211942749575,-0.0002220761001465553
3.0490680107617307,26.59683284445536,49.929351240990634,26.248845389509267,2.812476851800446,-0.000227700053759511
2.8655865524723176,26.63195143211042,52.70681933565668,26.62597909592614,2.7032010047491806,-0.00023549470110297238
2.9261174596974318,26.759105011407105,54.877498226225,27.340922104755652,2.838452666011254,-0.00024277401945441076
2.737737363072444,27.114629835272318,59.02856555159379,26.09971919966115,2.8842192691781485,-0.00024721837196151877
3.167741454526655,26.599735728507568,55.74027192158122,26.001562126586588,2.8329560739453896,-0.00024740686892259743
2.947398777761414,26.645085037350764,50.62145326410651,28.293510786353348,3.0922825477045786,-0.00024308449548003113
2.9874364098704107,27.57749249590744,49.1281617192554,29.108409930602456,3.334892396554886,-0.00023512218913893077
3.230156054416761,26.94910458512238,54.31449480161196,25.77395718897154,2.91103156728352,-0.00022520642222141054
3.071325056560211,26.807985169234737,54.23535246367632,27.55212260135826,2.857396000509076,-0.000215357470514407
2.9261704618130233,26.432216262495256,53.55911566265321,28.402549741250734,3.0655150422704014,-0.00020740856619313257
3.0308368898853293,25.89049778590658,55.47563840906157,25.191261602448954,3.2199378582369467,-0.00020257609554544855
2.8218696751578034,28.277324013938667,51.611781486494706,27.0400636176648,3.209472378085731,-0.00020121746951082722
3.0609045763364335,28.710528145942384,51.056034807365634,25.86903270533999,3.2029540314677143,-0.0002028191805719045
3.021228513497847,26.09374282235132,52.75840040039243,26.798160032587504,3.132072720710823,-0.00020619783064463115
2.99674270734441,25.607015493155636,54.62577781716093,27.171870796939924,3.064325041360469,-0.00020984659572123688
3.153743841230292,26.793004093349612,55.88693222528992,25.28726604170223,2.999341061333017,-0.00021233010646811462
3.009987498098032,27.223622992108627,59.26290450421042,27.03851389751391,2.9786755557106774,-0.00021262742354872835
3.058523042685083,27.926455654998612,55.08277614157946,26.514527042256493,3.006606359737748,-0.00021034418653541396
3.083609780908836,26.411367983960755,56.393635660152235,26.682283845493178,3.0938156793285168,-0.00020575374887895227
3.125348018578709,27.62465037988108,54.374892255397405,28.50307827482067,2.8922470630350343,-0.0001996722384268067
2.9286857010851257,25.441819012482433,51.87989927903267,27.325153961336863,3.1223605049319785,-0.00019321246316041037
2.861016041425409,27.104636633346363,54.57721741161127,25.341636573541766,3.1322927055410275,-0.00018748713648401424
3.180828596032168,27.502719433427657,54.2270376390418,26.162924774096645,3.0081390531953036,-0.0001833380685737241
3.02396851439607,25.285242065393547,54.31278798613226,26.50651166805435,3.198339076687344,-0.00018115495151228234
3.063747026332761,26.66377990529178,56.10262260138017,27.464432505394896,2.8710912273445013,-0.00018082000267345642
3.024583267560577,26.511410037845987,52.61705767722806,28.461615506898973,3.009910955919341,-0.0001817809348143114
3.0033390239588935,27.887575746671214,54.396929119417415,28.53930096088165,2.983876778374262,-0.00018322327893574862
2.8474855577576603,26.637716863333004,54.764839457188764,29.478784310046965,3.1026280370686568,-0.00018429144258411497
3.017005570747956,28.134677004089536,56.7385118442662,27.90326536765074,2.87527318315328,-0.0001843004517947871
2.986530524390004,25.06288829037283,53.00610674705952,25.878978605424418,2.9396124092203637,-0.00018288766650410908
3.106030090526961,28.84334691575966,51.91626736059559,25.936013312173035,2.9837346059343033,-0.00018007279872280115
2.9852723366125438,27.014183385886753,53.4854839679674,28.419064790672635,2.985633553888548,-0.00017621964444926492
3.081998341082036,27.474683495209348,55.16910278325422,26.207464074183253,2.8114256590209177,-0.00017191743308425016
3.081082376608401,27.05742029081559,49.05184068740365,27.27524186367495,3.1383405025204674,-0.00016781769285896617
2.9985522499580086,26.017828308632367,53.54898731909662,25.204154638507035,2.9869073465489997,-0.00016447021753206333
2.8470142979389257,26.883198223569288,53.86063727027096,26.571182533174493,3.0229693818446246,-0.00016219812813311383
3.0894783732737725,27.491439614456706,51.37750063717318,26.695429883100207,2.969897248277146,-0.00016103901447118594
2.8996023163852938,25.185433640719303,55.46917452613561,27.10733127032687,2.916884403366014,-0.00016076070230854078
2.8169826676967036,27.580568479489937,55.5785460185385,26.619873065226255,3.017608924816871,-0.00016094128624372518
3.041397337743584,27.66389031250231,54.70570147803623,26.338038401466743,3.0718075779963154,-0.0001610883355916594
2.949079417305334,25.73000826317382,55.40761312996244,27.057289330925826,3.081710369801272,-0.0001607648417316419
3.024379681070779,27.548321011333414,55.17767211608171,28.580943429928826,3.045710010763875,-0.00015969067009177657
2.8111658870498584,27.02364689564375,53.87733563423504,28.338817660730513,2.9913354522284434,-0.0001577969709931095
2.887145864276715,28.17039172519471,51.29754071492813,26.841121615163406,2.9924008061671543,-0.00015522442132254803
3.058993891988666,27.168445601615947,55.52148164810954,25.607388864388515,2.9969434700772215,-0.00015227063481051593
3.060394814282702,28.492910657547892,49.629801775043305,26.930705337651027,3.242645975099228,-0.00014930398140880653
3.0001980351664197,27.631755072322388,55.11158326839651,28.63612001440064,3.009696116789089,-0.00014666772293170144
2.8678871620126127,27.196141224524347,51.96178340631354,27.307945229872388,2.845670073228089,-0.00014459863877335153
2.8543116238744193,28.091257081721533,54.30386494145357,28.404919974208916,2.882885614547825,-0.00014317867647348415
3.062939524952892,26.826190074777553,51.90294434382185,27.75266602399271,3.288986619761347,-0.00014232850533453582
2.8407266846528083,26.340430140523928,51.56130521719933,25.968045587022505,2.9807200861388545,-0.00014184087890459652
2.856804810320891,25.253615088011042,51.663944950410716,26.897452214851057,2.866576092820448,-0.00014144220808165318
3.1218600757171706,27.899029786386677,53.555785275876595,26.252333083262574,2.9820415447068496,-0.000140864895837844
2.9983466965942798,25.615475771151942,48.24682082140102,27.478690110116528,2.94185807181217,-0.0001399118911478746
3.0055637072460986,26.450590673063388,50.739307074170355,27.079498214879838,2.9020629241585647,-0.00013849843396360323
2.9077453568049147,26.669158486541534,53.951439367829394,24.47265692179874,2.868583075408975,-0.00013666282691197389
2.9009507570988555,27.59091284727341,51.86748716375864,26.07650701565233,2.7952534760625665,-0.00013454632014929784
3.009460277466973,26.902324274345556,52.257865904660754,27.7257537986985,3.0433416280284544,-0.00013234970402272388
2.8813387523585368,27.04896145030522,49.4494259240363,27.17697671184454,3.0282729295254733,-0.00013027920830999137
2.892945210316857,26.60644338170325,53.25352757095395,26.152872765596378,3.03775353871107,-0.000128495807313489
2.9918629067747635,26.67948986637388,51.48165238736197,26.802071214575637,2.9403149045281176,-0.00012707996917258544
3.098489441344124,27.123129306383547,52.92864753497098,28.464206840672183,2.908323768696915,-0.00012601907706306047
3.0037241840519022,25.147597745116233,55.64978944108591,27.901442579877806,3.024918591669953,-0.00012521860127750624
2.921457847841269,28.859089603981623,50.960958946221766,26.848639748657725,2.7579658799728963,-0.0001245322275284554
3.1333663913109615,25.313280176844028,51.22477236957013,26.070590496232516,3.011783524065435,-0.00012380195299264835
2.7306685667845185,26.04803076224845,49.31161998236621,27.56383014572769,3.0129541671790476,-0.0001228975219861604
2.8296663439017036,28.033614194366212,48.69208510212478,26.37624521218017,3.153006338257816,-0.00012174566289486516
2.997922141512978,26.56005365837739,47.498117456744,27.779194418637797,3.0737860155030226,-0.00012034290332158784
2.9041385921380445,26.875100639893265,50.93601417331972,27.544789816322243,2.841058526845301,-0.0001187502807479781
2.92959087707268,25.601949446511245,48.342553509051825,25.58420143088251,2.8065126044865676,-0.00011707281816937716
3.097851365574578,25.444557568458045,47.82810288886127,27.030622524901485,3.142599252046419,-0.00011543009100184381
2.969276986440856,26.67799958757798,50.10981715321056,24.94932698113198,3.157222622470426,-0.00011392582601241181
2.9475795862719902,26.218150859838374,46.977767879340625,27.336186599665808,2.820478113456671,-0.00011262401465144393
3.0332858065660795,25.856222937800982,49.91331018420629,25.997947339480522,2.8320806213693053,-0.00011153678376904254
2.689629626461343,25.70168038859771,51.505611915643826,26.931602177419865,3.068998128066993,-0.0001106259475675906
2.8456134580745753,27.865207954092956,50.28270956121749,26.855998548280194,2.9012387768818,-0.00010981666704027953
2.821755657662542,26.250428596399043,52.25567757960928,26.595799091830706,3.1020310943392557,-0.0001090188348086278
3.201699470802267,27.191474817282703,51.398157224150545,25.02985404527383,3.042497824833253,-0.00010815030624881106
3.0665585020072608,28.29612365269322,48.678876032732525,25.746992245388576,3.103006307977708,-0.00010715616258757279
3.2888578054513555,27.343809880753245,49.55154381941616,30.124868412168937,2.7964526456046106,-0.00010601966536246754
3.0095888211781663,25.197124425264086,50.01603961960945,26.107476528531592,3.000788442931856,-0.00010476296297465959
2.945354249254834,27.156233477167326,50.05255767277786,26.14843228105289,2.8369099443243426,-0.00010343827311657877
2.995344187402223,27.992179884759864,49.34257061524209,27.47485846071249,2.7348263166062035,-0.0001021125193776621
3.180625681355211,26.80574946153187,52.913896372283986,26.20564668876827,2.945859413736645,-0.00010084973264351104
3.1180391662976272,26.707649624074215,49.529103769286,24.88928687640758,3.060468553766807,-9.969569499522082e-05
3.031358319994623,25.79333413313315,49.76426137884091,25.776665392779407,2.9335220238293727,-9.866836691749275e-05
2.9393174226135717,27.946029818057806,50.58383711179534,28.023447309219982,3.011242208566587,-9.775592156417161e-05
2.9711427028738906,26.294719591274994,48.06606123609774,27.78536597570243,2.967436540116623,-9.692219952939202e-05
2.9482100985587527,29.233912384385956,47.06686569359181,27.902938195469925,3.1653675240740107,-9.611760800621862e-05
2.866214628847846,27.45314780548112,49.66324528098849,26.753830126905935,3.2498091274247285,-9.529233638673525e-05
2.999177809590613,27.63326712207043,52.02598276535154,26.687265603513147,2.986313738100149,-9.440846985419457e-05
2.8688912646169213,27.30515769797078,45.26665032750641,24.57112011536898,2.9097876904225064,-9.344814966389742e-05
2.720989050149883,27.448509122807224,46.18806981769174,26.890328634005513,2.9971156481774055,-9.241614002913616e-05
2.9216274759400225,27.16039254187112,46.74191247082207,29.128351266256015,3.12054786954734,-9.133666582054526e-05
2.8454271150344024,28.40330261721708,47.46613382799477,26.542125965220354,2.8519159584723455,-9.024579153926767e-05
3.029918314508069,25.427995384586247,46.01473383969079,25.932415705954902,3.0531715562997808,-8.918158570070397e-05
3.015422452217724,26.908172833563597,45.53314080253669,26.4042080698714,3.258149306028515,-8.817465756023604e-05
2.866876514505649,26.801868860565342,47.441387689858544,28.259132628559357,2.8178091515844947,-8.724133647664888e-05
3.038280254495917,25.959361475112633,47.77799285184666,25.360892698528964,3.1574810719854964,-8.638092256025009e-05
3.2113951075773475,28.051306100889,46.29610180899305,28.071701898444115,2.940585138607835,-8.557732175293399e-05
3.048609434804489,25.287751642042405,46.30755094554302,27.398281069300946,2.886773119059532,-8.48042841568394e-05
2.9074887587786895,27.21726362905786,46.54051786563508,27.207075145596267,3.0692277911350447,-8.403265601196731e-05
2.945695606469779,27.922268122543652,49.587190311671364,24.901506510489458,2.7909407465347296,-8.323770461398865e-05
3.123776048950582,26.60001927652361,46.13167749838005,27.00342718601788,3.025232367581767,-8.240472733956236e-05
2.849871667621369,27.794142764411877,47.117247921053156,24.924024096571465,3.376757878073598,-8.153172991578607e-05
3.043533432825224,25.787950913189636,49.7516676951728,25.874061452222374,2.78358944451289,-8.062877840841627e-05
3.114560967786028,28.472347148939694,48.20678643662842,28.644386731220155,3.002865758057212,-7.971447335895932e-05
2.760864306432452,27.708173989715114,45.23176577602569,25.956233600322086,3.100096480736235,-7.881065559112906e-05
3.1146200342384587,26.856881627359687,45.66962121763156,26.957076392380895,2.924063671016979,-7.793678661272229e-05
2.9167936754711534,26.62573707701465,42.94908222193777,27.032726933248174,3.0158616824053035,-7.710539935607062e-05
3.1867857166211415,27.17195006703457,45.02282177033923,26.507168614628256,3.161075276273445,-7.631963288369811e-05
3.2169822189883788,27.544231370860697,48.780291799114714,28.855984938657347,2.9457103297264076,-7.557326864305274e-05
3.2895202308842,26.481503466917868,47.39371355896252,25.362459754412,3.07570990167417,-7.485304081731465e-05
3.031318357123151,27.036524528163003,46.66874422230451,26.465019287901484,3.312873604523739,-7.414245979558355e-05
2.9110192213613932,26.663051788098343,46.94026845499047,27.657089086552702,3.1810466663433243,-7.342608609100334e-05
3.1100114530172536,26.012306653186904,44.362517614570244,25.272023772667637,2.999435999078047,-7.269317537419772e-05
3.223284918452639,26.655657276349185,47.57987725610683,25.887072607371046,3.1668943408779158,-7.193986251363349e-05
2.880199714536155,26.423042535282185,49.723525733870154,27.473432081367378,2.9866258191276702,-7.116948099784478e-05
3.0815006495117503,28.92072236136851,44.784487508504256,26.80843833361886,3.1527419763297817,-7.039110292539643e-05
3.016824601336798,26.22664600468275,44.8647279893428,26.97830446885014,2.8509519325112307,-6.961681040571578e-05
2.963487733394408,28.67764615870202,42.587125421937536,26.900667689847875,2.919630645514921,-6.885847330883514e-05
3.135191426191781,27.56756583497816,45.695855434976494,26.260490479566542,2.9764752624928645,-6.8124860388539e-05
3.063059123572094,27.08231799555606,44.30185548081332,27.941979738375277,2.769601258785174,-6.741975786853591e-05
2.82858861693677,26.731116510433104,42.38379620215072,24.80866308230418,3.082269981028747,-6.674146506698712e-05
3.1545104667279826,27.76462109588985,44.35378047824382,24.941222678881086,2.892452914280997,-6.608366946711035e-05
3.140882046985775,25.460160542264198,45.236268410089444,27.473440476537615,3.182909830837213,-6.543736771189711e-05
2.9430595725037434,27.480347530599385,44.0369071360218,26.65986224044339,3.2975555327724897,-6.479327368312177e-05
3.113973903126851,25.899589041822267,43.43084176343486,28.301540605027093,3.186387133478492,-6.414408501487811e-05
2.9990489428787663,25.98392306775966,43.81541302972668,29.61213879570001,3.0834844479853145,-6.348606897914787e-05
3.1769599408589575,25.814891974943222,45.56210650908115,26.46149088566632,2.7536851472911157,-6.281964128123372e-05
3.1008400378825836,27.05414009370361,41.68184250944601,26.299011991551293,3.1741708400828545,-6.2148884999694e-05
3.0795258534061603,25.30325506805229,41.85630283547617,28.871938937099486,3.017870764735655,-6.148021934824978e-05
2.8864663905350345,26.570149611258927,44.80862102027226,26.743700815326235,3.122460671006556,-6.0820616459140764e-05
3.1173332046315023,25.38961173379522,45.090904719203316,26.869985890064395,3.0158570804571383,-6.0175839764864186e-05
2.968994363935476,26.00396038118515,44.949840390697396,26.9056335529524,2.8338930974038714,-5.954913058874848e-05
3.193493712725889,26.72863203409854,42.30530892355099,25.842218898617507,2.9227324952614193,-5.8940623503759814e-05
3.1039908080099967,28.23957035698783,46.588461555311596,27.948839098522136,3.000141704744456,-5.8347568890083684e-05
2.963713599759729,26.812931396520966,42.469365454681395,28.59777994142828,2.9081242146746207,-5.7765238077280085e-05
3.0708289655764074,26.349974722611876,44.263520045200906,27.558264746863337,2.9976437991716955,-5.7188231093428405e-05
3.0739892510429168,28.697090640958525,41.99351992412088,26.894131633385726,2.9737690945955038,-5.6611833603504316e-05
2.8764292494679293,28.19174830390515,40.23781483446561,27.747485097909674,2.9546914006200544,-5.603308858247463e-05
3.144390915504722,27.180860805854987,42.04708388875397,27.5019036610605,2.890875525360165,-5.5451346823373096e-05
3.1249162531523345,26.205043127861458,42.34564800972756,25.687014564535744,3.057176680887824,-5.486820791064785e-05
2.8480255031745427,26.361599990661666,43.233785550505296,26.66449721302393,2.959472025475924,-5.428691932551114e-05
2.9189801022391952,27.35258098430469,39.02191179137035,27.406617487130962,3.2035033490175824,-5.3711427170996913e-05
2.955029936022947,25.180718030909727,43.538467779529704,26.95310265664005,2.886487414302704,-5.31453401294461e-05
2.8806424700816393,26.367052621019823,45.990806652392635,27.371247531030416,2.946684832535737,-5.2591066173820586e-05
3.1254509366636865,28.153255707110883,44.064963791660986,27.487525941884897,3.009777989034739,-5.2049317090625684e-05
2.9903383381450186,27.530939802090085,42.81480981044815,26.770443820903147,2.7763082963938635,-5.1519069188248154e-05
2.9372142684775326,27.236421585739187,41.68441238217331,26.68009882326632,2.853965733765194,-5.0997949938125394e-05
3.007654437186035,25.76994816666907,43.66548148401481,25.01859131285318,3.10693583821961,-5.048291915978891e-05
3.052627173734188,26.452686168975664,40.5093627814518,27.371664557829742,3.006262795035131,-4.997105325421193e-05
2.9499775506950012,27.143862859693403,43.973815749741135,28.42830171318271,2.9687501335863726,-4.946023268292832e-05
2.9244969641792737,26.388774993095755,40.705015885519664,28.59171196168931,2.9400551592959956,-4.894957385189706e-05
2.9114367430707513,28.577657325254123,43.484545763749935,27.09722337188986,3.0562849418663385,-4.843952256439286e-05
3.0408552360706955,26.97930653262941,44.01041860219832,27.45079725074715,3.0275229088025237,-4.793161602825198e-05
3.075406919567037,25.809928774038706,41.24753358031236,26.72100875145233,3.092038790990804,-4.742800018951562e-05
3.0570601352007887,27.5047571841506,39.567283966018934,27.83679780760047,3.0607178764216267,-4.693084127958637e-05
3.051120104332026,26.52239331070723,40.9068356735855,27.34752144852319,2.863366550051224,-4.6441783971235814e-05
3.1085893895598917,29.718483527261455,41.00959879780219,27.585242774615086,3.199153428131321,-4.596158398446262e-05
3.189456724599808,26.79675257405154,40.76548362240689,25.992757811206534,3.0780998001835793,-4.548998924616911e-05
2.9036844441224776,26.833309305672678,39.87509094425482,27.82931626852386,2.993261821569803,-4.502587677418302e-05
3.086188970943505,27.142860955094545,39.07055746793557,28.16120949936258,3.087003803598155,-4.4567589682269955e-05
3.1525783280034845,27.241808007378282,36.42520844033865,25.1955356067124,3.0289063399150145,-4.411337475790625e-05
2.9329336703064444,25.575817464803574,39.86172767999305,28.236946123159445,3.1707014626567327,-4.366180535691566e-05
2.980129582562312,25.087149509338214,40.98225144993143,26.253764848284508,2.9669703089904558,-4.3212087995118894e-05
3.0997178492103012,26.22048697884746,42.91808742023001,26.538752784065828,2.7487189663939406,-4.2764188197400696e-05
2.8940738044947536,26.401496960121914,37.74147648081249,25.258608661517858,2.880095144892939,-4.231876073132682e-05
3.012933672335806,26.784823392001893,40.59669109597813,27.217673300066018,2.879798533741153,-4.1876918418574194e-05
2.961241328779869,25.85524548048271,39.941144743565914,27.217949530303162,3.014384482109727,-4.143990974254544e-05
3.097688079688485,26.297709644851818,40.623727015086175,26.53531803502535,3.0839421151567272,-4.10087917890408e-05
2.938956667482882,25.659037991395046,42.43600342115228,27.061103807848998,2.845143007840216,-4.0584178455474244e-05
3.064472044263758,23.646963212983568,39.29772846951304,26.583157291381266,3.281232966103753,-4.016611863119378e-05
2.9476656320347834,26.261032294953885,42.40280316552391,26.345570426770138,2.9843349165435646,-3.975412261863132e-05
3.140788590296877,26.5654754017632,41.645558957198844,28.658827334173896,3.2200175483282996,-3.9347317444507524e-05
3.002728753196603,26.114045951112182,38.56244558635741,27.333002597878167,3.016200924129601,-3.894468192660789e-05
2.9447557783679326,27.394043996327326,41.654015794700996,26.55581226259494,2.8228569350771195,-3.8545297425645085e-05
2.8378462468903276,27.13686866018443,38.722050784328054,26.91651064193811,2.813608923458602,-3.814855180020028e-05
3.087245178572864,25.9740960931258,38.525419044585185,26.708341930238966,3.196959977771662,-3.77542510424504e-05
2.9728952054780478,26.692187041427403,39.503972767904244,25.916421215194614,2.9480679396574367,-3.736261959115906e-05
2.8283062430649086,27.780534522587384,39.43858360807241,28.705447762171744,3.0452770459350407,-3.697419879593574e-05
3.222279778955883,28.164281029521273,37.81033652522964,25.006749357436465,3.0341043041026547,-3.658967735302935e-05
2.99295697327208,28.41705192822044,37.656625151782066,28.810212470562004,2.860444479238208,-3.6209700730752224e-05
2.9992289769919958,27.66533331235684,38.97979670642877,24.529198048914914,3.0851304245372244,-3.583470791964946e-05
2.9599499700835374,27.13188949334247,40.849917795692235,26.961781048034364,3.005374394951093,-3.546483279043481e-05
3.0632872986494535,27.02723162927608,38.304409834800055,26.23091429983943,2.9130984378975677,-3.509988844914774e-05
3.040766077104029,26.50511029313333,37.042855594731,25.182799916457263,3.013746878465876,-3.473943103167139e-05
3.091416816030434,26.92613259655869,38.08066822475687,27.6856762539184,3.092786350527139,-3.4382880658243457e-05
3.105788941220084,25.95737439533969,38.06497049594152,39.66588396958374,2.948726240295548,-3.4029664951188827e-05
3.041314959498806,24.254971292483127,39.187779640810426,38.88621945823598,2.9579071490335607,-3.367934826503994e-05
3.080921692560345,25.72937921048535,37.13428924006932,41.06933590720503,3.146099914169796,-3.333171649430133e-05
2.9803140187518653,27.727458102127123,38.18742408902004,40.50428123074767,3.1528946481438007,-3.298680062697875e-05
3.1646195837446607,27.91156600443367,37.56746673121194,38.88185725969039,2.9073045708192033,-3.264483869206234e-05
3.0089278278178124,28.12427414953162,39.249120614777574,36.70014414055786,2.90086579700796,-3.230619075516973e-05
2.950520099274394,25.866583105628887,39.23955255638204,38.10661662055318,2.948028330925614,-3.197123173999622e-05
2.889895885921982,28.230711730915203,38.27301819953948,35.47893244250048,3.104916540033317,-3.164025006682154e-05
2.8437292488973864,26.564677688759588,37.21790521038569,37.79601690675396,2.865432685238888,-3.1313376349485284e-05
2.9760416720495364,27.37386934599357,38.60714578466728,39.50899647830268,3.1766950904214184,-3.099055678696421e-05
3.095517727007035,27.819415385105923,38.32531313459093,37.597639937406555,3.0936173304272643,-3.06715737913816e-05
2.956734448573974,27.871904276887875,38.11058018725342,38.77991705351829,3.083400777259519,-3.0356104873812094e-05
2.8867731465753326,26.67227649463728,38.88130768381988,38.12471427574926,3.0886447844845137,-3.0043801868248278e-05
2.909609667085977,26.01200999275644,37.18719501861165,36.224391012578714,3.0216841905502854,-2.973436967543614e-05
3.165318318132572,25.793350172557663,37.64248333676468,34.75505104967414,3.107191356627686,-2.9427625217407988e-05
3.02140261482596,25.171543456212664,36.77697056402243,35.74173734590443,2.823558525601567,-2.9123524077924218e-05
3.1543427465772576,28.182733197156047,36.97384614840316,38.52349173072451,2.99914519319182,-2.8822151209410352e-05
3.060652578494168,27.37994190686196,34.79749850587061,35.7703951285014,3.267775284966797,-2.8523680998219212e-05
2.939473813276526,25.702688592558452,35.703253511852964,36.79688018892003,2.9596360356245026,-2.8228319133570707e-05
3.1062889871101063,26.178668062015635,37.8045821042651,36.1054335141766,3.033785063756417,-2.7936242086428938e-05
3.2302658097621326,27.043921254319365,38.95899348355276,35.430016376538724,2.9920899260872282,-2.764754900716415e-05
2.897185268667522,26.354521365416357,36.10588960791595,36.003322549883045,2.8358945244287233,-2.7362236740449483e-05
3.183963535940472,26.937610731655123,34.283431402192946,38.5091848335549,3.0285098205975225,-2.708020202366456e-05
2.877737675790328,25.3138143836271,35.982248677945265,36.14535053394861,2.9736233705452784,-2.6801267870905758e-05
2.9953956782434954,26.95325247702157,36.20912203778337,36.90553320105216,2.908468293990045,-2.652522572782265e-05
2.9679372237647974,26.15096199352377,36.004373025097244,34.59490606039914,3.023136204001029,-2.625188168748285e-05
3.0255226865970846,28.07793312229723,33.834274621903134,39.201933458533134,2.9125330758161008,-2.5981095143302963e-05
3.072522946670938,25.62555353982764,34.93209124658391,36.41688478644352,2.9579910033237837,-2.5712801214132102e-05
3.1125478355742175,26.94241609421077,36.22125492062969,35.761998811852834,3.0660878951888373,-2.544701279391883e-05
2.9388086628499215,27.74418905669834,35.24853690994241,36.42912601412367,2.9251382952420677,-2.5183803656351315e-05
3.1232104497370705,27.540380224315964,36.12813332229502,37.69425810438922,3.112621535353357,-2.4923278210121558e-05
2.8972029514259448,27.861070256361593,35.94397248296345,33.52525296217191,3.105039969968793,-2.4665536560505602e-05
2.9088517819522295,28.428997930346586,32.65493404173458,37.26100696764211,2.84792191816259,-2.441064374717159e-05
3.062253254285009,25.886317696171854,35.29271707971987,36.168952009379176,3.190938240225444,-2.415861024587035e-05
3.0525095587186923,28.193210593690004,34.22770526984517,35.21536002297991,2.8798221619664055,-2.3909387541449162e-05
3.0588044210833223,27.71674617376149,36.10787195435538,32.93619135570796,3.1500704280037874,-2.3662878508079056e-05
3.048076482518261,26.92517113936752,33.81243066352486,33.689089256928355,3.0761221092229727,-2.341895877592247e-05
3.1201106205488847,27.411404606486542,34.78758566226905,34.393798933110226,2.998580660604683,-2.317750292317618e-05
2.7927998843224677,28.241398282081505,36.443901868648936,35.82206146008621,2.9876449012082067,-2.293840872483931e-05
3.0180314492882325,26.678224349834373,34.62773444465723,34.714412711742504,2.737281035429765,-2.2701613645036984e-05
3.061393555082711,25.79644151005129,35.98782601756928,34.1813507656321,3.1393384708195162,-2.2467100366651947e-05
3.001274837164966,25.684416975574205,36.04458137942769,33.0310118886554,3.0461227268818485,-2.2234890853979287e-05
2.9731216157950033,24.377060513887226,35.590283472858204,32.10284696879301,2.9596070028122687,-2.200503146183173e-05
2.8648660687026117,28.2349461464861,33.332138423522146,33.50956195291225,2.9725467035410666,-2.1777573463562666e-05
2.882487585182469,28.014199464383516,35.609205790212506,35.56403501572243,2.7769233690363193,-2.155255411719022e-05
3.012442464621744,26.424901134303276,35.01700963694111,34.43488741583791,3.065318461011253,-2.1329982921462618e-05
2.9998935740967165,27.727907657287233,34.56344845380173,31.46926783152132,2.9205655422442196,-2.110983585629787e-05
3.028887450372809,27.577242748295674,34.252611339556815,34.5038461664586,3.0970935879844306,-2.089205832904342e-05
2.9749026976110087,27.29545260140871,32.607015944922296,32.34390571877734,2.999286591240449,-2.0676575392931614e-05
2.8748807007268913,27.842367082618335,36.16313402411474,34.268680073388204,2.9466728448266686,-2.046330605837619e-05
2.9738561375313517,25.93435316547459,33.60945710454914,35.4326325867898,3.1060163190204686,-2.025217790077725e-05
3.0803915281592653,24.52511847644033,34.35458385043725,34.99545104154263,2.87591198749167,-2.0043138360173888e-05
2.996541033601968,26.718271236404924,34.04536390970289,30.60353892888607,3.1070175565609315,-1.9836160257439132e-05
3.008139566990538,27.106154279152353,32.14244706577692,33.18930754933534,2.93312189844968,-1.9631240747122035e-05
2.9764931300554616,25.862046197487185,35.37303359365424,34.89935331995593,3.381681464915672,-1.942839447518891e-05
2.8512127103021134,27.69055976438628,32.90954773864742,31.39588151529126,2.8904429651365624,-1.922764314798105e-05
2.7513960886598094,27.248415449572956,35.26754716851302,32.64775670349733,3.0106127036794392,-1.9029004313017703e-05
3.0613126193802676,26.827632153632468,32.68692996273856,30.98392321989739,2.9016645512835755,-1.8832482207465125e-05
3.062652690946255,26.185616415515476,33.14898611403242,33.10956267255596,2.9451363291740162,-1.863806272721656e-05
3.0804905965220395,27.21192061638568,32.250902861371486,33.56566816803718,2.9333360491114258,-1.844571333514902e-05
2.870735662945938,28.651737479887387,31.5461217658225,32.316822220304275,2.872717778033115,-1.82553874839071e-05
2.8817044882526917,25.111922525253647,31.923808361844213,31.686562056242344,3.207655227904639,-1.806703216744774e-05
3.16762622083765,25.152168047454293,32.02009344641223,34.354415972588086,2.808143339351343,-1.788059639131812e-05
2.914731793938434,27.300844623218257,32.84858631678437,31.986988904018176,3.31706496741613,-1.7696038488586197e-05
3.2134664383460567,28.644669145196385,31.087961396472902,32.41878349320673,3.028229313840172,-1.751333056526399e-05
3.1431585024251207,27.04376508977005,34.2994455321062,31.20878159851382,3.0771465856218048,-1.7332459249513157e-05
2.8338576911832396,28.85135377897355,30.983784307515986,31.756198527932735,3.2686282334282843,-1.7153422939587886e-05
3.083335613381218,25.862549368903625,32.213801649358025,31.749314565665923,3.0578377360405975,-1.6976226413513583e-05
2.9983819627195607,25.200944488906842,30.06888676745933,33.19436784182117,3.076885258717007,-1.6800874460768853e-05
3.0682235393109485,28.844138967568163,33.520346434400224,31.62341760289768,3.002632164092425,-1.6627366046219088e-05
2.987223194264626,25.912496666391554,31.64075568216713,31.625788887552194,3.045601775479791,-1.6455690513821683e-05
3.0348133789500142,28.888684066544347,32.26292715631106,32.68243651986973,2.9700968444290994,-1.628582650742315e-05
2.994150191626429,26.868320848981305,30.383174174589296,32.374592215085364,3.1789240843611624,-1.611774358677996e-05
3.045475126098523,27.743060351625353,31.77694456410606,33.43474118320692,2.8953364098735905,-1.595140601994119e-05
2.973272711463319,25.481842370479946,31.498781584962984,31.657471557011444,2.853984088553108,-1.5786777535671876e-05
3.1539989163484012,30.461769834789283,28.245290203430912,31.385316357588994,3.054339280143714,-1.5623825845369994e-05
3.1487545852362695,27.055715818780104,32.28491807672003,31.371501290440726,3.0476081123732905,-1.5462525841190668e-05
2.7850520994728774,27.98201403630479,30.29003961559799,31.56278627098339,2.8864657864233525,-1.5302860842720343e-05
2.990645449555396,26.284871778242522,32.73374495768609,31.720181862846783,3.013430048655289,-1.5144821690225766e-05
2.985219168468338,26.79218411669364,31.529535697486814,30.49370032906767,2.9593138786479964,-1.4988404142403767e-05
3.130573477600344,26.782791112888514,29.519639297620387,30.586804150024022,2.915929635092019,-1.4833605380011859e-05
3.023613013574782,25.81560617000389,32.980536837707305,29.912839736408966,2.949399304387014,-1.4680420437728149e-05
2.9222207786530365,24.13938425539846,30.324474965885717,32.31443832471036,3.102470911217021,-1.452883959307503e-05
3.0734635013634324,26.839389852289163,33.01668197348588,29.226693930208697,3.0605856638823776,-1.4378847152862644e-05
3.0936268081824285,26.60536892753819,29.14419538362708,31.037907349663353,3.096651936750319,-1.4230421792914528e-05
2.9091883014255844,25.482452418674466,32.554797007867094,30.30319791001863,2.9222461728795257,-1.4083538347346648e-05
2.875571334339694,27.613891973511667,29.81708997914271,29.096128064259908,2.8774861840315644,-1.3938170393312918e-05
3.364778852280277,26.943533967631957,30.177843897815357,26.333943401065664,3.105616975590647,-1.3794292947558776e-05
2.9132293758093946,26.614532617378863,30.53143166849953,31.286916709624524,2.981094713505694,-1.3651884623286823e-05
2.967817912679329,28.807301427301965,29.487122607823245,31.569510512153183,2.846015492331222,-1.3510928757188149e-05
2.7229994789083505,25.77325546982697,29.302074863068384,29.110083815214807,3.199693454334503,-1.3371413339700169e-05
2.9693065884747027,26.692895479831733,28.511980518104878,28.101847842837905,2.9179341563687617,-1.3233329819023956e-05
2.8401770815107055,26.51556444937746,29.380133116044956,29.621745020329815,3.1242843565064438,-1.309667127381523e-05
2.9330657251332752,25.909243019611814,29.251423219303454,28.333873435360907,3.0523372749899806,-1.2961430318140108e-05
3.155238265656629,29.31900866989874,28.494825730025898,30.201473681737056,2.936360676123262,-1.2827597393647433e-05
3.095417039872587,27.59128945734773,30.807759746949962,30.026039601920196,3.155957879148702,-1.2695159749892947e-05
2.9872353883821763,26.854994352329836,28.9995659384053,29.06398482917579,2.9532015982832274,-1.2564101323710561e-05
3.0163865153771696,27.493814516644328,29.140390859186788,28.362447908770772,3.0659104429898845,-1.2434403471475708e-05
3.1511949746579595,26.814786394195064,27.38504404311843,30.858342360034182,3.055216820127394,-1.2306046320323664e-05
2.9046056170938757,25.928355057002808,30.31665897906274,26.775449899172315,3.0703026380839242,-1.217901031002813e-05
3.2469067991249982,26.840142928500487,28.17335103684007,29.962675383621963,3.0848980326070317,-1.2053277580691464e-05
2.952166845388447,27.660675506775583,27.736594166968214,29.518282062901015,2.9508689647780666,-1.1928832835450223e-05
2.7946396899635184,25.63550082164587,28.360370984364152,29.782376098977547,2.9885945410572226,-1.1805663581878526e-05
2.8760677387072575,26.464913047554962,28.964781682960055,27.18711508724963,2.925887905086196,-1.16837596709691e-05
2.867608869630586,26.779538282161557,27.038018015033455,27.738951994094126,3.0880068220171406,-1.1563112313281743e-05
2.9594687765999135,26.815368612176027,27.618919025987132,29.154722087542474,2.9651043810890614,-1.144371295067651e-05
2.9344712920523315,26.81368927645772,26.151159206320337,29.732048524401968,2.9134529955365496,-1.1325552154355489e-05
2.865512733244119,26.017869268720396,28.417041892926783,26.877610896664596,2.859571662887776,-1.120861885285066e-05
3.156523256604973,27.90947899805606,28.078294492540714,27.27188974482127,3.151581303332255,-1.109290013399341e-05
2.869691705637031,27.58294077342142,26.571628351692244,29.200936841612194,3.30454611300295,-1.0978381447873275e-05
2.86449904316299,27.867576740547396,28.40176464812466,27.822959561097985,2.935211575760423,-1.0865047284476675e-05
3.2325896679731763,28.158773318244805,27.855330365507346,27.487027649400986,2.92195488958822,-1.0752882054658649e-05
2.959536635014491,25.87653151519795,26.352428312942198,29.23763925756222,2.9092008618892473,-1.0641870889117805e-05
2.938085030093455,26.656163137003343,27.766512062754632,27.373580901081063,2.9720054952049795,-1.0532000307078961e-05
3.109667552917528,26.619619041011706,26.744979566459335,25.72057149669586,2.931123048770534,-1.04232584604187e-05
2.797920369423042,27.034659436017076,26.912675738068614,26.56717013587142,2.819871549520346,-1.0315634995516555e-05
3.03277335809538,25.767081417383118,26.484588620129927,26.589150373218562,3.2191524929138047,-1.0209120601471948e-05
3.117874141766714,25.152032752775177,26.244737986639077,25.60448348517174,3.1582282919332534,-1.0103706380919698e-05
2.8524741671776455,25.42859971957229,27.457647279616175,27.54823577558722,3.081541805383326,-9.999383204928603e-06
2.8164856521049093,25.269787883823398,28.044403073975108,27.74153454126628,3.0284676498500787,-9.89614116508783e-06
2.958976582403189,24.9004544605873,26.09356628355781,26.03870109245766,3.0049078997227996,-9.793969383020376e-06
3.0138580610589143,26.317077110608153,26.31409278322118,25.112578977654724,3.1173647518630925,-9.692855995514411e-06
3.0600988707806187,26.81133397375178,26.99955993438741,26.56161936481594,3.0821074605559144,-9.592788478333418e-06
3.013164734510869,25.94099636100717,28.188663472602293,24.51229809166738,2.959278696241051,-9.493754106446574e-06
3.129667884015379,26.86754943886664,27.27517229827517,25.05584013834169,3.1280175395169394,-9.395740461402451e-06
2.976971287512927,27.723050141516463,27.511774565973393,24.278469375249646,3.280104739221422,-9.298735853369732e-06
2.9938800256182607,25.748399354072546,26.25291618940593,25.855559433556653,2.93573609239525,-9.20272950619156e-06
2.9837903963358268,23.914475568604963,24.435557527817476,25.667584636658933,2.777579333998537,-9.107711569381111e-06
2.8156523358131804,26.30243986324964,28.385550290911322,25.04389426573688,2.671535571588018,-9.013672967532486e-06
3.0976253671248113,26.377966528936675,25.963815248177376,26.334064252130158,2.865733663716068,-8.920605006978031e-06
2.9430912585866977,26.216325919431497,27.204446883045385,26.869827876679395,3.0141607705070017,-8.828499038938385e-06
2.931561403821645,25.92703124382464,26.645332464659056,25.990432255066498,3.0502438294286933,-8.737346102316824e-06
2.924295285804229,24.694905747528157,26.114530215406912,23.949685753227953,3.077681582473727,-8.647136760582336e-06
2.919714965947161,25.855457025261845,26.861117119288217,24.37856189534998,2.896703948609514,-8.557861010557242e-06
2.920612432954294,26.45330919233858,26.01021441404103,27.14080141671148,3.040403037929436,-8.469508455248904e-06
2.774944237449821,25.71144160465887,25.633650248311877,23.858812548223884,2.8491228545726597,-8.38206851610425e-06
3.1778001924364165,24.90508535829642,25.938005151309515,24.03760817408899,2.963387422768807,-8.295530694394663e-06
2.930504206550845,25.31464346621679,25.00300818314897,25.094030537023954,3.0745589508924223,-8.209884875939299e-06
3.026586330416601,24.696613018429673,25.955642147023497,23.181508900797514,3.0784806211932367,-8.12512146852972e-06
2.9783074090259944,25.68776997604798,24.86457437500324,25.16220036106209,3.068192248572674,-8.04123145186145e-06
2.986615800570886,25.646241655972506,25.817490406953564,24.66064709716211,3.097199028020407,-7.95820633655818e-06
2.7473103195357416,24.63811458899143,23.112027594232224,25.724343917096874,2.851404873519037,-7.876037972822276e-06
3.100601417690582,25.192588351179527,23.70391960403483,26.455812687789358,3.081811943319286,-7.794718330138002e-06
2.918462317263183,23.129482274238793,24.927793490313405,26.80080885733826,3.009852073299045,-7.714239290672663e-06
3.09268618857697,25.103283480848656,24.435949628228975,25.595274339471377,2.892314094082651,-7.634592525124455e-06
2.974999579536515,24.81921058775634,23.423591004001896,24.381223038002936,2.9898490966480207,-7.555769434338182e-06
2.9505668645975063,24.17278175424789,25.780945509170476,23.235878181755695,3.0359692184523532,-7.477761164119655e-06
2.9445148796730742,22.031524873128394,24.626518018543873,24.17758092307302,3.026494452362546,-7.400558750189846e-06
3.3135649179858317,23.418329913321994,23.133642659795267,23.320061699134715,3.1151866611740044,-7.32415327109471e-06
3.3024946603407788,26.3106262153938,23.75432144102313,24.850639244345402,2.8946387890483094,-7.248535963711324e-06
2.838284280291198,22.101594249183332,24.33083293732348,23.980115784678414,3.036477329667752,-7.173698378514357e-06
2.942744017637744,23.65207054634787,22.169899650202268,25.401964832789886,3.001984449535888,-7.099632409991158e-06
2.987045608471321,23.020161719277898,23.588115662830454,22.462945357428374,3.091295275382672,-7.0263303169573414e-06
3.115397727473416,22.90487606374695,23.21298519914596,24.220639010229657,2.941383056144507,-6.9537846117671726e-06
2.8176646973655317,23.561366456812184,24.46610056421426,22.565943250333135,2.896928741466303,-6.881987940035205e-06
3.0151882143004975,24.437643056281544,23.355307630489012,23.198877379266193,2.964072419688383,-6.810932998545124e-06
2.7671946812430006,21.861266810678718,23.23313239589393,23.18251025149874,2.9364250057254884,-6.740612399955374e-06
2.952482633704147,22.469358095342884,22.692070395319114,22.81936020423586,2.9000934389315205,-6.671018627237044e-06
3.0142306543590385,23.84018172761369,23.256979982900724,22.09229688710933,2.947087266496194,-6.602144037413529e-06
2.9938433104041966,23.397453426594524,22.71626131597386,22.01216929958481,2.979255361215464,-6.533980932315625e-06
2.910758275537488,23.517596021846458,22.08343756474353,21.61034805656849,2.9624740741732936,-6.466521617111536e-06
2.951891603366049,22.199798646580575,24.611467206857874,23.859843415841638,3.1570799226010284,-6.399758502420478e-06
3.0112669939884955,22.214381523542556,22.70145123169396,24.55795598154508,3.012353113382334,-6.3336841747371436e-06
3.039780484723042,22.564906789185834,22.5262277830785,22.903977818959696,3.1180280776291287,-6.268291436210789e-06
3.0517868777902595,22.207960886081512,22.911657158434352,22.75696065797705,3.0173428474246533,-6.203573319065863e-06
2.96616596202704,22.10937854357447,22.160154183449773,22.238406907770095,2.9857971723064,-6.139523053868149e-06
3.126565070293773,20.04782397127959,21.745473091524737,21.816553541143044,2.914226184865922,-6.076133994101773e-06
2.7062221307766245,23.11352152759977,21.900495486741807,21.47649476448644,3.029363439167684,-6.013399576134001e-06
3.052839297781558,22.064556550296317,20.660654169236977,23.14237864686895,3.122705359383659,-5.951313237571497e-06
2.9010499319643928,19.928241835734866,22.862097142896868,21.18507489065782,2.975879832633223,-5.8898683691416545e-06
2.9840074581434304,22.757974610220376,21.13180774907564,21.3912526623248,3.140439096158981,-5.829058321395639e-06
3.086249554227949,23.133328906362983,24.316080639806554,20.237142016783636,2.8414704371279154,-5.76887640796275e-06
3.043558585576945,21.006010788838772,20.84926212337686,22.7438278229473,2.735408375928893,-5.7093159438302274e-06
3.1592888411852815,22.989498963408426,22.024739910595734,20.70087549131279,3.0999151418385296,-5.650370314025882e-06
3.02621957830117,21.11015895562224,19.23926527982662,20.777715061586218,2.8491275137710232,-5.592033006657378e-06
3.0532546099339273,21.647317444504907,19.386519060913272,20.643397962135392,2.9306637641884428,-5.5342976613709695e-06
2.8820680895824755,21.442403185959,21.238018487682282,23.081983093346462,2.9290037374217857,-5.477158077671865e-06
2.678851848931042,18.95838170876306,21.092762799185337,19.132909776617318,3.2034701803002,-5.420608195038244e-06
2.908295141401625,20.07387495972348,19.945265481089116,20.107499956139453,3.0893478961512586,-5.364642063329918e-06
3.059153206558452,22.0210844361492,20.766250130130906,19.97529004119161,3.0594097279229726,-5.3092538202329755e-06
3.06102056479722,21.554228373488314,21.48594038708884,20.029730833868673,2.9775982612307414,-5.254437618590342e-06
3.294222927885207,20.720432629847615,19.7882586376021,19.586958431858292,3.1096781149404062,-5.200187629469942e-06
2.8126282318034104,19.835873630093165,21.549356641397058,19.489137860114756,2.8698063408570516,-5.146498007025102e-06
3.1668050918642305,19.25585013232919,19.62796563076695,21.17753859869513,3.0412966152090046,-5.093362910282367e-06
2.985030873962219,20.793106113808935,20.418762303854148,19.315399909591736,3.005384037861616,-5.040776495999901e-06
2.876919162390993,20.232783500030262,20.70730360289485,19.794949430929677,2.9418867630209835,-4.988732987401641e-06
3.2305995102012717,19.518862010718077,20.540919353770633,19.780293891423007,2.9545470143278907,-4.937226678632695e-06
3.2161574020133634,19.820155675344278,19.45024530653029,20.2773112562093,2.814513355845276,-4.886251969669112e-06
3.187943092946555,20.360790430668732,19.68783970990108,20.97443907147421,2.923485372818985,-4.835803351921808e-06
2.98051158901161,19.148251585007497,20.780552298878316,19.449098981286728,3.0582326047345334,-4.785875446195046e-06
2.8997105669528622,19.05091806327187,18.479875854878692,20.235237720696407,3.0946212860082634,-4.736462945684235e-06
3.18186076453009,19.138887942536538,19.486058476377398,19.672646955198882,3.0261889495239673,-4.687560617527021e-06
2.892755167553158,17.97084871504657,20.0656429862153,18.253046599481593,3.1233844893580684,-4.6391632684520155e-06
2.901508006921152,18.93855621561607,19.718376530637663,18.527853781685835,3.1537548947867076,-4.591265731986519e-06
3.109035960353301,19.453399367524764,19.84692046872133,19.30901158989584,2.9354774756580357,-4.543862854671237e-06
3.004245708852723,19.107680001173676,18.46502703169047,19.550638866341114,3.127233953024697,-4.496949503115745e-06
3.0063124505298267,17.858140543753347,18.91339963809356,19.586523993530754,3.000811794411484,-4.45052059098412e-06
3.113375873931049,17.724456258806136,17.87029237732544,18.07251426333508,2.9999092102396148,-4.40457105351749e-06
2.9150182089134447,18.44741288112799,18.913641961725453,18.434782907483466,2.9032396155487405,-4.359095883411539e-06
3.01142159820372,19.55277155741792,18.660515572681113,19.457504845598717,3.0006909042959284,-4.314090124171463e-06
3.134763733917339,18.3611265874929,18.995359634527095,17.93710310039746,3.0061144861091127,-4.269548925317146e-06
2.8522563030841184,18.143551916342556,18.84049117757423,18.32263645774913,3.0571895189140132,-4.225467500502571e-06
3.0065656221536283,18.28220612440276,18.104504540385182,18.66357773538583,2.9565635971420843,-4.181841136090293e-06
2.991566870609025,17.126562522358853,18.28494800022181,17.803473862059214,3.0781093980712257,-4.1386651837761815e-06
2.965868216930302,18.008980965078752,17.91331487220383,18.33761245537686,3.142930285382346,-4.095935028534047e-06
2.755103374366565,19.516595840024166,17.361666627791248,17.94738894435504,2.9791483040660895,-4.053646106354926e-06
3.2025436630340205,17.19780418824065,17.88711069505661,17.38834205101228,3.1771089666491683,-4.0117938834564205e-06
3.06540714801557,18.911431978216676,17.497124435691475,18.12266295761003,2.835074825075355,-3.970373848802049e-06
3.1056237153489636,18.05625548530926,17.342166515978786,17.40463298576134,3.0615580312066237,-3.929381509370153e-06
3.028803666625797,18.700564577619485,17.30395128414612,17.92487602862126,3.040369914360319,-3.888812402412518e-06
2.8888365740797792,17.12076724624813,17.441738288268702,15.88229084362046,3.1351977377493996,-3.8486621426527e-06
3.012497957940062,17.346919191948984,17.45984300810041,17.829223030620184,2.961148529221554,-3.808926381733733e-06
3.1040015302545845,17.878842146047212,16.252706518708344,17.84012466261471,2.9627512114159824,-3.7696008060000407e-06
3.0419565105182302,16.404639132011845,16.799409442220295,17.80156907308153,2.9411818824303624,-3.7306811893003536e-06
3.106578606111368,18.065867466686953,19.0548596637421,17.54437768019126,2.9157278420350132,-3.6921633553602356e-06
3.1230352629577456,16.892989124155562,17.921563337823553,17.236816265380828,3.0866536067815775,-3.6540431863890454e-06
2.9303370672241793,16.56825146458344,16.79896686444458,17.237843419380027,2.796290927768064,-3.6163166057668274e-06
2.8463016273185264,16.553880040007382,16.730288934595702,16.962066124489784,2.9365786583836675,-3.5789795703634756e-06
2.79487733312677,16.336049668105005,15.998622147973213,17.766146377371975,2.900226257181515,-3.542028086886233e-06
2.9892477969896643,15.297567785660181,17.158783721726177,16.600532609599473,2.986594089358456,-3.5054581620721505e-06
2.7445879463919565,16.973888775401544,17.22531789437427,15.719901324925031,2.7995246782833494,-3.4692658461879633e-06
3.1711933137480006,16.498393932709938,17.54320181720683,16.84539533469134,2.971358449332269,-3.4334472149938098e-06
3.1473280037204088,16.511782044104397,15.830689670344746,16.165110046732785,2.874157792897455,-3.3979983829840945e-06
3.1721570023131282,16.94626657037025,15.029250408237539,16.32433699847206,2.8977561155614873,-3.3629155036293963e-06
3.2599432458801036,16.200956325613348,16.179049447174492,15.937582516069874,3.172752922897457,-3.3281948030221872e-06
3.117311723721599,16.333882245315735,16.89264695122708,16.117076330077992,2.9028295137728013,-3.293832542719453e-06
2.9234247305614827,15.255913456853602,16.45523847527451,14.928672898157224,2.9021739830121414,-3.2598250247603305e-06
3.229443833189584,16.173150967356076,15.673592135128462,15.742867792230891,3.1118361860028663,-3.2261686143100416e-06
3.092591186431652,14.946792596164444,15.681811987394823,14.937232180913009,2.9518833920556977,-3.1928597066626823e-06
2.9640724914908883,16.056868814857502,14.730288807101045,16.550404950939086,3.0127934324460686,-3.15989471609861e-06
2.955458917773589,15.347709651554906,15.04027056641199,15.05282257684979,2.93199744406217,-3.127270094923753e-06
3.112176038795442,16.12112961365341,14.874315552863532,14.814572277501142,3.021817671689226,-3.094982345398656e-06
2.9427816486607945,14.652660542086373,15.971041608789989,15.268179042641178,3.147058734380085,-3.0630279797964495e-06
2.8691588438402733,15.243076952575802,15.356777945789373,15.660886617736091,2.995555738353801,-3.031403537019585e-06
2.705402282538087,15.81267135653634,14.378037765832604,13.918291899820826,2.7282583272838092,-3.000105601262804e-06
3.029976135641007,14.940310161949736,15.379858340852751,15.557780465364061,3.0372212942357537,-2.9691307852299316e-06
3.134181856005583,15.450913686129526,14.475966022787281,14.801228266920925,2.8616120042470925,-2.9384757536982634e-06
3.0145521903893,14.292764718712034,14.829431585621366,15.070017840067587,2.910751862581492,-2.90813720323198e-06
2.7304882574785374,14.070548792587514,15.100224738970216,14.082325361561447,2.677359346680095,-2.878111859826526e-06
2.8935802414489213,14.466292796256194,14.564110940593512,14.613018681172164,2.806129459218623,-2.848396511775065e-06
3.006358249504437,14.264663697661792,14.872717281552964,13.882163187712251,3.027670292539158,-2.818987971033877e-06
2.9806412289659585,14.999473139714251,14.225454440809099,14.587536203772654,2.9439285986634,-2.7898830616319755e-06
3.0665090670048114,13.709429138751137,14.051381066782021,14.900360612725127,2.9684988468578255,-2.7610786609581846e-06
3.041329023644991,15.029751313876845,14.756345599186167,14.087457920461018,2.8936613173334167,-2.732571678574119e-06
2.7679767780918003,13.999519531913121,14.267904682689249,13.434288960571427,3.062126146431538,-2.704359034936681e-06
3.111886832683888,14.728801872494559,13.869623028974395,13.922483979531487,2.883636706271785,-2.6764376836141547e-06
2.949845495488088,15.02840178099296,14.248893356829681,15.04410765023481,3.1210082060583417,-2.6488045980558355e-06
2.927273160198071,14.467134103344227,13.563081232615964,13.021290308997704,2.918542710695894,-2.6214568099002145e-06
3.249103762007468,14.183515275989416,13.647901247329012,15.039413076191714,3.148800487521803,-2.5943913607818416e-06
3.0564999889351694,13.673274310318607,13.823776873542643,13.074857315115517,2.870373391970441,-2.5676053425851777e-06
2.99468959358021,12.884759464730847,14.337051931129738,13.774478903767209,2.928215747044549,-2.541095866000005e-06
2.9369800528760615,13.901725521265845,13.919876071759223,12.901884436830066,3.0051694415534063,-2.5148600859046462e-06
2.8168640849977766,13.373976078075417,13.550129434938466,13.575470975047956,3.0642134751987973,-2.488895167947087e-06
2.937532131939217,13.69052438531722,13.530367487429022,13.302337018601284,3.1145918009368794,-2.4631983319876522e-06
2.810953097837836,13.653046902320865,12.74887087443818,13.164558737678286,3.1651615306910803,-2.4377668228545177e-06
3.1333135619669896,13.532208335055788,13.825288535411122,12.82657826714668,2.9411304238468965,-2.4125979053007127e-06
3.195737995441406,13.84320059271048,11.99788168028708,12.21779419786405,2.9674271689074927,-2.3876888562739705e-06
2.8838540764628093,13.6546573746881,13.013262319089664,13.313106448089087,3.0255533930347744,-2.3630369750321826e-06
3.0014933863237165,12.639046628297455,13.075908981697138,13.358900909137395,3.057378296019421,-2.338639613533931e-06
2.9009485919954177,13.309366150767628,12.88412022556495,12.212332667674943,3.0736787155589425,-2.3144941432783533e-06
3.0332012065866225,11.484597434826085,12.089011421798105,12.532132543102723,3.2105253465081267,-2.2905979466005537e-06
2.830031507852284,12.124448490941132,12.850197412529207,12.39410107142642,3.0744457839699297,-2.266948466285115e-06
3.048993801697321,12.188130349468453,12.610932396159136,12.096470454236012,2.9948416703856915,-2.2435431557907677e-06
3.0803179013488533,12.609461060177505,12.458006402312716,12.704806443894553,3.015841038415308,-2.2203794842129814e-06
3.0127871891701856,12.493109955434964,11.775957747063007,11.808209912990415,3.155982428108194,-2.1974549738327915e-06
3.063616322819128,12.440422285107822,12.089723260396632,11.764673158874318,3.3201282503705163,-2.1747671492089538e-06
3.0304792184264837,11.168996532612942,11.66939104545963,11.9720638516631,3.15897869551933,-2.1523135828346333e-06
3.0736943380244957,11.678923616580306,11.987761244257294,11.759755105276145,3.256653947377441,-2.1300918479053693e-06
2.9216411854513917,12.048337207469727,11.657998716518868,11.80576419722726,3.03190008927632,-2.108099548913659e-06
3.059987904612154,12.736586008381554,12.212634661587986,11.992055126565852,3.0924996582631215,-2.086334317149383e-06
3.1166110951202572,12.464763916363179,11.619442472170983,11.19564505534418,3.6643612435682367,-2.0647938018892355e-06
2.9517808485351216,12.294921922989026,10.912674478263964,11.175841128258135,5.036310265695775,-2.043475667753554e-06
2.8431998931856532,11.196592801256454,11.827513981959738,10.797708742693011,5.364315775469311,-2.022377623756161e-06
3.019302555352164,11.603046269289836,10.392250330742112,10.65173867647096,6.366909077902644,-2.0014974071503215e-06
3.046509433159919,10.585005541884072,11.337818653687199,11.660844949993573,6.919326875311691,-1.9808327586873365e-06
3.0104162655371107,11.29190076525514,10.589191886830882,10.702114878296161,8.718818145021928,-1.960381469905907e-06
2.7225613292175526,10.297780726157642,11.284571780135346,10.389112164042826,9.165952294401563,-1.9401413264423084e-06
2.834897125034968,10.336599199564494,10.348159378641114,11.12225374020482,9.775593353050203,-1.92011016190008e-06
2.8804974145909523,11.202153333699048,11.385202994988937,11.062096902647678,11.092151325289201,-1.900285821786041e-06
3.2417404174281566,11.099633420436438,10.014906919471501,11.065533209445835,11.335264329388208,-1.8806661613952425e-06
3.0673563353650666,10.73447344932947,10.215563946891502,11.222829246463165,11.872606293838016,-1.861249070045451e-06
2.826219102502985,10.628457628591281,10.658299521720188,9.751344026928098,12.961209071969755,-1.8420324559653948e-06
2.949512499017745,9.925821843385567,10.587101344355867,9.741275497891053,14.48549169540101,-1.8230142417612413e-06
2.8807037951276486,10.035409573824815,9.958958830358851,9.961252789569786,15.397254305704724,-1.8041923754910339e-06
3.0552896431142895,10.33747758233797,10.138761066331739,10.436125441924545,15.866803442871415,-1.7855648389608253e-06
2.939324127705058,9.912349533288756,10.5067703038969,10.41907032852942,17.096884592884273,-1.7671296228576216e-06
3.0521297576495097,10.243991189451782,10.478657817343137,9.822631683313285,18.145486423391393,-1.7488847454017095e-06
2.8941825725928303,10.597876118578903,9.80190284222646,9.93894738510839,20.151276537399706,-1.7308282318299115e-06
2.89250075937761,9.75800773274256,9.411814631061576,9.904384550016232,18.76379305968184,-1.712958150517853e-06
2.9105369920615245,9.618872765562996,10.022388934609973,9.18411658549775,21.29904526082515,-1.6952725790524507e-06
2.9362809243528196,9.924928056175787,9.120264961849179,9.270878712761522,22.66260947482602,-1.6777695903233104e-06
3.010759344397336,9.441978282309542,9.795691636502566,9.622689611490735,24.20408236058683,-1.660447306792286e-06
2.913574135169043,8.980079342177797,9.502082582103025,9.647974543522018,22.421522998642022,-1.6433038695232546e-06
2.9369763696745466,10.031020382228325,9.277445004527749,9.063166541314075,24.74048553107071,-1.6263374400820987e-06
2.8109496176451594,9.11562893895059,9.317984601194194,9.156239202749068,26.429442937295423,-1.6095461812115026e-06
3.102519997357024,9.30644974032995,8.949240279135534,8.552207339525552,25.753003104997852,-1.5929282821196361e-06
3.3793508090142996,8.72190606341164,8.927448488497493,8.541041721056006,27.03962428133609,0.06762089075029985
3.044967428061992,8.620366839632707,8.696623878131813,8.51527613081388,42.27272701851412,0.4061634574923493
2.9078010997267536,8.864628767838562,9.015054843349834,9.382310293707413,28.303728773571148,0.8688131748010971
3.0491228196670606,8.499093223038575,8.598475216688646,8.826903349155552,24.81935436608919,1.3183713790563187
3.0957160467223854,8.439912724370085,8.4831205294085,8.74104941090285,20.705816144672795,1.5
3.372702246753883,8.497780839995485,8.512870071120854,8.545180224023117,18.049847639545046,1.5
3.566347241355172,8.635334525381783,8.41833371558717,8.28705361017176,15.966668948149872,1.5
3.3371116642703216,8.009916932533143,8.561863584680244,8.672360230788367,14.061528158505302,1.5
3.7015373536789027,7.689839790706347,8.590074650032097,8.623210114105433,13.618494066287202,1.5
3.6882626011660555,7.924213994326022,8.519339289328107,8.984997152966866,11.404493837258952,1.203418924053768
3.6794192518444033,7.200621475358164,7.884748416677575,8.567178307771098,11.207069587454109,0.8159402992120155
3.4494189596320073,7.470165051746868,7.955263645293239,8.973313202280396,10.611105844903785,0.49299600079915273
3.750987663132701,7.348381290628562,7.730745700796255,8.769921999353935,10.346742326112324,0.3097682041147183
3.919582841694716,7.319096162287033,8.0804520159987,8.471005596898781,11.012817686754747,0.2994425547411318
4.007941237496573,6.773640036183279,8.131158899312616,8.122618179290331,11.040363573477276,0.4496848504941129
3.8751982726648975,6.823527541677494,7.871289887084481,7.917642821680514,10.830480871847804,0.7099192947835704
4.21240219933065,6.846129138519629,7.43430861836841,8.617206541070596,10.925125735052479,1.0071163171862834
3.8536796249872465,6.57044769299908,7.7446510281239505,8.114188804593768,10.648425750247368,1.2656162332991228
4.258017130130631,6.5121827285728955,7.702183507151008,8.07738184122724,9.91910752057142,1.4258205112910698
4.412094258636649,6.575741059801668,6.913032044785201,8.241642939980101,8.772372176788712,1.457299652154362
4.7298003676376075,6.343979559000746,7.373680338896766,8.438045919066877,8.859093948731296,1.3636335193734646
4.542360178129442,6.4188638491539205,7.004578646300354,8.683574057622828,8.477193970746123,1.17855395949579
5.242336004990946,6.105190386243046,7.527002563373696,8.91938912764092,8.00500287692093,0.9551002077961204
4.924074793343206,6.033717399844654,7.7331466233690005,8.408389349618982,8.11550540332761,0.7510292526645905
5.410634078968864,5.907660559451506,7.234634910517378,8.699137608495162,7.847046553233833,0.6143445776419693
5.177609229247083,5.991594377375729,7.340357375426426,8.172199467983294,7.0519653220961205,0.5724494945961538
5.226136714748686,6.272633441247696,7.343732372817583,8.147217622117914,7.985899909026696,0.6272571610660652
5.242271324708907,5.636257183391363,7.03845975218069,8.817830232616819,7.527444591364629,0.7569418271067081
5.624908941617464,5.691219951635151,6.964661178187652,8.801353842045517,7.2169097595832294,0.923332504421278
5.588611214674653,5.5019281129955075,7.012572665360647,8.081653117380112,7.514953857054673,1.0826510351358771
5.76458678821903,5.174863673369679,7.3897563878786,8.475769879635653,8.021053100690303,1.196675770830989
5.648905661412284,5.873613258798129,7.067780646493697,8.637583349515614,6.831266713858126,1.2415670319616186
6.671063922116469,5.478540358348481,6.752689639126232,8.573039478746074,6.900896066391197,1.2124108323131442
6.315586819430745,5.470588646503958,6.9666380987044505,8.979547327802566,6.988649073330727,1.1227559136223206
6.9356676028253235,5.066824645327512,6.7451917681196605,9.630950943702793,6.2336969025893785,0.999699911198781
6.651145679415854,5.117023407410953,6.987881555633923,9.286432702283753,6.639481660075421,0.8761094743840572
6.585900741844274,4.847297332490956,6.801972801100966,8.550754891427275,6.5076419482527745,0.7821144072683246
6.228205627008163,5.055176249621355,6.51600617507383,8.30640326190168,6.373962368795542,0.7380069707981987
6.330327256906362,4.683664216414462,6.7336205835999134,8.98099818025527,6.508169544722782,0.7501538189055788
6.129010916222282,4.991801208036069,7.090912679283364,8.703653242317559,6.1291240695185225,0.8106573991260245
5.751199342706315,4.8446396381739465,6.5429231195095845,9.552025288924433,6.153137291773228,0.9005254178459623
5.268956761504378,4.639498657904287,6.822976768123627,9.272803705252139,5.830410580084107,0.9952698648853269
5.222368100226258,4.715095557713342,7.187220399428369,9.579017667214043,5.791267911398012,1.0713563099171508
4.700455811626625,4.743925694139344,6.403044691545144,9.46529469536797,5.782569611607662,1.1118550199298989
4.837864905720633,4.57791069795253,6.850106675057841,10.136209996432125,5.780896469260293,1.1099865461572576
4.741019146929509,4.850357192868868,7.113480443765717,9.50841684227988,5.327708647928095,1.06988409104583
4.886704615018849,4.6515085564868235,6.905966499980428,10.0709705645351,5.380132446210522,1.0046324027401716
4.620921906015486,4.550880747993855,7.138565167591167,9.093252096584104,5.424331481971983,0.9322993329117633
4.117192344091729,4.407685627551482,7.418855228221654,10.811939183342709,5.36010602749927,0.8711007190568627
4.302827072792541,4.368616508181604,7.107580508847136,10.431961065463705,4.708151631123236,0.8349504410720756
3.871989783557657,4.3805326734704195,7.36303273327306,9.834524572743646,5.229739827635313,0.8304456142113779
3.9649213451199907,4.31661111725814,6.963810352195595,10.708818823158257,4.72698800027179,0.8558970455591829
4.020991330573867,4.365177635371483,7.89287276384338,10.706696663943742,5.023835268175411,0.9024638926857855
3.7603011514778695,4.292912460978021,7.866013101835449,9.991435454566687,5.049849719815898,0.9569327832091019
3.8331242683785822,4.740431590525283,7.372966224419163,11.478767833413114,5.023755641354785,1.0053199950160172
3.5944586393522218,4.108949626163757,7.388385924513137,10.672263800800515,4.969131835971147,1.0363461421748272
3.4336108050729357,4.482056419960192,8.34845124114389,10.802881268803118,5.344186774523335,1.0439475316652251
3.3028650524330394,4.165848086382438,7.984691858153957,11.713570478794287,4.648305266072485,1.0282969822741395
3.330629681717294,4.197095811637695,8.060248691400021,11.660247070921882,4.66662929906491,0.9952164390482174
3.3086810532713566,4.304288772545315,7.993704137009565,12.217114249717294,4.523089391897435,0.9542653653873299
3.2197909436647283,4.4048755870685925,8.372399027628829,12.226396196807414,4.658002722594534,0.9160859950843496
3.0792703146531304,4.479965505876893,8.875195251907519,13.652345496990517,4.916629351314136,0.8897164914356669
2.758387724993283,4.598459276046127,8.771556617119595,12.493102790742023,4.337918808583276,0.8805290416998477
2.7981215528206134,4.908106629660138,8.987724504515624,13.670389504593231,4.688592493537086,0.889240806741237
2.7587984576019453,4.3425875225523844,8.950967043120121,13.573458589186721,4.5877612458041375,0.91214543525481
2.8374704971169846,4.850257709900738,9.256349164587967,14.19933899785012,4.042030214542791,0.9424024272533233
2.743770987499107,4.666652670206205,9.547464888824695,15.002235440288993,4.527275291890398,0.9719777295085932
2.6848738084297423,4.634467249669582,10.199126833840964,14.628468384422955,4.286000466162751,0.9937055622438129
2.613574154256987,4.5441622509295305,10.02656749235719,15.647728522142172,4.2478775849371075,1.0029583331096887
2.404141258986113,4.9581139006949995,10.537296739671609,16.631226830881165,3.996299753006919,0.9985520922909294
2.539636786094459,5.3816914442362505,10.570913450041028,16.038924368465,4.008648952778799,0.9827339649269626
2.4306056202652697,5.262179123455769,11.175175930817984,16.051400218042044,4.164144735842357,0.9603350061764409
2.67429089644677,5.22625585105718,11.423820883471079,17.22239992237858,3.8502261535812763,0.9373677362734705
2.526266062621539,5.543517035938099,11.242182050403704,17.528325863374793,3.820855291424869,0.919458343402824
2.616856387088347,5.748020334688639,12.345039621141545,18.43466844110997,3.8634658364176633,0.9105097821926041
2.749570509755798,5.580965646956507,13.096137142114719,20.362149399185206,4.030542361578028,0.9119012989134075
2.35262769353834,5.676429316721116,12.908138588772113,21.795427882741123,3.757577919670905,0.9223726801640785
2.583274738177039,5.911866406569532,13.443118118879575,21.48954926478204,3.708138617052915,0.9385617529348742
2.6334253697497467,6.664218812821505,13.571995634759102,21.658466329977582,3.8569166992255344,0.9560071498778586
2.4636345007271867,6.924668886712177,15.703866432287226,22.92726521885599,3.3247064365953523,0.970331313656497
2.4722328278981482,7.326184350914473,16.04449071697843,24.830899977174216,3.577541591822861,0.9782996893857834
2.2295847486234397,8.373063524649805,17.14299687782771,25.74561940530492,3.7730237262712754,0.9785088557115331
2.5010394830862706,8.536375040945956,18.71405849159613,26.259071359088676,3.506892843287919,0.9715684240679114
2.4353702890893096,8.56366916194876,19.59486009925549,29.24708523725362,3.3161484567768347,0.9597766832435419
2.488357859116436,9.527168314236029,20.945056662529066,31.863975424819124,3.9200178076463863,0.946413243789741
2.737717285226161,10.15313744707123,20.756819137241177,31.842175565547205,3.590302731869442,0.9348544118240725
2.499774131290617,11.16064109958133,21.99811875962105,32.97812523587953,3.6846677022504655,0.9277422259455658
2.773657985248324,12.344329247871109,24.829439389382124,31.602176606936684,3.4825960809485563,0.9264048907745088
2.6659099205765138,13.597429075372022,25.555765027323176,33.635372418414846,3.4246881088429646,0.930647879444978
2.691197017926901,14.505388811133416,29.826383886258277,35.14386369039645,3.1564632717455607,0.9389342747000783
2.667555207238121,15.093390518227208,31.560184061278168,33.09583438839575,3.411645891114356,0.9488764413193462
3.0252768460712107,16.218982556649536,35.16776329253412,34.89591646197603,3.150937754074149,0.9578920381683648
2.9555843725254882,19.91928707495616,36.12439699602975,33.93973051751143,3.061474124499145,0.9638501622477476
3.023076365264461,20.91319293489784,31.267063078995182,33.62591961183556,3.1092855588428105,0.9655510534009761
2.846029388095311,25.18903218991543,33.24528349072959,35.04017745285135,2.9283002904869537,0.9629370410297198
2.815734428140507,28.715284369909998,34.45708866126381,32.95019383469049,3.127489582181827,0.8208214700173664
2.881111249256336,34.08791318004395,32.74813402616448,34.05164211115775,2.910154844423619,0.4421049932205583
3.022236866458557,33.211128699156,33.19146909556947,20.094813132461802,2.887613465802359,-0.027325464910007397
3.197261308864423,33.54917610058179,31.354922006046586,20.051029707746203,2.9998961675740743,-0.4542890790648892
2.985923517260282,30.972798126461495,33.13528269202093,33.43552744020584,3.102082790181177,-0.7349708805636226
2.9994470390767582,31.307292796961814,32.292661430690465,31.40941790494478,3.110162014269095,-0.8127005487917756
3.205418666199294,25.779471963233604,34.15967208403535,29.87755757417108,3.0596509532927025,-0.6859696929799487
2.883878608991386,23.26753300499743,31.287916475672134,33.47587088757073,2.9158825576296277,-0.40342381807582217
2.9325949382462895,21.399066158692555,32.91210335426488,31.404250196481563,2.9670389830879853,-0.0474569509504352
2.923343093258304,21.633501847805228,32.41243010929658,31.264950849408628,3.1106568247305915,0.28884940843255413
3.023930774183754,23.68276688479276,32.720043280268804,32.75033212014657,2.8427368930327495,0.5253313958570455
2.895425106704399,23.069126726917773,33.60457012191229,33.10875170411966,2.8354770566998293,0.6131266046653795
2.9961721066555618,28.472360604757423,31.995224870765306,32.473860624203574,2.8996055116204755,0.5438290741422874
2.8999772074479226,31.776677006839588,30.234838094479528,30.593958176716974,3.04962237924978,0.3479985238767021
3.05351757126058,31.895918766966126,30.71676934933837,33.10958466192132,2.9933772971819455,0.084317990290451
3.129646062662761,31.926109049699523,30.219799932623474,30.31409813539898,3.075713305791392,-0.1771447974708131
3.012085664824074,30.807048498203564,31.100676847405218,30.950803595182823,3.092763653332468,-0.3729834748054358
3.028482766703826,30.225555438868096,30.897561906038497,33.75227901804416,2.953352425591788,-0.46130020782566517
3.0134782861990037,27.23819517030103,31.373421566070125,31.39066829820974,2.9963145052341726,-0.4300207712230938
2.897168903913622,23.966817965957123,30.904646549773116,30.65338281449749,3.1885240862131345,-0.29722579519272396
2.910459215059329,26.25775941361912,32.184814382566174,32.076689130878414,3.0423277091249514,-0.10411559397237247
3.0354916134541634,25.36758221099816,31.17885632729878,29.66623662459834,2.952227705883654,0.09703599150139935
3.0952508208686913,26.54348548096404,30.269328051106296,31.210305866357732,2.942265022840827,0.2565695780082139
3.016418795191851,24.098381489996868,30.724015796582474,30.029192838786987,3.036569356212187,0.33929550149817356
2.997842715340552,27.26139949938908,30.75755134590607,31.89442084979652,3.1576733796779983,0.33179164823286955
2.870998060495893,26.226900591312273,29.25508931285405,29.161868801087987,2.8721959391706036,0.2437665719729119
2.9402397009914747,29.19565849856756,30.1399895548226,29.613268754951065,3.1640700708919316,0.10367502120019995
3.1264648816417586,29.553202914804793,28.008821001354207,29.077545340676384,2.917848615204779,-0.04984494647332691
3.1744991402441967,31.27062748341062,29.054076577255202,31.28762698148323,2.9694934268392914,-0.1782643808138796
3.021583705652564,27.0393319891764,29.934398692382963,30.721172246597128,2.8311840405346542,-0.25252953994644534
2.8150796967519356,28.724884196718367,29.262477715114525,28.31986108786706,3.054745837535735,-0.25930347714933044
2.9710064835934267,24.588998849901444,30.213223011350184,29.497606058097972,3.0882531101243926,-0.2028375448467954
2.9998670017574125,25.214228763198076,27.78370485468969,29.59802809380182,3.0167024017755075,-0.10239949864286654
2.9526813852154374,26.56586107496189,27.5754239602241,29.277813430359334,3.0216552554478353,0.013727600123252463
3.0905532393057857,27.162466676635376,29.67073276867223,28.261308419617134,3.134452913066248,0.11591569917429291
3.0913127983061233,27.126188399285112,29.777230764001448,28.945254033469066,2.9237363797411575,0.18051888370338548
3.018424617536887,28.376876309780524,27.99756114177915,28.540441051976146,3.074601436616317,0.195104322573215
2.9304572142883916,29.06628673496615,28.957136990898476,29.896814838581587,3.034073728382485,0.16049740194071305
3.0797659026543167,28.09321395787,28.65330710344074,28.63440124463263,2.931787403775639,0.08942189412461658
3.025205904201896,26.63677533694249,28.49443309154811,28.926205412895385,3.053531432816401,0.002363681485604587
2.9155731059109744,30.17237463381806,29.2437186043963,31.01785120617727,2.9050222993972503,-0.07809277217868778
3.1464950504050075,27.668394244113408,29.505695615791893,29.559992879169457,3.1227234383221956,-0.13294353341953422
2.898397784619955,27.850036454270484,27.189081231281097,26.167073302427404,3.1325060143275443,-0.1510765740905374
3.063919833434199,28.886911543746297,27.326138919811296,28.75059745576287,3.03325661860203,-0.13128586799514114
2.7598945866107787,25.160497444008154,27.784796414931602,30.2077185378821,3.0143209097773283,-0.08169894555245094
3.079852749659772,25.702490209441656,30.413229534364277,30.587564593400852,3.0033758527461507,-0.016983303571655325
3.190853906407659,25.711499866390433,26.613268214054795,27.452034049508917,3.0983147356717526,0.04579440291152463
2.8856343388750108,27.023644471150558,28.55762162107542,29.01902369551973,3.07041894259385,0.0915310137808484
2.7572626341677786,26.142351707594894,28.829224040133727,28.59385001111629,3.077261032289543,0.11059036900044428
2.9758915439887854,27.142622720717466,30.093149880063336,27.713561095250686,3.1341990700910394,0.10067023496044836
2.9269951632132143,28.39873116623047,26.802361789343244,27.612885167543357,2.870079483153645,0.06672142419645276
3.2129997548169644,27.118005478641287,27.194388055219108,28.198218997007693,2.9664380743397736,0.019109054113924634
2.8992882600820558,26.196144247780527,29.078095133083135,27.47508999209709,3.092554111092842,-0.029382963620272373
3.0487906546916794,28.023756543296393,28.85712449444497,29.634223379691075,3.0326864377001392,-0.0668741644654022
2.785224516481389,27.590662726085824,26.319756805168396,27.065721164541642,3.008186395911559,-0.08519951337795212
2.97294102682851,27.143134261701242,27.78262090984753,27.185101997244516,2.9832139880322766,-0.08157147441249601
3.1186156702012444,25.16324646994728,25.495441354692474,29.023376543413328,3.0790621147079142,-0.05878824987846924
2.957498848878077,26.391247695788007,26.219318025731553,27.536599955441236,3.0401047293835224,-0.024064605057773768
2.932056692319582,24.97793526593463,25.106614569816276,27.73536719196015,3.084312683472072,0.013109815120026617
3.1244092248287525,26.066837937084625,27.197320707002955,26.106906192199943,3.1210799905136195,0.04347851855266764
2.7787440399007446,26.033780959908583,25.624342289548032,28.083705860439135,3.027045521125187,0.06025022665193157
2.909038769452126,26.77490453330831,28.946179992835013,27.060225277249216,3.016431865348193,0.06053594409213778
2.7664263460444416,26.338606801314704,25.68928847828811,25.382963082691322,3.055048682432091,0.04571083972224242
3.1535227105253405,28.117265413436268,27.381959958028364,26.666530077676082,3.1092139835452017,0.020706866618792272
2.819400677625855,27.563123203216605,28.704962060069064,25.974301866933452,2.903205077208543,-0.007498279124984233
2.9115575312803657,26.69389436231252,27.09455782863416,28.088263804892208,3.1196542983804685,-0.03175791726716916
2.8518100798589856,25.875605422008974,26.24287084079434,26.60060022605381,3.0930277728211006,-0.04651020541781255
2.7209939966685397,27.305985436168008,24.81004276647612,25.947556404718867,3.223367973785801,-0.04899300108688601
3.0653336625014775,24.55949389606321,26.109582017284072,24.860413161130904,3.0028416850203676,-0.039671257364472065
2.8795364826985597,26.8295428175536,26.603808301901886,26.227203557860506,3.06770195128811,-0.021841788217577346
2.9693218491774984,25.868498872094985,25.893623022119417,26.699211954667085,2.812654404851014,-0.0005834881015143603
3.0033594184920522,25.01241991919538,25.911186427525188,25.359859091147165,3.0778626206009574,0.018634328026883258
3.060868580413627,25.140660231908228,24.176745985162796,24.62341529242705,2.927794794429656,0.03131693743775303
3.029992703383985,24.232580103524622,25.542934216246405,26.84171705312825,3.097849537401181,0.034952746680059765
3.0913969321398307,25.31922563912604,24.85319451319224,26.491110916739974,3.0427324286644732,0.029451099963573257
2.8646010386042216,26.60779429922352,27.297828996429523,25.924335494572674,3.021647680770805,0.01695271392430831
2.724794181620704,25.509226226041037,27.50052476252408,24.40662854165615,3.015070032514463,0.0011137083415616502
2.8500304900342313,25.92993488680545,23.85469353251819,23.58631292676209,3.0645246901475147,-0.013916530264185102
2.936123382723992,25.91149987974197,26.62743346993716,26.09905812663455,2.9838800773021243,-0.024548165185935007
3.1259894679892533,26.31252809190919,26.002686113001644,25.199372546104804,3.2863022557171906,-0.02857553531695138
3.0276069113301256,23.565448548766625,25.529222644318708,23.43932666238543,2.9406969450497003,-0.025592875867700916
3.0135883929962475,25.279018877101734,24.984551007745956,24.834610831221205,2.965521150000621,-0.01693571848036636
3.0205271907410043,24.427010403348408,23.713669484229996,23.82958986562477,3.187172048162113,-0.005203692821984533
2.90171427605182,25.739586842484222,25.22219231670917,24.881962529638717,3.20489456086286,0.006482559057675092
3.114511111803368,24.053973935871287,25.52724207233948,23.65374166000583,2.961220533273785,0.015286293378138768
2.966120554882407,24.01053653939712,24.572720479798964,24.618350442302987,2.961223359774022,0.01932013165099725
2.869399908946498,24.330031409813923,24.970161528864487,25.57245640923618,2.9840157839559063,0.01802234092247544
3.158438299263532,23.777801479008456,24.645137547671904,25.237030458672226,2.849861217418631,0.01217764354409739
2.8610797435293063,24.279413983472867,24.198368764590903,24.227386063337466,2.706157509796806,0.003608565927831169
3.1208793972723283,23.707127320889263,22.681776351854808,24.356389752855673,3.0437455018012707,-0.005358767887670824
3.1585980641552402,23.614295758380365,23.046072545648368,23.810093711243933,2.9469178034870303,-0.012504689003725696
3.144733693087952,24.35749078199676,22.86074086367041,25.845424029327322,2.939792908975626,-0.01624680444090638
2.8857151544570625,23.080873303981193,23.836507271837228,22.9252480793121,2.966173918319009,-0.015969343832810207
2.8442617489341506,23.33010483347126,25.405108984178852,24.55085768584911,2.932437026845187,-0.012088501758448847
2.9923264137852237,25.107501071952587,23.601645939859637,23.59392460690384,3.0151233843219827,-0.005860953392872169
3.029605613352809,21.669264690033234,23.241882535714602,22.236570342399826,2.897084833421175,0.0009954110062129465
3.1037853299259157,22.996011631754364,23.448781891596877,24.201390386381195,3.152741804035637,0.006759828828507593
2.982716878943398,22.502379792606312,24.63218821606612,22.484386348346636,3.165157468538834,0.010127641006755037
2.883301381148698,23.396675765275827,24.018460063352293,23.371709699090268,2.910129705036438,0.010491390122521968
2.8470491791526538,21.93253094042983,23.62464198536015,23.63729606882523,3.070695534200271,0.008027691759984575
3.0907578774950397,21.75850418045402,23.264068870128053,23.346406821268044,2.8810081418171327,0.0035857183476242045
3.2719521545664034,22.885904182537303,22.713430180857948,22.01602422500776,2.9537448937033948,-0.0015782266011756417
2.8725704093450513,21.240455350159504,23.036020171282882,23.32594469027287,3.166683423741704,-0.006142002091072795
3.003670035289779,23.51742044766373,22.654858400601587,22.22879361814486,3.2226158967430343,-0.009045109885400231
3.008972780236376,22.449161769595904,22.99424703867466,21.559834857021574,2.7832200145738897,-0.00972388093187393
3.0743656000626487,24.13757049224026,22.451354590169647,22.733553181449683,2.964085074023198,-0.00820520633810674
3.0559177926798715,22.081373376315383,22.975747110285944,22.41462120122831,2.8208192586561895,-0.005048369995407911
2.8052162688674525,21.549679335802008,22.842734317032754,21.090869760784543,3.1742086065295707,-0.0011624152274147012
3.0400053479724325,22.891207525384612,22.530395620200025,23.003929823308013,3.169472700022821,0.0024456330299340596
3.0036597953250515,21.316830459756567,22.122088766829314,21.721176258495934,2.9268901148184527,0.0049243795305917715
2.8355426762974867,21.717432331773512,21.652302750758224,20.31925358987044,3.163790570028521,0.005771630312318709
3.206258241415888,21.459570526646996,21.519046693670166,21.39077816152398,2.8832798093503147,0.004926069860696911
2.9689951052796597,22.325446175605496,22.284036668414718,21.824543524144058,3.193964385664421,0.0027436424784259765
2.964087993985537,20.464245386894078,23.350242251749464,22.843377272441685,2.90564988456073,-0.000125536338417847
3.1079445285151945,21.75174582569209,23.143031015907226,20.862018885321515,3.020126912522937,-0.002921091421853288
2.872668718509022,22.206249931311213,22.29188323942295,22.90361265051524,3.1153534240844625,-0.004967053131900752
3.129665316677567,21.184833003787713,21.60520656258897,22.016179840767954,3.0801176748024446,-0.005828967030729638
2.941413789552669,21.77243152078472,22.013217235339795,20.842141699222992,2.9673377572333663,-0.005398500394231369
2.84586451672401,20.590951853130395,20.433133506984152,23.11308381097353,2.80867814071124,-0.0038912955319902044
2.790613312234059,21.93851430991009,20.68623280358692,19.93942327569969,3.0006071374015537,-0.0017661757725692935
3.1859920319457493,20.947521477252447,20.846559383003623,21.860691953769894,2.900137415280997,0.0004077608261082587
2.9499340026547163,21.99970826137785,20.814210961809234,21.933502994256774,3.0392949280801007,0.002099263706474737
2.906649887447325,22.404047627587417,20.496393109497465,20.75151242603566,2.9510957468056844,0.002940894324830092
2.9941833480667475,20.474322553312174,21.652510792554263,20.30767619323212,3.0508610353907386,0.0028041180740605224
3.0870845845477923,20.33003064436336,19.406531873545912,19.958926341343044,2.9416802474723154,0.0018096980011696022
2.888622791367746,21.527602829619816,19.575472630870074,20.925458864977063,3.0418383260908946,0.0002765167088336552
3.1118757638281505,18.876159980644317,20.212056702559718,19.87342631627462,2.974663248661372,-0.001373337782045716
3.1210894803653595,19.32523794386083,21.212130371788668,19.606384334387435,3.209763114507537,-0.0027263029565810885
3.003508771028686,17.922246930483215,20.293837709821528,19.091236706197915,3.172043707965137,-0.0034772312577383115
2.9704975506407716,20.810688731545625,20.83277063114131,20.7432038724005,2.7838492539617667,-0.0034941664204180857
2.9425072591727086,18.54122294467375,19.484654001508186,19.945261920558284,2.964221923130837,-0.002835313630578899
2.860546520762625,20.084398834611626,19.36913925448214,19.652426371337828,3.0511687658218527,-0.0017182530027219666
3.026104083085696,18.49934177000196,20.206576379469823,18.5986036668314,2.959012261044359,-0.0004530624917331284
3.0340613684844153,19.104821291869488,20.636680363195197,19.29104529223794,2.9933605188402383,0.0006412212776918259
2.938186557087067,20.640509154653184,19.63496191128006,18.416104559237038,3.0820287205888,0.0013150196164176192
3.0052065647885073,19.315352284421277,18.218851407726486,19.3484294193195,3.218159494193788,0.0014428719655781262
2.888494368065309,18.98317082048628,18.34195098033961,19.45495721448696,3.0722823846820906,0.0010431155074125387
2.889205931274564,19.385122181751434,19.81111853298411,19.674662405557395,3.027222783799572,0.00026085323271459707
3.2302812861086077,17.589725758396177,20.534798929602932,20.48001493950285,3.004890441394646,-0.0006784359204751945
2.896555593985709,19.675373376726377,19.966118482145028,18.87999661088173,2.9886382692259343,-0.0015307901948348086
3.0479253471803123,19.956242859366693,20.110483382785286,18.95662928135419,3.0564847073555783,-0.002094745332472344
2.876488801356296,19.622676194800377,19.50325232626003,19.58047715080852,3.0268084037999454,-0.002256643131589877
3.0956340050890114,19.292106799081555,17.57890366488226,18.50141159049436,3.220511838456549,-0.0020106129499195785
3.138647337220659,18.180014734351204,20.0238280784155,17.734067989000625,2.896327928047665,-0.0014505778750455072
2.975600902796707,18.460110114143593,18.5784926747831,18.590039036907086,3.1624343052836865,-0.0007386762038472771
3.1563199188117967,19.762957211090786,18.121078767745974,19.138435196781163,3.2799139726545623,-5.984408594410847e-05
3.0263219160480173,18.072388578182398,18.261163017165764,17.628489817576423,3.087994603210422,0.0004251792478185602
3.0469671114762487,18.734441781876775,17.933444144645332,17.689027571874067,2.9681976830429533,0.0006168502335309079
2.9566494365485596,18.619758666486252,19.44217525670018,19.541400338826243,3.227390552838696,0.0004956943458343322
2.953660851381499,17.81518099377365,18.97573562247902,17.5685986735665,2.912671066402563,0.00012004593124003106
3.0128378363349975,16.668397526624357,17.9729284739695,18.247571118540233,2.817883550147943,-0.00039494813780756375
2.830582777714139,16.964942493045246,18.104701461371466,18.185764918450857,2.9469296235650217,-0.0009103139935735181
3.031498650339971,17.994910948274377,17.43314616029808,17.875687558567208,3.0875328635704746,-0.0012991508721062923
3.1525998836954017,17.74137879045096,18.50315242205256,17.954888804498182,3.0173759603394528,-0.001476455195547729
3.140546467241619,17.36741128913725,17.48724167419151,18.23715660222114,3.148397999093729,-0.001416142478301684
3.092810188579948,17.554750766085725,16.410956054168317,17.845124419482623,3.0976976882381355,-0.0011522440999864655
3.064642709026248,17.810647796661577,17.71294917032413,16.835618730646104,3.080019039585807,-0.0007653710725993233
2.8581084555868133,16.982175495452132,17.82687780192925,16.98686197840552,2.957391713479105,-0.0003590265417556228
2.89216642033837,16.49309640352511,16.802175788146904,17.960492356363645,3.0457285882644984,-3.241842609665252e-05
2.796881073241539,17.465074652275607,17.292587695711894,17.663269221176503,3.1038477567404823,0.00014330618604508976
2.961621307258017,16.304165228931026,17.016943925011372,16.77691075063986,2.8234788015185424,0.00013992095180256702
2.8882599125882416,17.083923696767975,16.451981773026883,18.21135158172901,2.9321000950896057,-2.4762974239009898e-05
3.184491047654348,17.602729267267954,15.755541699240737,16.798633908176317,2.9622582529001997,-0.00029525524854024195
2.8886684283419464,16.88913552345904,16.860886794477576,18.314651449789956,2.989417545157048,-0.0005951827378910546
2.9951998417126564,16.903072043027358,15.87190723531114,16.36742340241221,2.9498002182727907,-0.0008476992189324075
3.0857805076277898,16.093023953459678,15.465282864748254,15.615232726052593,3.042310118423374,-0.000994226095067291
2.9404978180535757,16.3195300597883,16.660758147105682,16.80874862335646,2.9820973833374267,-0.001007109721726201
3.013040592608327,16.62169602702002,17.017863465255825,16.225158540690963,2.8890392056230607,-0.0008936471252457326
2.846164321803242,16.81540882003,16.218119559750363,15.866955070446698,2.890308575788852,-0.0006912550387149927
3.0986003071054102,16.945798443816557,15.314484919304293,16.07199645982199,2.8711009357730792,-0.0004557320074465844
3.0438963886106887,15.546780972834926,17.466705402430968,15.84416405912929,3.0268042330517866,-0.0002460735898747343
3.1567252044496654,17.681487772941207,16.883602861642057,15.849973297811399,2.906629554389319,-0.00010983698139643219
3.09021150154983,16.07059119965173,16.554523168294587,15.112285370991739,2.686527839623038,-7.256835642749184e-05
2.874520022455756,16.051648461682824,15.408339450831475,15.916841527841934,2.783426186847932,-0.0001335105031401712
3.112992165375589,15.816044674021118,14.739629885433914,14.820649588444192,2.965643745925352,-0.00026808625192665506
3.042592555741838,16.81192238117267,15.747437839348109,14.618669305537665,3.0309961144404496,-0.00043596108580086463
2.8076158504648783,16.10561580466945,14.903160971115472,16.421254927773326,2.9011091847159407,-0.0005922353027676948
2.9168268590630055,15.270022790011764,14.774053210965965,15.143462368537921,2.731476145794308,-0.0006987686988751901
2.888281482658861,15.949200003851344,14.293488248889735,14.955616684200136,3.0774755296057896,-0.0007328704771403553
2.9323384119335665,15.304461869110717,14.734709176142408,15.580868049956957,2.835451886924118,-0.0006914701273103768
2.967523168752222,15.546357487179524,15.081946321557421,14.82553345427487,3.1273798387813057,-0.0005901493767230931
2.9238525921207157,14.407197872922573,15.266307741870078,13.462697659513015,3.253668881846266,-0.0004577199914240361
3.020605674836467,14.558891698327606,14.56142032871622,15.315718120520597,2.980434473532729,-0.0003280562042612611
2.7470522992008237,13.351433233772434,15.23109148292069,15.876982806843557,3.1543813655025126,-0.00023140922490997933
2.903073802834657,13.513120492163864,14.019851379933487,14.172458685513172,3.0076486556278152,-0.00018736260316192318
3.026663252400444,14.380583218396572,15.189843497219062,14.09628729458156,3.0515545719291763,-0.00020099922927178346
3.062385471266069,14.824738750155301,14.235829979784556,14.298316324760055,2.794708912676328,-0.0002629319369562229
2.8984994087512947,15.22124254791461,14.650749386285781,14.649528675323094,3.0084236690918553,-0.0003528525270396164
2.920579267966734,13.234884526085589,14.248901581127633,13.346711961651124,3.193509808432087,-0.00044542804363143645
3.0262942976538705,13.413837508301343,14.116461002706878,13.563338861356694,2.8379843211434754,-0.0005169043385646769
2.9547536439262503,14.349319684175903,13.962422321834467,13.251158920663526,2.753626095160673,-0.0005507482079428131
3.228838150777043,13.987222820174734,13.750933513791278,14.387979225263564,2.962295494233864,-0.0005410392048810367
2.990663940253412,14.22905468632739,13.624674719982233,14.594922198135878,3.002331558004043,-0.000492982487193787
2.8609662686227373,13.27744455649012,13.884381039494796,12.6152485518728,3.1067780246530545,-0.0004206695686519514
2.8406760415768537,14.3812592286392,13.520117210628532,13.936240058981365,3.020711431472112,-0.00034287243821238503
3.2444333855801637,14.63684938097141,14.09869531439778,13.085859199804071,3.2065567128805053,-0.0002780664042520693
3.208429780093237,13.626834488777561,13.910395803029147,14.179368762048979,3.175866000952742,-0.0002399602087918144
3.0519018487711556,13.51136805819888,13.144521738940481,13.668717084713732,3.0227987766232434,-0.00023457675582729123
3.0062299941629167,12.806159189447994,13.228129918913652,13.883973976187015,3.139376014158541,-0.0002594592731419866
2.8040429742675097,12.826604818710948,13.157706110746352,12.909313480570829,3.0919273833522656,-0.00030501028428880277
2.963349002284024,13.085750696095808,13.196918417470213,12.691281471169141,2.795271498607984,-0.0003574511305199848
2.9327164349382433,12.340354522925571,13.810739253139028,13.14838692523296,3.0590842823534676,-0.0004025402237477249
3.1611545699785,13.06794777529693,12.2993778191947,12.325147512892812,3.0427155806477995,-0.00042907891868270527
2.980422257589499,12.422290103039213,13.017834982524596,13.020079310850527,2.9887654917180724,-0.0004313704623604564
3.145007143993246,12.728540839382497,11.778561617218577,13.649052553107873,2.8660790705371464,-0.00041012518502289306
2.8104991056339683,12.52097888154309,13.059697517347299,12.395176530351728,2.9641927010262776,-0.00037172748695522156
2.8757633509924747,12.753578006975228,11.757845445430624,11.965837368606095,2.9635648762397513,-0.0003261861932057623
3.0629543423864303,13.270802598561243,12.027711158855197,12.077182293263123,3.006729162515487,-0.0002843821226057445
2.9358701086740497,11.424187961671505,11.28180345102092,12.233485576585636,3.0117455804677364,-0.00025534407226293485
2.967540915146719,12.496474264466592,12.253976068565569,12.213300055180575,2.981300850883562,-0.00024421358598773714
2.981844810357199,11.570750723619925,11.442582663600463,11.724533965723937,3.0409351580743698,-0.0002513335436269316
3.042227353821002,11.723564619296676,11.811450144933188,11.330104347843665,2.9041280163468985,-0.00027258411242385406
2.875491916725641,11.735473807891331,12.592029333122564,12.744326580845117,2.9089795630477213,-0.0003007752738570692
3.172471933921827,11.7545055239449,11.57347964969294,11.231678824219356,2.991210388926005,-0.0003276647128775704
3.055870143407046,11.760600378635699,11.531918527913893,10.849481178530999,4.101759447366472,-0.00034605537749547244
3.2464760256849026,11.352110101621575,10.85865582597372,11.455762439011052,4.69616549970874,-0.0003514553313313961
3.022956478300736,11.677839443703943,11.994346734998274,11.82803879830838,5.694842283150226,-0.00034293425814554073
3.106388769204288,10.051451978453432,11.54170843370564,11.506814278181983,6.716291503329087,-0.000323038423577915
3.188198077625321,11.395726034736779,11.07000730640385,11.921651811300094,7.25939811995815,-0.00029686709155382184
2.902483496757136,10.468864521852865,10.559935145944932,11.11693023009018,8.750573267949402,-0.00027060843821857946
2.9905900502818636,10.728310927000415,10.628904504532416,11.327839339279501,9.204790935844638,-0.0002499384767478023
3.037596142443217,10.940633682984478,11.02371194199171,9.907230434885122,9.968416794073445,-0.0002386845682025486
3.087905176385551,10.02516816744333,9.571850404591956,10.994162547162327,10.960162607060335,-0.00023805560655781335
2.899739760676296,10.308301337043183,11.184268424502445,10.899395696120234,12.485344086812493,-0.0002465766663814523
2.85448752752859,10.250793271319315,10.239436482033122,10.587634955461413,13.194124590873752,-0.00026068243561472976
2.9352071228608554,10.115372908700651,10.744996094894216,9.508810849184815,14.169791211121689,-0.00027576744228795724
2.9825894146258767,10.7598253626445,10.364268873640984,11.099299750907495,15.613770298872133,-0.0002873975857570627
3.0125074055513834,10.583408015812328,10.611763012929387,10.364763264908534,16.22947848729515,-0.000292374062595259
2.7678617292141743,9.859587160977942,10.363709928818443,10.569465227820062,15.407129021354711,-0.0002894036974429785
3.1320918291493616,10.010831213260525,10.845474527712867,10.062311894306783,17.857599511862666,-0.00027924696886650946
2.9508221867287197,9.863298667119063,10.471252114599586,9.816778246148901,18.19229610391761,-0.0002643533671583022
2.939786386934373,9.613138719500393,10.024303627654179,10.215949130061455,18.078070615763707,-0.0002481176294963205
3.1719663930765116,9.651993942694798,9.587977130650305,9.621634266613011,19.348542680218216,-0.0002339709784564334
3.0338675846210306,9.377713465111576,9.392559246887812,9.775616738139556,21.331377800990122,-0.00022454292184014756
2.977128410467932,9.715587128210188,9.374988935638957,9.461708309516299,23.078315249517537,-0.00022109141079144993
3.069015821800561,9.674662598549132,9.390333795760661,9.33233111109513,23.756064500928765,-0.00022331656093234228
3.240695814623085,8.617375937749497,9.40880156139061,9.330477076690036,23.399126071525405,-0.00022956973614491163
2.8587029978856475,8.928164723376355,8.74190929109505,9.58352002192754,23.057534868124982,-0.00023737255681218318
2.968246408146509,9.176327577104612,9.65349003096878,9.154577397274778,26.3649609928072,-0.0002440924468790848
2.9756365322825356,8.606664306691604,9.256270147120839,8.52395382656498,25.999812530781856,-0.00024759665051505387
3.1184217799910643,8.68564028507579,8.537073657818588,8.8602174500893,25.649005575899555,0.13566580578563675
2.934167755001504,8.87531894241768,8.829758214790072,8.57224956687428,27.325857314861455,0.5090713814869596
3.1369560981951503,8.475400621935362,8.342043956608805,8.788633313876403,26.954812161627533,0.9746875493022921
3.0506023458931173,8.621306901843226,8.687311495280854,9.18489066949715,21.334631410779153,1.399780385114587
3.4988945085256953,8.104801711195458,8.5500947043392,8.745284097791501,19.755924499061106,1.5
3.14199266603864,8.12875487766473,8.186150809763012,8.560567340716728,16.229950756402935,1.5
3.406114687131074,8.166825344418687,8.193260581698452,8.369771550446043,15.651802842623596,1.5
3.2340691400299084,7.6437926251276815,7.99135734937325,8.466819368297152,13.504698405180767,1.5
3.5360600876669777,7.93490189669056,7.98972679522125,7.9616641999150355,13.168688599936086,1.4466809337994162
3.458934383948522,7.953123822041335,7.831044955362918,8.681821302416472,11.91129237841257,1.0788167555505415
3.8686382316815724,7.446670740095516,7.953913819103707,8.563235392662312,10.717907294402957,0.7070074477310677
3.728154652179734,7.538251279910361,7.2972618281926325,9.081266377611925,10.032699566424405,0.42598341667110334
3.8320649257127735,7.117020006002788,7.768200161667098,8.398919204249841,11.129132682406883,0.2975927602423384
3.8974093899645514,6.909013018401125,8.060240932766277,8.700804428299312,11.471112829878242,0.3402497171010673
3.907580708837727,6.979612864415411,7.491872775910499,8.156478241041833,10.529672957452517,0.5287699735638748
3.630167179867138,6.934195754997666,7.95673189471276,8.400471211588243,11.083239305146721,0.8044992719231912
3.90537869131299,7.120723725280852,7.743401756316744,8.246950795741624,10.234585305106533,1.0926178130961821
3.951060653535076,6.733051275641938,7.408186917424985,8.614710826595902,10.296300151652286,1.3218329787720813
4.165755966733243,7.163466393278206,8.071269089451805,8.401117303218273,9.125554483598172,1.4414543389366794
4.359154034844207,6.99980322645206,6.9020360005506705,8.720155200799844,8.995937603204323,1.4319268527387232
4.875408166546906,6.724628450609415,7.6573454775691605,8.637941321485156,9.461463372204845,1.306851845069469
5.067017943009815,6.283315515346313,6.719230243113815,8.18864046207149,7.781497135784065,1.1067697400626855
4.893082064619302,6.123746965790699,7.562534698741742,8.186222779638308,7.50794891229453,0.8869425257785026
5.248710358665188,6.155736947165273,7.418237186382732,8.75358331589351,8.186956109110064,0.7026223769238307
4.923253572998746,5.520012277791424,7.031599551985552,8.284641395536463,7.850924044865653,0.5955986877741285
5.203031755914661,6.189818580000216,7.3929183224770965,8.479223530776649,7.964485890945755,0.5851852855879784
5.78271308241647,5.934699885788186,6.809743011296868,7.918491762273736,7.259405854197004,0.6654652388727657
5.372560548990675,5.452036472152549,7.156290815936041,8.65176273691514,7.695602946878455,0.8089305719583838
5.576928576904107,5.783181749093505,7.684859170163492,8.368438765497247,7.577324555268626,0.9750758239323818
6.003764539353595,5.439416974488324,7.524558228255116,8.252733765358549,7.342396616906836,1.1214123965239162
5.943663684698272,5.7786579836255125,7.0722449902439,8.445312337564536,6.959296254087602,1.2139987064594484
5.782090332123228,5.099917511142585,6.876407846372665,9.073620661812983,6.994825972235093,1.2349589956416096
6.144793526636883,5.16733590926325,6.962194836788211,8.51153710577681,6.669156248556573,1.1854267635009312
6.394900883459346,5.130778855745274,6.948580847947732,8.662992943851076,6.860225918931396,1.083603211514045
6.552123452594653,5.036975951793113,6.996528533987309,8.690922055062227,5.709971324693767,0.9588340074545942
6.923143739553574,5.156075966910602,6.652769765575646,8.95078462773349,5.511490001200005,0.8434922647033949
6.701621908708909,4.763132150291544,6.980522336142948,8.255403723947147,6.24562024615427,0.7648311366498247
6.270156135747215,4.867796291731574,6.678386969201356,8.924126457615655,6.11403494573243,0.738790507841297
6.000597637235591,4.676094314513967,7.065701151591866,9.053664398919956,5.983179086806487,0.7670976901796942
5.718840627752917,4.675783073823131,6.880744576694176,8.837374393878918,5.669247199208986,0.8380849906794392
5.732451687381512,4.981401188568871,7.167637341489099,9.286589720982553,6.373731466152226,0.9307029365990649
5.246235112301365,4.760954866793942,7.324042643657239,8.750199003542026,5.965600421391183,1.0204712375442426
5.33184913138023,4.73219349568493,7.086137023473656,9.193175538116844,5.82590392116558,1.0857451645897624
5.064653450786585,4.942011036632699,7.00785529084246,9.091983631896396,5.861134922019064,1.1127409123634984
5.2440699495010055,4.442033696872802,6.936122139757493,9.290070905700725,5.390876764720965,1.0982046395222462
4.843391808813909,4.600804769976832,7.1892408618947705,8.970597684752882,5.7098469353216466,1.049283208547419
4.777112871366008,4.294873799400843,7.2139141874649955,9.971237433165605,5.507400667619718,0.9808743904189386
4.452233708827507,4.417467304527832,7.992241730891272,9.415773524757709,5.285945447232943,0.9113220110073632
4.207359510083322,4.267986106072277,7.481293098706075,10.83281585659754,4.947702204938981,0.8576476251919196
4.543735683308856,4.54258905474532,7.33531907085984,10.607827290860644,5.0668122523290515,0.8315194065331546
3.7607012073368673,4.436437041647207,7.383245819204642,10.482193502085035,5.200086992202194,0.8368759578487504
3.9711168874161134,4.206856450183932,7.6186217367960865,11.144289447336954,5.041766403486,0.8696406313694207
3.8920597278639315,4.2912045816598345,7.441351316298402,10.470897118155298,5.062874117769768,0.919414533847773
3.347491295683097,4.55123714388809,7.844936367130395,11.96233940611899,4.768701857481707,0.9725630159443923
3.7204628661611254,4.162370134840347,7.154999621282317,11.379524004627335,4.887902397079844,1.015821081416153
3.8197287630024728,4.555136767764292,7.641894860718697,10.847029092573706,4.94016154727259,1.0394930825058073
3.5055985764210598,4.33928691917541,8.243498624714082,11.707741825653947,4.538503620790353,1.0395024715763381
3.1885181556778113,4.25757662652668,7.981415722988215,12.315736300733775,4.677599750343936,1.0178933341544625
3.271294841763373,4.300827083032461,7.701169128078091,12.973420750436464,4.533014041911923,0.9817974931185394
3.092219021227969,4.514560750886517,8.41256737956645,12.120331086228681,4.895290908363836,0.9412530214233825
3.2142816358527244,4.300247704637398,8.733148082061565,12.57986371214075,4.7282595338660345,0.9065054989947714
2.632263020381605,4.746720340769287,9.456257073674749,12.0751925023015,4.562116897719205,0.8854940936648508
2.8999745972373963,4.4606429834942665,9.228731689713364,13.495750469034624,4.548922737829235,0.882118589650307
2.9546757974049016,4.4669651498992415,9.09092852150425,13.067969504089731,4.356898552090515,0.8956416476655876
2.9426016977692346,4.39956380304759,9.283657988680167,14.722826808319892,4.515878901199674,0.9212732087330229
2.9739559704467315,4.4407414398834515,8.83585277911346,14.698168463749868,4.367439816573515,0.9516915904579877
2.7325185513097607,4.490915089042978,9.609785447117606,15.509184447356398,4.199514247186861,0.9790486868635393
2.734415799482409,4.672648467680522,10.296915020446491,15.509582755564983,4.36935355904484,0.9969281373428094
2.6562826436104428,4.992858417166319,9.714230649665764,15.375635574995268,4.741751233698179,1.0017833616099903
2.81124583182374,5.1208660208033265,10.621764305435464,15.28512679715794,4.340273011467262,0.9935506850164735
2.531696624526004,5.141056896566181,10.768685277821046,16.175328099861396,4.100561832699114,0.9753604883208242
2.760483291466458,5.635030003562841,11.468046467508747,15.787598551142558,4.31303301118843,0.9524956655702088
2.5739863536095737,4.8872491568606335,12.051364717041086,18.021966053824922,3.8209031111243243,0.9309167873032841
2.574668917388153,5.440346544374642,12.477469542944002,18.378998667423996,4.005069954460145,0.915750921097821
2.483556322765307,5.6883401078956055,12.288834072329722,19.82866323646061,4.089190320318748,0.9101153242762093
2.5856164739502256,6.21284385050518,13.183890741770144,21.485824458707043,3.84530770136471,0.9145333867406285
2.6781286512739584,6.046416528274892,12.929608536743393,21.62812293209034,3.7728754351860774,0.9270335338128206
2.4436883535238896,6.119237598162257,14.053049630894696,21.74204027774653,3.399944357229794,0.9438474463061093
2.4714146226203657,7.123276009906266,14.91147658148744,22.060622492447425,3.865265589567199,0.960485128825217
2.4063086222728174,6.699576766889242,14.715812452863455,21.296588333390712,3.7668622303169297,0.9728918970810703
2.208721815163108,7.261601342332671,15.993657491973899,24.74204245513601,3.632988659494068,0.9783981810385134
2.7265757834829536,8.398801808988079,18.640228355679994,27.009384560312732,3.5777619676983856,0.9762488559548679
2.5530733028884116,7.853015248438081,17.99226162407334,26.38870457461538,3.3245670982573,0.9676199432595272
2.4583529716540573,8.750313881544624,19.507855667998697,29.395330864578977,3.563329725512682,0.9551634464642067
2.534996680914254,9.612722300232768,19.923893606600586,30.67131065907322,3.5317308021700637,0.9422324159009482
2.6433296635596433,9.847945269907703,20.73634205273427,33.39157960407356,3.625218468240809,0.9320029025947425
2.8082578869949475,10.736802559927106,23.077021218620164,35.00174065716976,3.49852986563538,0.9267156651031436
2.811707830066238,12.181633005791449,23.47069821474835,37.81166313797472,3.39025598624057,0.9272119055949883
2.4750107345937353,12.412284513056836,26.486935172245396,41.38537251987498,3.30814231500609,0.9328505040764511
2.8065269847032566,14.480884066670672,30.777984559124143,45.80508866685351,3.3661813481139595,0.9417936409578329
2.696380483736613,14.818578349015631,30.858820515642403,50.709806160502225,3.307760283189355,0.9515590599435617
2.9388295480201156,17.08854293720332,37.10482625390937,50.32259604351713,3.120210577512107,0.9596811139949721
2.707368202782214,19.034846819014795,39.19906011586061,39.71355789331836,3.063048019654861,0.9643100161687168
3.006269770698675,23.598056745046225,46.86914224891553,31.867263892884317,3.0093475760074724,0.9646086930134947
2.9751673715446616,23.325505879988548,51.372327665775884,26.110849291836963,3.204956888069305,0.9608682525446532
3.0411423748136506,32.09067027244213,48.25045490147849,23.726566827860193,2.82924773176655,0.7611187852635619
3.0268470145838715,34.693130180710654,43.98767079477615,19.49346438274665,2.8842617622419056,0.35326583676556267
3.028873130788424,41.733477519109165,40.309116168649496,21.133041114715148,2.9858077467452273,-0.11816549269730016
3.314906838378423,39.75333670370081,38.799630079934566,20.502101181295764,3.087843812467976,-0.5238796973322831
3.0369790573622537,36.18373279135489,43.05147925358932,21.596479814347955,2.926238050691625,-0.7679351586480829
3.091499101488277,31.404298577262637,51.26783759932095,23.844194735781308,2.9794824481886577,-0.8041415559290754
2.943438283782443,25.228798951982277,50.74220612109327,27.875793228309117,3.3022779451561446,-0.6415960546696594
2.8769265328153297,23.24891728223387,47.22567363137957,31.075040844467683,3.045862093202219,-0.337183573333006
2.8256633902721653,22.543624531310154,45.04283134797801,35.55136950163553,2.9052337622737388,0.022593351028719177
2.866236659485858,22.14096025172331,48.67368579495267,35.98569285789605,3.2138877520339775,0.3453032845706212
3.0685472072002633,24.311185550890517,45.455839766022365,29.699485673078033,3.118341559839712,0.5556130439371084
3.189107454357798,25.5058574811146,49.700360974159906,25.26952617608772,3.0497290832280197,0.6121291814772891
2.917611276046505,29.247676683780607,50.987243316853096,26.067790606165115,3.221491627214712,0.5145045250112921
3.155965679509527,31.200434469482047,45.746047306755734,23.542401767196246,3.046557850340167,0.29993485412350385
3.142608697556306,31.55846682349552,43.785641939299765,22.731870037138002,2.9819749545378422,0.030826021426282955
2.9391948251401456,34.064599453962785,45.56291350165268,22.119857275544067,3.0751256879745035,-0.22259603282315524
2.935853784148327,32.19049656945848,44.414269311841764,23.184522466809238,2.7650267387891447,-0.40005820180085544
3.001065405676315,29.93286568099606,47.890165238618785,25.496911525171086,3.2170808992050666,-0.4650370999079275
3.050856527712226,28.144229049566484,48.54718839424541,27.027614052572083,3.0268619495049234,-0.4115704173432166
2.7934572872659955,26.03183975217078,51.604137609649044,29.56089507757751,3.197227241874608,-0.2630365258581391
2.824928161459057,24.084684774371574,49.92301592019248,27.238403133385997,3.289168822920788,-0.0639013609664892
3.0227081058806777,22.751846009496347,48.872723444709656,30.19321366977808,3.113134037451744,0.13294479456644293
2.8168580274002433,25.899063341625677,46.54218815703505,29.784975034348097,3.122431620374721,0.27979374209330043
2.824550702639705,25.9535767590575,53.318299539032736,28.229773062818836,3.0638498385422537,0.3452753638006776
2.7771024503712476,28.27073022618274,54.34249168087387,25.69331038684348,3.025736403906969,0.3205626958574623
3.0404377803854294,31.064579221733652,45.608167562814614,24.94526904042997,3.205906066741328,0.21954910522925097
3.025733425938255,29.960830501242267,48.77444382032261,23.651501333113053,2.959859406480867,0.07348137189334036
3.1518414242715087,30.863196826511313,46.431143162302,24.475831547215247,2.8512143456030965,-0.07816087250747647
3.1816274514465444,31.577010751232322,47.9678648525828,25.532814299642755,2.923507914189981,-0.19799185062134136
3.1257754470025727,29.56841065266079,49.12457448478834,27.01182623090502,2.834287904495413,-0.25963404406867174
2.89522811437652,27.808454057954357,51.841768141029206,26.328034372574734,2.938736483211442,-0.25317453270255874
2.861219377672642,28.59555139484211,51.44573678715731,28.31480433527629,3.047162554660402,-0.18613795047886111
2.96796245865663,26.60146103180517,48.75347866741556,28.318538873480183,2.9432816467070233,-0.08013126837284368
3.2114549924169116,25.89201585779653,53.11343083013602,29.115019103612894,3.0798538545409193,0.035644874715992536
3.103544323617346,24.65885380500108,55.11526732187477,29.337546021225954,2.9773300341151536,0.13216550337732957
2.8621558109788747,26.504159648645214,55.883683845912735,26.04183187245651,3.222896747175513,0.18762875529287684
2.9991532473345996,26.996630863635453,57.48516868492576,26.91256440548788,3.1164999452283233,0.19212962102033074
2.8287679434157047,28.34281496810518,50.37003949228169,24.688211396213042,2.855085125454661,0.1490301985767016
3.0628069136287035,28.194554223358637,46.261817575739194,24.926400735085775,3.0979555289396155,0.0729818125769887
2.9435650308260257,29.9850460247417,48.92402426962046,24.665920164897724,3.073965191121517,-0.014627060126409547
2.9866168597618263,31.84656989464011,48.676334702008845,25.23952932985911,2.9087653792133596,-0.09146435929937889
3.151071964858821,29.465336362221088,48.97990840739131,25.899828572619086,3.0565295463339703,-0.13977116625647995
3.086619527236587,28.462930212015337,50.44905676779581,25.110363311357126,2.834879454411618,-0.15028334776823254
2.9534771167733895,26.958040134678463,51.95020560166072,25.026769524285392,3.1267506238836553,-0.12374329239460095
2.865747435386056,25.75134121388797,52.41717319415261,26.08755660228431,3.065717918218963,-0.06984456066146358
3.0093934130136373,24.382172899246758,49.23730176635184,27.533129976804762,3.0281088529500817,-0.004090648641077405
3.2851386546398373,28.30529203007542,50.65822288212993,25.272548787186068,2.9564213837846482,0.056485435958037934
3.0222735052197494,24.588854185057272,52.78457734118514,27.321484775435465,3.1651435076959373,0.09759962036716839
3.00821074011642,28.61304828504962,49.6574022484226,27.971895397213945,2.8665200627014795,0.11095229896013761
3.0864021466741134,28.3372427379714,54.00330565530346,25.289957229256384,2.9193250691572725,0.0957247932997882
3.0093877772434245,27.807297151464983,50.89544982586392,25.719524242006305,2.9633081013954774,0.05812461909434273
2.862906462387244,29.38281365397613,53.5697871253697,27.203797050632556,2.889557324357627,0.009260772645585152
2.8101131809306676,27.369752040236698,53.030304511648325,25.102884029193056,3.06359937111398,-0.037987965133184684
2.895070049165142,30.25890282306912,53.62683848121229,25.341170092544704,3.22540876414713,-0.07226162180206724
2.955858212449078,27.789099214464418,54.78925816748836,26.54359759223348,2.9222514965257127,-0.08635056818869427
2.962054000371307,29.195373861471122,51.9715124010738,25.075577914177575,3.0915186522881024,-0.07858708460429642
2.9280730810241145,26.548717296841627,52.2832036587613,27.514786264781147,3.143738000243002,-0.052766736439973996
2.969537311649189,25.758717769057252,57.00143505976706,26.558829975476716,2.770778438820711,-0.016747208512706994
2.911613751948504,26.849983882779235,50.834375408491496,28.281002123661874,3.041386984274127,0.019818840844545667
2.6812189104170896,25.602889264473447,56.71785509152251,26.81497769417387,3.069223828897125,0.047989528954265046
2.823602837410594,24.569555823546796,56.05333041734162,27.235246881315742,3.012901011868357,0.061647502427416005
3.0592886364134446,27.337563682781195,50.54462981532562,24.83538488782447,2.8478164058350957,0.058741606899408105
3.1334240559902007,26.88605348832797,51.35055021283044,27.07425714664349,2.899159918775899,0.04143056203196495
3.122744829553422,27.11212762597185,46.15041189591274,27.083226834990725,3.107617311660208,0.015189660620869875
3.0800140349962697,25.570828636965718,50.54558965670753,25.999043924825987,3.0189150516586674,-0.012811489303077881
2.980059821505916,28.62436352309376,50.41346457042948,26.605992553859664,3.0165755019973286,-0.0356017025910539
2.936605015891518,27.210704525399585,52.50908961442315,24.58213335046877,3.00619010311341,-0.04808721757891191
2.9024796591570077,26.867418581554045,51.383323675459096,25.97332633912036,3.1487727977619167,-0.04812708051297194
3.1721770580904627,26.245490275399202,52.606230588385294,26.74721079649209,3.0663601778496146,-0.03679599945852023
2.9827180311103287,27.66696584541983,52.70772401928556,25.842034730586946,3.0476494060291293,-0.017841733492205903
3.0782020130414702,26.98724593032044,53.86572452283669,25.764664166165023,2.9149472947042327,0.003460536847668591
2.966651719886761,28.15479687832434,55.516686044867576,25.89972022873893,2.9551497623611356,0.02172537232640673
3.284365538092108,26.481075076406945,49.6170694046077,23.757029586000442,2.90554898115636,0.0327771875655543
3.0288812939450853,26.5999687905288,56.22042530407161,28.013839273266374,2.9918536773276663,0.034560565045982226
3.2363856061883984,27.188299864616482,55.762600671719134,24.495914805539066,3.029255170043487,0.02745508004058652
3.2479494075179254,25.326818500512598,49.654969998194936,25.04390629529721,3.028865095843382,0.013970082303666892
3.1811497659214654,28.00147324305032,52.70747985406395,26.06154277970521,3.082678045169601,-0.0020520940542401583
2.806276237041138,27.27605924895895,50.64641225751815,25.434029072130816,3.0016391981742996,-0.016487633681039063
2.853589175790957,27.561782820490453,52.227700625240665,24.692995426154177,2.9803049756799216,-0.025959320935223178
2.956810005615898,27.69790264544651,58.78541625342947,25.69814775984958,3.132922156621425,-0.02859307622543744
2.86979107448788,27.333795768860373,50.377315739982215,25.936464577683715,3.121969363255978,-0.02434259191220322
3.113195335918196,27.05722736778967,53.80731664780413,25.779419143714378,2.94541696805113,-0.014840826623613954
2.8252034222455973,28.518611134851078,50.448264987350335,25.224629630850966,3.079685828197396,-0.0028558543203796426
3.0725357833369635,28.71910486234904,54.16196147188118,26.817998252592485,2.986160437863438,0.008481935068821521
3.0836342728863357,28.09618393455283,51.524415941359926,26.948206885756814,3.079376959175133,0.016473245972213314
3.028730552799185,26.319404490218936,52.13437550326795,27.457683647090217,3.01617124740168,0.019469030960955872
3.0209634022433995,26.123069082888204,50.81146087978591,26.56963213454155,3.0726712505844813,0.017179957702939418
3.065780541950374,27.02808358292336,51.57684204506909,26.09056390678691,2.926080728218018,0.010627955512781208
2.980740981185011,28.139487281092123,53.95758446777317,26.547270032023533,2.95332538644699,0.0017829193960906533
2.7267835685314314,26.08161177520244,56.96102446831,25.68730919486067,3.2619833518232184,-0.006999503380116401
3.0077972874321968,24.60769650247788,48.67528719519312,26.84464771382294,2.990754897651066,-0.013584848720144387
3.0420978938902032,27.1192853501237,53.474021400087224,26.018247138182485,2.9739248954248443,-0.01655989410501536
3.153873081671355,29.403350439574144,54.48911030024035,25.45889018097543,2.623665576016515,-0.01551350008196848
2.9585028000509186,28.056249603745226,52.98393794782359,26.553136497440832,2.9700562928054417,-0.011049058639597046
2.9503987823257303,26.010710251068456,52.7317844996067,27.638660026710486,3.019993934818938,-0.004548980814409999
3.0037562792798513,25.794255906948116,53.149740194466894,26.64720873239734,3.064534886576296,0.002229792337371057
3.1221532010034414,26.982797526907653,53.97886225232372,26.690630183547253,3.170876495524849,0.007616057438157978
2.9092117853517494,24.675986454281144,56.79359695064081,24.38485297380194,2.8793376150743724,0.010423519317347144
3.0959225985070478,28.21798327714295,51.16033588493766,26.75518199982257,3.136300046029585,0.010197072328779939
2.8707538033290136,25.998857510120903,54.74673088562485,27.909536510314712,3.0671898168579896,0.007259627910283095
3.006726885464857,27.629245035500908,53.06803416149418,27.529092069511993,3.027767868436802,0.002565528664320342
2.803296546181434,28.521277133696028,52.84159353005862,26.70467009644993,2.7544285751802584,-0.0025868741706626727
3.0036220385304246,26.485002359047936,55.18353434775301,26.739930380825854,2.7564176745267557,-0.006901228246850628
3.0689664340594214,26.056101695464807,55.33931280962019,23.557759230393547,2.7310104629515024,-0.009398455128372377
3.127366578412632,27.208551896745103,51.57736173198696,25.791448514147188,2.9804313331077443,-0.009627261315342849
3.0464019062735237,26.868264539216327,53.834656865042014,26.905459953786863,3.12696980687323,-0.007727818141851935
3.1588777844503952,26.344636395814195,50.88433071604026,27.73270064441154,3.176108988264327,-0.00434595008514722
3.024066574070884,27.393771004787506,52.5368837079109,28.482924310282353,3.054971966539288,-0.00043178034712293173
2.8845776526314517,26.965643755541848,51.85387398968139,25.419146419442967,2.9401094021052807,0.0030180692862236077
2.954131203462523,26.63339493377053,51.48885346040272,27.847581668760785,2.9533414948118324,0.00520705792376319
2.7900775565297664,26.612949006183108,54.02971862891417,26.806677770172,3.10534006034754,0.005715063416216935
3.1283116582811155,27.115240377580896,54.02221546473732,27.134012060049283,3.1505729548888346,0.004567709247488506
2.977786875906239,25.877852111929588,50.61568205267522,26.226624289590003,2.8997366914970084,0.002191165004010154
3.0260951517812993,27.100796088263714,53.61291828819941,28.239966222717175,3.1654944149226147,-0.0007265696059523607
2.9700883231745703,26.881466273144866,50.02717759218192,27.873828179565724,2.90232020388604,-0.003425967804448978
3.0629296130908292,27.991156254874447,50.69605833061214,27.19578127074769,2.842431250822967,-0.0052670486996792935
2.9313726644675384,26.99752843863015,52.65201201522637,27.72448097028002,3.0774834270209603,-0.00587465779414677
2.9950568673633997,28.50412793550738,54.26039435941153,26.43332147827837,2.823203088539527,-0.005206605905020327
3.0460834800138774,28.812647228576875,49.61095357808822,27.787469527007996,3.0115056723355123,-0.0035348291019436863
2.7942822502106237,26.205979975941933,51.83840672349346,29.48684809985622,3.0237716164389496,-0.0013517573665766647
3.152337829888231,26.088406190564935,52.164914716208884,25.88592943560058,3.0284744433288617,0.0007687862500635584
3.169903333136549,27.654179546697932,53.35960326346721,27.82731617120652,3.0376023802094037,0.0023183329513029125
3.0683284412457317,25.978245456668333,53.17650727996141,25.970949226014568,2.8273650651001687,0.0029717845881878447
2.9702868804423788,26.741097971965136,51.502473874865544,27.576326558314154,2.8607414414789956,0.0026504929105150335
3.1473798864629416,27.37925418033294,51.0467372173479,26.440302039859517,2.951147353916724,0.001519854485456283
3.0916283278953007,27.241215191308154,50.664183544026706,25.643822479840964,2.990330074359718,-7.2269191539867e-05
3.0031653036571524,27.671499130867538,52.20612780077125,26.556031974154372,2.6445789228375807,-0.001696149013042268
2.980867478899414,28.57635079214145,53.66654308493131,26.9276578774899,2.952580443003163,-0.002951913299963715
2.9513371746161954,27.43990805171764,53.6742875160047,26.35335383576021,3.0137519003138142,-0.0035642410457425505
3.0812116072533953,28.38616213796765,49.62736267511078,26.907372554454412,2.836370899777822,-0.003438469856574729
3.0524980709031397,26.083393363408483,51.18185745714793,25.456190435924242,3.015600196648206,-0.0026678383877648294
2.9791842653548066,27.840657378927812,49.982458264513745,27.947823600317093,2.9414692193340706,-0.0014943724814719765
3.1598549009464074,28.446221472211427,48.95151157655723,27.866933324853274,3.044214639421867,-0.00023698505445754472
3.045045243851637,26.191595022333313,53.44075033688788,28.71593341005211,2.955221698992595,0.0007928483400922087
2.98296255370984,26.270838031045464,57.506270939775604,26.293276137051848,3.0767679003078623,0.0013662329865026413
3.081033073829231,27.411220373834954,51.405916173644805,28.416380331530792,3.037837904161987,0.0013853349059607051
2.8819149811046176,28.28393349937087,54.727733966916986,26.423599746198192,2.8401163830824907,0.000895731029097833
2.8801212814190955,27.703079517290526,48.025248198071914,25.136782009709624,3.2477577277818592,6.27826545649318e-05
3.115930103221028,26.194539906889702,50.978621001795645,26.000530484386765,3.0158326655466206,-0.0008790737163279189
3.3098936842306657,26.669636541979948,53.29100380392524,25.018505452801342,2.927305410499085,-0.0016894113566511678
2.9030762117483193,25.672947790531893,50.015959352833924,27.645312539394897,2.9780451374483725,-0.0021808413909597544
3.190294436864037,28.276665674892303,57.15792822324763,26.95563181875692,3.0823121204415496,-0.002259974911082485
2.9618549272748993,28.195734930291785,54.71408176954643,26.247475973666646,2.9022661669688805,-0.0019419307750783432
2.8103465202932845,27.89375059129763,55.76384976295874,26.971917520137612,2.8876808145289345,-0.001337171302019388
2.8743357389601725,28.0405035934592,53.720572185841746,27.028441296009436,2.920423045501771,-0.0006162881639817621
2.8829824215954543,28.404632916195546,52.53632479206602,26.29990097315383,2.754687585092004,3.676517003105376e-05
3.0886452822298036,27.278102365168145,54.128541254760954,25.95000627902261,2.770543197278118,0.0004706042398775744
3.0516031487717563,26.52278615097839,54.75723325560632,26.260812146576015,3.2543420571195436,0.0006004041464999078
2.849292000413979,26.55287651443881,53.086320042046964,26.727726373808654,2.857111190470124,0.0004227224556676136
3.0797700318945482,25.699658603223305,54.15514380141272,26.281227948093687,3.0249384730052173,9.223028146841225e-06
3.0314598670065256,26.98872794823114,52.30609611327658,28.51989882048144,3.079158782798985,-0.0005173276362581796
2.9676016678284176,25.48297950504994,51.431888936891255,26.91036390254993,2.941258477363288,-0.0010174009324532027
3.02480046133567,27.528304912721516,50.642278101025205,27.358864186109958,3.0781738613552325,-0.0013701236585053045
2.8259487957512985,28.303998463207456,52.16392828346334,26.10597096752166,2.833287126537784,-0.0015010599785162163
3.1202835278734176,28.24685368515316,50.22785722394125,24.859208771016636,2.898884497104483,-0.0013962649280644431
2.920875755926765,28.353066752578812,56.365529261074464,29.161113249442238,3.2391126225822933,-0.0011003897963535302
3.09360408879848,26.630158248418457,47.865832571455655,27.91324966778771,2.932954821887477,-0.0007006945122028299
2.9233577956912375,27.49640009277456,56.285040027068625,25.90157740861092,3.052951643701536,-0.0003020893385506185
3.0135352508397775,27.007971626364835,54.12587048812128,26.37236825688842,3.1161053614139913,-6.331373371128114e-08
2.790514082608136,27.296187863967482,50.31824528137869,26.882617578693946,3.0322742219294017,0.000141728329429055
2.9268474044807933,27.89729377744767,52.21681572393767,27.15553643762833,2.77469030991528,0.00010417122729572636
3.0608158379421946,25.91954316648405,55.25326350133746,26.163728647434166,2.9471875088074193,-8.655025931469313e-05
3.227828015357873,27.29803306170282,54.188879306653035,26.809254794328183,2.842235037929565,-0.0003692842778600583
2.8928380966576506,26.932572521305058,52.592240368117956,27.54945633445739,2.9837881979427836,-0.0006658484903762534
3.056002916586186,27.961489074205048,57.68662928178041,25.393481536445684,2.9307728121324623,-0.0009015432673970892
2.8586201559620115,26.846985868288076,55.940837749648054,26.157559901349774,3.0393740264215743,-0.0010230242620653247
3.0480892720716444,26.333785409913098,53.73133798192398,26.59767383540939,2.874309566542386,-0.001009416140784161
2.8455790181033844,27.870863389547196,51.87323378857866,26.442092248686624,3.065109079608593,-0.0008745539136419274
3.036479435441345,27.165874960754834,52.347406225083596,27.04267613975826,2.8190003639836214,-0.0006605820436070515
2.8776831360478865,28.26698125209823,54.77752047437934,27.286993428247833,3.093342514507283,-0.0004252243608566591
2.8747472663094005,28.844092395832714,54.557831035219195,26.21409654877133,3.069007887714644,-0.00022637574220098425
2.870745368786471,27.97823869830267,55.83139231397085,26.710818202323324,3.0116039244029165,-0.0001079990806870649
2.9757930191891373,24.991017620283642,54.90084332477718,26.57706131668132,2.991754033543902,-9.064522811197105e-05
3.3200483441743347,27.87918412315933,56.171537760429004,26.62273361447625,2.9590299225474688,-0.00016849864074233077
2.659838241414713,25.56548953432641,49.271101297310736,24.26028506120495,2.9961120247807127,-0.00031309718964400235
3.0392697573997807,28.294124462383934,55.38779112517222,27.343923010656574,2.9430603524074357,-0.0004822375507002804
2.97500992474779,27.334333438801508,54.354874034484084,28.44909477603141,3.227457073980471,-0.0006314458718147959
3.0532750500958894,25.767728251642264,54.25214932240313,27.335309776522706,3.145171715303665,-0.0007249982412358692
3.0889470888771213,25.388654665832544,53.151803309643086,27.774047032027163,3.00041659109448,-0.000743848627354779
2.8741855437351784,28.694866212780514,54.41393426677019,24.28311518536413,2.849534246023309,-0.000688805463617406
3.2087377964408077,26.6557622796102,53.09286040471904,24.537276834759034,2.9115553988241376,-0.000578599236491913
2.7280694970952712,26.87440672526238,57.18293045167165,25.09317456536632,2.8700638845086655,-0.0004437579035841188
2.8432792965167035,25.943565116672985,50.1397532426044,28.33917565182078,3.1144293738191084,-0.00031814693340149634
3.0384630982757534,26.623150979199455,54.63127612626969,26.280875247073922,2.8733363639693357,-0.00023043673103276006
3.041613847217674,24.53104359192775,55.87327866139546,25.999006197608086,3.128499641632312,-0.00019758008507017786
3.209725635288465,25.671824159626087,53.69632088193505,27.65870290427545,2.964207959584491,-0.00022171110679808706
2.872408234843276,28.30456933742168,56.01270556488058,27.466492298871625,2.9484767823561087,-0.00029092117533460846
3.0603372249698655,25.99658358302736,52.369038109787695,27.427676615956152,2.995811550945525,-0.00038338416628314916
2.9231109758128517,26.406672628687573,52.42412641924464,25.65255721904521,2.943520079806349,-0.00047353436848046864
3.0851988046398136,26.11682558564622,52.456466442813756,26.823406807351233,2.9960546407684276,-0.0005386143409215568
2.876484956929049,27.23023685244983,51.40356099987454,26.795095586108403,3.0535403969636317,-0.0005639670379966196
2.932876043296265,28.14450172639174,52.67918518625578,28.010554515908634,3.040583235277932,-0.0005458942045340466
2.9170480353504256,26.524865983112253,53.74183349223425,28.345137188356727,2.878388955017294,-0.0004915982315179365
2.957874741800354,27.94519135596261,53.56063410583849,28.096550862981662,3.0148607706528696,-0.0004164765690768961
2.8653054592942566,27.018170503335444,54.718707931037365,26.215065214295524,2.9696549114075474,-0.000339658490189393
3.1995499804072334,26.86290443872633,53.197934861844665,25.821568474633505,2.9922465872834896,-0.0002790239176480142
3.1004576711321534,27.159149233492965,52.84319215222298,26.14646748141114,2.991725634536,-0.00024696169183722544
3.0496255953831186,27.53406436480049,56.658042940513454,27.771034098313805,2.9819887254308184,-0.0002478348098232607
2.9934477167174185,28.209020035673447,53.01130564515063,27.261510666681435,2.91464743104953,-0.0002776202221011475
3.0581360485332563,25.768523049212256,51.099651720802534,26.288592257433027,2.912691571684167,-0.00032562074979018365
3.0115573467020154,27.248634374355394,56.697673415375604,26.10495096945288,3.088560863233299,-0.00037765141646953806
2.986480514596576,27.776421223747025,54.19103043603268,24.883824661663446,2.7299416093842237,-0.0004197959584596334
3.143151221217359,25.630696268625517,50.869617381594836,26.09177764524416,3.126400866371385,-0.00044176957480884424
3.1207346262488547,27.862625851285813,55.1928988716675,27.473811392870637,3.0865239771828445,-0.0004391040573851467
3.085052445289122,28.280556238021912,51.48181536410679,26.658398551460195,2.8606485495527667,-0.0004137265197372088
2.8445442109978933,26.758880270328756,55.80185970791736,25.665494902744356,3.100705838379003,-0.00037293132148151454
2.871357955638689,26.439465522874354,54.66766943664987,26.373474084392317,3.097451013713553,-0.00032713581506131476
2.932505489466218,27.53598025247478,54.15662472966156,27.355131637966934,2.9213908713304395,-0.0002870723349597935
3.135376407418957,29.094425800456307,54.323032027824254,27.897828011476243,3.0447654791714047,-0.00026114900223932284
3.081329702258196,27.025598640957863,50.43999269010551,27.003309483539635,2.8235589165553256,-0.0002536068001866359
2.82111152681244,29.62786312728108,53.68623976442691,27.81061538739327,2.885094127522476,-0.0002638517665938138
2.9555562034496696,25.15678060758874,52.81078041581049,26.29495821561241,3.0680971423842696,-0.0002870220821958389
3.0259911256287464,28.91765925752714,53.51816698340536,27.304237828734244,3.007884755367663,-0.00031554411445801843
3.1282886311162854,26.74670132258893,53.9974374672851,28.813554708364197,3.0147117508095698,-0.00034121232478723793
2.9179449472079786,26.148676791478312,55.119277234973836,26.00227198992014,2.999838063140133,-0.0003572411285996075
3.0435799551740206,26.615717002892033,54.256944033726825,25.877922179083917,2.9269423925456435,-0.0003597918669797156
2.9020486977291644,28.33212385072977,53.924613297930335,25.107485049893437,3.005104830217807,-0.00034864920486810883
3.0416572292426527,26.131679626798157,50.88797835521392,24.10077818161309,2.9219995598200867,-0.0003269567156818166
3.0390340172860544,27.362930512772895,54.47149893682983,27.589832829614846,3.0648820753845323,-0.00030015823500086314
2.969164951368528,26.66937298784585,53.13872615606005,25.475749146612365,3.078947408509131,-0.0002744720181791886
3.0156427631655864,26.221910712143597,56.84842919340575,25.691263540424398,2.823673228275244,-0.0002553098347633457
2.859665400190821,27.07816186241936,54.52825281955752,26.877247909174287,2.9617831266991397,-0.0002460305054576546
2.855745883294595,24.50432284557673,51.95481888097431,26.402164673469976,2.9793063642234525,-0.0002473019565014357
3.15406892623584,27.742647246366843,49.89488577242314,26.38633233967594,3.195378453143488,-0.0002571738337317071
3.0387148887729554,28.975472937724085,51.70476450836064,26.820707289847874,3.002636172965242,-0.00027178089348704304
2.7470538002183686,26.544964209393054,51.232024435225135,25.585406821788048,3.1076517085396227,-0.00028645087051728526
3.0628820971195223,28.399529824128866,54.355596437082916,26.160498460718884,2.9785320583040438,-0.0002969118807956761
3.054365036423909,27.50153024786272,53.76580296193259,24.32320145325428,2.8255128200730493,-0.0003002968532855164
3.0402923838657077,27.172044910856716,54.20694413202718,26.589565232130152,2.9594437369800253,-0.00029571831801237353
3.0582704377763497,27.239726444496664,54.535072806850536,26.754386662122855,3.083564214466629,-0.00028431124070861155
2.9983472444547794,26.64559159273307,54.25555039939093,27.34296685573359,3.152703497712812,-0.0002687799810562916
2.913855133973017,25.990602683543184,54.24602577998674,25.132389388183686,3.1254521486596967,-0.00025260296317964427
2.961937141095867,27.636767001343294,52.37844813609617,25.925495265774355,3.0183551093774925,-0.0002391185119308045
3.0953450905984687,26.75198178401247,53.80680837535183,27.736766375283338,3.043723244282898,-0.00023072469236795347
3.244572435538633,25.94899005820171,52.9958134771748,25.88180770047178,2.964020951279421,-0.00022837789522275247
2.863070516782056,26.11103041712079,57.349787988297415,28.336307262908488,2.939033570485021,-0.00023148606625268494
3.227652598846501,29.5195375567627,53.33843609877308,26.51348037025781,3.0051873734074475,-0.00023818806284124161
3.0074730291591862,26.497301052061225,53.036708768051376,25.838702408054356,3.0196392879739076,-0.00024591740736389913
2.8856959034650655,26.18894661004049,56.961899528988035,26.63351478970231,2.9650922223126353,-0.0002520883947509472
3.025849045006944,27.185190316584094,54.85958239604141,26.176397160478196,2.844846999779063,-0.00025472690375304147
2.950428601144124,26.853240933013538,54.254438178025524,27.488074544014047,3.026253637111714,-0.00025289724611724104
2.860199092776693,27.99087967350793,54.65413558559856,27.002746389466523,2.861490813478895,-0.00024683901478792273
2.935341069650623,27.896207382715414,51.61698844150645,25.915574740568974,3.0939280532078297,-0.00023780598133958203
3.291112270306854,27.78639130277111,53.07998609306819,24.22166734965214,3.0748589172152063,-0.0002276722899223815
2.945232370725395,26.186044305384026,57.63417599182029,25.893860085619583,2.975315935652218,-0.00021842211689911015
2.9675852412371166,27.187087813657318,55.036504991581495,25.660602745789195,3.0953628373882225,-0.00021165716737094712
3.055881975330019,28.907046969908254,54.31299284243628,26.554383736085633,3.0629175405079785,-0.0002082402936285427
3.016205446465634,25.503393146990213,53.754089308128826,27.891453207765977,3.114600715658307,-0.00020815005702628137
3.205146588165402,26.416468473680574,55.12371154515092,26.09372263955729,2.950861606419976,-0.00021056318430275056
3.002765849771039,26.93405211362575,51.99404013390369,27.36099605249764,3.0550110758195657,-0.00021412493241940026
3.1158480129172017,24.524677853798828,55.65334841989685,27.664182071739905,2.95827608541488,-0.00021732514619179867
2.930984454926319,26.840827382545942,51.66317336055623,25.319013477281484,3.094486789580342,-0.00021887926118286646
2.9737622319239,27.04250913923697,56.044132783511415,26.517998598853268,3.0940348813566594,-0.000218021107467933
3.001274476672712,26.319898442890963,54.367854500648555,26.62479022227914,3.166250674800098,-0.00021464397440414855
3.0275550724770044,26.699294985414884,53.93579816478159,26.710151356935125,2.9931041888373944,-0.00020926887416602505
2.942155914373956,26.76874679760617,53.758977166378756,26.965514925060003,3.114746511204697,-0.00020286283225645765
3.0953538787479355,26.11587789280205,49.642204700790245,27.586962694776126,3.0007011038237628,-0.0001965645312006829
3.063066366114965,25.973956161022244,55.733652028093104,27.15700186156791,2.8971122584987428,-0.00019139216707613103
2.887150336623168,27.43863019357909,56.33585343977886,27.930685450783418,3.018806939719209,-0.00018800616298941998
3.239954220654746,26.418564258557414,55.894517182659804,25.959258963330804,2.8664767341161217,-0.00018657968466752106
2.9308450646877904,29.245978063060576,54.23960268944652,25.30631376461038,2.9280326365322464,-0.00018679904298132615
3.0758284879229087,24.689738671456595,56.88587665779603,27.643255910637663,2.911426061240709,-0.00018798253147459746
2.9114355599545743,28.083974066055415,54.86823237367872,28.03779839558729,3.1712071095896786,-0.00018927842833579243
2.996862945790649,26.70214216562901,53.25387028050621,25.819869312752523,2.9756994707960316,-0.00018988706171858645
2.930587197883667,27.52096316159584,51.959193412104746,27.77311688890583,2.9052776197655406,-0.00018925079818880945
2.9330127654307536,29.15851649209896,55.15173555940711,25.72479820080341,3.1103631791199526,-0.00018716852704088346
2.99095353512375,28.556242322839417,54.961756673647066,26.81266392534519,3.1959369135344233,-0.00018381338268845632
3.0409532296501127,26.565360983588864,55.066049522586134,26.46975721633619,2.8930888645227095,-0.000179657850623734
3.052493557853976,27.681450778292437,51.35877104307762,24.944467990264688,2.864436399214404,-0.00017533257775305562
3.1492080573811183,27.268837957274815,57.49827278461985,27.096242550337386,2.8937251077619033,-0.00017145903882642054
3.0222171625821446,25.35565996203752,54.92593198436066,26.75764365249673,2.9633782031673954,-0.00016849906259590403
3.0165438864944614,26.08940703727793,52.2261333902582,26.547445749957966,3.0878469538140156,-0.00016665635981277956
2.962756279035204,27.69491054886053,53.32463187365705,26.12201446326674,3.0819382506831934,-0.00016584946913303415
2.937094342121844,27.33493413055688,53.71767362249038,24.976283838820216,2.940630154708733,-0.00016575646130799495
3.028722883677689,27.535883891191943,49.09282659729949,27.335146629011753,3.1249898512826926,-0.0001659142506585901
3.192316944686093,25.35322292591336,53.049500227762174,26.741490201924773,3.0507101684990876,-0.00016584357432033333
2.975085470064929,26.752379579568288,53.065376860727945,27.236337495658205,3.1203392602473214,-0.00016516698342964394
3.0257576767637175,28.1307405425066,55.14170017659201,25.794998019464366,3.0024784185120716,-0.0001636917455935407
2.9653634283008095,27.44728125346834,54.821907999306475,27.047422476433635,2.8267661280454375,-0.00016144055268725504
3.283110230144657,26.035323444737365,56.02602757929088,25.270725463965416,2.9999754703439123,-0.0001586271240638132
3.0543386593121173,27.62973096858873,51.76502608611784,25.09014631113704,3.013831874402785,-0.0001555874589984613
3.0279470051264212,26.224503681192243,53.58809883100097,26.410721803695715,2.8433715395029897,-0.0001526873438444149
2.9000367281581325,27.198824329122772,50.629054257851486,27.26614178071866,2.965256596989433,-0.00015023069664503048
2.805903058269161,25.195125996789077,52.39391008194148,24.336825331964963,3.0289905094975436,-0.000148390978898816
3.1088502903720543,25.63179948530616,51.389729197962794,26.93388074189015,2.9980922023739147,-0.00014718034832300725
2.9351340564949533,27.46067542650742,49.02409790745644,26.191727247091983,3.1242702238085216,-0.00014646075962241912
3.0086439288545965,27.53712140082167,49.324733926538215,26.212625733510503,3.263902578083651,-0.00014599064521449498
2.953382720543265,27.583380021679986,51.05735276509131,27.215797175056977,2.9542041837624704,-0.00014549270658334408
2.9965175630219165,25.75905012345455,54.50297769781671,25.777236735736135,2.9309615064560015,-0.00014472447463779447
2.9269418944115033,27.529946298730202,49.998492667297114,25.704211675185896,2.995698498845699,-0.00014353422742573418
2.967577975437595,27.382970074033512,50.01287910405057,26.042010483477924,3.2090226104037547,-0.00014188993796136686
2.798289407176601,27.035857845231348,54.808541860084084,26.768633161674966,2.831523959640144,-0.0001398765658128754
2.6799630922839195,27.757373944825773,49.86479089649072,28.183707759145726,3.1740263616981768,-0.00013766511884428102
2.622840017510097,26.274360113077037,55.48565745219853,26.21491142676755,3.053213110505429,-0.00013546348099342646
3.070825774247315,27.17848436599521,49.00785408351635,27.52830322009274,3.1995414350522875,-0.0001334625656388181
3.159808602671832,25.871094963695946,53.41108091792688,25.077082142281245,3.0957430432739472,-0.00013179130572097796
3.1059908319837986,26.878255924816973,50.03516640497411,25.88651904234708,2.9709750405451185,-0.00013049066100216948
2.954354621565565,26.48595920856054,49.42976329369777,26.036226459090255,3.022836969715899,-0.0001295113049073504
2.9981469710819133,27.61038099831393,53.21632288725991,27.67873131555695,2.9828420764099466,-0.00012873348385642535
2.8385023280282535,24.72963887734224,50.74767235187196,27.958999307273626,2.966198230886675,-0.0001280022785547554
3.0574430009186915,24.61068298647411,51.26450724125173,27.268920560277525,2.9643878620149566,-0.0001271683403101534
3.092046026788313,27.563685608530403,51.18476852691763,26.138302851967538,2.9066370073285843,-0.00012612371131673667
2.9464561986366538,25.721555527014832,49.5377890814464,27.26368729715664,2.894166600730699,-0.00012482444209944526
2.9011422672143574,25.660552651675346,52.63069807809113,27.898451769740397,2.8956298493458856,-0.000123295656683306
2.93303703635981,26.688889938821298,53.47139419892144,26.583009496353682,3.1794732896915874,-0.0001216193672087143
2.8867232452591347,26.405447122365977,49.569099443151316,27.223637044752277,3.0900154384168417,-0.00011990951116228841
2.8396288178632387,26.85115288921678,49.554988191335134,27.21177531201618,3.0015639496728084,-0.0001182814024365704
3.181527188781073,29.12349035457079,51.3220134900234,26.30552502577983,3.029049021856338,-0.00011682351818095502
2.753159214541956,26.239341869183615,51.298900698676846,27.255428979995802,2.7959068812020185,-0.00011557828261236255
3.0510072865050284,25.86381207732601,53.832656468207816,27.447338919075158,3.1186155008331964,-0.00011453573726914962
3.0493029629149837,25.41556800513748,50.5858388634603,25.645183896000074,2.9586267310748497,-0.00011364051165938175
3.0462128986050256,26.243253383568163,46.596829549597466,26.924203598999323,3.0083484748478133,-0.00011280923517423052
2.8834051290924467,26.639107284372745,50.78549297573704,26.429777985941488,3.1835494250341623,-0.00011195324071601941
2.938285483275044,27.07960027755336,45.83167578093865,27.13688284083472,3.119753144529202,-0.00011100057301606799
2.735180420568472,26.50225156540362,47.94151703618705,26.44567136856392,2.954013788511043,-0.00010991200663628632
3.0009766774716184,27.826501023300587,49.01944681129109,27.80647321344407,2.7602599886604366,-0.00010868769980252696
3.2468937792478147,27.600899056540847,43.294303784430525,25.973831110056995,3.0419248573740396,-0.00010736368339008817
2.8562810403912304,26.924358844334883,49.16885027214489,26.783756875781474,3.0337104975562177,-0.00010599992808529134
3.167829010379994,27.63998661416295,46.84118900702101,28.099055623308185,2.829414204831113,-0.00010466362938196588
2.98874313232279,26.652857611951745,49.97880525051139,25.833898933838014,3.0899828599843087,-0.0001034121960579969
2.8874744576431906,27.909820987325276,48.2409064415287,27.21326314244223,3.1889194155380114,-0.00010228010739264
3.0356911703298923,26.984000077447874,46.31921819560484,27.357808739096832,3.028321646280499,-0.00010127249922892652
2.9182342193656337,27.263779911207752,49.29858057858317,26.457935103427605,2.843821940021164,-0.00010036645126009917
2.89486807586228,26.494921284457828,50.353608215006936,26.95960228461812,2.8286696646911134,-9.951898922114667e-05
3.0512623465033197,27.913447667466787,48.102789873159146,28.714073673720836,2.8411631449846517,-9.867926760658137e-05
2.890702804702219,26.00735909270055,45.00310060233125,26.811397902608547,3.013222968536225,-9.780160326548114e-05
3.138286723627346,28.302759066556266,52.300919744352285,26.307329481572154,3.118536272440104,-9.685611356298137e-05
2.876392495577685,27.313952341509236,48.94513115643042,26.452036286229177,2.8854873538136583,-9.583458028582273e-05
2.8525537208610303,26.164702736842493,47.74676238337733,27.487826435392385,3.0991619468441485,-9.475052918193765e-05
3.0047469568988014,28.6034265432509,44.726291864792906,28.693106968315398,3.035238472473914,-9.363401202990384e-05
2.919841237071841,27.96863108827958,49.098833350921396,24.825772638707754,2.972460508659953,-9.252282343664127e-05
2.8806168332147135,25.25642501807922,49.76201367696826,26.6392609270235,2.9447274003711637,-9.145260178730233e-05
3.0023005321886265,27.435929508187012,46.47728100032995,28.379838922199443,3.1165775626936285,-9.044832030960119e-05
2.974342226610376,26.347495991087964,48.146265229985,26.92433365964489,2.7889537167117027,-8.951911752816558e-05
3.200973234510474,25.222405063804338,51.081912506692454,26.622446116609765,2.8893583518962203,-8.865743296418196e-05
3.02166583493053,26.258559688522748,48.692979705028804,26.231093636705396,2.953600074273589,-8.78422821473844e-05
2.984595575827568,27.5973401089903,49.802937155541294,25.951635959015377,3.026174771033909,-8.704551219229645e-05
3.0040081795187628,27.766818547274273,43.41385361012051,26.020209974586464,3.014347007314156,-8.623925502010411e-05
3.0856409036614765,26.34833477572014,47.01669387381781,26.726312326248284,3.099342778789733,-8.540266012708187e-05
3.022783104790901,26.01731126037178,48.65074737808159,24.494491078697944,3.029142383642287,-8.452633137810583e-05
2.9793494931880518,26.562809942558488,45.54227385529474,25.948957080521687,3.045814588006511,-8.361358891387333e-05
3.0477300296177305,28.354553155415235,46.32940205788627,26.9068482851659,2.837237754650132,-8.267852663503582e-05
2.9120145067928096,27.696155090131562,47.80575251722363,26.104228555385074,3.1040997925128946,-8.17416181594425e-05
2.787531795261712,28.00875591597074,49.633591571221544,28.370680233402915,2.8955029034332873,-8.082415463063386e-05
2.868214037646053,25.904037570918927,47.97316494719463,25.549926656579082,2.8777443204579107,-7.994297002616276e-05
3.221339876053043,28.318765606636916,43.51165637429886,28.409902168049456,3.0975199620687364,-7.910671244136029e-05
3.079840770079333,26.7062337273328,51.575665667686756,28.688932621044426,2.8190023141947007,-7.831443344779577e-05
2.9919638006337554,26.672580084707036,46.06123363113435,27.51985141991157,3.0324600583836485,-7.755663614065597e-05
2.9266308679551956,27.09838594052221,45.5268805974288,28.14006618592956,3.068617043993537,-7.681831194202853e-05
2.968175646116018,27.43426932401532,45.88125185818981,27.742125612638038,3.034739881114985,-7.608305342561407e-05
2.840809574224083,26.46381444246581,46.41815848829049,26.869933222973568,2.6819597989449275,-7.533714818817961e-05
3.080255097185095,27.12069920646886,45.9632858650956,26.401052704582035,2.999968032712836,-7.457265923887678e-05
3.2132452551435335,27.192562234666532,46.6719623878859,25.96589919128484,3.0965496423124437,-7.378883100256799e-05
2.86084227892154,27.803837522934217,42.36216455903101,26.246386736192363,2.92327588396412,-7.2991625177772e-05
3.162805060013561,26.49986144219747,47.14349637643146,27.862974265718037,3.072478718759174,-7.219166271673277e-05
2.898439905352326,25.4779327879131,42.822095485457645,27.217037668084224,2.811676724315449,-7.140121224640256e-05
2.9941246126808467,26.044965598498234,46.93100586791921,25.723569338360743,2.980295977840847,-7.063104088463003e-05
3.041920121740218,26.52056402345214,44.4028434739657,26.685366099924927,2.947613192651835,-6.988790605580841e-05
2.9351411941069445,23.38060469154553,45.48501278196543,26.663424799216443,3.078967707685993,-6.917324237898213e-05
3.1835342412676795,28.14776396412008,45.1391152979004,28.307340823896624,3.1090861838945085,-6.848325879249503e-05
3.169015170638465,26.719466194753515,45.85312865655673,24.998368898735908,2.867606024166694,-6.781029896851794e-05
3.1557713072707028,27.21545640868362,46.81026320998505,26.704579456422668,3.3892790591074404,-6.714502362638037e-05
3.181276219529984,25.999702679160205,41.669936089005766,27.20238366135456,3.057954825812637,-6.647881172640367e-05
3.1710672407611216,24.915291919060667,45.77223810400961,25.3590507956817,3.061637653684808,-6.580577720403534e-05
2.8835855748498633,27.95525850886117,42.27312363104704,25.89387834382842,2.958611620374873,-6.512394411181696e-05
2.95005853079279,27.733111324953143,45.14311450556806,26.58225526161759,3.28765256419443,-6.44353676465454e-05
2.9839037437267835,27.715351108801478,41.02382873200086,27.324014603495606,2.8906926009995297,-6.374526404221177e-05
2.918177688682204,25.065521791156076,41.80873523718776,25.579569707243834,2.678819540912154,-6.30604473226585e-05
3.021382188751996,27.53091274378293,45.136471965986864,26.374168580328288,2.853667391663589,-6.238751418853161e-05
2.872422012737077,28.34161562156749,46.184220304435726,25.25990321985119,2.9648123105657485,-6.173124057644868e-05
3.1385587900941436,25.980244119643874,44.47047815829185,27.289641261911193,3.0148752432018426,-6.109356168576858e-05
3.1590551433721603,25.8057043916843,43.34754275280061,26.562784709191426,3.001847274137022,-6.0473332550976335e-05
2.875158830894393,25.66113572242766,42.21997649306977,27.16975765369174,3.0003912821975423,-5.986685924178142e-05
3.0245782005090684,27.297203207377354,41.3624057672538,23.626908874998772,3.118321622198149,-5.9269004025872224e-05
3.115963648623891,24.64788941875172,41.56315245264404,28.85510216102472,3.1990499903366345,-5.8674545554118565e-05
2.8766466908089385,26.725329792244075,44.06378591121122,29.114314444031507,3.1996073311522286,-5.80794404648307e-05
2.9904409169191073,26.704565262170618,43.43536803440551,28.406596441341073,2.912105649476815,-5.748168833243684e-05
3.0203096742917537,24.993753509865545,43.06022133224794,27.173747828770853,3.0421935939983955,-5.688162408858429e-05
2.9566933378935105,26.48788901356585,45.6365395183196,26.170973296778712,2.926609116082413,-5.628161672774313e-05
3.108773168459995,25.52739192764777,43.214601697774725,25.26020712311289,2.853414898031361,-5.5685299463106717e-05
3.0614275586632367,26.11592564765385,43.26035727975514,26.1455088920526,3.1445348975967367,-5.5096559901283935e-05
2.857307737579593,26.371203342269,44.528137902198615,25.300252840536835,2.8399894262574032,-5.451855652479532e-05
3.1711432480304578,27.418355851652144,41.6394193820718,28.355402869799665,3.105772735623902,-5.395299890919107e-05
2.917664921604923,28.233944799109906,39.19735645188961,26.821978776974884,3.011946075030919,-5.339984349827766e-05
2.919874598325465,28.306473125355968,43.072175214088816,26.197990651675745,3.0416886063912494,-5.285744267066091e-05
3.102285960030648,26.53699926018501,44.934848262650064,27.78394500626961,3.1327680457900406,-5.23230714457154e-05
2.861715450127304,26.443676941735948,44.678298031323656,26.202777286057074,2.842304402399476,-5.179367025996775e-05
3.016796999343989,26.602478941145197,44.878901823191,26.302729056390874,3.1691006216785835,-5.1266604462992206e-05
2.876367635491904,26.944761095607465,45.16123475450798,26.757724652006882,3.164936321474065,-5.074025417420296e-05
3.0649175320102606,25.98565651230225,41.432104986208984,26.232234238766903,3.1546277781204317,-5.021430583622419e-05
3.0552660906082405,27.68744775476478,41.65445326892832,25.671235958944514,2.9852104279100233,-4.968970040955116e-05
3.0525040560352155,27.520378866356783,43.24568956797096,28.051464064891903,2.8245288440033454,-4.916828115945778e-05
2.8329724531672276,27.26761417588403,40.503206532474834,28.797160123527465,3.127634242634078,-4.8652252610560285e-05
3.0070677678265354,27.328109358756603,40.66988316812127,25.822498403073194,2.9692311554225013,-4.8143599215476916e-05
2.9378905180900725,28.9067190059237,39.92348925955966,26.652067657445155,2.9704911493431734,-4.7643608389275927e-05
2.967321054666276,27.771423502757703,41.94552434116169,25.55004084669937,2.9476584909533163,-4.715260504445566e-05
2.7673793438146084,24.585844891045824,39.93277411317675,26.3409331257982,2.971074688248678,-4.6669943688543734e-05
2.9276355315419837,28.073085394175894,42.7898008445516,26.801026697566144,2.806594763372237,-4.619423749917268e-05
3.0732558627735935,25.680722743006413,42.37056987413902,27.228308590008766,2.9573675284224463,-4.572374782183119e-05
3.1277620191466253,26.033804293808686,43.61054488870961,26.345828470859402,3.203053721859121,-4.5256825405396316e-05
3.121545001025727,26.71573990105613,40.18054341397497,26.75661721342935,3.11806053899596,-4.4792291497567214e-05
3.1121839492561176,24.743855602286526,39.53461622354651,27.279179671603195,2.967266809627687,-4.432967118158755e-05
2.8383507443623404,26.502507563473007,38.06634619658043,29.54511269318584,2.9935671178478573,-4.386923525042803e-05
2.979244085900144,27.29007136039625,40.450512805067866,27.27285085375084,3.0140131263657226,-4.341185702446834e-05
2.90688182078649,27.058593182904577,39.441236629289875,27.30466385793387,3.0317160087604758,-4.295873522039019e-05
2.9597693523685393,27.769641286944598,40.61335990940596,27.26248097564897,3.1730306673725055,-4.251106195775225e-05
2.8787527753934534,26.492964545996557,42.90184143143101,26.809946410702878,2.883650483254336,-4.206972158780456e-05
2.9855714540552434,26.33873947302429,39.8901036332894,25.284154328229803,3.1069298980423037,-4.163509078425889e-05
2.9524226043074213,24.433523113099955,43.431691285299955,25.729600331100492,3.0117115776766252,-4.12069798487863e-05
3.019895335160032,25.139477698887536,39.61816069747566,27.627171887924156,2.9818811547916155,-4.078471693125635e-05
2.9678373339285065,25.072326127078096,39.24664155781908,28.147572062390612,3.0636401804023348,-4.036734251937738e-05
2.925137550966198,25.34010633429426,41.10095402575314,27.473389310922315,2.9842562816276015,-3.995385694414411e-05
3.0429336613856335,25.584903497292977,42.04519764985074,28.923782856583685,2.9001912709314346,-3.954345608596608e-05
3.0189522949947363,27.88191136866795,38.86851076025961,25.426122980540608,2.923994541886928,-3.9135699150196664e-05
3.011574579602033,28.38725650991948,39.5008209882148,25.601380761325913,3.1829838447591925,-3.873057330941184e-05
2.9613069957583336,26.93328362725997,40.9459383255615,25.61221962347589,3.037401613588983,-3.832844879979232e-05
3.016319510802338,26.077379496078684,42.2506532065867,27.561791323094884,3.0892174040455593,-3.792994479561832e-05
2.8456743767982973,25.19908222927324,35.04574715345735,27.48083317932199,3.141439062688745,-3.7535746483267966e-05
3.018428167745769,26.020721982736422,41.268248281288535,28.288028335554554,3.0200652263452614,-3.714642233190972e-05
2.9338342268344575,27.342503975122995,41.159353734458335,26.422272026633546,2.976427437903962,-3.6762285570644136e-05
2.8189141039900623,26.188575069142455,40.99135884014484,26.69153240836239,3.1371350405236518,-3.638333031918344e-05
2.9645477944378187,26.838528468478586,40.27686955216169,25.792254187127305,2.8796978429593847,-3.600925081483722e-05
3.084247746174916,27.054897497513966,38.31095047121726,28.033674906012035,2.9833748336925736,-3.5639532113202475e-05
3.0024738845396883,27.46395078770645,37.46464126088353,27.382276147146154,2.858595251938281,-3.5273583866991145e-05
2.9763330740045157,25.893837194056548,38.13109522693667,39.8000884127846,2.834824677799787,-3.491088088565708e-05
3.1059982425155157,26.81328434237412,39.542918842542036,38.8499253770813,3.0477761562731494,-3.455107558306609e-05
3.080929513778841,27.185793040044818,37.328752010980985,38.66426900063937,3.038619811019991,-3.419405758052638e-05
2.9443488468944476,26.818376045966854,34.78217770839151,36.76032663086072,3.0120072854885955,-3.383995031475865e-05
2.799298076434872,27.504795743252522,40.64118223198058,38.93076486702768,2.7685548693824753,-3.348905137422141e-05
3.050379146060313,27.889851324318055,38.79714213153305,38.46290853863523,2.9380404432241427,-3.314173555141863e-05
2.9389372330889585,26.090657216158505,37.68705423784156,37.117897134338904,2.764381028917908,-3.2798347754499994e-05
3.045987964221786,26.30413409790818,37.958722652433174,36.75283157668939,3.0781781702132354,-3.2459112707186095e-05
3.180740889695001,25.123581256313475,37.614255025015694,37.76442544460671,3.173034775885823,-3.212408186567163e-05
2.851700873329661,24.595767080319973,38.83315897203374,38.17783985467431,2.901440315449089,-3.179312709312874e-05
3.0610226770906475,29.0407986105691,38.658959544508775,36.796916425079054,3.159505473623096,-3.1465978840931545e-05
3.0967423321864396,27.550679899138657,37.619776978224884,36.93765240574177,3.0813753062796567,-3.1142295493071825e-05
2.9764634806572925,28.45303984544546,38.046512036730114,38.000234272914106,3.130151960341983,-3.082174410376349e-05
3.076754847655529,29.781018727559985,35.95732558560021,39.866678275211,2.8745052021784745,-3.0504072267719764e-05
2.931328101972803,25.276978875425844,37.200533407534095,38.448256204131845,2.736595796103363,-3.0189154008088e-05
2.772780302157045,28.062911143753286,35.804234645392256,35.1629152667262,3.2319094480399526,-2.987700115043272e-05
2.8904977024661402,27.656601318519176,36.219838632242535,38.04363494523521,2.893680686602484,-2.9567740145000298e-05
2.857393803101593,25.773411123506605,37.649451549629944,38.92963280982372,2.9704414710709526,-2.92615631196121e-05
2.8795772641040274,27.09083169889365,34.431054810941454,38.01878772479582,2.9120899357934937,-2.895866733710428e-05
3.0936973754853088,25.07508378886945,35.05343723413594,36.932405476525496,3.0489125215925608,-2.865919877907046e-05
2.996563576839526,27.349624670610833,34.13179161231046,35.13780676321731,3.0447753878603057,-2.836321323679227e-05
3.009601799246616,27.38855363872141,36.97314012546431,36.32785060784341,2.9964128717548704,-2.8070662713658274e-05
3.2858377919897253,26.79697250023712,37.05256980484226,36.15523283648785,2.7649635927562164,-2.7781408570156047e-05
2.9814791314618767,27.019637772091116,39.26894562594254,37.61103685661835,2.903439723452352,-2.7495255474300135e-05
2.8548437342622597,26.74261248033624,34.23680813522952,38.36540149986257,3.089904539562329,-2.7211996283983278e-05
2.899801226467414,25.55427532047386,37.87415552262167,35.633452246997535,3.055247302084291,-2.6931456055782362e-05
2.973002023100015,27.731889579005863,37.59436012034853,35.0806210528907,2.939454316716752,-2.665352436191035e-05
3.1126135269930337,26.303788173472174,34.72296670468652,35.79930410794933,2.8883706159920384,-2.637816914837176e-05
2.981407299814463,27.415624896247078,33.420592495953045,35.52763249429532,3.101535930430946,-2.610543046235245e-05
2.7281212757922404,28.562974161050256,36.07133319823851,32.4425620192798,2.829521190332224,-2.5835397217916846e-05
3.1770737091912395,27.833800485982188,37.99375240995757,36.09784319155665,2.908617922510296,-2.5568174143114344e-05
3.0063142806381715,27.14341558874807,35.728583346384674,36.008144756450825,2.9074746245021665,-2.5303847890399325e-05
3.0432973781462573,27.893874422197054,35.76482676102567,36.35115740999146,3.0744387222532503,-2.5042460575591146e-05
3.0637529732515003,26.93074363465584,35.51095998153494,34.242859861381255,3.085273464993003,-2.4783996492728062e-05
3.280749962781307,27.18878061614826,34.41426976092173,33.716065870166034,2.8215559761581157,-2.4528384186610747e-05
3.0844724430765806,26.482657065721803,36.59938865401378,33.64927090765425,2.9570276636252997,-2.4275511971093823e-05
3.055754444047903,26.2102332735508,35.048769542568245,35.68798904236206,3.185741512559707,-2.4025251902809204e-05
2.9034985736944545,27.00164669051533,33.58835123268845,36.91626945317105,2.930238076279427,-2.377748577424391e-05
2.7822910061527866,25.31198469870787,33.971830233755355,36.71908234776877,2.8830607569488587,-2.353212644039707e-05
3.1478910331071908,26.644090049911906,34.26375272493154,34.60796970055978,3.1507061326893764,-2.3289129822248685e-05
3.0039251693686917,25.764962035820595,35.01639486297704,32.814767290052565,2.748206304642888,-2.304849546383518e-05
3.169703577500315,26.046102773871194,35.124685727431526,34.99660130414556,2.9708109267258154,-2.2810256537900386e-05
3.027824978199366,29.166412251421995,31.80316571468347,34.229265679417395,3.0311068682164692,-2.257446244346852e-05
2.875684581949328,25.726899875971554,34.34610633858922,33.97705176085164,3.0746462212985564,-2.23411592456531e-05
2.889846063409328,26.804571007806675,33.18598820622919,35.56707582601661,2.92235617544228,-2.211037254691838e-05
3.2031032588961503,25.828732640607612,33.21259075707023,32.80951650850322,2.9022177822929986,-2.1882097031466448e-05
2.8901382859686264,27.56914998618979,34.51884673753664,30.912090374381716,2.942297576151305,-2.1656294328287014e-05
3.045783129497213,27.59153021962833,34.797663686076696,33.601229892394855,3.1319466589434883,-2.143289935328635e-05
3.046840823667875,26.361498078183075,33.805669980638086,34.50678279812866,2.9925540054788797,-2.1211832562401982e-05
3.2183036747951337,26.711452645009036,35.120302604572984,34.37379362086843,2.9517622268228054,-2.0993014739004427e-05
3.110735841577724,26.421416759192876,35.24193062671563,33.943652720343266,2.822243392103609,-2.077638044264176e-05
2.9997391950821464,26.9320668210998,34.21195181456695,34.611806849506195,2.930067769984078,-2.0561886992593142e-05
3.149967518247348,24.666828517093006,32.46851500096567,32.47667441369099,3.06457377143003,-2.0349517252463258e-05
3.1331162559942634,26.95600541445769,33.87460372898454,33.65701560153579,3.042760410990328,-2.0139275929455837e-05
3.0156325448104497,27.311807654322653,32.96702195805827,32.93751264540269,2.9630810063267434,-1.9931180958692766e-05
2.815291916848449,29.593641068448512,32.391691141234354,33.299386952223344,2.952208273631063,-1.972525252771069e-05
3.1784312478133634,26.741046769376005,30.852788351640484,33.838837520529204,3.172477269513578,-1.9521502517089404e-05
3.0381600656187335,26.89433925822469,32.82368390206472,32.60031371806894,3.147125474383824,-1.9319926990513727e-05
2.9985860540559752,28.059508164696517,33.778707126006765,33.5176454808711,3.0083806163568085,-1.91205031559318e-05
2.9971961105278315,27.867752074616348,33.229706499027515,33.270778179787,3.120565357405,-1.892319134367987e-05
2.9197260739114332,28.851001067747212,33.79713558130391,33.558184356851164,2.9836293687423314,-1.872794091193723e-05
2.9394331325529177,27.09749227864172,30.472498415883326,32.04472077016843,3.1991251261090516,-1.853469837487801e-05
2.8735245907339313,26.633848534560485,32.14086561748163,33.75533711947449,2.9540237887228025,-1.834341555601194e-05
2.7679411645586782,24.776201871166435,31.269778718706966,33.198003272629926,3.1389755419853507,-1.8154055784431134e-05
2.9396442294937155,27.59877513159268,31.192248279223787,32.597507577278705,2.908317114002475,-1.796659683299854e-05
3.104840074967707,27.534011311831726,31.059370418717627,32.78985225214844,2.844866077076436,-1.778103011368658e-05
2.9891714569568135,27.24271012460099,32.002524900966904,31.571275914953294,2.9970811759800378,-1.7597356646143754e-05
3.219668130245056,27.649040248994456,32.60919652937079,31.551849160642295,2.889832253960814,-1.7415581202736256e-05
3.1650445777746214,28.040556435487247,32.20533800168683,33.07233379323522,2.8797659044065904,-1.7235705946322416e-05
3.232939990170681,27.070875489947056,31.281447530406652,31.697956208922182,3.024964687881138,-1.7057725407986785e-05
2.941862257752596,27.06246111723301,31.5204623307259,29.30543230880471,3.0098462130257224,-1.6881623796596134e-05
3.070188421220777,27.314302910285644,31.751013704977225,29.982018623888926,2.9329127254447043,-1.6707375111819137e-05
3.022078951322881,28.58531441792127,32.26341860219295,29.817474418642856,2.8303992845404338,-1.65349457544602e-05
2.941820747413382,25.285534991170763,33.52993076176026,30.09659949126578,3.0269426085563387,-1.6364298746454842e-05
3.0858079370800704,26.48908779507929,27.814416611598396,28.406159179846547,3.0126274298069187,-1.6195398607846478e-05
3.007065309418853,28.26889406598314,30.4051908467114,30.4536207866032,3.0538407096029583,-1.602821537143844e-05
2.929935827209901,26.69124940695193,31.376255463169596,29.301279772726783,2.971146556774248,-1.586272695603236e-05
3.1066320154987537,25.67553829994255,29.729503104108847,31.10715103215113,3.0235041561274847,-1.5698919505364768e-05
2.778496416517494,25.402134713560166,29.227397870603244,31.602452260663803,2.939684791749413,-1.5536785714141754e-05
3.0648804636000824,27.46968334500044,30.511221449301264,32.03469427049095,3.2020939141857143,-1.537632175936903e-05
2.9256795607467394,26.02556764184123,29.382404633843244,29.394537202027916,3.052154903961185,-1.5217523683951786e-05
2.8517001147626115,27.944412267530595,30.190262706159388,32.051060646544485,2.9816973407533682,-1.5060384163093428e-05
3.1193492733051835,26.091939321130006,29.14983597647923,29.134968464204956,2.963824864971181,-1.4904890479769778e-05
2.9740428051692613,27.046496261922773,30.437120871694887,28.10763321124237,2.696586776410002,-1.4751023967109315e-05
2.961301762913812,25.823982789516325,30.823880115716605,29.048328390997117,2.988314166491725,-1.4598760950264472e-05
3.0509290049587556,26.66634786379135,29.53085115325649,32.30215484691871,3.139521471492912,-1.4448075018492679e-05
2.8208859506877677,29.741346101297122,29.903521380201756,27.676829621952315,3.117109450400385,-1.4298939666457539e-05
3.1767144894435355,26.977631121165615,30.38638570558167,30.71629440793367,2.9896212354675074,-1.4151330817501286e-05
2.9723059224060355,25.006348515650544,29.863451757257465,31.054255957813123,2.8572463681995526,-1.400522855051736e-05
2.9533677134707994,27.779357151968807,30.24888400483825,28.53230674658754,2.6586125295047265,-1.3860617797068948e-05
2.9551597498496536,26.104143500830332,27.521809628555275,30.41660778341291,3.006874309202173,-1.3717487709952486e-05
2.799055460502881,26.752642977984195,30.60277903682469,28.415368265911205,3.020344774776124,-1.357583013084094e-05
3.022352739275274,26.522795211597277,29.857319279094547,30.13391498089066,3.043876445388943,-1.3435637693148841e-05
3.0262102227972623,26.436534236912536,29.05725007885795,28.79393522539131,2.713947008225369,-1.3296901730909258e-05
2.983806944305142,25.830563827087108,30.318934001957903,29.27827105661164,3.0842113083481135,-1.3159610965052581e-05
3.2109169014587837,26.812249434070484,29.51764083074115,30.51092668798317,3.0370838810712746,-1.3023750766098064e-05
2.9960121293879745,26.50283288148489,30.637737633726235,29.210814963333366,3.0486150056860066,-1.2889303430341144e-05
3.1698126535391444,27.86759780856606,28.547474714809482,28.831887140433622,2.996723755308447,-1.2756249202757726e-05
3.0921410858401623,26.12908669685064,29.25647679704341,26.145933896440603,2.9748142497448526,-1.2624567817377633e-05
2.9402721840254173,26.70157134552864,28.107293912717946,28.790173696356327,3.0243695682467915,-1.2494239914366076e-05
3.0423503631815074,26.923056192872526,27.283575136502417,29.655020466658208,2.9956592855584843,-1.2365248260955971e-05
3.027841810152808,27.402211360064957,29.646708121677058,31.41834481791416,2.9773138287134873,-1.2237578376365186e-05
3.001108581629183,27.685483062655976,30.229876870133143,30.092854889373257,2.95316888600132,-1.2111218410896162e-05
2.9792182311454827,26.584848411878422,29.482401733854104,28.78900900925959,2.9942116646114707,-1.1986158512809907e-05
3.0599158553836747,28.489087137150086,28.492029223451322,27.961801310384814,3.0629946770078655,-1.1862389673471156e-05
2.9249961565881772,26.893030825992472,27.622855880024755,28.361869440483748,3.1851324072711624,-1.1739902664664846e-05
3.260277637615778,25.548498353213876,27.39247593228008,27.54320252232188,2.8928319929212147,-1.1618686983668778e-05
3.1047902445856645,25.87729715574039,27.236654314321306,28.547166913098764,2.932992907703742,-1.1498730417404244e-05
2.9642315006852216,26.177320639732905,26.37295296244005,28.393936978815212,2.9976112729016378,-1.1380018911681203e-05
2.985099315055771,24.920980231182725,28.54362675695041,28.34342976060307,3.039035863849129,-1.1262537049246955e-05
2.9271702298727678,27.419928234433165,25.613084162966253,27.0725470838121,2.7859865923064264,-1.1146268859689833e-05
3.080669220592609,26.617054880231333,25.771794263301004,27.474395683627296,3.07151269995345,-1.1031198644344797e-05
3.187957298718082,27.505124057892182,28.96700055364101,27.824214632116586,2.9278283703974415,-1.0917311681354646e-05
3.1618667481584812,27.321428447807577,26.1651183231297,27.934463023067323,2.88135107539704,-1.080459483011851e-05
3.0597680695940204,25.418937532650315,26.46566604734611,27.312083683043237,2.771740444178672,-1.0693036543517225e-05
3.018796454662532,27.274899886597236,25.559156498623246,27.710075599832372,3.0356465135147785,-1.0582626637812393e-05
2.9443598983262262,26.32873335527546,26.910717384445743,25.654272674659005,3.137480186281974,-1.0473355631733991e-05
3.0093299032761833,26.561020784332744,29.504144378841268,27.702590184169303,2.9964917451022868,-1.0365214249778712e-05
3.121534373805723,25.924183921937058,26.869540486510928,27.513439254524183,3.0486370352353003,-1.0258192760898149e-05
3.0501676415996526,23.81143969255172,25.016763109522188,27.44879316112006,3.0914214557206114,-1.015228047172971e-05
2.851583742316168,25.00108300785946,25.38717953003809,27.133184678590236,2.9493796024742984,-1.0047465733727457e-05
2.9261110179911505,28.710219306485158,26.55344792455224,27.13857280826175,3.098453352246797,-9.943736069646345e-06
3.2421616791832606,28.142303436652277,27.161675674996278,28.204908773909345,3.3259782660671187,-9.841078509915436e-06
3.0511385091255687,27.376716417557848,26.271777965808994,25.167624786640673,3.1605012672554693,-9.739480051663403e-06
2.916993949561418,27.306918347474273,25.802421011049464,24.113289124362467,3.1547462411207836,-9.638928244068112e-06
2.954544052440248,26.643196324392004,24.324462212342855,25.490549122596,3.224201303062559,-9.539411438568475e-06
2.8347900644338173,25.556384471173423,25.736647173421527,28.21119501476859,3.119323272079274,-9.440918963403987e-06
3.199931401039523,25.892652438988367,26.47732755502528,26.611759988060985,3.05797998450104,-9.343440977024636e-06
2.827725396694222,25.201499034744216,25.847924994201925,26.93138940586943,2.814407373242323,-9.246968299768879e-06
3.185085058070367,27.00604364414872,25.450995210141155,25.50110084491136,3.0344289422210755,-9.151492010227306e-06
3.2338989250349077,24.870335717914834,24.80886886757776,26.39610440542203,2.953021294018948,-9.057003050592788e-06
2.7174823840458306,23.925942952259312,24.965460073772743,25.708060747291356,2.9178938163926413,-8.963491949103938e-06
3.0665984917400353,25.587613476392026,24.50961669184377,24.033101328446612,2.883145180507558,-8.870948731804357e-06
2.7870642608043186,25.792896055094626,21.809507640678707,26.12269455295393,3.031531881673522,-8.779362930887005e-06
3.0582249277635176,23.563708832925357,24.318014445785906,23.79498932116342,3.036128405263115,-8.688723741385277e-06
3.1870413945620144,25.351050472029943,25.32153321180316,26.52418586739525,3.1659193602905593,-8.5990202721061e-06
3.074417345066925,24.067438795067464,25.319530967641747,26.07446356221721,2.82270533295293,-8.510241939233001e-06
3.0619974388473508,24.684644796660944,24.50531140618045,24.916423501815544,2.9839899970799215,-8.422378564511836e-06
3.1418034190901736,24.06274646731661,23.812546746265387,24.668389619083605,2.867506147433328,-8.335420464392091e-06
2.6932218397508434,24.836764258810703,26.876482216980865,22.558764495949948,3.093312688348597,-8.24935861603566e-06
2.9354026458721685,23.36626541547016,25.87021570945509,25.341950316547752,3.1630988326445015,-8.164184393770122e-06
2.9509849949686533,25.65040363366058,26.307126885510698,24.689019176023198,3.0349973467238196,-8.079889475103328e-06
3.0029732451369875,24.694587231701746,24.58910491186086,23.766908993775125,3.032104596438831,-7.996465514099835e-06
3.123039885358649,23.93019038187141,24.448763269276025,23.499493519949514,3.1061128262005893,-7.913904083184222e-06
2.9292721488278235,23.063348789223404,24.74616433278816,24.80649931815173,3.0057602377012183,-7.832196471651518e-06
3.101333146709676,23.1422176502717,23.066365461096495,23.943850018483314,3.144729867100334,-7.751333704801118e-06
2.817915558926151,22.07405744940523,24.61251132015096,22.47220889448356,3.0276035744432095,-7.671306594441153e-06
3.1320832728675083,23.8372318756731,23.897897226544682,22.919889466729607,2.911811404243254,-7.592105913201364e-06
3.071709247225576,23.705547591677636,23.948556827559447,24.155313666610287,2.6934965498826697,-7.51372253635536e-06
2.9660522323389915,24.46790486483815,23.564760636894363,24.572483044146765,3.077866840882445,-7.436147573895677e-06
3.193899507548482,22.646379407087306,25.120584320204646,22.253309126382582,2.826015665959224,-7.3593724847632766e-06
3.227293305125676,25.07181790730676,23.367920792065814,24.82263072813769,3.0020382904109404,-7.283389111116405e-06
3.0331417990202443,22.642086147359063,23.104132270363888,22.935005536557316,2.964519829990846,-7.208189569240064e-06
2.8376011015182234,22.969749159103245,21.85930532349103,24.181481429096472,3.0485191404537755,-7.133766216818855e-06
3.0585258942317104,22.67119551852332,23.011844414538405,22.014181836681395,2.954161378890238,-7.060111508826258e-06
2.7597061938335194,23.116551328348212,22.49085633118559,23.371326457281874,3.038224792653492,-6.987217819998831e-06
3.0334075009519763,23.909795068258184,20.531099564615445,23.673359809918963,3.082076223429461,-6.915077491054459e-06
3.0021415856509264,21.692874599549363,22.53780063968758,22.942083527602655,2.9964779758023505,-6.843682728160447e-06
2.9608366677737323,23.997581550196127,23.67779472292906,21.264339484398118,3.03302401443058,-6.773025622511938e-06
2.9117705741248057,22.007662448276506,23.685654455375243,21.802201395170066,2.798557932674502,-6.703098275576618e-06
2.821250390399872,22.142397754698305,22.72526574805219,22.398701159568276,3.1287821907130695,-6.633892801851537e-06
2.8080204168328273,22.010966620797348,23.556856150692745,22.59968740082293,3.063200918486605,-6.565401454035129e-06
3.036807499725468,21.37536830761351,23.35130549400575,22.4288026736302,3.2474670606679545,-6.4976166804740155e-06
3.0081167386067715,20.469523860032147,21.989933476697136,23.11361664275606,2.9338261907738232,-6.430531167266046e-06
2.8860380824168557,21.375129887717172,21.80152495799336,22.739103208500364,2.982465357353355,-6.36413784591741e-06
3.1360802095691334,21.946441842216668,23.034283839174226,21.83198360296072,3.217694299462308,-6.298429766320986e-06
3.072557736701093,20.93170950703776,22.03845887836238,21.485483581134467,2.790986985261535,-6.233400118335448e-06
3.0811194308528775,22.2482237314585,20.771870280380767,21.330729737491094,2.8263912625541385,-6.1690421537044e-06
3.0449345087252495,20.574042839508717,22.328689384850737,21.87789641825536,2.9060747405266527,-6.105349058182342e-06
3.132586735184557,21.461166294579762,22.393104215902476,22.942117852764174,2.7460660281497753,-6.042314027569838e-06
2.906736875335095,19.96409539323809,23.101447371262452,20.907315219349044,2.9242691386485964,-5.9799301761266826e-06
2.9938352835128845,22.719570425887113,21.190155813680725,21.76947995436336,3.0124494217807336,-5.918190608571841e-06
2.9343498788392264,22.06470696848577,21.051182073565528,21.56618875394988,2.9637818270967045,-5.8570885063428135e-06
2.851603505281992,21.346536194598766,21.6888714746315,21.862428201268195,3.013629066165327,-5.796617063945065e-06
2.948066329823641,21.45133989891808,21.665540830361824,20.89565719215671,3.0377150240043496,-5.736769643939818e-06
3.231706235141193,20.62467183613231,20.908913702949572,19.327142385403018,3.027934849002943,-5.677539798571401e-06
2.6907351400584525,19.14999959138149,19.355130619512163,21.22882221739634,3.0622557555492165,-5.618921196674664e-06
2.794702737723154,20.103956784315994,19.55777569599061,20.76430138979179,3.035623601133072,-5.560907626616198e-06
3.094387230943783,22.62888263452922,20.37412872538277,19.909923883622298,2.9989457926837964,-5.503493002150503e-06
3.1581326246916497,21.21447165039451,20.40119398248308,22.02162488090528,2.9412362087944937,-5.446671284596047e-06
3.339365894659865,19.699486358294067,20.48219352890213,21.84057538669806,3.0692179378485283,-5.390436419697697e-06
2.8627748949708183,19.632500502928394,21.756087133560023,20.856377318152877,3.0015165002130177,-5.334782413187626e-06
3.013601759373372,19.97024283211396,20.786012006430486,19.318924537650858,2.7825178878041537,-5.279703234082409e-06
3.088282087138917,19.301112342613855,21.738128546778448,19.104487551793113,3.103206159410629,-5.225192870226736e-06
3.108824413287566,20.23759473719612,20.044563780199553,21.382465752785745,2.9501385860220153,-5.171245344956527e-06
2.7733814796330685,20.988106075626096,20.71009210476298,20.899575446420652,2.9753834547855686,-5.117854746966863e-06
3.3153397695216915,20.848605953555154,18.26871005463134,20.445602354528756,3.210230209029139,-5.065015229324762e-06
3.114981615513066,21.130602276798736,20.284609085271605,20.6786864544016,2.977176235994347,-5.012721078806207e-06
2.89415948915227,18.722688068702183,19.48935261759715,21.55177240385884,2.9697545821093114,-4.960966667064061e-06
2.8720562412158324,19.1769794746484,18.698940096140888,18.825641766644107,3.0771274975132625,-4.909746475768838e-06
3.119880216729601,20.261907006034996,20.40890616535096,20.919299860142047,3.1762061769204903,-4.85905505441294e-06
3.0345952567703613,19.40129542910326,20.415169968647838,18.198542587811197,3.1035771832923906,-4.808887022573327e-06
2.9837966142323147,17.673654298182853,18.66933961425896,18.268425168703377,2.9451394203724295,-4.759237070590319e-06
3.072458397583285,18.17802803966789,20.848698848043913,19.245509487877435,2.9154248008601176,-4.7100998752166495e-06
2.988190042648968,19.046263685587867,19.684478090924237,19.13831433383511,3.1242216766155697,-4.66147013897157e-06
3.0388531056796575,18.542017641045177,19.199529096584364,18.510791440435998,3.1605168591759445,-4.613342591999484e-06
3.0982501606639112,19.938849568950193,18.621193858235685,18.41930504585739,2.8976587265137,-4.565711997601339e-06
3.0540886182012112,19.057781847046154,19.352542600994546,18.64043988914688,3.2334662655382833,-4.518573148920239e-06
3.066524149021727,18.103409524712916,19.714228947957764,18.196333785487326,3.0540181606570913,-4.471920922658924e-06
2.88079074286687,17.232724606497158,18.41754713828579,19.585611143106473,3.079768464709042,-4.425750250430819e-06
3.170123234941816,19.147554245972096,19.146968208869747,16.277847653438766,2.8096445384446644,-4.38005616487714e-06
3.003708711250273,17.78397049392837,17.788997382168073,18.956967190508564,2.92116948286201,-4.334833748842639e-06
2.908617418823149,18.832668476509244,19.530920867529893,17.78427842220801,3.0369524444217824,-4.290078199709108e-06
2.8226834293491874,18.5790573258641,18.68183735945623,18.20974539567762,3.0571158254416333,-4.245784729324257e-06
3.197284495612145,17.447348516635333,18.125651657794936,18.139250088013714,3.012284735663676,-4.20194862350876e-06
2.94380474487539,17.611195827665693,17.968154793508813,18.226987205708568,2.9197175886755473,-4.158565200222775e-06
2.9027876377742206,18.953311625968702,19.892668004718573,17.251208827799093,3.0348594293546625,-4.1156297621993155e-06
2.9340468288505566,17.97735679797983,18.42674036356418,17.61842723425947,2.900819983568593,-4.0731376871840315e-06
2.886604053766727,18.202604173109535,17.858042209509694,17.836955792033876,3.1694362230782875,-4.031084370452568e-06
3.02194816947074,16.820223116955052,17.991715863765847,17.4522626989733,2.9910916145583353,-3.989465262277562e-06
2.9201636631758414,17.231592412198374,18.433462345377166,17.716620482897856,3.086722415426721,-3.9482757995879475e-06
2.96452929316383,17.52171191853931,17.980409297677443,17.060464501895503,3.2839977733307193,-3.90751155457593e-06
2.9046009931259884,16.43975168471912,16.52877468375746,15.435849787299176,2.940729907805835,-3.867168105196099e-06
2.8686920696099403,18.1083650101351,17.64914886324895,18.081107804306676,3.1558391623944337,-3.827241115686345e-06
3.0822138677192545,17.823806136906697,15.87913999483557,17.77575995306067,3.0636499655848386,-3.7877263109861434e-06
2.9410048523298875,17.12409077705567,18.05094014396601,17.034328353940772,2.8018314808572917,-3.748619498904834e-06
3.209342942567393,16.70053955496721,17.242617535979868,16.676457044476127,3.065975834908952,-3.7099164623747236e-06
2.919656054319499,16.417831109736678,16.616988192953034,16.937450308883108,2.945539758257803,-3.6716130514719982e-06
2.780696055443487,16.86056818902202,17.056893150050286,17.07759934420653,2.939572865268484,-3.6337051712326e-06
3.058424668745239,16.03062711366082,16.858121939434678,16.108384871674627,2.979636386585977,-3.5961887332328003e-06
3.0213998277460554,17.01941530551786,16.668727826922524,16.630397497049152,3.24805531496767,-3.5590596808537633e-06
2.9824778220748147,15.757585932202026,17.131998143782543,16.71778745225381,3.0213930022610387,-3.5223139719919214e-06
2.9284311807196013,15.594802875482818,16.396706570282188,16.77300022677137,2.9689022118688806,-3.4859476385314752e-06
3.0739278681308027,17.25445593654809,16.592315290626374,16.80229310373738,2.8990459833380764,-3.449956724605357e-06
3.2135878289252893,16.537777929142525,15.585577883838964,15.812814483224432,3.0467627849479624,-3.4143373227853115e-06
2.9645973566774764,14.566507501077709,16.77383737130244,15.703752766811565,2.9868234044559205,-3.3790856545721075e-06
3.08768935720021,15.652806331792304,15.62818672840047,15.944166527960714,3.044715577880627,-3.3441979353810275e-06
2.7845232633765726,14.606792816202884,14.600225923695113,15.911659504502634,2.917855426125495,-3.309670418592104e-06
3.163917348606396,15.98227283346282,14.57225568200834,16.24660941801343,2.962095806996107,-3.275499393843787e-06
3.2760874197397243,15.317512478677106,16.092317284973372,16.089377292697634,3.0508112782333336,-3.2416811715996525e-06
3.027878195447276,14.993105159359756,15.315429865863498,15.192775915911525,2.8820038471339307,-3.2082121481516e-06
2.924152579179555,15.072612445717024,14.809976979931974,16.6314707333981,2.86805979528444,-3.1750887057496317e-06
3.1284889593688594,14.995031281237225,15.7828675669735,15.883526679972984,3.100866573194129,-3.1423072771429732e-06
3.173213136971655,16.278858083441452,15.313200808421099,14.967676495568288,2.8585423545028115,-3.1098643201782143e-06
2.9338973645677533,15.11234849290132,13.68391046493059,14.872881986085007,2.6720846219574,-3.077756310178752e-06
2.8589432226826696,15.125124043764508,15.275754091346908,15.031903450654408,3.1131020368705435,-3.045979777449018e-06
3.249655225772955,14.846111233113646,15.612594586900084,15.138050149455504,3.0729813100128407,-3.0145313135519462e-06
2.9076106533386605,14.944712048380469,14.917312829372598,15.118302516750767,2.996343721689311,-2.983407513506624e-06
2.9868427092844225,14.598760178482058,14.381778731268716,14.96232444209558,3.100510071806362,-2.9526050479759714e-06
2.9836847969438907,14.676954122757175,14.437384404270041,14.020140749040637,2.852548375628163,-2.9221205754994646e-06
3.1529004091001047,14.509664373615543,14.741482846382233,14.506267720841757,3.046563689966544,-2.8919508405079318e-06
2.982269531608471,14.176808868814598,14.588119341924505,15.081741757178529,3.0543646636959934,-2.862092603252007e-06
3.1187006958149546,14.555845630753693,13.884646763128412,14.11829784804215,3.069066655004737,-2.832542663544863e-06
2.9909149643835073,14.810031445205013,13.224941928716309,13.905338169052094,3.112965838043636,-2.8032978280946314e-06
2.8061223967412894,13.462148417376309,14.04430829548673,14.680917501154397,3.2197793832321686,-2.7743549653635237e-06
2.974927843603765,14.222091489707681,13.958826791524007,14.701583245529495,2.9443995628102932,-2.7457109374709787e-06
2.939785122754235,14.219275013403426,13.35788768888756,13.55881180514619,3.0561473519631717,-2.717362649397796e-06
3.2097212810431484,14.051554053691442,14.08762540481444,14.222205384262141,3.0899868083099684,-2.689307043852179e-06
2.98961635154298,14.666983215541809,13.959427517786096,13.33761521481947,2.8914979573439843,-2.661541109677147e-06
2.861780607366692,13.744266315959754,12.839108055624799,14.0102624367074,3.1689318261988295,-2.634061834634766e-06
2.95225307160712,13.316172492610587,13.57041762744803,14.267887414451133,2.9242051443448425,-2.6068662559008065e-06
3.141249344405194,14.492176664013273,13.49393506163969,13.810552887437332,2.9840482906204127,-2.579951405579956e-06
3.0264440772330476,13.232493199783761,13.078430158114442,13.833566752049835,3.079908756085576,-2.5533144286529557e-06
3.105655228611408,12.869314396455064,13.236053598683517,13.46902882906107,2.895883718427165,-2.526952464172971e-06
2.913782254319619,12.749181581744766,12.818819823825864,12.711152638411864,2.9950211649817735,-2.5008626991528847e-06
3.1348499849392955,14.161014161285136,13.452978451031928,12.481218306225367,3.082325771588244,-2.4750423150982993e-06
3.0457661386900505,12.652006644487942,12.78850617409331,13.838935640438752,2.9809060273824977,-2.4494885416006246e-06
3.0238880903248573,13.382920125162112,12.621574284314578,12.721602907996646,3.178132898032515,-2.4241985928342173e-06
3.1812579255901907,12.078482491791481,12.102138082272841,13.268129157086602,3.0095325029165965,-2.3991697579291042e-06
2.920898434610297,12.706985217900566,12.000601439482455,13.401163808969194,2.974066315549946,-2.374399353475814e-06
2.7137407985224256,12.652025858207958,11.816260894604833,12.372726937914063,3.0114104511927313,-2.349884704303024e-06
2.9416759039113747,11.447234894085948,12.90710396495505,13.019250087709324,3.040085240198092,-2.3256231377108565e-06
2.8948604388840393,13.090872262698042,12.191245311583751,11.64393196666647,2.8986164399565073,-2.3016120364526592e-06
3.075903023603713,11.551156312892822,12.12597553614776,12.053319512571468,3.075396446624709,-2.2778488347343402e-06
2.9529161420526613,11.93152863448283,11.56928819652738,11.785785665305715,3.030617155459413,-2.2543310020927727e-06
3.1592503600398394,11.436281945778495,11.144358323707696,11.082707285098447,3.051215362752668,-2.2310559639523286e-06
2.914407293463876,12.570181106450603,12.169450125953892,12.210419735173826,2.777422200879993,-2.2080212220320144e-06
3.0991711145113356,11.35918373663589,12.36284220675022,11.909695629594593,3.22524983478766,-2.185224315860625e-06
2.854881375483738,11.964577808804284,11.673424173271824,11.707681759730162,3.030506076099649,-2.1626627714408944e-06
3.1523013723800655,12.16963664130679,12.15917097314423,11.904012225119333,3.437352777179567,-2.1403341604557316e-06
3.194970423811355,12.119678530084462,11.417056961528193,10.990512633274655,4.062185894125962,-2.118236093161093e-06
3.0183250841802054,11.676564558540354,12.004058337706725,11.620719725649176,5.287740057268365,-2.0963661913848484e-06
2.9928890686179015,11.116452693806432,11.027705695368946,11.01850469168884,6.027868331835785,-2.0747220754526446e-06
2.9113765115700136,11.795936849239832,11.867566966787518,11.931478493555204,6.792108791919295,-2.0533014249250493e-06
2.816830238098987,10.815834759493217,11.729302057991866,11.600047859143785,7.990081470042794,-2.0321019222117104e-06
3.067828548580491,11.259279220152427,11.063146779315778,10.982153833550754,8.038144647994399,-2.0111213102625884e-06
2.774828732607893,10.758316657746267,10.97627222368128,10.882515579783094,9.38806624215141,-1.990357325320743e-06
2.8190523031295527,10.869739683172055,10.271456703364688,10.52431253948646,10.0603469752758,-1.9698077264861593e-06
2.865998729372855,10.7605700671733,11.120803868636083,10.521661385066258,10.911373602088583,-1.949470299611095e-06
3.165699072075969,10.17559695156522,10.381449858382567,10.199004272800268,11.785441459806858,-1.929342853494889e-06
3.0128897885567687,10.798697447182558,9.866496178554922,10.141485134018732,12.880297908606757,-1.9094231988472053e-06
2.9733351883275625,11.067102465537058,9.998153975840152,9.616901311079552,13.199449844770713,-1.889709196688795e-06
2.9414255095669875,10.419584796967236,11.516215256176144,10.040052831200983,13.74700922059192,-1.8701987231337372e-06
3.0365979745077722,9.833428671121746,9.777000848055042,10.07267338676983,16.16042545747398,-1.850889688666904e-06
3.0277411361669633,9.884553878507983,10.376674182019165,10.28592626044225,16.064521718684407,-1.83177998424161e-06
2.9426522349565736,10.15926977238073,10.67481355456534,10.287749425025325,17.434396435532427,-1.812867599401485e-06
3.036996077855969,9.795428574996276,9.876435319116704,10.049080238834414,19.14081735763721,-1.7941504886078644e-06
3.0150095899900013,10.010383363213466,10.103967081177007,9.904076232484206,19.123823878137543,-1.775626635587788e-06
2.834405435910464,10.464508171947285,9.660400474503488,10.308285682463216,19.701809953947716,-1.7572940378218074e-06
2.9583977993441386,9.55821139420682,10.070690225106743,10.273108467385327,20.269998481280407,-1.73915073173312e-06
2.822535944470342,9.44304632640175,9.689534116260756,9.644812558102688,21.397919570607755,-1.7211947455325218e-06
3.0872824902056477,9.14286482096254,9.261636277556331,9.627377749849487,22.709940844618636,-1.7034241248622841e-06
2.7576456663591973,9.69601635038976,9.420065556424607,10.15652376594813,24.753571172086538,-1.68583698525351e-06
2.86238865329971,9.278055717946666,9.217849832661393,9.351808486094761,24.3407636567866,-1.668431413465961e-06
3.0593696150850476,8.913959599679293,8.478937495081565,8.902856539736844,26.119360634958294,-1.651205537365987e-06
3.0567942067038363,9.127038300974348,9.156991573358825,8.955036742552425,28.23653097741584,-1.6341575070995133e-06
3.0932152741586956,8.475143940400452,9.196537064124005,8.66452823569127,39.266000754688164,0.19354195570969324
3.1754830514480474,8.661674340648487,8.816435903437672,8.896518398683325,44.14695132699681,0.5966359561550263
2.966993183329733,8.153028572747612,8.058813651588713,9.448472695005085,25.517162434804835,1.0651826915916593
3.0341596948303637,8.876698024164563,8.786958410635846,9.625511842590887,22.995955036407015,1.4700890617669424
3.2096611361102214,8.170300894388896,8.954086602327358,9.297752932773935,19.59404983784387,1.5
3.3894542091453355,8.472648620942099,9.349026547211336,8.94609139650336,16.78893287815339,1.5
3.1947459185019302,8.080147250297864,7.894153839403242,8.490905346043016,13.959940101262388,1.5
3.310186468535503,8.113118413080048,8.521553752300429,8.457896902216698,13.542001678623507,1.5
3.583140281165523,7.703340400233343,8.73703088454795,9.060215980103447,11.16474694707799,1.3658333301759173
3.7698398083139657,7.610393926438498,7.6183072155446006,8.812291813727779,10.971257540130276,0.9946229018898933
3.972592458190073,7.608046383227299,8.07667343907008,8.42728122530094,10.844813702524798,0.6414022004165568
3.6591528982509507,7.058261281630363,8.39778529140241,8.883680830892578,10.894399201294446,0.39383019735934804
3.979085519266466,7.248143255103942,7.97561699654889,8.918113618967128,11.181502577806253,0.30409475087526683
4.044547390716371,7.016391480081275,7.793612407969821,8.382258454623656,10.210750875260803,0.3806581225975447
3.835741159069091,7.082129063275274,7.531023876806223,9.244901459194763,10.931715048632375,0.5904544905309868
4.06215881042941,6.36256354236935,7.8829106669277005,7.846265424112574,10.473615468532984,0.8707346811671823
4.050608918749525,7.142274542897509,7.048649518265266,8.113070888031482,10.233592642938156,1.1470297952047557
4.491359139297739,6.682401714282487,7.75213453900297,8.628561072978714,9.566145973897328,1.3523622328802862
4.572768413657595,6.245247944558967,7.672821785961498,8.780849794592344,9.313997830009518,1.4429153653986162
4.694550525771903,6.219422509626553,7.55807885862922,9.038784706165131,8.803837284843757,1.406665425557122
4.705946375889499,6.697757161194634,7.513358460550362,8.83356105441376,8.540405674019869,1.2635128304429748
5.001606059422399,6.0729567529632975,8.056259539978402,8.6696730071241,7.636119798892123,1.0576425861413221
5.019869754341768,6.186732203055338,7.574235488525825,8.348290643627838,8.277745413084686,0.8446528609935982
5.1064637469619,5.740527551405688,7.175411412706992,8.23675436417645,8.04195385311435,0.6770288845431217
4.9153785901646945,5.811380388777622,7.662915320911454,8.12613849989109,8.167402609581291,0.5916316203871125
5.149162418780037,5.977750809975698,7.1282521024180845,8.293631085750993,7.472129142334188,0.6020726102127876
5.375245644524253,5.788489636333972,7.37439386382443,8.578819581480866,7.952441784772928,0.6974168075359688
5.378550408841615,5.860632308996517,7.2508726391889295,8.81817950273687,7.500582077491645,0.8469879047917624
5.5465374582461715,5.61850226428347,7.090968265430751,8.153309285261155,7.556363933411507,1.0095739896847753
5.921123963944601,5.535214539596258,6.946735840293308,8.793681702658724,7.320827534533942,1.1443983207185968
5.731604250062835,5.43014749841827,6.732923136942408,9.132428217407424,7.200816505400868,1.2210190768931946
6.402738327277867,5.635764774912488,7.318024731288534,8.110139325678503,6.4917755264478725,1.2258378551981919
6.618155906121745,5.6532829964751095,6.709732238654024,8.31651152971377,6.4626564510752145,1.1639333744731042
6.790017274710011,5.060669218306436,7.022582059424918,8.618480741556413,6.46900198814109,1.0561892139277058
6.621831997548707,5.39730843339203,6.438325006663664,9.026739326185675,6.541135632219078,0.932828490231763
7.007409543726287,4.939876752176906,7.1759800184880405,8.446321293645738,6.223331918545536,0.8252405640518126
6.281460153635036,5.075608734868745,6.683721428088024,9.179958754351773,5.850302940752442,0.7582348010656139
6.262035865981485,4.8722124807679394,6.829816204922237,8.74342905436821,6.39247859406474,0.7445692737086438
5.835848573209749,4.752270421110946,6.932035474798494,9.371690335211689,5.6098747787012435,0.7828911574200402
6.0717130544836255,4.5367259606493695,6.585700718264401,8.932322676639922,5.986198247540329,0.8592966639883717
5.415433121673443,4.682240349655069,6.803202524862929,9.887467519801831,6.191950909881517,0.9518161123086797
5.487810239127061,4.942804823010587,6.74749141462867,9.875391915634635,5.998026577549727,1.0364742233546458
5.096037990323271,4.301724228880842,6.862144797720461,8.990876253575014,5.64526888423567,1.0933083993557966
5.230190056705937,4.946652496549345,7.544443058018771,9.07238379757526,5.1126481142479845,1.1108808295303938
4.64884299296519,4.1713887944668455,7.171137288722179,9.614920320607522,5.381368873434806,1.0883178624362875
4.654077591747271,4.568161586196376,7.471250550667425,9.719079734369755,5.21082043099058,1.0345982474426458
4.580081395356977,4.588324936377514,7.260750615878684,10.355665295291072,5.760463441949986,0.9655053714515505
4.478587132809228,4.244280174495312,8.053653217758132,10.169339132492485,5.215481440788541,0.8991893933177342
4.154082002262948,3.881928599005561,7.076870161330962,9.837412528882258,5.286523038315048,0.8515400892865025
4.264713223671518,4.301880864504488,7.2843799856215385,10.278964642146963,5.320623752583396,0.832513062559074
4.212496464438169,4.514085126645843,7.63087243203582,9.697853173618386,5.3187356132182115,0.8442214150367444
3.657419900266784,4.395756448082653,7.599680091581919,10.925119702200638,4.966694933132942,0.8811048875981399
3.9620709223677775,4.247657140586909,7.518953460544312,10.570867407660902,4.971306246708069,0.931954755522771
3.582471211076816,4.136524412612294,7.04395336761615,10.900537380293892,4.931316718461546,0.9831388922737223
3.6352250249003695,4.436102175417349,7.894801640772511,11.582268412256054,5.131713247646637,1.0221354882883689
3.7265503292598314,4.574119494996258,8.211787317916045,11.139986588150633,5.118787030960155,1.040486773332699
3.1722261642541643,4.127823112162236,7.758660271363273,12.637299353351702,4.734728190306707,1.0355038664781826
3.113094101319105,3.975352819632328,8.372145602180918,11.17167364125141,4.900223414119645,1.0104172188661764
3.3848177523454877,4.37637023938803,8.200566773940661,11.83001856195775,4.457423231646752,0.9730724147859022
3.228764373196844,4.183535943893567,8.480958769619503,12.524305431111001,4.718115658710028,0.9336161445362794
2.910247762356051,4.173621427217478,8.644549006708793,13.099649784236238,4.482479911103618,0.9018237947821031
3.107768492299914,4.1603287906828585,8.648243444799117,12.678019610936156,4.361769945656231,0.8847505137124521
3.0474222645436315,4.592629889026089,8.984834243112862,13.299992744238693,4.576306889899357,0.8852496870735969
2.8025334664485513,4.6591406626393,9.076471027487273,13.727581084837038,4.353679293760034,0.9016443527305769
2.6741965919835367,4.692767640468371,8.75599207655016,12.88617016486022,4.262086540000021,0.9285312996482875
2.662561340509584,4.588495460858409,9.826977732092807,13.891881484567214,4.287896824875407,0.9584231037005433
2.7670134291128594,4.664688517582841,9.352174348480519,15.106294768037865,4.059988284546907,0.9837546204702707
2.7341158691653686,4.831303866337567,10.107560224928093,15.10081446893351,4.335853407923989,0.9987329614735412
2.6100167353937467,5.105245112734351,10.043935057166,15.377681231971739,4.1353710898958775,1.0005938396131384
2.356984752547245,5.053554923850298,10.608166230080222,16.230848147564913,4.174293934839188,0.9900102352620919
2.4582935717667596,5.373246510564756,10.964485776221718,15.614952017930591,4.176914538420951,0.9706281034821989
2.6199631829885557,5.328825047755364,11.159931213619954,17.274683457453786,3.746048893481306,0.9479185660835612
2.6670325308934197,5.728801762736184,11.234144160854756,17.446552809019753,3.8427585209258144,0.9276858000134709
2.6001473297643116,5.5579860073721905,11.894842999524565,18.91462757685779,3.997644604634396,0.914624019694279
2.5423175803703066,6.123094910526219,13.221249667146322,19.028220666355644,3.8583351626248685,0.9112707373493638
2.7618491246858,6.225278646018387,13.029546526265316,19.37875530604144,3.7584353715178342,0.9175767782020662
2.355075119357521,6.6046770780596775,13.150222530938445,20.885923054106875,3.6958678652004893,0.9311440797980729
2.473626382841083,6.840876753130121,13.853531530178168,21.864698939735995,3.7823684532074893,0.9480150907898801
2.532637088309717,7.3903805063751795,14.57843080380814,24.713361082332234,3.6626548383919837,0.9637732293865233
2.452864437811376,6.963820509216428,15.871692621045705,24.082862178620335,3.5988651597152956,0.9746590313256689
2.4972890831441705,7.157745003057662,16.89359816148639,25.872003625568397,3.7637753549574104,0.9784286370771735
2.6222605460140036,8.103604081208028,16.27955955348632,27.628322724323876,3.5721550273696656,0.9747680046232399
2.6382173678011895,8.433526826672061,18.19439110658143,29.784479638459132,3.5788423364132425,0.9652008167691687
2.5635107534508137,8.93978372494304,19.85030986042832,29.241204990141522,3.5667393387480804,0.9525567878697336
2.7066806717261453,9.935378823964138,19.649079598221874,31.068875306430893,3.3849832023367283,0.9401682768411936
2.612379795385559,10.91903794443103,23.67468306710284,32.516184519878685,3.430004284444588,0.9310145978771627
2.7362477179583142,11.490935438293956,24.155987549490295,32.4082067949053,3.495743120421926,0.9270270189561846
2.908536681888685,12.258775375409943,26.340854656818305,35.47308227793322,3.6417017139565466,0.9287097414508567
2.7439556896542268,13.095220496121673,25.994144143051933,33.22925547827546,3.413564195217154,0.9351416475508194
2.6404072922017816,14.616221531997356,30.689523174937793,35.063551754964166,3.2439737477806334,0.9443251723166227
2.685237583064183,15.193209384741037,34.063109487344974,36.60002123478465,3.2428099794449254,0.9537669903291098
2.7588929629449583,18.412817991212343,35.631653703508476,32.19477879226846,3.1766350423396323,0.9611287726587839
2.8817689752972564,20.335257017222013,31.960204349763256,34.4176720074382,3.103621778640246,0.9647833276992357
2.756717140863752,23.76761876794072,35.38646923759741,33.56487619024557,3.3178344846112506,0.964148899415588
2.9506360798626305,26.26436154463995,32.156428374705605,33.785352394192344,2.8886288655651304,0.9597395762621779
3.209056664946208,32.68569165742636,32.85398139053881,35.2705291480544,2.883859740902553,0.6911395227211529
3.0427104124782605,32.27520780458847,34.61961869984505,20.71051172239262,2.9587668499242796,0.2483032409914412
2.9408433322704104,33.2398744957718,33.65899249798521,21.146277825532646,3.2704886734022933,-0.22588278788351313
2.9720711428170086,35.10137367630626,32.22012835291153,20.439226346394495,2.8255643980901843,-0.6066832967619148
3.1608070494925453,33.25543225995879,32.319643299671576,31.007790746736074,2.967434427955562,-0.8074465540821726
2.969017150242292,29.52282031379551,32.79448925560531,31.337698392984326,2.8995270457699838,-0.7943931433081264
2.9001034614784493,26.27579431421343,32.90894075995638,31.86927796590224,2.8690354625035543,-0.5892175881699078
2.8978817793030194,21.684785665022797,33.38441275924375,33.854126055253424,3.3200196244153166,-0.25862749064452795
2.9458342745485777,22.08562919930352,33.03147212686965,29.917869767918184,2.9789164198407008,0.1059341202016392
3.089071611530697,22.778540065481376,32.80824732497739,32.46863753168232,3.13394036439399,0.4127396781669669
2.7307497209606586,23.98637706430658,33.90314629816277,32.3306417133257,2.8413561754987904,0.592134912441034
2.8340021626968337,26.483278692381838,31.76632442911116,34.03808850970528,3.118669732451809,0.6115618674234607
2.847956094601677,27.288387374939386,31.563274835726947,31.994423775808933,3.097806155285987,0.4802391081618352
3.2504853338471746,30.42826193436203,31.034925888479997,31.174625374906103,2.9022535102799183,0.24326684502829118
3.034802984761824,31.203633805465348,31.129586877180916,30.593971916848307,2.894806649551883,-0.03248428699036514
3.2329747514915934,32.5625630397624,33.38557886046805,30.5744379050878,3.0099478208858317,-0.2765491086362459
3.3106353973052034,33.443925079208384,31.215827773986938,31.333547642358837,3.006312058941714,-0.43232958445316355
2.9307088388905984,30.28993793624573,31.014232960871738,29.310326809802245,2.965817220471677,-0.469655130558152
2.9903190965438604,26.917022837662067,30.061713074147974,30.909730758600258,3.146720253361647,-0.3898140440668981
3.0920807582133536,25.126195999806498,30.75280916804269,30.943679541865873,3.292358686757117,-0.22249038427480494
2.993640108663787,25.044846837622437,31.818053559565207,31.55939645065126,2.978891864173481,-0.016059052514837503
3.1148551292487325,25.117459104258117,32.559130083780936,30.03703889483261,3.245340644838108,0.17581917779770703
3.2198414008924656,25.269047257201763,30.530178156522638,31.011241076691416,3.2454697589486177,0.30771725005785583
2.9245799311046556,26.53046887866459,30.357513312445683,30.17154081564127,3.146856632728394,0.35277594945596114
3.133940498657689,27.52227482040156,28.016212165281477,29.921275664180392,3.1283051917320264,0.3076163975883733
2.8653596098126797,28.826957096967373,30.527958808205636,32.51995845927391,2.9326512400726523,0.19110961740672672
3.0126135591853274,31.321180791306084,31.645558018988684,31.032640935370292,3.1713763624261353,0.03783949125428746
2.9833616469197524,30.97505840860987,28.982653372486077,31.87941610544591,2.91948200593817,-0.1116864548656505
3.1879986206217628,29.427043037693387,31.4888528790002,28.48828152123158,3.2798840622797503,-0.2214120181479466
3.0016623617904705,30.459243124165056,29.50057521596226,31.044739097285543,3.180798844707427,-0.2681170820303307
3.1190532078312976,28.83563503820742,29.530667317188897,29.72672638685599,2.9774477615272894,-0.2459458556225787
3.0393160345451,27.004287637851174,28.73389549270171,28.154359349304503,2.9686342164736197,-0.16631394999865318
3.013224113052144,27.361054209189312,28.179745573829273,28.531032062857555,2.901331358743372,-0.053620878358548056
2.9344741989209435,26.1384071459719,30.608295564130465,28.536948526045503,3.0897693777751587,0.06182213172870813
3.2490279904349375,25.06242083539824,29.614740949332838,29.134788942449628,3.250881001018365,0.1516846989900613
3.198750404582595,25.35814225081746,28.119442098801173,29.631626430085326,2.8611725203864387,0.19633791658548996
2.7662057015902555,28.20502908583477,29.186642621824713,29.286450785165155,2.9029180851266734,0.18887010012880429
3.234023542668625,27.022816874586734,30.125738605962272,30.66773027073282,3.0463937546335815,0.1356569488986954
3.2514627066563766,30.351240113197584,30.26346936551542,27.697907898878338,2.9802824818375258,0.05364857475238651
2.9978257817949547,29.23428461100687,27.459657488672423,26.68911881959504,3.0584291049300614,-0.03467947035315801
2.870179034262865,29.405006585344072,28.536262214666362,27.865416321333516,2.9658600994839115,-0.10727836813948567
3.1441019978674527,26.935336086779103,31.324671030120257,29.35258135854001,2.9039691340864655,-0.147854044365621
2.953494860714547,26.953760995668453,30.312333608145135,29.50260409582981,3.063372307293503,-0.1493290687421664
3.0505593148215384,26.83807994429081,28.774223975420334,28.535315848802657,3.136299785037567,-0.11475918766095734
3.1036380392036764,25.892223187147458,27.052751537215386,27.668058862569854,3.0498556061672986,-0.05570398191412995
2.965576735103047,27.905131291037485,28.42845144140735,29.23735345359395,3.2259797036839766,0.01132933739048184
2.8733509255050316,27.815659358020863,28.20450994309515,28.579771078814073,2.9705931835352564,0.069335217863328
2.8950279991757153,26.372114250319065,29.700511431592926,30.226989939276,2.9795064976029146,0.10499139305927496
2.8717138547616456,23.585832686534506,28.350255111292697,27.67737164921529,3.234225035928875,0.11157869581851267
3.0933433891710527,25.037555191712404,26.63179873009367,27.82271118997137,3.210426225709652,0.09003886277653367
3.067633107275429,26.552817707448824,28.280904492270277,27.692326002706967,3.0487705206883624,0.048075695738954594
3.0641696195308206,28.515435106107425,26.80584794655909,29.667341763036013,2.9083780208146215,-0.0023106650260365028
3.095845284755859,27.98433496208703,25.29988076354552,27.100486599579703,3.225296797127756,-0.048119387021425285
2.961312078591052,26.84905525371758,26.825161310195007,28.8551509630966,2.9369579633980174,-0.07860000740489573
2.793696856861243,27.404259480270337,25.003108838895663,29.290254334944237,2.9929885660406073,-0.0876717013732649
2.9658555911180433,24.921339622321245,28.324328906482233,29.2682762596042,3.108474412031847,-0.07499477501954956
3.114189959625993,27.846250021603623,26.717642994479718,26.92819752863523,2.8774510724000457,-0.0455514696960477
2.985561424883624,27.46842930515506,28.563947513305514,28.43939833927727,2.918426517425339,-0.007968391053339567
2.9769892205982624,27.208740780308187,28.216098370398907,27.60630456579947,3.0062649772471213,0.0279012260130605
3.0575192913233633,29.398940210638184,26.916799000788288,25.590333042106916,3.1246748290546416,0.053482393023549284
2.8821029191950056,27.696360197722296,25.31200717213013,28.54716544755751,3.308770039007901,0.0634532376489471
3.093381420914218,26.53543415339437,26.218474286531226,28.220863547766214,3.192860556594456,0.05675563909780596
2.9969247362718714,25.117808691370737,25.96554346579416,28.49052621583838,2.854191455595881,0.036479992774545875
2.9649555977994146,25.195010105632626,29.527714167867032,27.09112318911373,2.936029560614114,0.008750561996691386
3.0228210155590247,28.558392842337447,28.56390819724362,25.183746597756922,2.963850343110732,-0.019029985812311315
3.050850586445736,25.902890818072688,27.26941266111733,25.598915645955145,2.9676252770473113,-0.0400936723145475
2.9865192706961383,27.05347093929364,24.849766150982337,25.05022361598391,2.95522304962675,-0.0498986248689426
2.8927245759544578,25.570233948211627,26.251394575119264,24.57020436298565,3.197802953601352,-0.04703968613835134
2.982116439784845,27.3392503601499,27.161720149943886,24.0496771785798,2.720669082038502,-0.03331614578952334
2.7454854938088062,26.84709348759262,26.16133573077857,26.743551997166353,3.020486539072685,-0.01301379297365582
2.9837953363718293,23.796998570019205,25.61274929119169,24.869931036439677,2.984400462803761,0.008355328337996605
3.136819641105299,26.795278156085843,25.678548132624684,25.229655550298425,3.0230683875179376,0.025501393434213933
3.057279194762929,25.49089931718586,24.710960375036674,27.215705473075623,2.949682016821833,0.03462457956276663
3.0119343079517926,27.764180121293847,24.443165361666953,26.468168759418678,3.283517390396117,0.03420945412749744
2.9353843622654785,24.94635041597066,24.24975119456341,26.425476065485324,3.1726029335272585,0.0251940460940456
2.7999390508784883,23.36829848544469,24.368497110598625,26.37046001052732,2.9440564611711513,0.010527120964442117
2.810749262119783,25.275035130243214,26.468187882546523,26.564512927954684,2.936659276218755,-0.005725129698562693
2.8597507789437833,25.1931799484392,24.392168764237567,25.85216881800675,2.9955320997170096,-0.019466221170383324
3.048091535282061,23.374795260026357,24.43280031294873,23.51329508068958,3.02014286945411,-0.027568848419051183
2.8869277889107012,27.171142559942016,24.45162950095348,25.26789070270033,2.9409410787590105,-0.028551153272183466
3.1091208930762297,23.51057745873522,24.184579841601103,25.98273062549509,3.021949017542058,-0.022793478484045206
3.18531607298848,24.670635208587917,25.049129606448936,24.53006080970525,3.009187484539264,-0.012283032858972968
3.199920716712419,24.8147647025556,25.102366250118152,23.815645716961743,3.065478330172166,1.0132862933816787e-05
2.8293622858000487,23.871758995833687,25.01741173315454,25.109351068625017,2.894880211004343,0.010941762821812846
3.2117234787371807,23.944984160140475,25.123483688927962,24.556222196927965,3.1923762377257425,0.01797373684958212
2.887737353216414,25.33906879071318,23.091844829022797,25.71940921952796,2.987583140142618,0.019738703228047695
2.95038545172643,24.722349908548296,22.713988525137793,24.85555240199936,3.0075478416910877,0.01627046352672317
3.128681713627855,24.103616002400795,23.86547689330585,24.57735954351884,2.8199919348931552,0.00887326652191616
2.9893809309345745,22.222008980877664,24.41160015999433,24.285677918267606,2.888815667919237,-0.0003066186714749419
3.0050719778807724,24.48430506474779,23.713316472279878,24.371192682286292,2.7753259008047317,-0.008876773157711206
3.0799434248662654,23.415139266786646,24.250078558843207,24.364683960325753,3.0561413862406863,-0.014802308285470507
3.0764390001021504,23.932237679526217,24.905451155964652,24.519162991350534,3.059597820434509,-0.016869774977954066
3.1216810512422097,23.24278805661951,22.463993271880323,23.83224860089885,2.848806920818326,-0.014910634276494108
3.0059526873860016,24.019141470596473,25.120133929842233,23.851851049087003,3.1639019266384367,-0.009750928448084246
2.8361818692721696,24.17667852611777,23.57725456946814,22.312407009616233,3.035740110854522,-0.002923333584561532
2.8738191440509304,22.596761196701546,22.759778102756545,23.38071875883132,3.057283208531948,0.0037675668881299597
3.0445309917709613,22.002251865690294,22.836308880973014,23.92960685876468,3.2227112694732534,0.008708172326904651
3.183769232961679,22.421429944983178,23.882086006277767,21.673284953124835,2.7417128384179814,0.010851818591812046
3.0446848414452274,23.674193069567536,24.29219453008458,21.5043096759344,3.1565236050347303,0.009923911548516769
3.0132839543814254,25.80469510544104,23.039686503609964,22.957780790135363,3.1461228810325657,0.006421256006914469
2.962571536004689,22.975620798607196,22.12441441294251,22.536198827214058,2.8798259253070237,0.0014237336840111788
3.1457068264291745,22.306061647651017,21.907630247742734,22.209666261852366,2.8514900531611733,-0.0037194407354591624
3.144606529823396,22.893572459843863,20.976345460236395,22.536580057746377,2.963287338380172,-0.007741576332883717
2.8070291774088334,23.037615236398693,23.128630766085408,21.39242048332562,2.8742517470547235,-0.009759524225354222
3.1793615814863183,22.45841018924287,22.333486199826705,24.720394209864583,3.2266742529211854,-0.009455052626917388
3.0773874485567325,22.300426466138408,20.824003982141946,22.874241110416765,3.202564156337446,-0.007102902080089561
3.158147495629039,22.806951222149145,22.355058278542835,22.57045097004858,2.979732688089393,-0.003452096383949708
3.0248359887765726,22.83115021236573,20.837797943282947,22.494412735418763,2.9108773278775493,0.000497781805296586
2.8388333937921817,21.229631961954357,20.055292315628467,20.71553371636982,2.9429617456963064,0.003761728759764272
2.7930955953485848,23.637426696862217,21.9513335278509,23.432528865083846,3.1488974323653114,0.005607732992085829
3.038151663167207,21.145878253963446,22.62733798707292,21.785559264361087,3.0491165832404072,0.005712785508184058
2.8507293303416907,23.06992841675705,20.958936895226525,22.14548850362888,2.809118089141558,0.004205727209563023
2.801664479509892,22.428407581983755,21.185146804015456,20.968838170641757,2.999712913674862,0.0015963991740510764
3.0665765329539756,21.188542322603965,21.523952084647362,21.472699277779107,3.077212137878006,-0.0013817250745401526
3.0232104701610822,20.239553967026648,22.36047056047477,22.141545136275173,3.1341011892195185,-0.003969569039485121
2.975723503119292,20.63069157050732,20.24243735254623,20.941217582576876,2.988116621666562,-0.0055694022109823195
2.923776277679852,20.77590967268236,21.685225653643545,22.50405556860433,3.0331065278348426,-0.005876185580319619
2.9521484632169708,20.649179832437316,22.466755871021856,21.03127467148228,3.0464878950913303,-0.004926213087416852
2.9689224744918503,22.471546127498648,18.70118298734195,20.84272023794514,3.0161023851934616,-0.003058442296588439
3.007309354180027,21.129982443290885,20.732159239230004,19.896916319510122,2.9877925213473353,-0.0008055561931113247
2.9820383960688455,21.025029971006365,21.16193884679892,20.063561270466135,3.033148815914916,0.0012525927272692865
3.154239192295004,20.18600971727366,20.72725621355454,22.23663718872594,2.996324928805874,0.002634205323965296
2.8385354963431326,20.855264991181727,21.10586766959599,21.184411134933598,3.101326759951459,0.0030642041176536785
2.8225168713502793,20.633088936373348,20.403350892601154,19.762969756741356,2.867018038491324,0.00252309945549804
3.1380301465861815,19.414102874139186,20.471734194362107,17.804534290251144,3.1331331742913844,0.0012293901810668255
2.971911020292923,20.361706915976004,20.9831061944227,20.407302953278414,2.979341836672522,-0.000434408580789991
3.1170860256550763,20.07078760309312,20.18396678916768,20.38039377438424,2.9092652968438393,-0.002029182565125721
2.8634216640500973,21.470513642023885,19.995982241646427,20.83072273825344,2.9252015765570296,-0.003171018335399827
2.9492192828447332,19.814712045210058,21.013867800821313,20.392795059794185,3.0165687929364693,-0.0036197979285181206
3.0189018183671927,20.691805422090475,20.811633832153053,20.52207190624156,3.2704299748760657,-0.003325058337216815
3.267319341574547,19.894643569441893,18.125451405407134,19.740037939871403,2.9506620535546997,-0.0024216922131632497
3.079162425294818,19.153785253438194,19.197598608206903,20.024222043755763,3.0713717800535045,-0.0011809205729568033
2.8726110476258313,20.394675233336464,20.128540422913336,20.026526634079207,3.1591561084083892,6.762248060480675e-05
3.0464109856650357,18.948487219805738,20.286635298462546,20.371904927528032,2.9231355704568887,0.001021208152628384
3.0910823661966935,19.957898468730075,17.923077622689632,19.37542945910868,3.038128295441446,0.0014753262360014997
2.7396084934025526,18.741036242442988,19.85974910019992,19.182881908022228,2.827948359775749,0.001364864393904748
3.0744858434387985,19.772036386846704,18.4740073799605,20.8595030502329,2.8681947418722,0.0007677671652575055
3.0600101702934195,19.759881171377675,19.985534316834045,20.180907407381312,3.005688707921659,-0.0001264358602092172
2.973724231164935,19.288243437217357,18.683609392677074,18.959802613128723,3.2363352021636396,-0.0010725035047810193
2.9689121014667443,19.301249745999893,18.27290686105668,18.333760544941807,3.1065771930759136,-0.0018340289857416545
2.9665179850367247,20.19646815918042,19.155821597375514,17.88540500532188,2.9392605598399535,-0.0022401939119912487
3.0957163180224416,17.935352598330454,19.635396720843943,20.224064427127008,3.128669097636031,-0.0022216011008301243
3.0958418977706215,18.96727315175395,17.36637914153978,17.84908637124378,3.1988678356064693,-0.0018182955934213326
3.086982097349,19.324265993365387,17.362973452061198,18.32674562110184,2.8400720178285583,-0.001160453217256245
2.8399792343128945,18.235064503023867,18.359569663646283,19.551042247000982,3.296689890440689,-0.00042882512900029545
2.90623831337643,17.432592523967838,18.73970278920494,18.931834812389752,3.0030613238838906,0.0001936667500356369
3.085708561922527,19.414541142066007,18.911367037562574,17.743997901850484,2.938777022270761,0.0005666312619097368
2.94526970389936,18.581311611314835,19.226004441870206,18.79021273051069,3.0467100022087132,0.0006226526834548161
3.0857946924896846,18.101346956694798,19.09606828862248,17.62356416803337,3.212130518400625,0.0003773164935782402
2.7787019282452796,18.77688464574019,17.145017399006196,17.944000167671607,2.946543680150414,-8.183849157552295e-05
2.887731915143434,17.789050186051117,17.19463998871117,17.94802908252875,2.871059370695464,-0.0006229111241668642
2.94417722336527,17.970107263566224,16.878575373668433,17.5265061262414,3.02016072244612,-0.0011056120577510704
3.062062478960729,18.296452526746595,16.646649370179556,17.808665652968237,2.954765606932464,-0.0014161343765477985
2.801967084451234,17.718414412780135,17.89841366244043,17.881859393968693,2.9612184840859683,-0.0014925318816195884
2.9989965412595003,16.39562563579107,17.977434468330717,17.649794264094087,3.083825657114978,-0.0013352593361980621
3.2285729778524317,16.582758694604728,16.905117302807344,17.171788227252584,2.8884550098836783,-0.0010016069022907126
2.905521517904154,16.157277441689747,16.950214876271062,17.045725945186998,2.996265997545259,-0.0005867909556814268
3.101500854902718,17.08877926541942,15.68658209919299,15.728745376134581,3.103392099386576,-0.00019746900255461226
3.2744021808939525,17.684616271472176,16.77556441754744,16.650013508638654,2.854202774676247,7.521426759161617e-05
3.1363144919871884,17.410802093689338,16.86986873958371,16.91677094365132,2.8449034481335405,0.00017644992521325434
3.1354020909974953,16.559307161010672,17.037633388666272,16.724639379591856,3.067364393286897,9.792569337747396e-05
2.9431221768035347,16.523907119856187,17.52413251452348,15.562091395427736,2.8713222130651395,-0.00012421570916231487
2.93888245847284,16.864594053593482,15.622993027848901,16.940282999660514,2.8745327069884166,-0.0004220572848647494
3.0830180242908476,16.142836874564004,15.686501318138525,16.136513124536165,3.0395344096841947,-0.0007152118430403234
2.9886412957145567,15.137456808386911,17.03426733047379,15.920577861700451,2.8443113899986097,-0.0009314730843609031
3.0993404847032378,16.300673243032094,17.755046984342215,16.459263172036017,2.962146124394819,-0.0010236707719198763
2.9196977386545044,16.05942094815184,16.423211593619026,16.382906148643997,2.9490775909440594,-0.0009789603259841965
2.96976285694749,15.635877073163222,16.419102450864283,15.914420068587672,3.0511713828926976,-0.0008189476850507921
2.8805004034184503,16.566673316045474,15.927642225597221,16.809970818207695,3.0798366022240615,-0.0005914201806031202
3.041073682705325,16.781858326757902,15.848879696350089,16.814158833917475,3.0503625242154784,-0.00035642936291126605
3.2538926192615216,16.530555670253317,16.0039358122031,15.852995713468312,2.842968049139128,-0.00017060605752566277
3.057566737060197,15.14632246567002,15.355639656867305,15.325382516527249,2.7549134176405743,-7.36789023385847e-05
3.156891863653203,15.542557150878547,15.572878968548405,15.181390002579366,2.8991841699538954,-8.028428287739312e-05
2.8435871933141654,15.795448246281502,16.531594157766406,15.760468143113846,2.9768628588895996,-0.0001785980636297203
3.186418977602725,15.540943734096407,15.627963720662967,15.109699970536047,3.03080933197985,-0.0003355257411684787
3.0154826913815014,14.466908529327528,14.446102456438412,15.061298528444086,3.033677999031484,-0.0005066147635423837
2.994810140583504,15.199719241519952,15.012510074542273,15.506843683700843,3.01001984629569,-0.0006478641998157645
2.8679170067855475,14.584138698806004,16.173219045228514,15.013087926372567,2.9559268209673712,-0.0007263921782433265
3.055958649630129,14.518445161856832,15.193118919777774,15.635886473441634,2.9170991168158684,-0.0007274651624653675
2.9745211771350846,14.818656183511804,13.834693234239113,15.216310331105454,3.017489632861773,-0.0006564966134882364
2.9085622496756405,14.721919749597934,14.798739590731476,15.20291044262782,2.9281852796337366,-0.0005359684383011673
2.877357195902837,15.060072907493797,14.761181536472288,14.119309395906534,3.1123754509410206,-0.0003984681717445693
3.124275537457779,14.853044379064494,15.331720885101396,13.825571360707762,2.854370628121898,-0.00027787574137548923
2.7715176005052764,13.2788576703828,13.840434149648917,13.499095955430246,3.110825074997206,-0.00020100615177809058
3.0622920704492804,13.79525538495682,14.307221231041723,14.181452481050124,3.1389928193893346,-0.00018170187518269282
3.034694742863526,15.388399619493915,13.44310374263328,15.417134844145915,2.930515725125344,-0.00021859834636898972
2.7446398505408105,13.731242231799703,14.687104880588679,15.242473522099413,3.0852539880338976,-0.0002967852162035448
2.98152030951548,13.337051912199202,14.239094953780167,14.04391807674602,2.986052983334406,-0.000392618573993843
2.709803844760186,14.158464670816162,15.471805136774002,14.368961615081345,2.976165458407526,-0.00048023770842081024
2.9691117395548323,12.903312506225948,14.023116183942438,14.303603931400586,2.7432434734426345,-0.0005380516389592952
3.0983836739258983,13.554620357468297,14.350659385122817,13.234972529791296,3.1190416849386047,-0.0005536196494011824
3.0042400480169675,14.636353222812726,13.305155129610691,14.33638654874958,2.8802702048770445,-0.0005258785987213621
3.2117986983399134,13.667928108768532,12.741239653072782,13.16987028023922,3.0253736899204733,-0.00046440695275335863
3.010286038104072,12.724032157833669,14.003805973832026,13.220948302252733,3.0306907659885334,-0.00038616365864980475
2.85990281389175,13.500336407393256,13.037474620790054,13.032199778398871,3.015400418033094,-0.00031071614853206116
2.8531655591494456,12.954968700245816,14.727193658319074,13.79856199065757,2.986379488499112,-0.000255250745986423
2.8809558387337093,13.46017098147129,12.529547586342877,14.99981177726192,2.926393906914756,-0.00023059864740976294
2.963463075293785,13.205619131298592,13.77742345709537,12.546150800175575,2.8866946897152017,-0.00023915572661775122
3.058876342311083,13.10394624997491,12.568571303446433,12.84997275732245,2.9027386446558294,-0.0002750368024755739
3.035642919511448,13.501493368819448,12.684519879524665,12.313886543859581,2.891034979250754,-0.0003262315065776123
2.9936316546474866,12.430186424580505,13.633924639453197,12.47716473627796,3.150572332909395,-0.00037806218008947456
3.1832318747570945,13.280770489363594,13.219070488602013,12.627411262114803,3.0852636693898243,-0.0004169885507926075
2.8336872087895006,13.291495172356406,12.182512878292785,13.100518320088188,2.9240454117376733,-0.0004338030592154773
3.0336486136935554,12.540974247901604,13.170594251091824,12.16366582386678,3.1630202239055443,-0.0004254925601817175
3.2218852176186275,12.186247196478046,12.533354863696548,12.247076292289899,3.01690504070493,-0.0003954299577121101
2.941443807308469,12.019931080613551,13.01192240050813,12.229245230976623,2.9885451722360026,-0.00035199512948520903
3.0214596357837986,13.137743725012157,11.677829830763294,11.785153177430969,3.076144371775423,-0.0003060980233557376
3.1048437136742457,11.872624041236307,12.690703090547323,12.014384006682166,2.904184167991271,-0.0002683026133097507
2.909496281313372,12.042640134584417,11.568296082300034,11.530141462042312,3.0668771242021937,-0.00024628645245681135
2.5957518914581397,11.749855938878346,11.561209331193083,10.815162805716106,3.229297682531451,-0.0002432246708665862
2.936259009452,11.983856874808797,12.280151743392414,12.038259097085058,3.101840932152639,-0.0002574108407113186
3.243800234277952,12.13664789267527,11.592958847606416,11.57033411411385,3.1278090593634884,-0.0002830988460299247
2.9449115573470195,11.808967503423656,11.911139664366887,11.285841450752043,2.991130879554036,-0.00031225416591214376
3.2305244054420807,12.143707226334179,11.818250348790652,12.617060603456228,3.4937659747094463,-0.000336708923725758
3.0157378120645144,10.870367186940175,11.058619715208197,11.591936876838695,4.4747137179684335,-0.00035016100497242534
2.749176390641871,11.330064906678091,11.734206679130635,11.199377685336792,5.269243407138236,-0.00034954441578093304
3.053482298722933,10.972934182465142,10.734188110423764,11.346031425574473,6.151827418851376,-0.0003354923863624869
3.0000003477333363,11.423885650986369,11.26982399040006,11.272805575613576,7.146900884308932,-0.00031185983672726186
2.931663052834187,11.156668815699623,11.079278584691867,10.483965598796447,7.8266470469630445,-0.00028450363133436876
3.192092895237747,11.043147140609008,11.685371931128712,10.987916833614532,9.14901477762164,-0.0002596823117208002
3.0260652360494995,10.870629617508646,11.155651421620899,12.017488032816395,9.597508361533752,-0.00024249797368985947
3.106063159744624,10.219058129322157,10.704679764633966,11.479624465380514,11.265678523851133,-0.00023575575348509524
2.9926809027416605,10.353939454507627,11.05879729568408,11.454634738693652,11.906662997403838,-0.00023948194665765533
2.9050186429553895,11.083134650268079,10.699971489644721,9.96087273246958,12.31627366362208,-0.00025116044480393576
2.98290693475838,9.68619823935221,11.749592613893308,10.805972527482552,12.611302587553544,-0.000266567165154
3.0055712769648486,10.309045989174004,10.39205309239677,9.908422248751053,13.70558736828332,-0.00028094715233800227
2.9018739169828014,10.34439854727684,10.270543386256533,10.57131381349023,15.98721598666842,-0.00029021796593432927
3.109078722492592,10.39122202633801,10.934686826941821,10.523870421509079,16.348511109568157,-0.0002919042277323804
3.1007326073192205,10.288311542416823,9.839685842236886,10.63126645085405,16.751235582384748,-0.0002855994195997416
3.025159161026269,10.148995425263827,10.281355309018428,9.47672548052898,18.381466147205032,-0.00027288388489638834
3.240075962367056,9.982002948301975,10.08630534498552,9.705669723026816,18.90141687677443,-0.0002567665222449636
2.9301033430946704,9.50151745515059,9.552071834832178,9.784612260148771,18.462532333732305,-0.000240827664243757
2.716125956383825,9.610501841187954,9.606621400895161,9.86674316603054,20.448111167615785,-0.00022829783100735296
2.8097064709105437,10.237587696695563,9.478460570936665,9.14785461424519,21.945582002331165,-0.00022130213680343896
3.1657043448165596,9.01237817757215,9.530946412719917,9.887498366609837,22.44909431051266,-0.00022043973301474976
3.136119260397886,9.645740868568888,9.674789924601695,9.038702479766503,23.00336083262585,-0.00022477133726158972
2.985571161361049,9.406285556203555,8.82995116758682,9.324107577332622,22.00780941161416,-0.00023218221057873722
3.0438392131364918,9.205217734145581,8.691641240136725,9.044522759465268,23.923613460915664,-0.000239999437520963
3.089732863883941,9.14395742523294,8.898027166207147,9.227839044832779,26.53402841160297,-0.0002456910724477093
2.9012310119109483,8.66610592245739,8.92099857341021,8.309846065621095,28.54787059797574,-0.00024746986783260114
3.084880758012934,9.611675783824166,8.810604930794705,9.53882684002484,27.35786148421993,0.2622357151263989
2.958529146106418,8.781154102837622,8.744078364473545,8.91246271622122,26.813011588462984,0.7003710067954301
2.981324262231979,9.146276269792198,8.91942278100913,8.339788425288875,24.9604147934563,1.1717565656254247
2.9889482012324398,8.244875347953545,8.817609908477344,8.597229770987742,20.862617007172904,1.5
3.357771934474785,8.292207895923902,9.00700989105241,8.962735982156119,18.23445789605333,1.5
3.271092957398,8.3083993490664,8.81835806624312,8.893524963307026,16.334246443329242,1.5
3.466509018237791,7.865257296496631,8.60915159193104,8.310688691585732,15.018268322161068,1.5
3.604904875001633,7.593030609283119,8.440293862382848,8.630977820190203,11.913603479128488,1.5
3.8549975944006754,8.174641926219685,8.113836672234948,8.944402988878686,11.227213384363306,1.3282036215868442
3.6424617096890564,7.192984109199414,8.303998745227961,9.116276251570254,11.512392578186857,0.9447331940196447
3.9390618294838444,7.742633431305605,7.991605248873582,9.087540681062988,10.7292962524794,0.5923823281984238
3.968715348132636,7.593229416507612,8.094196023912806,8.749093640547128,10.631138455559267,0.3574051731959047
3.841733356702048,7.049985994663741,8.242602839379332,8.5181377412511,11.096886053395615,0.28788375782584114
3.7700592006593356,7.281725935991224,8.145525946863627,8.590709032955111,11.005599411841242,0.3866834863557693
3.8542920219734453,7.190675594215617,7.552034790320201,8.18811105329444,11.347863243448492,0.6151385993358958
4.025915808326875,6.484621777985585,7.628676752256751,7.768221417415908,10.760415707363364,0.9062635311627446
4.32463760607392,6.673706746898717,7.186799566684164,8.307987966353704,10.177479842000633,1.1836314204111171
4.254627296054752,6.799585794720854,7.337659180590552,8.464477343224019,10.151822424288406,1.380861365730171
4.617945909470077,6.2924030609216155,7.299539484401076,8.565399337302177,10.329858647288148,1.4569156585568668
4.486495384101916,6.582696430397553,7.378576793580746,8.523749432763116,8.801480304220505,1.403861597526302
4.5948649143564815,5.935129247493282,7.49375465673367,8.254091183877534,8.922469939960413,1.245892409569808
4.853010113902707,6.1884201446800855,7.187089093216407,8.122081635461125,8.04948282852343,1.0306271113350158
4.966485917944401,6.094496663779042,7.789880891577365,8.377425690511682,7.649523719566409,0.8154796269373707
4.942002333376688,5.876947863716006,7.312003811843728,9.000898538374313,7.49781547776264,0.6528314383828902
5.192929410854497,5.98498099656287,7.645111282411186,8.687075375146065,7.545148302118904,0.5777112615408271
5.671944908579364,5.937887541915409,7.004809608359787,9.170513222143292,7.81960246126927,0.6007655706764339
4.991417729707497,5.692641659740595,7.020048449021962,8.70262756830647,7.297755364993252,0.7077826939033178
5.57598184703558,5.603752181341332,7.018111719149884,8.096894441863721,7.729505007584119,0.8653249185881987
6.09722762348984,5.4304132488668175,6.948124990759077,8.377372330094117,7.315880945784184,1.0305631003803173
5.92482131749796,5.519826586508368,7.274588923115342,8.683694880453148,7.529522247546741,1.162541479176648
5.650608371123388,6.007032712120346,6.414233092980115,9.121539900595026,6.803546976507193,1.231994329543804
6.310151083766794,5.229234575516644,6.991158309790303,8.772548985155193,6.452107931904186,1.227448525881771
6.134966216954142,5.007073648360754,7.12204962690859,8.704830096385317,6.621338982917283,1.1564564985416947
6.630142737113077,5.252819368962356,7.086503265087375,9.253541760865343,6.203258185460102,1.0420917169984816
7.274061533007853,4.832222351167139,7.491495508850145,8.698098059304849,6.6061629591082776,0.9159755582381526
6.920502452691119,5.156212210974252,7.555296931864882,8.910704180409095,6.0770897002205,0.8098327469436541
6.623469589232482,5.1535212171105425,7.287685979569589,9.677880139283722,7.129701484182698,0.747755765602073
5.977364563907536,4.934106148037658,7.380611379640354,9.456124878178908,6.250520194083187,0.740999457873595
5.883798603703187,4.716815964627956,6.934191823157315,9.201001765657958,6.007093085676571,0.7863560885662808
5.545012630684401,5.0794371234341815,6.631212914011227,9.026590730092554,5.9760097144823225,0.8681981797785672
5.609011724262612,4.857708554732832,6.398454228655468,8.807000877512078,5.699155923503433,0.9633724883585124
5.2226480028436155,4.4905346702880955,6.671693273916508,9.755140438626078,6.5459506969159715,1.0475016069894703
5.027138189452859,4.362228634394233,6.844424626993727,8.790959392826146,6.102109926341905,1.1010316955478463
5.157422817707261,4.451739161915363,6.827481541364356,9.380238873589509,5.784138096942125,1.1135737981320013
5.032567210487462,4.213447412463195,7.024840831208986,9.648435844876454,5.440091020763826,1.0856316423350703
4.598850091231766,4.628375588794467,7.3175625160467055,10.18283563840666,4.979271762958062,1.027525826759889
4.463403958778833,4.503221275635667,7.113028575067692,10.387854304347059,5.060023718450295,0.9560225914391529
4.350053470327065,4.406334698806431,7.094051602573882,9.983136815191576,5.134846257637994,0.8896880448411933
3.895556814825914,4.37821273069817,7.818962130185073,11.014613463847367,4.993099655547293,0.8442091069352939
3.9375505286950383,4.439124381147447,7.266816626977844,9.812225340128878,5.208426756849997,0.8288229653169041
3.9511876747504955,4.090011058412461,7.761047630473614,10.619351992816854,5.058822741037574,0.8446286506084644
3.868090676656492,4.061906791679632,7.6978368285512975,10.74127285375505,5.244379793211861,0.8850290787068761
3.765911722477014,4.1870192367572185,7.3345694038616935,10.711273796077718,5.079069224255735,0.9380106594912112
3.8820347109942346,4.004545836504776,7.73079057699981,10.722631795373518,5.006531277697796,0.9895442675068704
3.2264557002314227,4.349314072403556,7.576580463590908,10.330445288124656,5.0622378051615815,1.027180008974618
3.5824224789079118,4.608153814758225,8.01629068274384,11.065698414589146,4.811512357997154,1.0429423470562582
3.501659374001463,4.369319996980102,8.056438683963984,11.378736088415426,4.926539964326946,1.0348815551289652
3.4155419105965326,4.667043158479477,8.86535748847767,12.266096160643798,5.083606171722192,1.007021682129095
3.279437750671909,4.214479930228489,8.463418910389228,11.440464169850479,4.538087607422114,0.9678583724373744
3.161473830070687,4.7941834736178315,8.082939434060808,12.716185361284849,4.4966259681243885,0.9278990973597352
3.1722577011637227,4.798771138736047,7.782846476874907,13.445633314575064,4.566555086454699,0.8969281225296706
2.8060970960590694,4.6466980983771045,8.986376213003625,12.962617582997064,4.392546251250285,0.8816860804896087
2.757545523938965,4.804345849786776,8.166037621610688,13.42647138868086,4.593596978314542,0.8844932474911923
2.9490096202337823,4.474030787433476,9.037189539951825,13.261098238515965,4.178814753911319,0.9030699101103357
2.8926896345724606,4.691653067517849,9.356792999533896,13.838205206611606,4.5086119563303795,0.9314934206356379
2.795519225474094,4.449305142686272,9.00738124922836,14.41199130271122,4.190991832450393,0.9619595359078836
2.801713186335332,4.6110466549407665,9.489187663033576,15.1042750779581,4.415463920501063,0.9868483963377247
2.6535578505654347,4.628285769338189,10.578281428496307,15.266823643774911,4.299370890810663,1.0005649064534756
2.903898654646332,4.9016901468890275,9.569875802057393,16.11393020467073,4.350528502232861,1.0007248090123344
2.7686266058221083,4.599754027405261,11.00320032433659,16.37736046467016,4.014212636516475,0.988454853750727
2.553152615482583,4.860270343191995,11.163597833418605,16.776273569928186,3.9922078329131323,0.9678115510235564
2.54063218909834,5.68039583107325,11.580783279786862,17.188406175521784,4.254884360697218,0.9445371564791578
2.4810873561871407,5.363407540467883,12.209121441608424,17.18663861116667,3.9034154440379285,0.9245136962623641
2.4969775994052754,5.3355322025677125,12.167326220353738,19.13496857150323,4.184748356926838,0.9123178495199162
2.485685309533791,5.859020731086118,11.734364466600042,19.802632079776576,3.5472813733046076,0.9102198811773285
2.4745464733827593,5.807430852913042,13.189568710001637,20.272161550580783,3.7225773075841038,0.9178318246525776
2.493096003520707,6.616460594576574,13.972103982203288,21.536629261027667,3.959077985469195,0.9324340692915163
2.299810466380061,6.838477923118981,13.204973060084289,23.29358063182595,3.6524181283306683,0.9498415992962694
2.379895545665135,7.370026913683951,14.822178086016649,22.165429730312745,3.5740791066257986,0.9655516536637936
2.5139739048484664,7.157289058083602,15.405257787296213,24.31671844066073,3.3662537848357768,0.9758685221537309
2.5762035584550276,7.1495289953821155,16.303381088692287,25.30648088662692,3.663810941983487,0.9787333957425179
2.756807513743817,7.784767705196624,16.55636830370382,26.740327903131316,3.6185533368543985,0.9740829020971735
2.6550550741513637,8.826444232316197,17.937352106915256,29.410216274517094,3.939717936751374,0.9636902239728152
2.733755132981918,8.349185901949197,19.73311334882803,29.069534960804386,3.515218150390308,0.9505727396739697
2.8299899981581977,8.982700600477584,21.928097043621037,31.58073486950252,3.595823552229713,0.9381483266227986
2.693257583005236,9.953269394967556,21.05921216318029,35.621707725840245,3.4341695148752036,0.9293677569392866
2.5815591760814054,11.717795663295492,25.03622719831217,38.019206797452526,3.288992126031024,0.9260366019202887
2.7775069001568595,11.986466971743768,23.992746331843083,39.77889983807923,3.4406288793204998,0.9284753108242962
2.645113513162989,13.21367357536081,29.114435511295913,42.77047324215379,3.0100933355278077,0.9355707918552012
2.6291295207541605,14.081164325382108,31.089862879619147,46.432000234493664,3.414004109086087,0.9451727729452253
2.6395372242493713,15.604658405820809,30.8512060903692,48.90876358693215,3.50632081251472,0.9547082633547782
2.9488908292939415,18.45342048471453,39.34929484970588,44.09506383291027,3.130021075500085,0.9618453384897865
3.075336864264979,21.11483508338761,39.643831269511175,34.71843132555735,3.123216301946824,0.9650402009569159
2.852446563281625,24.535599851153446,48.02485411879158,29.163985192030047,3.1121722959116993,0.9638444377497023
2.973562779967922,28.910466445002722,50.170509958717446,24.426084593734288,2.9409343768877365,0.9414774385488074
2.8299095005863246,32.773420377313265,46.45152231469703,21.677122664014753,3.044036865498613,0.6242457554007952
2.9343240877504275,39.5577032357298,38.10521523197988,19.29125764191029,3.002184858773934,0.1604314528412964
3.0196219072508765,40.66347802950617,38.9925146141692,20.347678099021707,2.9447555348954215,-0.309152013745306
2.9115252351103824,36.64173094654771,42.74070327516904,20.28068670759024,2.94088314192109,-0.6647226217105573
3.0045688868305542,31.715956043109713,45.3176056696155,20.853251797764734,2.863887773114645,-0.8281058589431914
3.146284106134656,26.32452558142437,47.14553045750254,25.682343898367527,3.033720945853495,-0.7758581263014555
3.1138809628117596,23.707583623380888,49.05517879701869,28.597796885837013,3.1319926097455495,-0.5394281693563934
3.072876212237201,21.583036621774376,45.22226143373183,31.82523240171584,2.998470542236712,-0.19245328523644284
2.879206314089744,21.29661955172625,46.92160981269489,34.73936056696656,3.161559506698282,0.17093117971022628
2.862039031470168,23.087357500940854,42.0041830329695,32.51055620103659,3.1560013601757597,0.46081864416490764
2.9983516858343764,23.16977163473431,51.40532782537868,30.653888008995562,3.148716247785314,0.6130483446696076
2.815441467231949,26.72264447173784,53.956598892766145,26.82982126282293,3.277887853220641,0.6025694625418744
3.1210852735065626,31.21650555140185,46.414218456759286,24.37509524608346,3.001589597167549,0.4461183443413247
3.024038197073355,33.33936019662449,48.25825059983667,22.820684346550422,2.981035929320139,0.19449331888868937
3.0333460176611484,34.20850401435215,45.89249589340845,21.122016667359972,3.031325554680479,-0.08278415258814245
3.109894590861903,35.13732613704185,47.69541626254063,22.42987410476635,3.1020409580976196,-0.31602410074816034
3.0409040953942963,30.334069192701385,51.41936652910832,22.651665185022377,2.7742152550875394,-0.45234152274800055
2.877847344989357,27.36689303415136,52.90196188325571,26.261119743342352,2.911605236322604,-0.4670562704103838
2.810876799903483,26.08303856226772,52.18017269958338,28.638517800843125,2.965609818481308,-0.3672331214294359
3.176181608935596,23.963582725554105,49.16676597612866,28.875944176689316,3.251602104382015,-0.18718809421538507
2.9092342936471143,22.97710784635267,46.84500211498271,30.469180217051314,2.9436557067026525,0.02224356666860644
2.871781876732037,23.847700238837497,49.76826377605249,30.90033430799272,3.0070363975220684,0.20752127019082056
3.051689622984658,25.111286064496642,48.956174093732905,27.46799379000239,2.9260757117197334,0.3256638462796818
2.846954784372949,26.32805359423712,55.976103219588296,26.415256909568285,2.991376180805722,0.35378517584608965
3.012238739031375,27.65842043058436,50.42846728436342,27.051908807430607,3.1091471990940094,0.29290639980695027
3.0752677461066,29.80113593289912,50.96194635817189,25.5818070449279,3.0520586674409977,0.1656175024947289
3.01462830752165,29.81722006883823,44.340728288496976,23.361739366410397,2.992969003178415,0.0086948350104544
3.0757809787626904,29.201658906439782,47.51042301780862,24.17828964905481,3.2176092887297485,-0.1370881900754682
3.0645687672261652,29.549959595320164,48.324910309209834,23.703117120205786,3.100257956052343,-0.23723234357852874
3.229823042457412,27.181493081853727,47.655276264607025,26.349869130440293,2.9755905702438796,-0.2713591043431109
3.258975827530717,27.49141165312846,55.00515022901265,25.61402937132348,2.8619488112687224,-0.23693513673890038
2.983811240671318,25.437535503278347,51.66500586768113,27.08010418857361,2.867956635606784,-0.14832887261691718
3.083169294221726,24.824180106611415,51.77736584739413,27.31426037258613,2.780705457724137,-0.031836797886101165
2.6756425481525614,26.409990241811638,50.69966736596734,29.6384677779594,3.3053557376714853,0.08175805068870383
2.8149433330360867,24.145612714701297,49.43677476931437,26.565356553272476,2.8549960137598283,0.1650688793847069
3.1041118837173736,27.07360663721743,53.27903241382547,26.70822346127724,2.9435968850399683,0.2004724273792488
3.1298817548652087,29.286376854138187,54.95074473103061,27.082932907880924,3.0393116031847165,0.18354382892945728
3.1289719401337686,29.18602947595227,51.82298769377532,24.62844606765546,2.9479569168750657,0.12297958358399755
3.092226900106183,27.787554645747292,50.90818401805454,26.745595947123338,2.9460689351585025,0.037334361707350765
2.719785224293589,30.558813638020535,49.732909097081425,23.97786744307776,3.041750463778335,-0.05035581012272797
3.0425749742784056,28.521771008466803,51.13233745652148,25.8287762741235,3.0353088925789558,-0.11857083857002777
3.2638208077067916,29.04672696162618,55.25405917018538,25.289743601616056,2.9071109248104534,-0.15241069846152816
3.1157493209101452,28.229954928890212,50.95486815993477,24.823011262897783,3.069168435922459,-0.14664246461474106
2.8354894335451886,26.783320486691675,52.85656827930885,26.76312544816074,2.81297583614784,-0.1061286347350362
3.071806932107475,26.050772087087328,49.72327654177846,28.315132984430974,2.9260157001568365,-0.04376144094956092
2.734841165257058,25.497063441849466,54.71982747951284,26.52238706480113,2.965665687779767,0.023376194766906895
2.9929369203879763,25.44955229331201,52.30185353753951,27.939055772381874,2.995362713089961,0.0785338752095742
2.9717697727658523,26.771519218064963,50.92356051104696,24.95991135483559,3.062035689241876,0.109340637037644
2.8320650192371444,26.631784315115844,52.20079690397887,27.45370754140938,3.0597845670627675,0.11043242378746335
2.9655088405081598,26.402312587567998,50.670514655435426,24.135857430006716,2.9413154987892924,0.08414484437718762
2.976566004941681,27.19462409341982,52.088006213958245,24.90875052670342,3.105533697983337,0.03927176618156735
3.002528630234893,28.790451822102284,46.869914606062004,25.291192846635166,3.0896546658192783,-0.011639108235671713
2.9209134359585263,29.277536147921474,52.957922012711045,25.604902299539845,2.893153080825262,-0.055667706958834454
3.1990257519620173,27.976215657642054,53.15583562333055,25.800329166615768,2.814387313680686,-0.08269807302976369
2.932587545754872,26.09449884175096,51.37191913368673,26.178045510893806,3.0532707287930685,-0.08763482785238728
2.8071220847521055,29.019296004207156,52.395300312585604,25.63371270178258,3.0914246745061704,-0.0712041916878175
2.8944003650935657,27.074354155668217,55.45599854860622,27.34055454797422,3.006130746706875,-0.039268378638045415
3.0074197920693178,25.930453940387846,51.95681808362999,26.083019270250535,3.185672360847477,-0.0009501502148478256
2.8709760042678214,27.562166938817413,53.51428746908831,26.484593886950332,2.7695154142047866,0.03387210176745023
2.993944614614487,27.88565319071608,54.61672351362365,26.395241826561723,3.262494479611658,0.057034180544316394
3.1556530856442775,26.60488480107447,54.59621574254641,26.388938597189032,3.1915306970858057,0.06392288529993892
3.038868249138566,29.478530171015652,51.65220415379082,24.86392170096908,2.8896390958916545,0.054288161916786745
3.106542573057916,29.481457694509558,47.04946786726161,25.30579703614652,3.0355220315018814,0.031922546890137085
3.056479881418026,27.61948136800863,52.62616467792181,24.881378513167917,2.9831234598662157,0.003384921685986513
2.909577972719723,27.102756562969564,50.60158907158712,26.93821160988317,2.8172785258359045,-0.02383732431062052
2.969295432497969,26.77234106919692,52.613528301110065,26.521481338476978,2.9613135162014244,-0.043231416760486065
3.0542944750209235,28.230433366809027,54.897082162405454,25.359831574100312,3.021176932134581,-0.050758797726649416
2.8664124844028227,28.315667102750343,53.632497090122605,26.35996176930283,3.152118852699486,-0.0456215717938401
3.055799863918009,24.828048687898434,52.82582766490057,27.272707939698673,3.2535335719823224,-0.030173382322362833
2.89574063953936,26.797975966305906,52.479636708655875,26.25109089849935,3.059789537404467,-0.00907119441827589
2.742947860776075,26.93092854613372,54.9512475993882,24.739089657371345,3.106812345616638,0.012059258075971925
2.848174693781599,28.473166693830947,49.272498470437625,24.96236561979734,3.1162490625858736,0.028077103631338914
3.1034261467952744,26.9648286676481,54.40641199559373,26.03096575084473,2.910190528822082,0.03553491120472621
3.0375261010735852,28.2590046123103,57.856707550802426,25.76649772656932,3.2283281600692173,0.03336954518167183
3.114059055043918,26.72635095828462,51.502555473084534,25.904101052730976,3.2103727557860067,0.022952443204300288
3.0367059771944525,29.520310894419346,53.36757260006327,27.80612385578071,3.041328687696701,0.0075430780256827866
2.9420662602712406,28.3736320806527,46.380915453975184,24.90669771799987,2.6817702879674816,-0.008669233566273544
2.9577288964832995,28.16927265406271,52.942449136846875,24.236963853281754,2.944608399245146,-0.021666027101349617
3.060359366691504,26.071459308187887,51.99305277453546,25.369979200922227,2.88330919606993,-0.028562594975794463
3.1245328994672343,27.2074783609035,56.94541402000361,28.894543528911317,3.0601359511764943,-0.028210834284960008
3.064607100557349,26.433165778772636,53.61321470265278,28.128773504904316,3.094431868423884,-0.021326817493954264
3.135376457091321,26.48034142846245,49.76297275869194,26.85164999811365,2.9449154075604325,-0.010153589657267603
2.84421618959331,27.383778040157484,54.690452116434514,27.378300462058927,2.984517976961184,0.002218126174986115
3.189495370661929,23.92127472285814,51.16409357853508,27.553680646587388,2.92073057119072,0.012676114497752357
3.200801903934788,27.60372221430374,51.695252588943724,24.382996616872703,3.1844286601583383,0.018845862292552112
2.905521414524082,28.174080563909087,51.04402284015695,27.506721797567288,2.978231742195274,0.019603879344682797
3.225047179156442,28.42537987064883,50.034132461585244,24.500676679474623,3.031300429507892,0.01524172725950283
2.8254038132787125,28.644628807839382,55.496017595857346,24.54372124957112,2.9008653774699273,0.007271375988924045
2.924622318905247,26.6674125043868,48.094149740932295,26.58766197369175,2.872114713878704,-0.00204939508846264
2.8774004025007893,25.35979155960416,51.93341399824094,26.34000800099047,2.87314386709513,-0.010331592017394036
3.216926822658284,27.951312284440615,54.47483491419398,25.363408727624552,2.8940641832844953,-0.015647805846031544
3.1307155310667105,27.781629484555324,56.12563292112683,25.5273876743846,2.9885652104969154,-0.016960872285225217
3.2154583077802332,25.08752614570526,52.62562463344261,27.381045702842744,3.20956634374122,-0.01429843113105439
2.9173818908761504,27.61351389798933,53.90129126654004,28.340784224715048,2.8273508200082214,-0.00865312087420284
3.176703803359849,27.268222144158543,50.4601870572586,25.912491554535308,3.0101435145404594,-0.0016566782772770975
2.7772834759769642,28.204560123888275,51.54006205572543,25.382737680631685,2.838044692510224,0.004872989626030182
2.7855725049201747,27.446786569581885,51.32411146966876,29.146807854237874,2.9629546049358844,0.009390443118168555
2.890217701337617,26.781220359833217,55.17100329588834,26.59004288604635,3.0622456805702334,0.01097495454872675
3.14869868865232,30.097242287340336,51.51892751676669,25.678769987421703,3.056306490285554,0.00949994646164502
3.0855312554406527,25.124564130653148,53.12500035719955,25.435012769914,3.104189099879484,0.0055943725303251425
2.8764418749435148,29.815805692112207,56.56260148387658,24.404401108482407,3.0806702086097313,0.0004236259425830758
3.069701629843575,26.10372693652508,54.40707507027671,26.836211727546353,3.183055705250764,-0.004640935820256756
3.1897818799124913,26.22067445327726,55.04494508335516,27.612340739797638,2.9500492787466115,-0.008373696517287236
3.0324584736010873,25.064545755383413,56.58217062790307,24.71768070965522,3.0872160384733527,-0.009980278305991623
3.222108251744048,29.351499446107283,55.40880466151085,25.565002444208517,2.8880066022475437,-0.009253146192974728
3.055554104403023,26.697450848021035,55.166836326743535,26.209033555272782,3.0866687013070098,-0.006570810046074474
2.923253665315107,26.08740999334064,52.720566834198955,26.739468648160205,2.8073615574977815,-0.002754490200980396
2.886284292813327,25.156563426207345,52.304291940342594,28.44032452959861,3.021199563146079,0.0011704150860189833
2.801247355134794,26.830775239449842,52.69751188038172,25.59415604340591,3.0432540750682575,0.00424169494523489
3.087884235629606,26.564956180224815,52.568885827836716,26.774279586242912,2.9739044294947936,0.0057889437917918556
2.9331131682634006,28.187077839979157,53.88054245333223,25.781217587156405,2.9839329010482727,0.005571187789477153
2.9754308668045493,27.423671350756276,49.805390698226674,25.494002993090096,2.9385584765237907,0.003797984286975732
3.062752869109069,27.285072635539724,52.06993537997283,25.915016342305822,3.145476836426011,0.001039046110223934
2.9178279472641186,28.016449327553236,47.6847651904192,27.7226562685133,2.9164114341270158,-0.0019458730219406068
3.083830597907672,29.00360476648739,52.966413693929546,26.609873180842268,3.0444743535687953,-0.004408466508301201
3.0780579591718293,25.763381099629285,55.10365478770502,27.01901954562556,3.1373332969876038,-0.005792964391043171
3.0985980400375643,27.995671211651803,51.59071866082467,27.664007118632117,2.9686406925493403,-0.005854541806754415
3.0449024534117273,26.738418182661874,49.698927153980634,25.276355408434526,2.986944006596298,-0.004691712491186195
2.8434782844359994,25.966830263362848,52.58055225791433,25.676032234946863,3.1552784887204974,-0.0026923437709460473
2.890706352891056,26.802951669958762,53.15135133827221,27.179748256119503,3.133390885586743,-0.00041398030765419774
3.0710787060258826,27.960064244885224,51.293126902910885,25.105051647382037,2.834876248431911,0.0015666594234421513
2.963790949978991,25.832673618382927,51.93517241572578,24.89842751287919,3.0186694154596805,0.002795696153290353
3.1497875212138053,28.92366331479936,51.03722891176951,27.636067446583894,2.7860031242769563,0.003041797560759256
3.095863889040302,25.525828432448538,55.35734981470224,28.040255020432525,3.0129880072423094,0.002333016284550995
2.88806268346767,26.426060274218184,49.86526145205795,24.71134238964131,3.179470357470504,0.0009272898931359625
2.9393648100857814,26.21242101772566,54.233405332000345,23.510950638981548,3.1701008607945873,-0.0007704198418254949
3.106051937955566,25.743560963966107,51.505573813843384,24.665109829449836,2.99807011508903,-0.0023195208178541458
2.9451631254446107,25.353363468539847,51.33927822831944,27.08954012346219,3.377824328076306,-0.0033541171976601914
3.3499519473796253,26.596168671299335,52.48886850934792,25.082247136405087,3.0235752159956455,-0.003665515521953693
3.1122684414458734,26.846824504730527,55.13112864521971,25.631234641840955,3.1686664425128304,-0.0032392654950574922
2.8117390090053838,25.633247223379446,51.798146146685646,26.692476216404902,3.0009192524211947,-0.002241696394587513
3.1138674994002633,26.99144921924822,51.71438080501472,25.14199874342327,3.0039267480052647,-0.0009636401058559746
3.2598395312417456,28.487703040579596,53.37062141766023,26.783366126687614,2.8396145774725063,0.00026122246219849153
2.8290157027785274,25.717682225231698,51.84844107540617,27.95078907387454,2.8879818383994755,0.001141303987790416
2.9594845268283647,27.344483907627094,51.07123927395812,25.102415120235147,3.0158812956935592,0.0014943852170103107
2.990841604478288,25.53268675899232,53.850517863234955,26.712560065910253,2.9100166141653765,0.0012823954196144092
3.105017150358373,27.168639781816147,52.69877336163951,26.25571322930745,2.9932943874499225,0.0006080759103609002
3.0868986483761605,28.67006973171419,51.54326044362567,25.99467491706471,3.1292323086309506,-0.0003223295039868518
2.9747718602153106,27.707649903696662,58.48324181843674,26.057945517814932,3.1382977560061645,-0.001258308630735019
3.0477289509950842,25.80442227175012,53.8091328943851,27.38401600183422,3.0465361552213057,-0.001969909197979856
2.9409760183909808,26.70728685943492,57.15671186235982,28.059978626282394,3.1023814240312637,-0.00230189724605426
2.8173463220380737,25.90844388256034,54.61066921166986,27.300186487256642,3.1949312210824687,-0.002204999588573151
2.8819584834409886,27.729691237215555,54.011259838645344,28.391259581221668,3.0841749408107937,-0.0017386310936181463
3.106814056959828,26.976421950239157,53.56374119614519,25.936056981255277,2.937682202739604,-0.0010469357782915871
3.0595651549047114,28.217002730272068,51.96609940415457,27.494670668314015,2.881709258501586,-0.0003163045560379384
2.9334279775239813,27.838001037463272,55.93283660547066,28.598471033246888,3.004567594437318,0.0002736736661977235
2.963987474650988,27.284297453416237,51.11653672207697,26.75863606213286,3.243335300760156,0.0005933181257219545
3.111605361272531,25.618968906638525,52.16622931808041,26.392418008621842,3.0183919660762615,0.0005900497586668477
3.063782857195908,28.120547780383585,49.73652940545556,26.781734290438912,2.997732229534084,0.00029444597378210254
3.0937835494168464,27.767176905496193,52.9802480111135,27.71238049542848,3.0494757914245785,-0.00019446886646271678
2.7573889538080367,26.52511638706625,54.06669820234396,26.142315922513752,3.078072165268887,-0.0007393027922012232
3.059302899835532,27.136529376115412,51.228486032481655,25.631832937987284,2.9313364986909605,-0.0012010824469104217
2.929810316059449,25.917062394220807,51.58312044794533,26.831715364353844,2.977029527785536,-0.0014732084695136883
3.0287457609259403,27.818633189358554,54.816264556496506,28.236989955149816,3.019937116949068,-0.001504564905794197
2.704505541104819,27.44438686852716,55.66314202206457,26.713883390939838,3.0408464250798737,-0.0013071073783515444
2.9959632226583253,29.623450057061813,51.137973265643424,26.700807169986387,3.0921743169782223,-0.0009474403170392103
2.9365373379094835,28.94634351971008,54.21093615247279,27.42865218606976,2.9305689033391102,-0.0005258324069785816
2.787387849355622,27.393429717007383,54.87186920453405,26.280385684602752,3.111507793320074,-0.00014887464614262078
3.0623706810572533,24.931623420445785,53.43972356765546,27.638467414479656,2.948022532964314,9.700996325768895e-05
2.8918453908190607,27.738654585769343,51.45551455565805,27.80861114905763,2.9868409307691763,0.00016483347232564637
3.2853639367036562,26.55648571589443,49.67388938906235,27.74421656873156,2.966411349770863,5.5029828049410985e-05
2.916207284175649,27.488740529463552,53.95512638398215,26.913344520100644,2.9620042061158145,-0.00018879593599983546
2.9927910968847535,28.272412174808203,53.954948261207456,26.864318079942734,3.2108547725075387,-0.0004942520347533234
2.8847436783891993,26.613712755593625,54.909766123110074,26.348013159184084,2.8289692271847944,-0.0007802917397982007
3.1842379990226912,28.092119136407383,54.591521776259256,25.751545136301466,2.9144550247407115,-0.0009776914414706707
3.0813136935793097,26.85513452333079,52.08521248834674,27.238882541794897,2.9277130652283097,-0.0010448616348392981
3.083510860171712,26.695472354376243,51.475868768080204,25.250276842234218,2.9059564841672167,-0.0009755514073904506
2.889624461073612,27.056568277801183,53.83819529354124,26.105257553326414,3.200714343452615,-0.0007972802702524804
2.9500204858545516,26.33384980171875,52.61299854905249,25.639386795215948,3.0511359678911245,-0.0005616894905605631
2.9110556332324626,25.84113294634689,54.851007639178285,28.02801687420476,3.1260820655129606,-0.00032986715190065185
2.8668800828243897,27.3853741052983,52.04872230677102,26.98658874221106,2.794570508446782,-0.00015665726244497308
2.9058261259166445,27.062891105040194,52.28068883746061,27.417767406541934,3.0536018311958215,-7.785988831541664e-05
3.2131788983548626,26.513631835190218,51.514358663824964,26.295301355201804,3.0400695899283923,-0.00010318427107052787
2.96870224474305,27.7837066852019,54.03672820897559,26.383582048947495,2.769842412748794,-0.00021616679970628942
3.0389370375629547,27.975145690031265,51.49554000311463,26.82031368742893,3.049039959530592,-0.0003804649682837303
2.976326892281996,28.301096745385582,53.17002241949149,26.50835055003761,2.898501603638076,-0.0005504384148795261
2.8781092854585917,26.797187250862237,54.30258016413918,27.17345031384616,2.955549321554531,-0.0006830675344838948
3.095019109264164,27.661671161695114,50.33922067621129,25.685680025239428,2.908341985898981,-0.0007481925072312302
3.0532187849125445,27.893858209677873,53.560094474465096,27.56404364323724,2.8645380116244814,-0.0007347280316800186
3.0847101649862942,29.000377511536353,53.0914832575888,25.69445002042348,2.965329026183959,-0.0006516932722644945
2.8112800491837997,26.808943938752858,51.58392743519322,27.90561155464694,3.2015178911455386,-0.0005242596228077259
3.104791830972621,27.59575917452288,54.87619576280439,27.2873796533958,3.0420655645232344,-0.0003862135249976098
3.3126939983183674,25.617877713344942,52.010055949421684,25.146275763733726,2.874226958070196,-0.00027098179034443877
3.0169584949166044,25.499440732558384,55.76289613137208,27.858312377562296,3.0665855049864663,-0.0002035289517709196
2.8867299350601496,27.668564732809706,51.165124671678996,25.11138445035689,3.1846962843457716,-0.0001950220877834111
2.954556798245169,25.679939654537723,54.51772485838307,26.038271135521693,2.802235748873364,-0.00024131944555516946
2.953294859338178,27.775053925399682,51.1649244776346,26.28810529036549,3.094135965929358,-0.0003253163811807302
3.1100345848181536,26.266327539854206,51.8959431714524,27.163592212824444,2.971017656842041,-0.00042224057789941674
2.9240311300790722,25.438520058747486,57.48337360018335,24.727638481522703,2.966296635644412,-0.000506350212365304
3.0495652684631573,25.36431435511822,53.626710605288785,24.826839493844815,2.931661348162383,-0.000557282521590309
2.904404128028952,26.6272945483085,53.388662539311134,28.36290269273669,3.010732790875758,-0.000564538491675273
3.0629843875736396,27.407850339449187,51.791450384364495,26.963673440626568,3.21939329890927,-0.0005291753094993009
2.9503708922140537,27.01841855875385,56.91824078195002,27.198126215555135,3.054863632793595,-0.0004625388234726946
3.033706457333329,27.40839355734599,56.13064590710426,28.476100063029065,3.1561097326942416,-0.0003826031986990063
3.053694222920987,25.41708722743172,56.64976587649138,26.471364969682256,3.0965215316347705,-0.0003090176282035187
2.9019497278778514,27.719296967395252,52.30766824894586,27.398572237498563,2.8963459509465546,-0.00025817843878758945
3.114551289962594,26.82197700020061,53.50662361509088,25.901521374419662,2.911538732012868,-0.00023952350900870227
2.9654651136691723,27.524303472460236,52.216395792322494,28.398287033937958,3.0820625409849396,-0.0002538438551971599
3.2061611280890956,26.999315810261695,54.86651620704831,24.417889506951433,3.278684462372162,-0.00029384690869892834
2.9802192262676512,27.32360164513137,53.74167070155358,26.921194823396604,2.8725013342669192,-0.0003466375879368354
2.8498203242148294,25.884040191224464,53.40185332166755,26.941002133015253,3.0150679783856624,-0.00039734578636536216
3.0169727654942777,24.66687205382829,52.124360628292166,26.834733653398928,3.050570468197876,-0.0004329173622806347
3.0391418014781832,26.991294650422816,55.715258627744504,26.204900067533014,3.177166658250734,-0.00044513185149836713
3.0883063633975976,27.370804245410184,54.25326003754798,28.848525379563426,2.9543175181453294,-0.0004321801781717561
2.9316795333917987,26.03634701807363,51.03848102684071,26.907322792454664,3.237171760730434,-0.00039854432622274296
2.995602284312696,26.528831583185454,53.15000695389635,26.046604410094037,3.124759083523353,-0.000353356684963704
2.7983878594128266,25.338858474720496,55.77999451374918,27.89615601206023,3.0899072386596624,-0.00030777119858034735
2.939887386579021,24.876205983862178,49.97668484334413,24.508170829185396,3.0496544212103798,-0.00027207239803596003
2.8502424743970076,27.510435526158414,55.76481094919832,25.434420442412573,3.1446392380025645,-0.00025324870644153653
3.044455416896554,26.119083359486478,53.98218206413196,26.637023740403023,3.092973870451561,-0.00025357993753690725
2.9456763296202744,25.87438857987462,52.89451148454866,26.82456519754142,2.8897063167643156,-0.0002704940454433823
2.927718209431641,27.021971265381477,53.74107201265614,24.607651052145116,2.808257102171959,-0.00029761703240490127
2.996179708404444,26.035876074084143,51.54444266836598,26.37920465116412,3.1305907227061454,-0.0003266562347337016
2.863950065972229,27.790566041915877,51.7050218286524,27.2994635578818,3.127885324999779,-0.00034958586462116787
2.7841438284565876,27.27356282114331,53.3368145392757,26.676179080712878,3.212603108995793,-0.0003605765642233838
2.9826303299389387,27.573096059980763,56.84222555911478,26.649666911840274,3.001611711108814,-0.0003572218176371521
2.8514509217733717,28.843865731255523,58.52987099040099,26.676730495113375,3.1423643820740788,-0.00034082425488643747
2.938215097502193,25.72800906335534,54.72669049866583,26.407260010478886,2.6526612425989455,-0.00031575435833835287
3.008389118384078,26.6906185560352,54.81857962598794,26.87880876968233,3.098529070112705,-0.00028811870765563013
3.010275598625486,27.157861855772026,50.37072487012074,28.662248578440316,3.0485099493513985,-0.00026412218422387155
2.9695814564391916,27.590775873114346,56.52736059684535,25.78160692539149,3.083853924819981,-0.00024854942301699105
2.9092593633684265,26.56895825347002,56.068699500625925,26.606287163967007,3.1850370407025745,-0.00024372460651188402
2.8598916148576214,29.36758873124915,52.607144178968234,27.017908030906604,3.2588290595673786,-0.0002491609065974526
3.019437178066878,26.804070453944213,54.487999659239854,25.19278267210062,2.9476681817553705,-0.0002619245932120761
2.8660902951933016,27.705489673545085,52.0435304911119,28.369675829889232,2.8055669547673814,-0.0002775627360843741
3.1711203011783717,26.225740736140523,52.54482223607953,26.03078686154081,2.994192542689413,-0.00029131948989206274
2.953133256890216,25.052570588027468,55.757403069577514,27.771794179130467,3.002463014101259,-0.0002993197694309606
2.893892661107935,27.102171585962182,53.81574666026353,26.62418135656549,3.2246577796162805,-0.0002994351341217991
3.1779383790720086,26.59969748248205,54.822848997120765,25.98209466803927,2.8636194307085057,-0.00029164895960599914
3.1312195586971088,27.94039498826707,55.87543988510059,28.537642463129593,2.8261300955272657,-0.0002778758067948519
2.8849744980359042,26.635464430431597,50.97489628534947,26.22867477247072,2.947735082672617,-0.00026132665319526435
2.9335969386459104,26.765174987445462,53.86087977711704,25.776143753776182,3.1118730273862343,-0.0002456141472251375
2.9886873039356754,26.636391808789778,53.530168425670716,28.25551411031826,3.1188593637813464,-0.00023383833601187462
2.9159188727125023,27.361596780195676,53.738559663020155,25.98615982107149,2.9973382545629623,-0.00022787704904665517
3.1831527718887673,25.221905951840952,54.533268558490725,26.75700196641717,2.9524995770999434,-0.00022803572376584952
2.867801025349105,26.715082183604363,52.72763686666374,27.66132678476295,3.0882902321719885,-0.00023311046264302965
2.997920568059034,25.88169101219108,55.21896289842402,26.60005031029297,3.1021269925630324,-0.000240812855534632
2.9870428250852528,27.603535426997574,55.368081345023995,27.69302860255863,3.2040398598581254,-0.0002484215685611386
2.925508743499542,25.857225304354067,52.97070989147094,28.39092747983635,3.1973106058951335,-0.0002534823216548124
2.9603877018567912,26.899568239028486,51.935179750121904,27.752629436040795,3.049957347603867,-0.00025438169468012503
2.9292840084060776,25.976501920534584,52.76383275588184,27.719313540540337,2.7731415085170132,-0.00025066616309641043
3.0945027699967302,26.89911202403368,59.15278732493551,26.145429806319257,3.0281277878160693,-0.00024305100101967088
3.2787362054317772,26.543895564217316,57.14393617196575,26.74219877691813,2.8424148531426097,-0.00023314399497441953
3.0046421248585213,27.124467472301653,54.1312499522241,27.49079142972011,2.9557111934162243,-0.00022297612894524906
3.0589684057191815,27.20315654893522,53.55377235463572,27.306479555539216,2.8736715416495517,-0.00021447031542354316
3.2250698128162405,27.479539864447535,56.5830840283255,25.21805799904202,2.9246493821549735,-0.00020898286564122745
3.1875651706925794,27.546979301193083,57.06191023543448,26.81006766148443,3.1490328770008165,-0.00020702291725806956
3.153704720491986,26.070023672492198,55.69001246849538,26.708818051259165,3.237536766400097,-0.00020820253720734225
3.0118973215397387,27.229364619319867,57.31638864267566,26.915095921653037,3.094834187936077,-0.0002114094771338445
2.9550355514931086,27.38007763849234,51.98102833293483,28.403699146486762,3.008104949551366,-0.00021514108047426193
2.8976061875694454,29.569505671710587,51.26580502481626,27.45757373192351,2.916806343349374,-0.00021790400245578025
3.174654265027824,28.51788884159334,58.2955441583833,25.85395683276851,2.9910447087145733,-0.00021857672353718216
3.1497447414259336,26.560108734697703,54.40712336402404,26.94400730678258,3.0194427049652584,-0.0002166498957476504
3.258220220232372,25.812210776379512,51.87002517784576,26.078434867868815,2.9545963866419744,-0.0002122967161539463
2.906148408559852,28.317348336625177,50.20118431521709,25.101428736703305,2.926713406757382,-0.00020627106091081595
2.903192718802593,26.33652625058175,53.72391471370229,27.633867606768113,3.105191857512518,-0.0001996732241685573
2.8699615318603877,27.25744097426236,54.216299578033684,26.35187940323798,2.92484854748493,-0.0001936518390627948
2.926616492500959,29.12272972850236,53.3236763553161,28.08912478583965,3.116991379024893,-0.00018912009303112412
2.959691107268826,30.880232880992615,49.53106197586427,25.905698053833355,3.030343962057026,-0.00018655404315323602
2.9230006196184557,23.75970119648282,53.740052178806614,26.887727618957047,3.214405613420416,-0.00018591493223550068
3.1786807057699487,25.79154595909108,53.76333608931127,27.071186455346766,2.955541325653196,-0.00018670356902726303
2.9651362885700805,27.220123810860002,56.9612686546246,26.847613746916462,2.959978164517097,-0.0001881219960151397
3.0756947788099556,26.865794509378663,53.48792335983193,26.341892759202118,3.0764056961058803,-0.00018929372645124355
2.767813041006033,28.502896646549527,56.066179292014006,27.414348182571395,3.057439948200312,-0.00018948383891590877
2.9508749299372394,26.31044449399797,58.770061936498294,27.590104914643828,2.865484375868715,-0.00018826538496615204
2.9688871623902156,26.101276793651568,52.21698628424922,29.248836563934173,2.9612372595314187,-0.0001855963098436714
2.866347673981112,24.54784106818076,53.88741354617069,27.844923448239143,3.046939921040631,-0.00018179599090277536
2.7725591315705436,28.333630332524994,57.847962936802524,27.21066614418891,3.127198385798198,-0.0001774358777497113
3.174291639231259,26.451759005849368,53.19726540279012,27.879528922986687,3.2114001671006007,-0.0001731783541983505
3.1995965477466273,29.170849296151626,51.923014515094124,26.311845198521407,2.855819710823908,-0.0001696075587596764
2.7865649583081975,27.86739750202757,49.039558465350595,26.590241167243956,2.844411358787626,-0.00016709403451269133
2.9913239017503965,28.147098872234743,52.68646288354545,26.805264680600686,3.2072300374685954,-0.0001657231864679602
2.9080180080974594,27.39218450199627,49.838190641254776,25.490112865204182,2.9360928979801275,-0.00016529937788208371
3.101058130052177,28.183514185418034,54.64467675689568,25.918824205857632,2.937213381282527,-0.00016541805678433843
2.9184870041792093,28.312822136442026,53.39401786331751,26.693825996613977,2.9163823324204774,-0.00016558241463708644
2.9828023071169203,27.904246155529567,51.3181299889617,25.314290455847296,2.9080853191633267,-0.00016533229743380824
3.18808026472088,27.45496124764533,55.6243547939231,27.376518829612603,2.850737256383097,-0.00016435292899611697
2.934877503863031,28.469175796998794,52.68704138810765,27.031463947770032,2.7699842946595754,-0.00016253875508046546
3.157861255646127,28.56180819403108,55.91385654781822,27.544312459452918,2.942131044034577,-0.0001600007956797921
3.04903984359912,25.082003312988743,55.473548747784726,26.686514290105436,2.9885459047792002,-0.00015702065455051002
2.750549733021556,25.247025619473725,52.21530190025625,26.69637688533665,2.842058850896923,-0.00015396704022382235
2.8301868996995574,26.976209238475032,55.97184217821193,25.453064073920487,2.9731321567056863,-0.00015119838899466738
2.9629910228840717,25.344665155182867,49.45089025391257,26.94289316345796,2.9453434903573137,-0.00014897649996644023
2.9168422959671063,28.071002345903008,56.61883605050844,25.025310441194726,2.936098915847603,-0.00014741123562894617
2.8937431921020753,25.29412012773009,51.81523248218371,25.603448797017883,3.3677146320944114,-0.00014644702846049992
2.9465303675876413,26.75894190258171,50.98178389315014,26.900442530517942,3.122325043875939,-0.0001458908227184679
2.8265404109873917,25.44906210329808,54.5670345183521,25.841587817854023,2.8991384891437715,-0.00014547102999420416
2.8567436759344385,29.25267886864762,53.52695634716239,25.864108226879416,2.977313938200509,-0.00014491044157803444
3.2006853243859648,24.852376624953376,49.99000459078522,28.219661792903977,3.0503716472427893,-0.00014399413518224134
2.8156718046280953,29.016976723087897,53.23696235457263,25.48739895890855,2.996083850779158,-0.00014261628948470577
2.8100627712236266,24.566287158874093,53.073664855512774,25.62919524160926,2.952841222139342,-0.00014079635863090912
2.9397465042612767,27.383285106900328,48.899843872505784,25.15496297308742,3.0346417472142737,-0.00013866334900205178
3.0904061986086795,26.271532656001384,50.8543455102048,27.555217883289735,3.1125205834003546,-0.00013641481283490088
3.2344120651945087,27.19854932798159,51.47036280639318,27.56515149925056,2.874493243078927,-0.00013426274706669852
3.0113994889300866,27.831573003992773,49.026957008495415,25.76571325920916,2.8930534797812273,-0.00013238070682999243
3.084569193172038,27.97717325252842,50.98395120981098,29.470109666585095,3.0202869990876127,-0.00013086489670035095
2.9806475538895287,30.94046295416085,49.336111399914785,26.576158674230122,3.020053835358155,-0.0001297174857693481
3.0277043342897545,27.05144435050794,53.63353766471856,27.0740391078802,2.8996958916900746,-0.0001288542638227157
2.9920730161093965,26.54180242994435,50.50731619526809,28.022885277593648,3.118794525328871,-0.00012813264785609948
3.1411375356856617,27.176167248323424,50.79779208798543,27.53605443227012,3.0386527617382315,-0.00012739144512164232
2.958478125480392,26.065838862426933,50.917362302122,26.81063902071808,2.9171859462850214,-0.0001264916690318263
2.817528051860686,28.968236806580578,47.87139593896246,27.875725394124764,3.0343456895347383,-0.0001253483840168016
2.818133209412231,27.329294780148395,51.944276726361295,29.149763520593254,2.9823750579206902,-0.0001239466142733444
3.1349471831053695,26.814564293106777,52.464283414729,27.772859977446632,2.9170410670168008,-0.0001223388386470471
2.9108765889019548,27.569644475149055,50.41194112481775,24.992983298606763,3.149707945980669,-0.00012062629054091149
2.9940207549974263,28.398641854270423,50.61281612234746,26.934348033153938,2.999719200671238,-0.0001189300291159468
2.9465054248121705,27.77087937688851,51.205448601617796,28.69091176973709,3.1875942855393995,-0.00011735971525539891
2.8698167878800787,24.614226391141216,47.959679143178086,27.35939359310367,2.822710519390435,-0.00011598789093513341
3.224638454425573,26.8509681306559,50.56399916527904,27.473935995156772,3.1169038571582566,-0.00011483553965698488
2.8278863543803694,29.019023008644606,49.86142877836854,27.572839880456886,3.088516432901861,-0.00011387145554291901
2.9217429287511436,25.77124967056747,46.21900758003851,25.971344762424042,3.1101245836723272,-0.00011302436747401675
2.9519059801349226,27.08223526989712,47.82736615771144,25.446929731135814,2.9907460449907854,-0.00011220375313863559
3.058512056103987,26.540029880882777,49.24827184023662,26.697920573983243,3.0732815423699926,-0.00011132351830789734
3.060629984120697,27.211614388168993,46.72327178991245,28.30220635997997,2.944585286800069,-0.00011032252915483946
2.9805970375683937,28.121817211823043,49.274891552513935,27.933120623352426,3.040183782814701,-0.00010917727623704725
2.8564564373816763,27.041499826945632,45.12265819098951,25.752474536166535,2.9342168165870834,-0.00010790427639707445
3.0654291290768776,27.570992582346673,48.738726343208526,25.345409231201696,3.1407247559750453,-0.00010655252509776152
3.1786919597811227,26.092199726507395,46.8500550128546,27.164924133946244,3.101984677939513,-0.00010518870566935662
2.8595255903916734,26.885589490540745,50.10724845874575,27.59334303641166,2.910438741607336,-0.00010387938763952271
3.0589045533402026,26.0181753218498,46.164447983735656,26.186182410273563,2.842819812384593,-0.00010267480919511327
2.863446891592735,27.80506875502821,53.116197834772805,27.325027067813867,2.9696885661418015,-0.00010159805156351946
3.006376109674953,28.85342769579969,49.11739122698474,28.44655346911009,3.0950443739202633,-0.00010064176838293867
3.0240160085529295,25.833225713631478,52.30937474585415,25.820599240531145,3.096922047735854,-9.977260523865563e-05
2.900586420443768,27.360187522648875,49.882270683433404,27.364025984438836,3.0122920355899816,-9.894156207143688e-05
3.072652943149029,28.514841828938323,44.974577286937226,24.692101357375734,3.0534290099455346,-9.809725708980496e-05
3.1445282303274023,27.92671427991193,48.64354274039809,25.918079831823363,2.744769811190733,-9.719861102233417e-05
3.107378814140101,26.643084414796327,46.776080275911966,26.99781223880146,3.131734311139483,-9.622391603566131e-05
3.2459722204911396,27.704918899872172,45.32100760761731,27.65981199545885,3.01538346147127,-9.517439822042123e-05
2.9121611958075526,25.83401304109648,48.276443338266,28.266801895179928,2.8604941929576744,-9.407188836179305e-05
2.9915599901850864,25.78547347659695,47.58130367738133,27.371965911678057,3.0047948176501147,-9.295168271254162e-05
2.994972787951842,27.33078505379617,47.49979858698528,27.677009902488926,2.939207017919873,-9.18527514571774e-05
2.9523111659236085,26.50490954164543,47.71305434067556,27.262926216133174,3.0640506225493467,-9.080790936609732e-05
3.3058354024007044,27.763077218934008,51.246677540191456,25.044161575751637,3.0496101821337454,-8.983634374427283e-05
2.7280748666520696,26.00510521887508,45.50077137616768,26.146866166481654,3.1760617627456766,-8.894011189311223e-05
3.025759305238429,26.45992519720996,47.72944244836742,26.4428075147226,3.3178897550754005,-8.810511329758366e-05
3.0862266721443703,26.714120783532547,47.08997095311357,26.510146775437935,3.1951839607526775,-8.730590906103728e-05
2.9654116919325677,26.12261043838305,48.18105830273568,25.853011314087684,3.013822656337095,-8.651287907460924e-05
2.750690428099686,26.79357395414071,44.885054095039926,27.008250724328356,3.143292400061336,-8.569977143014721e-05
3.1292869157768197,26.905879580806886,47.576362920026774,26.53689046936119,3.0507942950545717,-8.48497725038398e-05
3.019354164157654,27.14086157515072,45.3224669835587,28.450019002562456,2.9690644189570734,-8.395874990592783e-05
3.057537310718069,25.9653693371495,46.31434233452414,26.900738465654353,3.0500002139436546,-8.303512654893569e-05
2.9759035888847225,28.73855517487129,49.48324266893449,27.20254154677619,3.068515926558119,-8.209671060817816e-05
3.0571063824333153,26.589696458791437,42.68573905429216,27.622810726586756,3.1079552167169595,-8.116551919790113e-05
2.835551238806536,25.25893886525389,45.39138054255922,26.975900851554176,3.085178164049247,-8.026203045254923e-05
2.943259508917583,27.820736862834206,48.964731657514065,26.781977198220243,3.0763109870992613,-7.94003128750176e-05
3.0686533861402894,26.570516218189532,46.20571321317872,26.827103438259172,2.99431907626166,-7.858514037619924e-05
3.1591010851516144,26.62300603726527,44.1529565112566,27.94076511330853,2.9949577708945663,-7.781162137646296e-05
3.0658262919626575,26.974875387500976,44.02476947439276,27.7903638752622,3.017079985683546,-7.70672125470195e-05
2.938963387631499,26.81136374140094,41.54157980352431,26.79775871026741,3.2244004845413254,-7.633541871942471e-05
3.1121429435145576,28.0723020531963,48.076854594499956,25.977105285538332,2.8996291429603755,-7.560013123208788e-05
2.701753220951394,26.077141590472692,48.02309597200843,26.097245164938776,3.046533335589192,-7.484949310936294e-05
2.962277562362144,26.42866712399648,45.77411867229493,27.1849648833211,3.0039240841768398,-7.407839211072336e-05
3.26088828829143,26.81939021650709,44.105760785518015,25.793230220013754,2.908726041541187,-7.328909472561878e-05
2.9722333069442186,24.728548041398547,44.83959820837761,26.76006993028361,3.051948609638033,-7.249002951792102e-05
3.0728698266081467,26.48157391995615,44.10628889809841,29.035677258140623,3.1603745693303424,-7.169317754322958e-05
2.936804104594955,27.81720335713776,43.920493713813116,26.79574283688746,3.0506653825088423,-7.091082662280727e-05
2.9438420929974902,28.67305754961513,46.16584393781774,26.17376632287952,2.9763275263903317,-7.015253492161978e-05
3.0910234691045773,26.25863276839961,44.8450957291395,27.626837246018173,2.7785473651753874,-6.942302434032727e-05
2.823302266001465,25.873209074656042,45.74847689970899,25.699282570695782,2.869366427204003,-6.87214351501562e-05
3.045952724234848,27.332295273493,44.992621347298694,25.61626856468229,2.8223203573772624,-6.804200418288503e-05
3.139710387646224,25.784252912406828,49.04924787713867,26.10094646118436,2.907175293370854,-6.73758770681487e-05
3.1117342404991457,25.38884166936487,41.390730490164515,27.08014133924984,2.9371939953412967,-6.671351450785732e-05
3.0031672636568345,25.48987518625141,47.111953104457726,26.69168476464103,2.8415715819853107,-6.604705507454704e-05
3.275157529389932,26.8970232576077,44.14030755972041,26.819771729834006,3.107905697066262,-6.537206328145353e-05
2.9987260405394864,26.085967493632104,46.990328956869206,28.183729034605662,2.856239590108065,-6.468829147757446e-05
2.939214681965065,25.608935104100418,44.35353277271457,28.44887747464116,3.115958880294417,-6.399935626479702e-05
2.9671427719144887,25.657795215632504,44.4324290168181,25.3933206078075,2.965611211875981,-6.331150299501763e-05
3.033792039221746,27.48596832403507,45.4909986284542,26.458005223472956,2.909843770392508,-6.263183879479955e-05
2.7570522922026846,25.924273458505663,42.25197613394508,27.268946557824755,2.9103172499813468,-6.19665106527859e-05
3.0343642264418618,27.15435862950964,45.02799690005666,23.77369878140194,2.8314150636451374,-6.13192764093997e-05
3.1390313145969864,26.041658008303664,40.265777244461795,25.122773236834696,3.059286300232743,-6.0690782316097425e-05
2.771551178523349,25.053215810086133,44.649793577365216,25.87978734483761,2.893514807697307,-6.007866101033878e-05
3.1178865103001265,26.965366761211406,45.726824779179964,27.564496636033983,2.7733353481163494,-5.9478354527469965e-05
3.0592675827881717,27.849434365811373,41.31766738974658,26.549660643823902,3.179684575122656,-5.8884398505022954e-05
2.998597516310194,26.879100532203708,40.82608995055938,27.199356962836166,3.0485826730118943,-5.82918148571803e-05
2.9849576211440105,25.732402900486488,45.83486399672058,26.544759302601225,3.0763362143923834,-5.769726461012683e-05
2.9504875078032584,28.62383768343426,41.92730244481911,27.51169605302307,3.14963490928386,-5.7099701217997286e-05
3.0514127603539425,23.45729323421716,38.60774631631581,27.522303938776354,2.85475375986069,-5.650040917173399e-05
2.874592236935408,28.594785605943063,44.518082525563656,25.55116163995226,3.191067175705868,-5.5902471980313733e-05
2.9154093324728176,28.42981303153327,41.62098168116351,27.673289704999707,3.1372774169842312,-5.530984933563613e-05
3.2814600087578456,27.006791810723737,45.1077877218682,25.07910876917428,2.8812167492640604,-5.472632167341878e-05
2.9260215361734936,26.16489081690822,41.51041269134987,26.758547046278704,3.2754398209748574,-5.4154570910986967e-05
3.018932792251087,26.039265786530027,40.60282237255152,27.4349776330883,2.972030805367833,-5.359560885687986e-05
2.785450078643175,25.981109426542403,43.691128843861364,27.554610227624824,3.0006557298523076,-5.304866231069776e-05
3.1448902525538136,26.030028576027263,42.1900667847999,27.500328147011782,2.993975827186151,-5.2511502560756654e-05
2.9623458317313873,28.442005327396892,44.10452885493887,27.06995388023128,3.0582266243709504,-5.198110053292438e-05
3.05388331948222,25.757110544248594,42.70763718344579,27.18038998533556,3.175166010625546,-5.145441949483763e-05
2.832512485670689,27.552394836844236,42.19525749938259,27.2913012208065,3.1437885605402687,-5.092914056309511e-05
3.0795642516063673,27.66963114098166,42.270350263774596,26.692699434197728,2.9634213802194855,-5.040415013428144e-05
2.943831893943417,27.690853604668245,42.12054956534146,27.12271113990633,2.977993334782962,-4.987969168492932e-05
3.074893275269941,26.524478800581058,39.974018568046624,27.3466197603562,3.2339965352412756,-4.935717411102677e-05
3.0708341224674958,25.727017932917303,45.31224234234882,26.891994123916035,2.938837912513349,-4.8838713480924104e-05
3.105524976126975,25.802858034165826,40.50254540209682,24.647110729628917,3.20384382062022,-4.83265428460074e-05
2.852078099753595,26.62364406667925,42.32409828565183,26.28493747722935,3.078642662046119,-4.782244528778511e-05
3.154057180446478,26.622484983600877,42.763597831346324,27.12778224080229,3.103492481046498,-4.7327346238602455e-05
2.954247465356333,26.382669747458266,44.12623245383147,27.680000038402675,3.0271070565057934,-4.6841150148986554e-05
2.89456105802804,28.413529300729692,40.71035315674771,26.277870157689897,3.106907590336609,-4.636284016962797e-05
2.96830996213539,27.26160743817383,38.682280766409725,26.27685193396067,3.284580069661931,-4.5890793298382594e-05
2.929047979061811,27.09953042415554,43.372665106419745,27.492569855065984,3.020566140727398,-4.542321568432588e-05
2.93540186692943,27.49783346932525,42.300457250455935,26.7404886884266,3.0090835762212587,-4.495858156964736e-05
3.1404233146028853,27.705284971486073,40.450330656266026,27.35915751740424,3.112545807500889,-4.4495968763691656e-05
3.2925026714841192,26.889673884291973,41.85833408902406,27.752081270730503,2.9061109555334057,-4.403521802573868e-05
3.0061048298746997,26.30467309617513,41.29701382808885,27.981925518018066,2.976690380224861,-4.3576892953016384e-05
2.904156623609234,26.098441824085697,40.63926114157438,26.556502374786465,2.9855094309946995,-4.312206771687212e-05
2.9412154627870093,28.28525656112556,42.968692394825545,28.184492649225056,2.9746286775336364,-4.267200913793294e-05
2.972115134628993,26.436210845200094,43.10536551028056,26.799735365049763,2.9712296848727315,-4.222783983070489e-05
3.106264810240254,26.08260346614129,42.33134462415494,25.041393435564814,2.961561107428383,-4.179026603334069e-05
2.8973210123381015,27.280041865851555,42.66498392030166,26.584036091186004,3.0328072825427177,-4.1359430610796744e-05
3.1621374354458394,27.56433788422387,42.59553974822652,25.64654396674611,2.9668764810059463,-4.0934916132265195e-05
3.0487242532961956,28.305768361923317,42.177315887529005,25.630932451366775,2.964948119311818,-4.051588421523391e-05
2.9246284800137987,25.81064163647542,38.53665547446983,26.69575489189563,2.9135336995021355,-4.010130512443901e-05
2.988901903116584,25.532132567573147,39.8088334560649,23.488051528689887,3.2052087262952047,-3.969021402948596e-05
2.920421937230253,26.919695731700017,42.10538354572854,26.96595359570707,2.938232356291995,-3.928192918279604e-05
3.0809270721204434,27.869616111745383,39.48266201549314,26.510890353346685,3.0782303684453742,-3.887618230096431e-05
2.9815780407181425,26.060233601642544,39.40119758515174,26.361867556515886,2.9143718853813843,-3.8473136923503205e-05
3.0197280599366936,25.395026964467434,39.99095545968027,27.73642674322595,2.958005233431369,-3.807330034838217e-05
2.9100908941143087,26.032459094124444,38.961926977959834,27.61613491871831,3.161696352640533,-3.767735960258848e-05
2.9604956931805564,26.04522788916074,41.05041047473855,27.597222567734864,3.1920107659832326,-3.728598822688866e-05
3.229271634617258,27.20565422538038,38.74288407770824,25.385682860198994,2.9267915079111004,-3.6899673232466e-05
2.915867719027187,27.416397597781764,39.02515584817823,26.180692817805216,3.041181225870593,-3.6518602796042484e-05
3.0099715612479994,28.76507258298661,38.3527286578844,26.823984635707138,2.657430156861894,-3.6142636492742945e-05
3.1757845662614477,26.074218379769658,37.26971042492927,28.144251092951457,2.931797928861631,-3.577135821017292e-05
3.0376438380826207,27.988524556623386,42.226674365534016,24.909936072265584,2.7276945270036617,-3.540419176223639e-05
2.886884006614287,26.686073186187446,37.43042695296092,38.003644441076275,3.0706980523257585,-3.504054520576192e-05
3.1202638784650376,27.613777660201528,37.214883371441886,37.053007511726314,3.0668578475301858,-3.467994671778796e-05
2.9337398416827907,26.845789509782904,40.726508939427084,39.71202193719074,3.141754703271325,-3.432213928965257e-05
3.147756622056269,26.095434267718172,40.10030470462477,38.14582625208122,2.910111394455831,-3.396711505404132e-05
3.2121384963321895,26.784493764629723,37.38874048598402,37.69452232943181,3.0835816311511883,-3.361508610108407e-05
2.6930121198278485,25.76249770174629,39.328195599129636,39.61255033234946,3.039709726485298,-3.326640435413992e-05
3.020424981956793,28.17541218569066,39.383495187641714,38.23529466160027,2.961602239225358,-3.292145457453671e-05
3.1182454062345677,27.12871262916256,39.357939530045364,36.557499207406906,2.967761079507637,-3.25805487701366e-05
3.1685230702780465,28.2970057065812,39.03801512543522,39.04006746584082,3.036505008547919,-3.2243847649796385e-05
3.254813365485323,26.867701286182776,39.43031025551645,38.2603847663712,3.024994546274268,-3.191132592336925e-05
3.0429724409778554,26.548698992013012,39.228897246583315,38.75437206493556,2.950844221764549,-3.158278588531244e-05
3.0110246942942833,27.762629723209873,40.04804679019185,36.15835752978763,3.0643238941191404,-3.125791185943351e-05
2.976057324957152,27.317593365859203,38.220873256124975,36.52464337860227,3.1989925054421993,-3.093634881920101e-05
3.0225294829446696,26.086648275439718,39.45212107264446,36.16533091957758,2.8758876975159797,-3.061778359530081e-05
3.061988321847255,25.285461706559595,35.260427768771144,38.47262878798995,2.8287873996935766,-3.0302009058138993e-05
3.160368818827104,25.17778797811685,36.44446484829831,39.828298725283915,3.2074353262799598,-2.9988956906300242e-05
2.91696784104452,25.46091251709858,36.14588413691522,36.75426915779462,2.9889478750449445,-2.9678693850006675e-05
2.9072557203397063,27.1053488803225,36.1102976819939,39.04407534976204,3.17244459843893,-2.937138544066185e-05
3.0334124466812256,27.780040714653204,37.272724237147045,36.98327554473756,3.0556243851872638,-2.906723902804131e-05
3.0772272695067784,25.25680862161057,37.51528754054487,37.30820648804783,3.046854578444414,-2.876644171414817e-05
3.1080820888640477,25.04631278969193,37.772586261197105,35.26542468639791,3.091084466421119,-2.8469108598946098e-05
3.1963273447719667,26.70917085796587,35.24501651569707,36.151994355373525,3.2244257510296808,-2.817525321801798e-05
3.026475197251034,27.873261446161596,36.26551169496447,37.664513465421095,3.101308950035673,-2.788478545812557e-05
2.8610872356468455,23.63366816157296,33.5650388773729,36.11556933863899,2.9934515798220342,-2.7597534751401512e-05
3.215657300909978,28.242758726262704,38.370536566792744,36.79566089196771,2.877555221948959,-2.731329110910493e-05
3.0648475832603164,26.0354580784837,35.6830941015881,34.25123309909801,2.979250885597134,-2.703185211404958e-05
3.123040620829331,27.393820935288296,37.56301109816837,35.601848103278805,3.0282042185085136,-2.675306403600928e-05
3.0846949165181976,25.06820660374927,34.23795900270777,36.7366665245856,2.946365744657633,-2.6476847685125617e-05
2.891222886924163,25.97928329808216,35.34437853913968,32.11224606680678,3.0136086659530665,-2.6203203805375692e-05
3.0547097099872507,27.288694718311625,36.209769571194215,34.65281906602825,2.9985356438300315,-2.5932198736664734e-05
2.824644901823327,26.235803116377692,34.5706894346828,34.88359667153235,3.3620453578858016,-2.566393538869833e-05
2.983702424728921,24.864688684717443,35.49692502527914,39.42090759548777,2.8718938548635218,-2.5398517908397243e-05
3.069714189740267,28.103271433933905,35.66465299702348,34.73487213498222,3.119141035388764,-2.5136019279960164e-05
3.0895973060276343,24.534119450844575,37.4751769828783,34.46733876493694,2.881655890586616,-2.4876459314624865e-05
2.951535443531694,27.296971297607072,32.256867463763655,34.22326312237627,3.162110266047617,-2.4619797694456777e-05
2.8841281341299303,26.712005114594948,34.349144853407,36.55632009445219,2.914315313037264,-2.436594218622362e-05
3.1818071402130896,26.266442890478547,35.90709923836561,36.87780898829231,3.0182025006100566,-2.4114768966470536e-05
2.9451976172123127,24.897619973726027,33.46880781330042,33.50144481146041,3.138076851366277,-2.386614887287679e-05
2.990853767715813,28.530721735848417,33.854498905109935,35.012476532560946,3.1261922605190526,-2.3619972663090792e-05
3.062056346237284,28.036935867294364,35.21016125935702,35.62492242588686,3.029373912181538,-2.3376169460131787e-05
2.9584028850797623,26.711069548908686,33.260264443194956,36.61435407658621,2.998737289600793,-2.3134714106420812e-05
2.9493033468863916,26.30359099563756,32.30310574523846,35.47298592048452,3.0491456692951324,-2.2895623023422278e-05
2.9846879968932822,27.817706106444355,35.57032251499039,32.178369474478735,3.1779535879688874,-2.265894013216085e-05
2.849735106211659,26.76891487236238,35.528507161289006,33.506039271146996,2.85744589493133,-2.242471766818865e-05
3.217178252927599,27.212824294240548,35.01998333104055,35.581623155999765,2.977361066232353,-2.219299645467363e-05
2.9700855505305968,26.146830319106613,34.886485147356645,31.904321679626626,3.1448400318309715,-2.1963790971801982e-05
2.794615521219746,26.536784463333905,33.632810083993164,35.23797588365015,2.8188676924228724,-2.1737081953005002e-05
2.990533213964759,24.983941050337865,36.334841084448456,32.51159203899057,3.07649476900513,-2.1512818152814045e-05
2.9518064975488127,27.382682257575723,31.52883226325307,34.056852917219956,2.9746186925019544,-2.1290925636077323e-05
2.935542665345892,27.232830037803286,35.80800909167945,33.19125912747788,3.0883623412290313,-2.1071321914934598e-05
2.9040786186553644,28.39808261976294,32.22363925991226,35.12237641165966,3.0696649042104025,-2.0853930888551577e-05
2.8834439272997323,27.55598143570007,33.8370796903112,35.78781406430973,2.830681511917181,-2.0638695168721474e-05
2.9840252720333353,27.014890185303813,34.57663527856589,34.00129640876244,3.196472588340892,-2.0425582647427594e-05
3.0345213709451015,26.33298303423555,36.617101718712675,32.901941012795916,3.0077262398189513,-2.0214586542251844e-05
2.9333989218558716,25.399043487607898,32.15159105173481,33.12996288682809,3.0958332207413464,-2.000571919772214e-05
3.062746132851501,27.394370901838613,31.644402458816188,34.16022658483076,2.8858097292105276,-1.9799001959262442e-05
2.9614842545944926,26.067777625960645,33.50711024017445,33.00908594468931,2.855339073262779,-1.9594453679919213e-05
3.1384148523998836,26.62335656924611,34.357680550672534,30.085382203782267,2.9306192615905924,-1.9392081020313817e-05
3.0117645059205063,26.782405738960097,30.959831351378135,31.761577670311098,2.9265235569158303,-1.919187248968937e-05
2.904792987719845,26.8180540701731,30.997136942843493,31.280831990329766,3.064666021231705,-1.8993797598272828e-05
3.031534873360188,27.87033764009779,33.08228273194167,32.68125408671013,2.9996188076528316,-1.8797810656629918e-05
2.7906900156657115,27.41309708636473,33.36109103505393,31.367185862642913,3.015101228188931,-1.860385813769436e-05
3.0814349071587674,27.48134197205485,30.04428375117187,32.99294386770657,2.9229260486681725,-1.8411887127494566e-05
2.75217945816282,26.7545412897588,32.25687107205576,33.651740178330044,3.0941727880192533,-1.822185319228434e-05
3.0958011926687345,26.249933866594656,32.957243669779935,33.01274495602282,3.211246124493668,-1.8033725374795638e-05
2.865895502326482,27.655783573041187,31.899416006756983,29.814775347538358,2.9000020335553582,-1.78474875936384e-05
2.940619068356987,26.3081756628635,30.61961616183569,31.75686374706532,3.0013203984298458,-1.7663136382242776e-05
3.012620908989229,26.45942891123109,31.579682769972464,35.020030416551045,3.221451900407368,-1.748067568935837e-05
3.055966276985032,26.612093882489003,33.89351167360294,31.893220835760232,2.99287177165673,-1.7300110529435397e-05
3.1870415500996567,29.848672504391605,30.23879532125874,32.54196084987317,2.968946722370211,-1.71214408151932e-05
2.996154556655041,25.606309519871484,32.08694456583749,32.50704831426658,3.016231024942758,-1.6944657229390765e-05
2.847986347833877,26.73137652546144,30.40712481730816,30.473191282525338,2.824515322820878,-1.6769739563584962e-05
2.7911275236806694,27.889557787833862,30.460267983786323,33.42303506668441,3.05110579548043,-1.6596657965561522e-05
2.9149899281784184,26.642934465366647,32.21045824337705,32.77147373565397,3.099169897365694,-1.6425376481874372e-05
2.9835100976824727,27.54238200664782,29.75630219960005,29.760692928565422,2.940091160324124,-1.6255857841009215e-05
2.9075158627945497,27.39674887092352,31.885234451720883,31.441642198588976,2.9703217940899544,-1.608806810140685e-05
3.0466212434305597,26.3832340533524,29.56941192412332,31.166241769138026,2.9467446489774702,-1.592198027413219e-05
2.907177566218698,27.784799126992933,32.23492376374769,31.563634236060935,2.949187866412979,-1.5757575837421686e-05
3.158751414861101,25.915464653310963,29.255500793817493,29.24793283678166,2.935228339939398,-1.5594844206235334e-05
3.267638980794961,27.437171143502542,29.464718462500667,28.280098464398247,3.0043504906249074,-1.543378030506986e-05
3.148358552052166,27.523465097504612,30.93305568390058,32.266152084346224,3.037260071876711,-1.5274381024632347e-05
3.324824947953027,26.033935609618162,28.499249333149983,30.23877851520228,3.0806156330563046,-1.5116641676916567e-05
2.8911644882918117,27.954990343899897,30.471422093260667,29.554563310396077,2.749324676116996,-1.4960553046655983e-05
3.006456393131168,27.238794698851827,29.41867323841768,30.467760124313994,2.9685979054272242,-1.4806099949694155e-05
3.3304557559636465,25.463437170987145,31.828134495701086,30.47982872495365,3.209531019600425,-1.4653261362535167e-05
3.1441835875248003,25.8283988030158,29.452456282994124,30.47804320071704,2.941065381363024,-1.4502011993138888e-05
3.0089825445192195,27.922836966195042,31.00767968728476,29.391890007472632,3.1024014013738292,-1.4352324821259992e-05
2.9327075132836855,26.96220660744464,29.27904869036574,31.349712513249788,2.906596657192124,-1.4204173954519126e-05
3.222293571533514,26.092663088870836,29.439546642346542,30.375513100869725,2.8405352793062435,-1.4057536793333417e-05
2.9406396119279434,26.773758666731123,30.60192380949472,30.083323066867198,2.9642791483495654,-1.39123954364131e-05
2.8918043929253243,26.194846577914202,30.471349070668083,30.49715688226629,3.0594921735582936,-1.3768736799008762e-05
2.9934763871117256,27.275449517615353,30.654033806989258,30.196322695811443,3.182934666510133,-1.3626551529280713e-05
3.161648417249076,26.255371119262723,29.909792835409583,27.733477641941935,3.0780593550214705,-1.3485832285572218e-05
3.142341351169689,27.697035357493974,27.873228720115232,28.32023019746165,3.0923459136291758,-1.3346571603106753e-05
2.867250865624112,27.621825186039146,30.430878706781325,28.657212572072766,2.966807423370887,-1.3208760025468794e-05
3.0943319323330507,25.736632671404003,30.003390773155754,29.1627542436215,3.2151651139222857,-1.3072384922323158e-05
3.159989377267089,26.114541614758906,28.083227365083832,29.215502837117345,2.9884437884097985,-1.2937430323735172e-05
2.9492611147399885,27.917815409345895,27.136070114314943,29.51137448004981,2.886775393000681,-1.2803877442453625e-05
2.8639991248916714,24.943925216094208,28.317638165110026,28.031120864680158,2.977466875335191,-1.267170606907164e-05
3.0178407361700734,24.535459964269908,30.299221038091734,28.41296449168692,3.0599484677571613,-1.254089602015137e-05
3.2364181544115254,25.019398610443716,29.637056062426907,27.643633206856713,3.0042548267998783,-1.2411428632080613e-05
2.8814180475073967,27.98552383994888,28.166493751840047,28.864792704644724,2.9119512078103202,-1.2283287786190505e-05
3.0277425810032255,28.07226935999158,29.921691220363623,30.68256690452371,2.877548887758444,-1.2156460171526637e-05
2.850022685415946,27.220382747291033,28.785646605576783,28.952426199619318,2.930494526612952,-1.2030935010540642e-05
2.966099596233847,26.811707480170895,30.242044464997157,27.720092623079857,3.158364102262562,-1.190670304669724e-05
2.914122454429985,26.25953338799312,28.011409557471573,28.62012268514349,2.987552022545605,-1.1783755390236694e-05
2.9203190062442137,24.826422565379566,27.478883893741312,27.817579226997825,3.0720246677004894,-1.1662082530283447e-05
2.8248561021972916,26.076239225614913,30.414374213140967,28.148927635684757,3.204796286419331,-1.1541673381937244e-05
2.891566337931462,24.739778814390657,27.846521184166047,28.808353406972156,3.180686703286256,-1.1422514960610055e-05
3.1765606478165944,26.88674469514627,26.135273245785285,26.584107414439018,3.054292033424687,-1.130459260762411e-05
3.0716013515390297,25.999715935432498,28.222051505912496,26.35241750394529,3.052943490797267,-1.1187890535376023e-05
3.137150032086287,26.391042178042355,28.16323472548542,28.600781474148864,3.0543409610322922,-1.107239265737512e-05
3.0273243506114125,26.03292513321456,28.491115012470505,27.08121502632519,2.9845884269255296,-1.09580835932724e-05
2.991658871927904,27.22109952700569,28.00930252662413,26.89088387157614,2.823032639034243,-1.084494924392818e-05
2.9943640927933886,27.804763739460686,26.89492542460102,28.596247118974148,2.8980024679675433,-1.0732977172831961e-05
3.0543456722259705,26.89828029469444,26.694563554876595,26.102519406205637,3.042152525785104,-1.0622156451943224e-05
2.9576031348970995,28.679988219688813,27.856671117594548,29.645068922082658,3.091510673885183,-1.0512477396596505e-05
3.0191439859782263,25.735974043510236,25.983375003500342,27.34107682587765,3.1202844382496124,-1.0403930779693444e-05
3.005872767694765,26.745676903411706,26.91797431648455,25.689985057576234,2.948746530251106,-1.0296507247794462e-05
3.314978632211707,27.26929454608197,27.01320625302545,27.137937275497762,2.8823408585930905,-1.0190196748042318e-05
2.7765780176420374,26.485303368742976,26.314610898414553,24.453165863338736,2.9735174453313467,-1.0084988256763211e-05
3.0971489305997366,24.884027483909463,25.212619865589183,26.8979901760337,2.9192625452125185,-9.980869782601683e-06
2.982239898733017,24.36256347804658,25.596738676229098,26.24370825027057,3.1996156823285897,-9.877828541544068e-06
3.017376203866778,27.325491738975355,26.734141438797,25.36049460083372,2.930982015276112,-9.775851496857836e-06
2.9429177527220634,26.22745528249371,25.374050183646553,28.16882000485265,2.935734460048132,-9.67492581950135e-06
3.0177214227815115,25.286406080544047,26.99478060826972,27.17826891537588,3.237818537085395,-9.57503937441274e-06
2.9709331453570282,24.2753820906088,24.35967031362713,25.400212476318053,2.9862776660368526,-9.476180866396545e-06
3.157820438541633,25.48046447079025,25.141836701297418,27.155073364541963,2.8550154706877984,-9.378340052998906e-06
2.999351848436824,26.512210226797897,28.14958566681724,25.281419130662687,2.7760121263761874,-9.28150742041376e-06
3.071062223244565,25.231512039462224,25.925750637028475,24.74138097120091,2.9643902591375864,-9.185674006673932e-06
2.9570808142888567,26.308471712440358,26.415071424860844,24.417130036576467,2.7848877120107307,-9.090830930809327e-06
2.930368252946981,25.527346296029776,26.430943413571622,26.75402591712967,3.1613632511190533,-8.996969052642426e-06
2.896414161119392,24.619287201532202,24.001035905506217,23.961847651232745,3.0103130097373394,-8.904078751355746e-06
2.829967384090674,25.447965748645952,25.903717864650655,26.672143083928336,2.8539551242770895,-8.812149883931082e-06
3.0613890165490076,24.852156775674317,25.0479582565832,24.30450683245925,2.9135624818148784,-8.721171797550273e-06
3.1283966459015877,24.493262937793432,26.840023367151346,25.507498076255715,2.9266346667032295,-8.631133651638577e-06
3.013631110674895,24.790235975467166,24.579788074298186,24.628859607665365,2.8195732302651457,-8.542024633848862e-06
3.0973443967732273,24.800655247310658,26.158047096828703,24.123509698925357,3.199739750476984,-8.45383422878263e-06
2.977166741314723,24.186230062178034,26.06653875871092,25.637537425995408,3.2057191285851494,-8.366552502532092e-06
2.8879008093904734,23.922832098565877,24.826611526829794,24.745262210827175,2.872825877522316,-8.280170068671602e-06
2.8170478298104467,24.588488392297506,24.187100090977346,23.558811157123525,3.001514281996968,-8.194678112871695e-06
2.984510019122463,23.99458015180852,23.20895681638525,23.561952767932134,2.9049515587366272,-8.110068191383721e-06
2.851417068641874,24.532106038668505,24.941231910718336,23.462253483174088,3.115631286615613,-8.026332071109257e-06
3.1058846413371306,24.75197315739793,23.085716193141764,24.737556344098564,3.135668065028827,-7.94346140806198e-06
2.9644905230590384,24.742593295786747,23.47990218353306,24.474718776892804,2.8831038060222838,-7.86144776032981e-06
3.141489992304639,23.592541039866475,22.828817948445842,22.585183282491933,3.1452423814688935,-7.7802822736404e-06
3.0118835203126397,24.067935362307104,25.566705678445604,24.666989056810838,3.0526362871610484,-7.69995590535394e-06
2.987983521592974,22.59535602485767,24.40135784473271,24.728143909411955,2.872373595840737,-7.620459496634785e-06
2.825906624142554,23.249334900418418,22.555882247387416,24.649912898674444,2.8162294644920527,-7.541783764260159e-06
2.8940214091611747,24.969643335019057,23.105176580778007,24.248131504619487,3.1180963793798213,-7.463919696066695e-06
2.7635680708902157,24.596777366042335,23.289977449585894,23.25616907867432,3.1620130572230614,-7.3868585551870105e-06
3.112708720676063,24.02121365128153,23.6859263826401,23.5094540375852,3.135615858829196,-7.310591960901476e-06
3.0875539346457104,24.392049267072647,24.75695240200565,21.923624958480662,2.8543425222711982,-7.235111883050946e-06
2.78039183374852,21.558635557890184,23.14377917424287,23.738554267904647,3.037594616094219,-7.160410600570182e-06
3.2902465795199474,24.058522775797805,23.23028855444079,23.290074831946704,2.9279912802994916,-7.086480524912516e-06
3.197336921783064,21.905443996193856,22.30588204134773,22.809489495196797,3.0173085215503535,-7.013314137129641e-06
2.74236857229486,23.950202527195675,23.255259629126616,23.754239107294563,2.980385490215023,-6.9409038496243766e-06
2.894868515941837,25.37375656750966,22.33539229924673,23.237646042838847,2.9239143320244274,-6.869241999493088e-06
2.7355102822738595,23.50624063720417,22.490343048393957,21.50460341317904,3.031813031026599,-6.798320737104834e-06
2.829123180914238,22.17208959701151,22.127822930198686,21.090494506792197,2.6187356260050954,-6.728132171731878e-06
3.027892330493153,21.924973464316224,22.752726878798118,23.653136915603078,3.0778387760326575,-6.658668400317444e-06
3.008736887974544,22.664978643862643,21.23052507220739,21.589997196919278,2.85622510750341,-6.589921570817836e-06
2.9595429911150464,23.68459685657033,21.77715139134851,22.986408179452575,3.086573153954134,-6.521884035497649e-06
3.092104521662481,21.902255836498576,21.996947076681717,22.112175355374248,3.318753843669839,-6.4545483272851455e-06
3.223592298165941,23.119634909062384,21.480535798795486,21.915745222758698,3.225701795755443,-6.38790725215485e-06
2.9672145399593344,21.860664613913766,22.239490315043074,22.723213085402723,3.060130837935977,-6.321953842235342e-06
2.8582020974209867,22.54792926351409,22.500448503992494,22.916115303034214,2.7634678320134167,-6.2566812422656085e-06
3.1004234242229294,22.4136284528109,22.25826296575939,22.776822603144577,2.8943274561060934,-6.192082695427149e-06
2.9020212935764778,23.74746298420953,22.572647099584763,22.57063884819214,3.0991841661396746,-6.128151469460419e-06
2.7333743509756734,22.902210522829243,22.79346141729841,21.91129874588991,2.947543058950719,-6.064880744971373e-06
3.0654225821716947,21.635106457644635,20.809472377954297,20.64038505337227,3.061629935633337,-6.002263696320813e-06
2.9835058718389336,21.61324164142504,21.822146828344383,20.85163145380459,3.045011450479203,-5.940293446258006e-06
3.1600841523482868,20.874433280124947,22.56847544092152,21.04758942113013,2.9711092671307706,-5.878963131891554e-06
2.999834580598183,21.292773999569437,21.9693906612248,20.439150645873458,3.1755386211886947,-5.8182659543234436e-06
2.8979077352577747,21.208454874085582,20.13091120081848,21.101944051936055,3.147779668865465,-5.758195213434469e-06
2.9398953941892527,20.01741447987906,21.524488380787048,19.618946691175058,2.8978387166958535,-5.698744373031642e-06
2.927535769742223,21.3690776748268,18.953249744491565,21.01110754830068,3.03800362444902,-5.639907010759227e-06
3.168134680732854,20.65520758467247,20.932860525219795,19.78445127231056,2.959075581659972,-5.581676862757645e-06
2.8993505206944414,20.39072582051608,20.569459417793606,22.19087955424307,3.043134547472367,-5.524047822139744e-06
2.876424719790972,21.658045842277428,20.97273558141883,20.35173493483434,3.0623571496703414,-5.46701378434591e-06
3.0428012642528453,20.80968828798217,20.34157885945832,20.168067720871317,2.783487942904031,-5.410568754938367e-06
3.1017438450682917,19.621756464108078,19.851896552722394,19.67631108730002,3.0224877420167133,-5.354706737699302e-06
3.1267075587917144,20.429880175786415,21.560454672488945,19.92565330884098,2.946895981566589,-5.29942172095549e-06
2.941737266226049,19.578607233524,21.392173351179984,20.86722211114315,2.9401528189103723,-5.244707718239877e-06
2.7781115016493296,20.262247424602663,19.359369304089448,19.48809990160027,2.975674653325364,-5.190558720804468e-06
3.0111674748952852,19.392472616930903,20.542231025339248,19.899487953040918,2.898386126363455,-5.136968782850172e-06
2.9665688178227163,20.379896031166925,19.358063906115085,18.63399390786283,3.027037194848397,-5.083932042121957e-06
3.1449133171616115,19.75943561225552,19.384570934090398,18.481601962923186,2.9086368912802865,-5.031442706192204e-06
2.983764191147739,20.0178392253729,20.78014649168268,20.497891960068845,2.9058226518194994,-4.9794950931099e-06
3.1290464704043615,19.104034114673084,21.08619662194728,19.121877467794057,2.9426683499688773,-4.928083633647804e-06
3.041478002944241,18.540322075453112,21.40859134517559,20.529906631882053,2.9046265574243586,-4.877202881924184e-06
2.8346777810405475,19.667642853446722,18.846405345823307,20.097355247408327,2.9757474435176507,-4.826847443982366e-06
3.0158236295439975,19.71421200045737,19.45007932332864,18.854215742888986,2.875633369097841,-4.777011991181182e-06
3.001685274391054,18.3552923685716,19.17566046929984,19.412087787172847,3.024835043876911,-4.72769118463132e-06
3.2114119706886295,20.121747295296164,19.626392849869873,19.642159215260858,3.117413637856567,-4.678879761949809e-06
2.715757148484555,17.39549768993466,18.532036053206948,19.841832254242902,2.9346903075493675,-4.630572404124801e-06
3.082009072285388,19.427085344020412,19.686075274084345,18.426376826478904,3.0453821287409335,-4.582763884579358e-06
2.9814452120619084,18.612912798225146,17.93309998205509,19.19051293936634,3.2045866438140953,-4.535448999493223e-06
3.149048751195997,18.308932481299077,19.589644097694475,19.195333801901516,2.864804868104837,-4.4886226065849285e-06
3.028896763365086,19.2078776709644,17.372632090225384,18.186908342005268,3.2016076604524994,-4.442279577060848e-06
2.9896386439946125,18.973757837536386,17.46549511414285,19.588113738809607,2.9371576289292554,-4.396414910518684e-06
2.8318320777037975,18.565841025640367,17.77224565561452,18.571433503058575,3.1942549679934493,-4.35102364009974e-06
2.8564051022006915,19.199251882098995,18.248347494525333,19.264709275022664,3.3147752404015813,-4.306100933353379e-06
2.8744472413057656,18.114893799600697,18.56567227683565,18.780341414152222,2.8712990278571198,-4.261642027994174e-06
2.8697193807670396,18.710579943582754,18.20297263106357,17.448890352359363,2.8750305956131736,-4.217642162891066e-06
2.794024883302591,18.316308861894225,18.435790604379562,17.908639153473857,2.969022233651572,-4.174096641918698e-06
3.305663539042301,19.404596308091428,18.476732484298086,18.082424557313296,2.9650256009607237,-4.131000808348616e-06
3.207184926588601,16.220796612293043,17.91164752395998,17.744180074571005,2.980838452614799,-4.088350027219037e-06
2.816593517678851,16.5841618287152,19.188458105653595,18.442331596540967,2.910190205010201,-4.046139650202983e-06
3.1406318158528372,17.38963528571557,18.27264142157229,19.14941202482546,2.8794655892175207,-4.004365084649507e-06
3.0052485756305076,18.24899847747306,17.527259353353223,16.542079382416503,2.887815433656614,-3.963021804348462e-06
3.0597827476509556,18.103537476740136,18.272210742577325,18.095668921534635,3.072384129310576,-3.922105337838536e-06
3.009572873898003,17.996733534537675,17.149465356767667,19.52124310158443,3.0287053394489085,-3.881611254952064e-06
2.993345163710809,16.530828559057046,17.994479568704342,18.643786740892292,2.936247253073301,-3.8415351776998665e-06
2.7385229792282786,17.058883330838825,15.811738697443078,17.224560973838003,2.891768723610744,-3.801872823327097e-06
2.997112306406462,17.75536412395279,17.04169958108468,17.180292836710798,3.01737789499647,-3.762619927701611e-06
3.071076591697974,16.283721674443512,16.01767695136256,16.32756814741106,3.068606504039867,-3.7237723267802575e-06
2.9580872119867565,17.026686779257393,16.820047573330093,17.470632509392747,3.043098385377858,-3.6853258368085927e-06
3.1399855547160556,18.01326253732958,17.121502582041416,16.015168215486412,3.0614814525491783,-3.64727635267337e-06
3.056001851065173,16.6015964294725,16.68253480287572,17.290715007598155,3.188129973993569,-3.609619772958506e-06
3.066412869709359,16.166907502403006,17.10639876103116,16.006017946091045,3.048525003852322,-3.5723520371474594e-06
2.9595807918133494,17.0390890585796,16.238008170972144,16.400851792642552,2.976033194808397,-3.535469082072153e-06
3.0248739664761795,16.40347580755986,16.7652299153901,15.922303013661402,2.8059341602637597,-3.4989669283236362e-06
2.793477796480471,16.202241094338966,15.25684888234594,17.475694563402374,3.09514445766185,-3.4628415917778997e-06
3.1521665492190234,16.157428207332334,16.885519800409618,16.4619405301821,3.0683697603837454,-3.427089196319999e-06
2.9500132782895334,15.470693736004739,16.718802621661162,15.99282411775417,3.1617082554176363,-3.391705908185307e-06
3.0284666265194287,15.266780882265884,16.018295994092867,15.971009174434313,2.9452406749076605,-3.3566878864190957e-06
2.745963882141069,15.512988769008286,15.397584640306832,16.588431477970264,2.938601042426409,-3.322031402306986e-06
2.995166932954682,15.77968201769345,15.24617051249035,15.23863471261719,2.879172351448831,-3.287732750859107e-06
2.709661608510977,15.67068523057549,15.489411037481155,16.71679436310354,3.15492319757587,-3.2537882441505358e-06
2.8384684805129945,15.959150541152775,15.528862776006422,14.97924999072358,2.8720845797276704,-3.220194219271034e-06
3.247031376940325,16.26342350446015,15.08841586142994,15.66859879243643,3.242292983086527,-3.1869470655789588e-06
2.9251911474950183,15.100437576149098,13.473702820694655,15.685944281745833,3.1896296967642144,-3.1540431930870454e-06
3.0368484200933956,13.608193149881027,15.386950333755836,16.128920144212408,2.9696073335741255,-3.1214790627685348e-06
3.0028096521578544,15.764088764524073,15.431699783256011,15.076052054651539,3.1589693267337657,-3.0892511359634226e-06
3.1855600249935634,15.358878097104936,14.128518984102694,14.756212927425628,2.961138021780459,-3.0573559586763163e-06
3.146382268112757,14.4247281021857,15.846388408179289,14.965075829901046,3.2169859366478515,-3.0257900475994163e-06
3.0883745445832687,14.983707025104017,14.70640471026901,14.093762806582909,2.938053135371545,-2.9945500051333843e-06
2.9708764551871396,14.35958481900793,15.247027712531517,14.762863187492972,3.060064458740823,-2.963632489234215e-06
3.107292263691253,15.116696042341767,14.048015980680619,15.311503096968273,3.00226814487816,-2.933034169550706e-06
2.9819821070447614,13.945957672379933,14.843783288568261,15.172554111828463,3.0419908659722075,-2.9027517689774844e-06
3.0059439969042483,14.581413725163829,15.320598199693762,14.516573314740247,3.0917190208717162,-2.8727820114615304e-06
2.7830118275995233,14.917592170756292,13.522048331932135,14.620901902261602,3.1245086375163775,-2.8431216908987185e-06
3.16701200845829,13.92066200293975,14.908600915273054,14.765469571177563,2.9752153360045983,-2.813767617195791e-06
3.0080858503667343,14.599212689326173,14.787538165104719,13.977971289059008,3.0506719776359166,-2.7847166249579476e-06
2.9864280770294864,13.51525210799079,12.606999199431893,14.237724180077024,3.0486880424800322,-2.755965630806914e-06
2.9017394376292054,13.966161223882542,13.486718515899316,14.344516968838022,3.034427823214639,-2.727511486440986e-06
2.9690129730936374,14.196546689739113,14.085751151241874,14.547141059960055,3.070386798367251,-2.6993511036622202e-06
2.9583292809809345,13.991495331484506,14.445299337046093,14.131009666015752,2.895706873551096,-2.6714814719893882e-06
3.1281041577261486,13.676704261671665,14.159397738393585,13.921400428084912,2.9976153671520573,-2.6438995346230906e-06
3.081876266003141,13.018401806522807,13.585671067978149,13.666472257186335,3.153227669554832,-2.6166023601348503e-06
2.9833479507143186,13.51631068537566,13.338103284949678,12.801619544816978,3.092339100231163,-2.5895870049694784e-06
3.1417431829324878,12.553533884016934,13.307544562125543,13.239625951102386,3.0594579251818175,-2.562850556750364e-06
2.9924225315585677,13.58599252295558,14.463120368117291,13.53763263995257,2.9216428549440665,-2.5363901572186626e-06
3.0160343920205106,13.04471316491927,14.066339972874461,12.75603659003503,2.9083947443046236,-2.510202929534266e-06
3.0717162108754765,12.49191209366647,12.795513190645702,13.61563278729953,3.0242838850376397,-2.484286125575264e-06
3.007705542400406,12.989284079781452,13.411205091134576,12.806025265940855,2.9598545245800225,-2.4586369065164283e-06
2.791539376031458,12.965199012961257,12.858622080982457,12.235550047506143,3.1284903995553983,-2.4332525157451144e-06
3.011022801208407,11.678982421110694,13.153704060789494,12.427693876223184,3.0330179578592307,-2.408130236233853e-06
3.2450222431199136,13.407099237902486,12.202798943533933,12.41665929049244,3.0129111620612763,-2.383267308118935e-06
2.857597083450436,12.781720250204538,12.091995070662392,12.656570947633272,2.812407195190099,-2.3586610830307587e-06
2.8440824760981913,13.06642949016947,12.701295102595783,11.720941953529241,2.8284906432635974,-2.3343089062575617e-06
3.223465297485368,12.391769009712824,12.999376058041271,12.087152587803752,2.880721963926229,-2.31020813610633e-06
2.7703555412616945,11.931677196850814,11.749692918755613,11.766077287892745,3.1073141692575903,-2.286356174580068e-06
3.0364141324159033,11.153021525346734,12.150689840849381,12.367243753061498,2.8822734906112086,-2.262750461659581e-06
3.0688990978229143,11.61533631480573,11.97145231920243,12.66597084321141,2.9991668731146337,-2.2393884487190155e-06
2.9885286098753006,11.804203881261643,12.209354524349884,11.217305210313286,3.089509775143388,-2.2162676601837073e-06
2.8907774683108194,12.140796444818463,10.643427725680953,12.058792375801175,3.029850605988022,-2.1933855876825586e-06
3.0692412120438957,11.367587629798118,12.615077007482741,11.669955574483554,3.033422432461759,-2.1707397975601273e-06
2.989938919036285,11.086034293595166,11.642895160164693,11.088604183728867,3.0092422916391373,-2.1483278437590742e-06
3.002463813853064,11.376795277891043,11.039042876342597,11.005054591091167,3.7058681707332526,-2.1261472765014908e-06
3.084394470334309,11.792567893170125,11.234790470751836,11.487438404371035,4.4445688191641555,-2.1041957393954805e-06
2.9172744901383405,11.647171114276594,11.56530987073454,11.164897861416115,5.503423913911684,-2.0824708394055638e-06
2.9438621211352167,11.537601569474848,10.917016462827894,10.81286307817802,6.568021768759298,-2.060970242136372e-06
3.0265854378190804,11.36576573147246,10.926440076801061,10.654159351143702,7.006471734996827,-2.0396915909941777e-06
3.1324218103189767,10.900818478574793,10.705019387935977,11.531175695383743,8.135974165721981,-2.0186326072803313e-06
3.033168817924729,11.320582850348767,10.272434439073956,10.96909415636244,9.079804388003671,-1.9977910207433093e-06
2.9334496732494455,11.132440455340983,11.012740573737775,10.811039597500008,10.08918524623957,-1.9771645935085197e-06
3.1132113150343956,10.261486418802459,11.240594176333115,10.94901102952145,10.595794701366222,-1.956751117309648e-06
3.065229257710031,11.000097679181764,10.358303034930664,10.630177504913245,11.940997368496415,-1.9365484375270547e-06
2.980409178492314,10.419641307177027,10.393582633096198,10.343669398871286,12.751448401972842,-1.916554365897111e-06
3.0745704677450907,10.615324076758101,10.272296070234338,10.686517201823142,13.60915699595658,-1.8967667687223816e-06
2.967176942885987,11.095181990671245,10.034384306221508,10.229161388916465,14.734717827939367,-1.8771835038062915e-06
2.8893817833843793,10.318096245919019,10.151830774890609,10.090830050611785,14.399939404481396,-1.8578024015335295e-06
2.9675190144666486,10.051315595244597,9.744857262712893,10.18120803360586,16.155004837354657,-1.838621378565347e-06
3.1899988089794706,10.009283140083989,9.880181022805603,9.905537547902796,17.137733850341267,-1.819638387393562e-06
3.043011076190653,9.029941351561856,10.583002804395173,9.990072210022666,18.222822923192073,-1.8008513564425693e-06
2.988804808347496,10.70875711897191,9.883330324471917,9.93267812289368,18.981770238810732,-1.7822582964449212e-06
3.0695890945246846,9.175615024605989,9.598994866371859,10.277931490956968,20.387930380706656,-1.763857193087625e-06
2.986150021757136,9.883684578916709,9.555719935479424,9.395945584437284,20.503348379245644,-1.7456460842296147e-06
3.151262533498299,9.47215583501545,8.843177342032728,9.58695656341043,20.857931078134918,-1.7276230134338049e-06
3.106325094803993,9.32738392850712,9.420783116770108,9.400460873261727,23.84921361550407,-1.7097860259743032e-06
2.991886246408347,9.101746193050854,9.827241114381513,9.27613110615188,24.253616975587992,-1.6921332074289685e-06
3.040619970298037,8.972848917485226,9.46594083834892,9.450167441743766,22.285514951217007,-1.674662650492987e-06
2.802062342079622,9.398658917629415,9.800256981516313,8.94163011141803,25.807740494212553,-1.6573724848133356e-06
3.1467062731384976,8.393018172532779,9.3988749199163,8.611808546930657,24.602927726485294,-1.6402607964107384e-06
2.9934681914520134,8.630132936982108,9.079291742264987,9.43491829321469,28.263876953027637,0.01616942671380087
3.056150525844076,8.088956870559667,9.27127154788183,9.221343212636496,40.64745720691287,0.328252640189194
3.113106697245925,8.580414371487509,8.423267461283812,8.309988362248973,27.020961410492404,0.7884065676986359
3.079877690686223,7.967699378321978,9.020888178235593,8.92967879638643,22.869769430520115,1.256160467205346
2.9803806622988653,8.686424485859485,8.198518746824597,9.74778921736459,21.224295575906552,1.5
3.1418908863551285,8.140718791557502,8.844240018780683,8.62494829693287,18.4915959898642,1.5
3.4165555478053378,8.371296261881009,8.801573191664513,8.338494580472915,15.25844941263737,1.5
3.377297153524465,7.753643875877107,8.48053592017198,8.584024662556924,14.114879235877897,1.5
3.4530040806984434,8.192122437096076,8.139599238843129,9.11783193860123,13.112487265297862,1.5
3.292225922074211,7.84276599923952,8.680548784249039,8.61965816081869,12.052539067335609,1.3056081932693506
3.768475606471521,7.428676300974969,8.070730323278694,9.42674414344132,10.700865942534147,0.9131064300466705
3.596506557020978,6.898408502558568,7.801963769942349,8.905667203905708,11.455114864719711,0.5603784018030107
3.758252906779739,7.574239350767061,8.206004482140662,8.474777235496044,11.058399320563028,0.3330338965000888
4.029492428630303,7.580463238382752,7.796634067321228,8.423971255813791,9.858637934354531,0.27660059468548487
3.90899022821337,6.832139669809768,8.113574092555446,8.460974412116574,11.095934210236098,0.3902753222252561
4.252132182122818,6.870341680110546,7.401574691499105,8.336153476630054,11.831952184017267,0.6316051667396831
4.160496178790946,6.6504451271296725,7.41247652450675,8.408755071496438,9.95896919680085,0.9306364386672394
4.301876424442422,6.30953712406347,7.7596710766680514,8.114193788206183,10.368883417697313,1.2094473188768209
4.271779993822412,6.819162562775249,7.168993130389855,8.542861252007286,9.709133607790111,1.4018698883589251
4.470891780184231,6.081139605333335,7.006295073936297,8.856403829561575,9.656203445452295,1.4685836033685196
4.86898092783471,6.2655433027690695,7.971208310898317,8.49613492087443,9.074052950497943,1.4043254525155233
4.583674917523268,6.05229478684187,7.803828903928726,8.525209258771024,8.332011189362145,1.2361775461709823
4.861229793176719,6.05901056190501,6.54510711364189,8.86041271098573,7.4845222922811185,1.0141457139216055
4.85344233928593,6.054526418510651,7.6519937609964135,8.54678853640449,8.12103889276571,0.7969922539428361
5.2621470331291205,5.6126005765345806,7.1628461173182565,8.94861874042611,7.626171602793894,0.6371705552248524
5.052733813926227,5.898904072601463,6.86867746808203,8.59365695791425,7.759886087703948,0.5685974656923154
5.488728494424923,6.2422014277180065,6.707018503231216,8.79118190193748,7.704064615709574,0.5999970763867906
5.547613276822756,5.366717272000087,7.0339808512513375,8.325222563744187,7.798227429977582,0.7149641157290739
5.21427022802584,5.598869627439273,6.467261976213484,8.74420607169542,7.430078129120159,0.8781552689943593
5.723193574751802,5.550223158914849,7.022548194795884,7.923979824013317,7.372393468960328,1.045563898007497
6.114584495708729,5.749410467314934,7.181262219418875,8.55235551900711,7.531145875298711,1.1760082144974096
5.824671408397117,5.741666119662627,6.850041050619413,8.438650581340456,6.858014850403672,1.2409191338701715
6.3604070927202,5.205632170719461,7.098314967350234,8.527967801561616,6.75390959715268,1.2301917103604003
6.481739454994162,5.158688718983527,7.042904575214862,8.270235732549875,6.7570086834537335,1.153025905776512
7.159472179933802,4.902273238741065,7.277011480002955,8.859628044999484,6.892729498922108,1.0339967011404503
6.424102965008982,4.947220124152369,7.214072458476961,8.696745463323651,6.385827971561276,0.9057284116234086
6.180865400533804,4.820172270256775,6.785926991516538,9.626142261204299,6.2112332298710085,0.8002494314443414
6.592006132892466,4.837484118159614,7.100760335801434,8.99316722108528,5.695757525578877,0.7412434048189137
6.550003904417863,5.113900499912865,7.247593546267964,8.88271850987499,5.845840368872244,0.7390052703058825
5.971547897200996,4.538205717109745,6.786409242277691,8.940439322879078,6.012526364638307,0.7890982376041815
5.50749165538587,4.541205283164486,6.496447352630939,9.054184557094644,5.936048836326352,0.8747198653567345
5.936631063826641,4.441712945800999,6.678824183823577,9.6116650462445,5.904136959552487,0.9718779618623973
5.422896621764072,4.752103741253565,6.849173993633136,9.617396387170693,5.343919847673195,1.055867384506734
5.119683998678851,4.6003600284356,6.743071368856665,9.38152825002183,5.404183845664314,1.1073527978717879
4.8603959674474515,4.966957090795139,6.746211409453683,9.019913452266993,5.696607199124598,1.1166087513193124
5.136103466457226,4.11651460576361,7.010956700734425,9.740576497214967,5.732136304571472,1.0850467994641904
4.5307842408023165,4.39663427957381,7.43713325750499,9.784726422978489,5.335518493383709,1.0238972381631406
4.520130381661543,4.6537840917382205,7.212154194952461,10.069246508920271,5.339466265154367,0.9506162461523114
4.437002706860699,4.498284113768106,7.247554458809661,10.355471414372376,5.013893722449895,0.8840912999716655
4.0889129137022815,4.484113995107641,7.245668479846274,10.208024389259103,5.406921093888441,0.8399159462149165
3.6818708239953346,4.223380357523794,7.5296757443645115,10.360674320733786,5.45999855134696,0.8268780959982978
3.8140931503221154,4.514734400401039,7.091729305411409,10.048801244842315,5.040630276708646,0.845412079841977
4.08761957087753,4.306974230521222,7.8436107650555424,11.268604549565794,5.069381531783361,0.8882215151563575
3.603955019698375,4.5160370211291205,7.7099625071867655,11.295950232111416,4.984646091233937,0.9427324450626422
3.6626169613565227,4.340458392546868,7.518791872223289,11.038359336758537,4.963063560551449,0.9946187880028755
3.600625660961018,4.310301520817299,8.097764385466732,11.11784196693694,5.054509716856304,1.031446427146974
3.7105486244976804,4.624059957110402,7.5176009931858765,10.911218821847596,4.8798438014043395,1.0455370850706611
3.3062994841361983,4.225517901364122,8.075901913344554,12.172151157147338,4.926227005947541,1.03542269144152
3.2568670860752325,4.399755825966475,8.468676175712192,12.827349376815164,4.748570889519014,1.0056598863837456
3.4513330385816996,4.376292373646225,7.93985796742275,11.45010194151503,4.399981648814983,0.9651936785330751
3.0348488598759586,4.306348176578174,8.450180870004704,12.16759797318235,4.296092419929974,0.9247955040281024
3.0057278923448414,4.322672043611205,7.80814835377706,13.313291322759573,4.450381270815584,0.8942800695850729
3.2101292783056694,4.3993712272120415,9.340137509582872,13.700768274662211,4.521654665204888,0.8801978640898825
2.8320017649226648,4.309015161409799,8.805205112076013,12.9085267368329,4.53025564601334,0.8845239956773129
2.752822836032315,4.735682981588576,8.176308377608171,13.764023858559407,4.436784106406314,0.904576202905831
2.8788263744172085,4.68743709138566,9.025709015911922,14.029386414953127,4.619931614715587,0.9340750394821921
2.8425193661181214,4.883039568011111,10.225491153504999,15.089474724222544,4.662595363140813,0.9649881863311368
2.7059051083150734,4.999870479120825,10.145871629179563,14.427564134350236,4.365113034478795,0.9896407631471179
2.598985409354821,4.7141873584182425,9.810889983187058,15.054858454124954,4.262457647028587,1.0025539751615158
2.4913610073803905,4.561410332324019,10.720453725811232,14.414423055892586,4.368300951583629,1.001587858250943
2.7815278933718512,5.1935199257028595,10.71985325669814,14.49640794098758,4.1229866374792055,0.9881707372458756
2.422280306847429,5.279902162168197,10.894445430219688,17.101692383762956,3.8925982410492304,0.9666395102015826
2.776231171809467,5.292677075274042,11.570746302770349,17.420172435587187,4.0413260928274815,0.9429291847363177
2.622247490254242,5.603253242488157,10.982970440169137,19.265305563309425,3.7256522116439017,0.9229875985016855
2.5449306514940644,6.086957104593612,12.400808761665342,18.577963201047027,3.7111702431831928,0.9113253435586759
2.456994040900025,5.7044365065118114,12.853770176181367,18.724003945032404,3.946543203359591,0.9100423076366917
2.546905424974777,5.9838250546520255,13.204655222266561,18.591424570265467,3.8209649273046593,0.9185264742368682
2.5197852051508463,6.0655583000065665,12.81018574365335,21.801907197235952,3.618638730779164,0.9338397966290544
2.553108244980638,6.8737398831044665,13.510268788772267,21.86549427121236,3.5609039711310846,0.9516371812775171
2.5211846883725935,6.842887548420431,14.261727056781206,22.482300237714473,3.726939472028546,0.9673480592615065
2.5858433965214926,7.396969542818237,15.402609448446514,24.357919459562762,3.6730011133729388,0.9773096396771941
2.548201836268975,7.984895381272321,16.15587823076545,25.432882152714885,3.5187445883991364,0.9795799320595113
2.5656003646504444,8.210378846842234,17.858576446697864,27.38256573018604,3.526536528387177,0.9742604856957457
2.406577188005162,8.823123359003604,17.65380735234041,29.688614997773332,3.5664747454665715,0.9632931256361243
2.613490839677464,9.032561996886328,18.551695182021934,32.84850211472731,3.5394099126857945,0.949826184453787
2.6148370340130858,10.499072175207512,21.642786797219024,32.34662786469373,3.3864007713535975,0.937342193906922
2.7662168336285626,10.931663013141376,22.62322913428633,32.34745003166123,3.484614277973116,0.9287803160819535
2.5732414209732344,12.08983813222811,24.01385905824752,36.05367098645994,3.194473264538581,0.9258677325700342
2.6408091751231764,12.551943540601522,24.959845658145596,32.00381585012692,3.4276233118894055,0.9288046522686729
2.613644512671813,13.989643642095277,27.849142770106305,30.96922365657694,3.575662462049041,0.9363488453459022
2.7823149543829,13.492997005903865,32.25738915772772,33.30358610211156,3.292180130822363,0.9462442495041594
2.806358945091669,16.744950779960234,36.33075860319175,32.06496607150254,3.316629308335898,0.9558591710248678
2.697410282655806,18.965083967112655,34.36295485193058,35.094568725311355,2.8793481897002007,0.9628602595840337
3.091165928239344,19.525923644450764,34.56763948161594,32.59995148116818,2.7969381065094985,0.9657549114419788
2.979369127483905,24.197151418896016,34.268617854855684,32.01668882342275,2.967352330604671,0.9641814553648429
3.155364433457174,28.50988940241136,31.67811948962489,33.89394733175966,3.0875133643801838,0.8743112056125635
2.986007110163908,34.000931035769014,32.98034856707695,33.7323003609024,2.8605342407451615,0.5222190012806165
3.0650484610667807,33.57703128170216,32.17337127554583,19.592588937917284,2.8902850817301853,0.054905093239868114
3.146759156649752,31.608729585384737,33.4836700539266,19.062692861338846,3.0294445297872246,-0.39102625972927324
3.158318376830235,34.15364353959182,30.525527567840978,32.481992718975526,2.8883599384481977,-0.7046994769118549
3.0799555410152473,32.32404123960878,32.728520083021664,30.332727055737585,2.885430824601326,-0.8199895999331592
2.9109724267268677,27.696433331600595,30.611464241083052,32.955894800983195,3.0920476436612443,-0.7257829427508867
2.9194477394974476,23.698031200244294,35.63387713125708,34.61929924058436,3.237511469690005,-0.46322972183351663
3.0509092690625232,22.768859709993073,34.47908691364953,31.82184330904975,3.0960200988901163,-0.11094811802778473
2.8011350759714353,22.8169545102812,34.107584465986285,32.63364495665848,3.098580764568455,0.23745293515196353
2.9822301100325497,22.39978949556128,30.786039131801953,30.289268546849957,2.9399182165791546,0.4974867526244443
3.0219798404815457,23.793226030226283,29.810032934161832,32.09012575930181,3.277413123898284,0.6135576713172533
2.8170709096159805,27.38702657443531,31.672516393457126,31.61629858787037,3.0645320418298354,0.5699655422140276
2.9936740389782908,30.67848106697094,33.08217518906934,32.55128584192631,2.9065848010022624,0.39123893335149784
2.958734173393998,31.673399220246935,31.45219412492509,31.11944156885227,3.1765937801883917,0.13265001120336642
2.8713119162058476,30.511114875060194,33.071907741478626,31.647406588617194,2.796285850564583,-0.1359230303008937
2.975720746462483,31.05225146178778,29.636847859535635,30.46061079104223,3.0660591594625144,-0.34827751225087605
2.92219808479482,31.37717461632261,31.745596576824237,31.1370946750092,2.9284709212793465,-0.4576749976568385
2.886112188326004,27.85068113005219,32.5210468760316,31.642938853523294,3.049075034925328,-0.44651298782246385
2.8384925434512427,25.709806802185863,29.29620376900605,29.197928067017912,3.0810579119863135,-0.3280614422334559
3.055326603425587,23.264395909683312,31.127615361898357,33.04482525471938,2.941695023832919,-0.1405354636596629
2.8353180982165305,23.65155570725975,30.733824569795246,30.877673646087153,2.957096458553928,0.06438397423077384
3.2290683850808457,23.82773898118765,32.14449645749959,33.759910758626624,2.951281547967348,0.23530284319121705
2.751708193886702,24.143632798674048,32.730962101921556,31.11993633297455,2.980270797630921,0.3335949015197652
2.9145930616835694,24.802619584582313,30.45337078297829,31.16020357931558,2.9198079150222296,0.34168455082612625
2.9600577204622462,28.483764660134,31.52351399983134,32.04777720202204,3.022509873378005,0.26548329364505696
2.912345620477764,29.565837677459065,32.478942097677546,33.075952102852256,3.1808934703999907,0.1308980566980473
3.1536067354683093,30.52096394019736,29.08365305610322,30.797585753820712,2.9721864855403703,-0.024220899490783064
2.8926013753679825,31.750720235601808,29.205459947816063,29.684578390441583,2.980058946301132,-0.1603345440508185
3.164660824512178,29.592494930303612,30.838263314967694,30.75753630720329,2.97268765823593,-0.24598414773479552
3.1029449323229703,29.108896800072003,30.447611611108975,29.221515152571364,2.939066928145269,-0.26474004039564547
3.043679240202752,23.605596813556335,30.09476520702491,31.463451823811845,2.9203631594415462,-0.2178857961576523
2.958126004203151,24.393250725543844,30.588188263758724,31.008582526486556,2.9651901388783415,-0.12255757288198402
2.854756052462161,25.562533223260225,31.273202015926326,29.27902038032953,3.223312492955009,-0.006188620404058629
3.0019924086371,24.160311274248247,33.13143631461883,29.329071913579728,3.344277830060959,0.10106628199830664
2.8081452233864725,24.66069210346124,28.814450215090687,31.14859383311608,3.2011423645625987,0.17390645518274606
3.089658339143762,26.219387573010287,27.20254163899921,28.79367377013484,2.954119567154269,0.19761754028894762
2.8220193148737613,26.646473133386092,31.961560209793003,28.27812550192996,3.0781620973654986,0.170726597152359
2.992810648971609,26.868615747497216,29.730027491634345,27.87088169622187,3.101586766794035,0.10420300593047478
3.196034202873482,28.705976784339736,30.326691432089877,28.061899789892344,2.964965538030296,0.017701553608957782
2.9964883717937916,29.18566343726833,29.080867180729722,28.207590021085412,3.0103608064024057,-0.06597956594876228
2.9419714624879436,29.509306349539038,30.47281103068675,27.468025340640036,3.046629706253728,-0.1267212083279244
2.7512079788566357,27.45190332952579,28.936301194607214,30.98601141691818,2.9246354458103356,-0.15174483210211426
2.936709000479314,24.732842262489385,27.94313375977277,29.45516874567626,3.281600465099821,-0.13808031067471838
2.9041796131653776,26.032201998335907,28.935674369942582,27.86682435013876,2.870016011465744,-0.09243128467823336
2.947717536840756,24.943703185875805,29.395912734436386,27.591284784341298,3.1633048541048177,-0.028698316301957492
2.921891198517306,25.792196089058482,29.536473199831132,30.462265676153553,3.0474482180056164,0.03603272126053924
2.905631688354731,28.437597777823342,27.605933481050513,28.424134582306987,3.0130806084766233,0.08592669360407665
2.945561390192505,27.771339872693172,28.139317157782695,27.079818842433433,3.2272414272688366,0.11014313184257156
2.9359715207720076,27.13409256680791,28.088335765019487,24.78194873313394,3.0885287186831123,0.10503750009355586
2.931189581963152,27.32752943937393,26.449347400816524,30.294520779294224,3.1994706753818516,0.07441900862546103
3.187603814396032,27.064240721178738,28.805467141694432,28.07053561900032,3.066957247172392,0.027972122440627075
3.133444441440836,28.549325678705088,29.317946853441164,28.59081542124517,3.1271999124237224,-0.02161361478316217
3.014060597928599,28.569800603075635,27.221547679809955,29.443323347972612,3.215312218445409,-0.061994109081513565
3.0562419507633467,27.49809260810273,27.727226431410337,26.299246208173304,2.917580062752014,-0.08414429477185077
2.956379564590683,28.91691617305029,27.545187311030258,27.325841822322996,3.0806037538674125,-0.08426413259154579
3.234734021534181,27.547092990633203,28.482447131353496,28.380080030638837,3.116424006390102,-0.06424655573928566
2.7827253207777094,26.2330097023861,26.287063398152817,29.046056960307027,3.045862137903017,-0.03071920543534854
3.0350418870337603,26.56417219635533,25.426393612180778,27.319026583130583,3.1006468236118248,0.006982193925613783
2.892482252186131,24.59764395212201,27.5344128528041,27.718310163688365,3.2502311860495317,0.03932228067478443
2.9548449819865996,29.039797581493076,28.635530128342317,25.52736766360023,3.1010131117462847,0.05890380775937432
2.8917605736896235,26.6728488514097,29.551083652905145,26.662508042618413,3.084636095542579,0.0620807599704266
2.8164426534232083,23.77616243646686,26.696402138541732,27.155100069732118,2.885984503073446,0.04951764953764515
3.0915734703055016,28.461415086111497,28.223447958287046,26.814508819010005,3.0695367957935025,0.025651012194216092
2.9947867072233434,26.60098846352929,26.578503427038612,26.36926996647069,3.240660493111216,-0.002719895744802449
2.904576172298694,27.45717383438253,26.45046657089419,27.66607945062827,3.1028982093912196,-0.028294143791447027
2.966087828930097,28.279664506532338,26.17948366518047,26.422476475268866,3.032607660360034,-0.04508956620652658
2.9201843037070807,28.848926079445086,26.53537045077861,26.917260765715906,2.9359528263890025,-0.04978316293967671
3.219394644058572,26.21841915251291,23.55550677988295,25.79765567422178,3.0252280710424553,-0.042287257154925185
2.9917143127618577,26.276704581369877,24.625389628398224,26.906501765157802,2.8222720328196496,-0.02548801626167157
2.904695313270455,24.367745358125223,25.516088315762257,25.962891839392977,3.3461731966646067,-0.004283185436332985
3.1771777666250935,25.77629592655662,25.517675534708577,25.091138770111293,3.03742338785843,0.01578555343032031
2.7179618232538556,22.855671692479152,24.098012628999154,25.603966361540465,3.2220047203358737,0.029937364921376525
3.169060257815065,26.440395134446874,27.031184497699716,27.06354977006711,2.9262560934047683,0.03524910329827001
2.865901392590328,25.488849087461226,24.28708733524697,24.473493782649257,2.94050193754896,0.031204231860806494
3.044492116137515,24.597919907951674,23.845186998482266,25.770073466941884,3.001075070768073,0.01960814268072797
2.804594926827123,25.284482654029894,23.953135605707967,25.616625149151425,2.949295799090105,0.003945868163554911
3.2557537114230715,24.345043042148035,24.022683675434205,23.221895680912326,3.0494224036327404,-0.011612780238944319
3.152274504488911,23.666183299569756,24.373348973233696,24.95235901466532,2.97116278324746,-0.023287739725582117
3.2032362990610688,25.361486836776034,25.66773298250992,24.940691367922764,2.958071251303232,-0.028574454053212905
3.143576449458733,26.029753450811036,26.05229100507564,26.006155926637824,2.7956814794148075,-0.026741825643351345
2.9699857205138693,25.220097317335824,23.93423824337065,25.16300141627073,2.8641361893095345,-0.01885509207688764
2.879177126100749,24.109214518235046,25.562388585228515,24.36313855672295,3.111722443225139,-0.007359588922658726
2.8536173092485795,25.670619117620426,23.262935077955678,24.439481311562783,3.18447798334424,0.004634930573291705
3.183746457571945,24.618275818203262,24.31416703803246,25.29980769133567,2.953106866297889,0.014169092180183316
2.7998857997516904,25.28635759850519,24.73428920305067,25.21303250957664,2.9934220473174378,0.019140879693661614
3.0491151309756495,25.002755520764826,24.30036017435053,23.638709259038507,3.308237602351886,0.018742187163276684
3.117199348266102,22.44462278953541,23.27278144655857,24.140414814895095,3.266848865904856,0.01354235436612121
3.074681588364707,27.13965303703435,24.87837098622606,24.489644085443764,2.775177257180432,0.005229217028729583
3.1236679958012425,23.55649710203865,23.21780574084641,24.407934400350623,3.1561958620418946,-0.0038993780676215275
2.9944396964565683,25.419504688839936,23.686713909485583,22.495873267967575,2.9965928691628694,-0.011548047049723719
3.07279696044506,22.96722658229689,23.060210798991168,23.433522389069346,2.9130166482110296,-0.015982204405415115
3.285929018746536,24.155947344084424,22.674785606346383,23.103423606593072,2.9293580367499534,-0.016401128950375283
2.878080387494269,24.57385752529464,22.69599899939868,25.072276694419262,2.864853855549836,-0.013051175010709687
2.8100767494166616,22.588156717236014,22.491932001247413,24.456192180191547,3.0786816896209963,-0.007074295535137272
3.065285842287911,23.88785474196945,23.093003995698872,24.163506155615913,2.9522078080342666,-0.00015187458259446765
2.901873165002469,26.09734456179608,21.99927824331289,22.912661388517293,2.8952578744644186,0.005951569324969286
2.95792335895545,22.42659774044297,23.008845676961776,24.587288836099766,3.0703189391683496,0.009825022583320032
2.90391728059262,24.247342303100258,23.58233422094649,23.39813039365084,3.112665130020377,0.010723426592852912
3.0689976187982095,20.60915016993906,23.027354054265654,23.5323859046534,3.0429088867944554,0.008690763931200645
3.0828896117328033,23.411387871947795,22.425421568564946,21.77315768616082,2.978434536898634,0.004480382376512726
3.0527599486253445,22.357315046332296,21.573929263628706,23.825894641488055,2.7709874372275514,-0.0006903307873829835
3.032429200951947,23.758790425965028,22.322086176569755,22.89311357927429,3.2112273473238067,-0.005476747253277318
3.036171345599884,21.949185835865045,23.128636728604967,22.76958183404448,3.0891668469798272,-0.008745317482837986
2.8472279831439473,22.51548444400169,22.315460870670844,21.403784562648475,2.9706771288965865,-0.00983095321927555
2.829912594416938,22.246612239505108,20.6673236218369,22.43465538828798,3.0549910650184513,-0.008657917235455202
3.154885467632908,22.268390896344528,23.43477131928066,22.56927829801409,3.107864033677976,-0.0057067348827820365
2.866980388877168,22.30815104957464,22.241287523034604,21.590400363938187,2.8927326462294216,-0.0018486390087058473
2.9752107661448304,22.21672655749111,19.684312671274824,22.667224904408425,3.0329115945122522,0.001900586644806287
2.815628613706556,23.85345771269451,22.609727805479498,21.299886112332846,3.189746753641494,0.004640420912290572
2.770046340256396,21.95269164282375,22.991715754739406,22.27787611249493,3.207869874644031,0.005794659604887857
2.8766305632719757,20.520920173210342,21.765751468213747,22.136193067102713,3.0545414664705386,0.005223277323882757
3.071212615546338,21.988383815876077,21.704826149744484,22.45868036766344,2.9654839833306026,0.003218372647131527
2.7835926094729424,20.65157704428375,21.227017233020085,23.12012345112192,2.964009035405497,0.0003953161665622945
3.015537831396563,20.895829643889154,21.52191579456013,21.858894980027458,2.9501689129268143,-0.002485250159447573
2.788660576591648,22.859295319127877,21.037417860733928,20.440436973369565,3.06314083517078,-0.004715203656999727
2.8036205633176365,19.893530284583125,21.017836472326476,20.653777759706895,3.0544116873901674,-0.005806661942825994
2.736805022365123,19.94442717219939,21.20656981748882,21.60350827372374,3.1027823599692916,-0.0055914501480866345
3.085465110968472,21.3618414187568,21.393905697859175,21.89518544775905,2.9673363766889116,-0.004234076716981306
3.0465238088622395,20.71705207714247,20.74718727245832,20.907126847586955,3.056805703555953,-0.002162620903211494
2.9460821833979742,20.962477359814557,21.70552174163425,22.956736800198655,2.8556271688428647,5.847472394993525e-05
2.8647338860392075,20.66049644658842,20.796181233595547,20.453318498726166,3.1463198986938865,0.0018776741801495367
2.871539333030091,20.628569960500148,20.73146810680125,21.24594790665362,2.87167906977021,0.002889428964536255
2.8359598494203517,21.444088395816642,20.464774001028967,21.932084687160557,2.7739414845850576,0.0029201016539416756
3.0288728401073866,19.84444146062384,20.296980461303168,19.839863961109256,2.9276784318938067,0.0020499460656665546
2.9504927567239103,21.836625114714014,20.09551176861571,19.491221009918196,3.0146100242219545,0.0005713849928351007
3.0096606367488197,21.77140555128688,21.75597435751971,19.53945934143985,3.004388460254078,-0.0011006934150354529
3.0880624050006706,20.14487438015156,20.257937953255258,20.99824096033284,2.778808920908934,-0.002540598181973063
2.830247227022657,21.272525844399386,20.704006494089146,19.62483951735253,3.079669734781616,-0.0034163658330150807
3.184613636565999,20.86754536499083,19.896349729745886,20.60424197706312,3.0938776503656853,-0.003562345920135002
3.0246116532014957,20.120470760129255,20.430810872704786,20.022063752398633,2.8220450263735755,-0.003004971469810833
2.95461953098168,19.334527318858015,20.138563203814996,19.01485066575418,3.0446567058982428,-0.0019395357776103486
3.1722524472365325,19.159142074383798,17.762664929888984,20.760759046142827,2.8256807743800056,-0.0006679093623052774
2.9905210052397306,19.780599672881632,20.646152821139804,20.840742238409494,3.242280866098989,0.00048423277733493776
3.144065429143012,19.02480852183153,18.013746680353467,19.78737823689207,2.9740137789394323,0.001248740867314049
3.1543761625229925,18.663066358767956,19.752169870965112,18.367651425783844,2.88789512207609,0.0014752126703735508
3.05003912925694,17.532501171930406,18.651262347182417,20.41379860891448,3.1161471600825155,0.0011572992037450474
2.929030121798899,20.09773672710614,19.61440297820441,20.2040779652034,2.9026022803184324,0.0004216575193056094
3.014515643462652,19.391699634593728,19.78896029565488,19.934631450193116,3.198545999724993,-0.0005144960708295592
3.237198752686691,20.000009960844096,18.448570274600147,19.795343210659805,3.0264302353689114,-0.0014041586920183926
2.9440986341166364,18.76446011201716,18.58331687373132,19.175249644064866,2.9920819644709766,-0.0020332493519325916
2.8699974854899932,19.284220668761876,20.23784463464416,20.35667787755422,3.0189485766214363,-0.002269824658695025
3.0148354287413524,17.93008844918602,18.907730608583165,19.424387461658636,3.099072435476451,-0.0020890052855926785
2.8930128073218526,18.507224609849782,17.70182082720864,18.512722713702935,3.108966461046757,-0.0015696708943025005
2.8438357026670706,19.14945469165134,19.490272713684522,18.11424318337794,2.934754792618794,-0.0008661956093915438
3.1197901299711956,19.342656625115275,18.428099948536012,18.12501512483763,3.151473640943016,-0.0001642836565526806
3.0442174931978694,18.54399699065394,17.618628017950204,17.758491628684496,2.8840885206608755,0.00036695815261029394
3.1120823996410336,18.71275263892707,18.65574379628374,17.953874704197144,3.0381797299934235,0.0006147196149297342
3.092877182662627,18.2395358588873,18.23426695792774,17.70483187181724,2.7685139626579853,0.0005450170156080216
2.935198501222499,17.604276399272972,17.06804507078897,17.743871915915832,3.048354053875826,0.00020407219597499352
3.0610831108262615,17.898751260230814,18.44644420399325,19.075232276743076,2.8144655070379363,-0.0002999458807948723
3.015954731152311,18.145454802973887,17.44954604920395,18.585175744927504,2.892315243300819,-0.000828657517560878
3.0682032200670473,17.049357617007242,17.78575156799,18.85760359183813,2.877196794192086,-0.0012497858297698182
3.1011063954629914,18.794979927801144,18.110393147546286,18.105182469985724,2.9354452337754933,-0.0014688109247470399
3.1010474063585933,16.433981159896902,16.780337944606718,17.69141559478364,3.155280464379474,-0.0014486693886875167
3.007644682011044,17.041474920647566,17.888109852702037,16.645311291953114,3.0039244164608783,-0.0012137504882498637
2.984616164766424,16.598653597293378,17.98705181573134,17.411383789737048,3.188740168691576,-0.0008385893598138357
3.0343645303676032,17.640385288743186,17.216880904786635,16.29352395331986,3.0125362303432768,-0.0004253462525576204
3.130141340412154,17.549547804063117,15.449322962171113,17.614160639816557,2.950826874112883,-7.653221234628767e-05
2.8922735237361024,16.53592594939166,17.45801047483438,16.97921021744682,2.9868101360752344,0.00012996642335588187
2.9517970018032256,16.57566284968418,16.575252175014807,17.712429772731475,3.1620039570883383,0.00015768821422944949
2.778086108720814,17.444319675333805,17.352154040033493,16.206204426184964,3.028485169778625,1.6848028861935552e-05
2.888698392646936,16.553310691289276,16.599749287413253,17.588217970038215,2.96590358562987,-0.00024222865010209156
2.9674804239725288,16.06040297831966,15.960554012081882,16.60435318427286,3.1846672754573575,-0.000544857867036235
2.946047788033445,17.11023332481445,16.73687213115324,16.85593630262112,2.942817093597798,-0.0008122996790845341
2.8968807422657954,16.084536160450142,16.578344358096388,16.286337508063674,2.9126798857196907,-0.0009812728812481374
2.865967051386903,17.26709005375697,15.294258920580441,17.262585210447998,3.0008625580746804,-0.0010180021859825506
2.9436379252319367,16.341259097235245,15.857579730382586,15.294692110254896,2.992393034788593,-0.0009238576061223491
3.1752790541484646,16.005087707304654,16.47756088441049,14.973811839207833,2.9327731638303614,-0.0007319487363722572
3.102635135963119,15.61512658952909,15.608168783568432,14.927687281494846,2.972347140079144,-0.0004962933425514839
3.058194533597122,15.703173651778558,15.811150266593835,17.10072548316262,3.039088897281123,-0.0002768450508785483
2.8404689536502716,16.68962574266118,15.574078896179103,15.864367332505642,2.917554015462882,-0.0001243854233839767
3.1760403886626745,16.58388318684169,15.843598931821546,16.101938125946482,2.9256694189911507,-6.896858587255741e-05
3.0793673174303393,16.498844158768737,16.79623747977837,16.549060149681512,3.068774111228019,-0.00011441970884459881
2.933252995935162,15.416643051743186,15.160909984553914,14.729823602692194,3.092985885571553,-0.00023969686802119143
3.0912929649327276,15.967770559211429,16.405446996103475,14.787278871016875,3.01424317530638,-0.0004061849346881438
2.825298939629712,16.22490872706883,15.112671125516083,15.408561974616624,3.015409102845907,-0.0005686280799674726
2.8595089923623975,14.290677588621834,15.775484598200869,15.48745984631202,2.9651414689179916,-0.0006867225464864674
2.738923744679503,14.861558401487647,14.58205503244949,15.842750567567498,2.952270935396846,-0.0007344910243051864
2.9786347892125087,15.424945346213073,15.230940543760672,14.74152363232752,3.085928766015102,-0.0007053514223206976
3.020094914456421,14.639719352223185,14.503802524399681,15.65035713770493,3.045729140798886,-0.0006120229894433888
2.9668929365614694,13.522436912137966,14.739803882404898,14.605688929373422,2.789119224172178,-0.00048174392027245424
3.045891616513034,14.603559181238206,14.515677912095459,14.840146333415062,3.130707712568901,-0.0003483740215847204
3.0451105631312156,14.466401998251195,15.049020605687152,14.983598507532932,3.151434247963132,-0.00024357644051366029
3.1249122536280933,14.083263900184765,15.932267200328853,14.852638469655178,2.875534891139028,-0.0001893047666024973
3.0614581010087383,14.875122811746273,14.40990914104458,14.275093365964825,3.0680141932594927,-0.00019330956256594415
2.8085176281017428,15.064411959851466,15.097925592431068,14.686944568375301,3.2413019920345745,-0.00024849380706640597
3.0039860921526222,13.913141610429609,14.193768552231237,14.01735907329034,3.1392518254755855,-0.0003359376436486189
2.698037567308754,13.054882934499128,14.291375233253717,14.64727570112284,2.795825318231209,-0.00043053565247485996
2.9974249146277225,14.177893040888137,14.164981029819746,13.994424863656654,3.0585885972119513,-0.0005076465181305441
3.0454477610153425,12.877874199375018,14.587944667498771,14.342070763810964,3.1183739982657905,-0.0005490484875636957
2.8614097846575537,13.035046892713492,14.128927940238048,13.907728517084903,2.8251201349057578,-0.0005468121208430561
3.0638263795548024,14.396256409208801,13.427081758891017,12.902392888392285,2.8947484345350234,-0.0005043300117429122
2.7198926435156765,12.908659003136405,14.272111588836747,13.22043637507112,3.0254964539180675,-0.0004345014312866138
2.960336555262464,14.381521357475657,13.837901422967807,13.65623848750673,2.925398938479404,-0.00035576233805174656
3.156046221517299,13.376921183663164,13.703520955141713,13.512299282341994,2.93467764495299,-0.0002871151454318023
2.860989527665905,13.531470632002458,12.12792250253545,14.236566145643616,3.0777593875593845,-0.00024345512104740388
3.084616019478675,12.92461020963239,13.528838369962605,13.764542538237553,2.9909045762954913,-0.00023230474680130576
2.8073691970020813,11.824124725341825,13.292826541005839,13.619487300831455,2.9031547034594314,-0.0002526276131956057
3.0260939151421113,13.175853930769026,12.192471798606926,13.643454070515379,3.177034634962792,-0.0002958286891506053
2.8586857425951577,11.990356907984241,13.657841737617654,12.170381150925682,2.9898199674240553,-0.00034850644436056354
2.8722992589022915,12.565603527437078,13.226143098454928,12.147453292462965,2.997410350731377,-0.00039613399452694486
2.949726833048908,13.4280493146291,13.301175837645555,13.075279023219656,2.812254913793879,-0.0004266923018815705
2.908619653403518,12.977678175739133,13.74264807289229,11.327418989351258,2.9488613402220296,-0.0004333755314619458
3.002514691359541,13.08416848106469,12.198406981398335,11.653164273935388,2.926312094332904,-0.0004157913575524425
3.0031913386245557,12.529231039727506,12.483070427226279,11.99558971736027,2.9845997433990368,-0.0003794957053453265
2.982474400442584,12.981868046898203,13.329827063415456,13.023865524436566,2.9572539617619125,-0.0003341207363162401
3.1225261051616897,12.754420540205416,12.43764458217779,12.146289853470657,3.125003625571636,-0.00029067457851236707
2.878519452778375,11.96863525308835,11.607199988300568,11.38770180029533,2.967895030995049,-0.00025874227706575143
3.230961682537594,12.24311157035736,11.11489715433329,10.845386810429332,3.0940482372688263,-0.0002442777116191882
3.080382837419392,11.815569982128395,11.628289384434535,12.47508151676224,2.770924865248764,-0.00024847212858632514
3.271274803321847,11.908585159591558,12.207746514576876,11.128167853338429,2.9959904434594407,-0.0002678805043022866
3.0569549129398106,12.613209786677839,12.30704359189789,12.07998272257499,2.826329515885423,-0.0002956650370496926
3.009813701181077,11.845585852975317,11.446932950946403,11.027480905434485,3.1056512479435106,-0.00032355552846082686
3.1113117519581,12.821510904024185,11.484437957574709,10.804608744794693,3.62251643896073,-0.00034398695403380433
2.762099804748526,11.664117262927993,11.734380452679453,11.290061735295096,4.609909447963712,-0.00035187858555414084
3.029437160501211,12.17872470319057,11.234456666272184,12.142345171490431,5.5459870900203425,-0.00034565307292293247
3.1092500719793037,11.270626129166171,11.217659662965685,11.05928678553726,6.581752410769009,-0.0003273139439218821
3.0761234654090392,10.73347534208705,11.59420444580795,11.618168984862242,7.165578287618851,-0.0003016449716694517
2.9957669830660203,11.28606710466145,11.040462188796697,10.529258179348965,8.086298453451812,-0.0002748029940017589
3.00721598867846,10.457500721388485,10.375116200232435,10.980172454077842,9.699125494342177,-0.0002526996249621017
2.9137930196837045,10.483296498371912,10.619364362535418,10.140810056043618,10.304922934135202,-0.00023958410081128433
2.7913993736743374,10.46776683714466,11.281186814662101,11.15661616576063,10.963474264990529,-0.00023715452413181705
2.970552270582097,10.587015760555984,9.985594253719189,11.241275390992909,12.912486651209045,-0.00024436758310546116
2.8843358234899092,10.729159029535904,10.163499969465715,10.385531054890095,12.707169007848933,-0.0002579319915491662
3.0743471263354922,10.791790013509802,10.253468337076814,9.527902514670696,14.13597374502643,-0.0002733058101123845
2.9171456703028404,10.127415664759047,10.344010356690056,10.343608893751924,14.939459198793429,-0.0002859109180323611
2.9792567008014847,10.252199015653398,11.205274281936182,10.538238600550832,15.23363848832894,-0.00029225012722500427
3.2268216939615155,10.042075905130055,10.193478850094898,9.768236293215953,16.92637379142467,-0.00029066361462889496
3.0737624261818954,10.46120655204778,10.370887138153524,10.13179058532358,16.603593423280945,-0.00028157213399812163
3.0452253867793964,10.307870547000789,9.448420148009802,10.034838643789618,19.517478197994453,-0.0002671926876127177
3.0157222317085197,9.709598960982136,9.501413771034056,10.191681660636524,18.83375696500579,-0.0002508419601117644
2.7764425686731284,9.502113100014528,9.780709544973156,9.482306103162728,19.744943933044926,-0.000236033049931998
2.9128044135923945,10.315212347901408,9.951379477523869,9.7389892656029,19.93254098479318,-0.00022560336569969148
3.0423682059863277,9.153415504632859,9.94913769580056,9.710211960086442,21.698996488155654,-0.000221083177862091
3.0216813733117425,9.274341937497818,8.682179747706503,10.135412493996306,21.881622475326424,-0.00022243744339773373
2.858606185215737,9.902659858188294,9.099583005050373,9.210111459170735,24.155909126886364,-0.00022821109741352958
3.080128919371522,9.178269685561332,9.067211100196776,8.22872114838541,23.900350293958986,-0.00023600718856356176
3.0365369075449493,8.774432589596449,9.478535039884273,9.568011415937976,23.358224591986634,-0.00024315241422862775
2.936898282829373,9.026860913497993,8.071557063436975,8.977718735579007,26.952942385061505,-0.00024737172556983054
3.0728047129287406,8.803216192825989,8.331846310398944,8.573236660321994,27.430810385304852,0.08364379841212292
2.9423389627566463,8.607404934267773,8.532716349637948,8.76492305387738,27.57418554780537,0.43036058907882807
3.1991683115157863,8.778312758106267,8.617456108264726,9.19519225117253,26.233506736252146,0.8935191032409441
3.096073769750092,8.859285787224199,8.791264607846465,8.786498557034076,24.3407798980384,1.3370465908811213
3.253529837687827,8.72650907189082,7.891609891228697,8.75689188191341,21.06658365875973,1.5
3.2400620469830774,8.12892645356205,8.564551020256156,8.776685222201742,16.81467824693008,1.5
3.1513892062640347,8.261526493670031,8.946299656797184,9.185899906450809,16.233683387497273,1.5
3.4925725358666893,7.879800746901574,8.795388154400818,8.599253420669037,14.12146517796252,1.5
3.651575509998666,8.029545590073502,7.9747774305798735,8.811188464619045,12.540329189212141,1.5
3.716180917236396,7.6509209786787284,8.609828556361013,8.741759391571778,11.723936234864928,1.165640331091138
3.583469690854208,7.715572987200853,8.396303888172472,8.977271724663316,11.378219924744855,0.780038717179881
3.7796231741373507,6.994680419569797,8.28564302966096,8.033152544584608,11.002781965279052,0.46794680483349216
4.245805755848391,7.1804227107112055,8.210616799243361,8.226096195552035,11.224577247614175,0.3007414042932649
3.9882039028095324,7.257765347790896,8.247961439276779,8.270436294953392,10.238987740315977,0.307126788425763
3.9050594722587877,7.058428504986004,8.194813118856251,8.456327600338467,10.59709169676069,0.4705936260846459
3.8045584125575744,6.650630002247982,7.691775678290914,7.913445220475448,10.593979035405994,0.7376342247117778
3.994877211710205,6.810176562458007,7.324068552195061,7.974651166873058,10.616344343154452,1.0341194976217478
4.065575603787988,6.485636012599353,7.317063347330491,8.370270744999742,10.472317957233027,1.2852233847521908
4.312187216959719,6.8076059953946455,7.255886430052988,7.96733050061574,9.216177413685793,1.4337371282977016
4.315180856630826,6.277840085709557,7.302515667390076,8.494618173826439,9.415715909886053,1.4524560619406781
4.612759668039118,5.8672852201619605,7.759050192455684,8.47126887768966,9.006221018826771,1.3481614344765243
4.8183737516117215,6.3880841594428635,7.013152749616763,8.151285359944485,8.667863299483653,1.1569872956632368
4.834518676391494,6.556799972038791,7.705869402440863,7.673562114500065,7.878664552520534,0.9330624242833363
4.976944381265125,5.96878154776219,7.421406476835896,8.420857822966495,7.270757229734813,0.7337700914527093
5.184344174424252,6.025288109001959,7.4125317363275744,8.069532902115661,7.951989313206133,0.6054943070403673
5.173079929827629,5.789272900905889,6.657478828588371,9.042545718453638,7.845522705654476,0.57327507622232
5.72415899153604,5.5896473919710825,7.278851957797409,8.789287856526753,8.074071471666173,0.6365588642759786
5.703310285716867,6.139325966331084,7.431324212052898,8.135164537766782,8.133530732429046,0.7715606921763012
5.7674282045938545,5.513474875495454,6.610794511403996,8.731069378051941,7.62159252487023,0.939091797863795
5.409983108906982,5.465240832762428,6.997637471925478,8.650274853412533,7.205640070998124,1.0954635671777777
5.8879862560293,5.995514524605525,7.049881097042416,9.13418779036534,7.667176772885288,1.2035319007437888
6.114513981158066,5.040877820572781,7.109124582241998,8.514682056835744,6.947732312342752,1.2411729676899996
6.294472137091653,5.311649085505175,6.522716565020184,9.0671668118169,7.154284766430275,1.2053529630030182
6.23873579402225,5.349952971923633,6.765423630855034,9.067488833893716,6.312319639594298,1.111193324781263
6.934293186435869,5.3500558380588545,6.406936217455217,8.7810000329802,6.021183337833809,0.9867013936959734
6.959623328131323,5.566559257231173,6.7208257411302466,8.468998868188818,6.702158431357893,0.8648271389181793
6.852128245503908,4.920964742242042,6.761105489773096,8.535457401672858,5.6408583706231274,0.7750088943517301
6.285442056054148,4.7339851710543535,7.265865657052563,8.582500751690676,6.592473796202482,0.7363082757360947
5.7710621093243715,4.69780575891499,7.08192874051106,9.236871854472653,5.953478878333361,0.7536687619923148
5.932800382863953,4.921225858161213,6.557497140747239,9.304582790616138,6.460027413484066,0.8179407853654975
6.037438301438597,4.783442172878169,7.0116619521515915,9.274343282287916,5.795886885334338,0.90934159796203
5.386684000142664,5.041254136575723,6.496779806671313,9.67146086510411,5.713080856283556,1.0032067008146353
5.520074109543767,4.668789388516138,7.153023532642468,9.171501444119233,5.971652023621715,1.0764283372040653
4.656159707784464,4.5542359584269425,6.550634261091621,9.404676095075375,5.6369340625402735,1.1129496710231652
4.912795944369759,4.183706512438008,6.904018362527602,8.856812161022873,5.584584608070513,1.1070585892183575
4.718425426861036,4.725678274219745,7.004856658039788,9.999351457003009,5.809464406815599,1.063873185576568
4.547667717715827,4.459614656510792,7.662897682075913,9.600424693534025,5.73052065310452,0.9971481884539541
4.24926933327264,4.340080609422445,7.329361353284758,10.523898374804388,5.331897163317215,0.9251709892619844
4.276383998359618,4.646607936370076,6.630723751658775,9.71722352816147,5.373385862464357,0.8659123619795519
4.314147008940495,4.25831732858013,6.882883749898645,10.117730039301858,5.281193719349904,0.8326766426512728
3.8740862350024785,4.219404938607618,7.12846031570615,9.882788116451216,5.389283174755104,0.8312671217035908
3.99853827507638,4.264600007351355,7.413104285897111,10.363943482707281,5.061416670894426,0.8592259845297678
4.098843868821819,4.67484822915537,7.528396072869557,10.210274320570015,5.190850460126355,0.9071541118745147
3.5397933914256505,4.108379854686419,7.374901668694223,10.733367960139278,5.288589932221107,0.9616079057132993
3.553200448666221,4.383155205518131,7.415563659422653,10.225122359213165,5.196488606977297,1.0087288782458261
3.399099024830171,4.6353880971717585,8.156501476528362,11.240581136580921,4.854450171091604,1.0376566857968321
3.306519950952113,4.181837596097998,7.9743320191452485,11.181959903823438,4.950553104719899,1.0429126636602843
3.3593038731628537,3.9530442671475816,7.870261422617048,12.259382321309747,4.706216978527271,1.0252636379464888
2.994532301353815,4.398949189354013,7.8268969171575575,11.013896091597049,4.976641969679592,0.9909891301570153
3.2071964472641867,4.403859710682277,8.295172389504206,12.205881690361815,4.837676158726078,0.949870274816836
3.3128655722117077,4.432538120395831,7.972758347685266,12.051377898775474,4.173975620737428,0.9125016942264166
3.0753149243900033,4.840267476886291,8.32762557338073,12.711768694563604,4.454831199133551,0.8876397359687787
2.758495002361315,4.554189067050095,9.04539538639819,11.970593328029732,4.2688621544979455,0.8802296249364425
2.852332632378882,4.498264118215772,8.931696883248035,12.916326766018406,4.412476316019177,0.8905330853265268
2.982172102992759,4.6057614663343225,9.792720482238282,13.879641926855703,4.404261571530353,0.914473312374924
2.9822242952317506,4.774333936750646,9.1785003965067,13.818187628224576,4.316667130451482,0.945007188114751
2.720714619232502,4.5845130139902155,9.600001781213203,14.954962432530877,4.59904871019009,0.9741005804895231
2.7337562185157025,4.96785180305984,10.202547585847931,16.636660942169286,4.5227834054563365,0.9947724730699047
2.7824965095287677,5.08604556288236,10.44337295602059,15.215851709847113,4.171766156589781,1.0027036947362544
2.7888494179133154,4.883637246833183,10.081501644418086,16.61304458793678,4.239772763643059,0.9970564338393998
2.679055549502335,5.2967392759720955,9.89692192701611,16.474948343607668,4.3402423098140614,0.980374075813623
2.6701800379176586,5.29370273891256,10.922439599493918,15.785487002237604,4.027459002972579,0.9576662734625412
2.5109862461059143,5.408879509911679,11.280944336917226,17.972161225945346,4.086666769174955,0.934973266421254
2.448782501936731,5.573125344639104,12.119703322610151,18.18137867238867,4.015614019617794,0.9178045023122255
2.569201229563228,5.946490506317733,13.619222825928258,18.475612097425074,3.9588161723764537,0.9098427737156436
2.4592379037696515,5.919310144505647,13.089130357449866,18.824554015601024,4.036582961025414,0.9122063981667197
2.5315358501791683,5.712410537189496,13.427911831503952,19.132008857740537,3.957330447470066,0.9234005939959311
2.6167519621893733,7.245080044107036,14.757397390561938,21.00109821566869,3.446488859872978,0.9399098298411601
2.422405346056999,6.344874109661885,15.00537396702107,21.323284058673263,3.7758924068997417,0.9572308605031905
2.660368509842513,7.048003004282394,16.04666840399092,22.206829186312213,3.839745166836642,0.9710561906545074
2.576509641454515,7.499655976109055,17.81180905978734,23.984557569504716,3.64419310474966,0.9783064127850265
2.7232801273187395,7.273833256462858,17.098899322605735,26.507590668882987,3.5568676196621256,0.9777731071000233
2.7464464139233433,8.486620648363035,18.85924119167337,27.706868587409847,3.4951306988416,0.97024976100358
2.5233490086739705,9.002664656437412,17.975595692310616,29.202133850920013,3.5813410118963485,0.9581636022623877
2.5998843664033067,8.944323530617277,19.084397042014377,29.793693283965503,3.46272606331204,0.9448416389013558
2.7225072931097274,10.364548079524704,22.340591509097703,31.027417688990724,3.1851504729478126,0.9336216087397231
2.594681975420316,10.783844236993543,23.049130013339653,35.24775553420797,3.298882946551907,0.9270379146714035
2.6456829753214195,11.489252241623984,24.443252404738107,36.913664611333154,3.4505118035848406,0.9262743060071448
2.768123063653938,12.493754625498482,25.767439935861642,43.451345648342745,3.2287354233706496,0.9309933858544384
2.4803538699249654,12.720072895395477,29.66668898270906,46.16850214578633,3.496606600428845,0.9395516201612545
2.5939359920993006,15.648224504130747,31.752281309276544,48.800577976226236,3.144980862083515,0.9495138185836242
2.838974561462946,16.363375337539672,37.215023025141846,51.61235235605357,3.369133117291068,0.9583155722930637
2.9725448864974617,19.39400299252422,36.784119844866225,42.26390526756683,3.1755711439088348,0.9638993072210805
2.8913713133209415,22.786726113086168,45.215013070155415,33.35894389118616,2.9580072591227524,0.9651712850318053
2.957493751112766,26.306175688388283,52.762965366515104,28.428224013711677,3.207199027162144,0.9621838677381489
2.997530558856498,30.504615399353316,44.582490048844996,23.55951344991331,2.9074577119113947,0.814747512420853
3.0919782776644613,35.75543706035391,43.758343842991486,21.492737880533173,2.866030647079455,0.43344424559421146
3.214081772286137,41.53653428189503,42.07822961562238,20.424746724885367,2.961449740965603,-0.035988731440544236
2.910231988498993,39.54441885639983,41.6847851648019,20.328761208915076,2.7074718622022016,-0.46077700659033793
2.963239229096925,35.65124635993805,44.71250942990787,21.461409776352394,2.956141932450504,-0.7378858861944946
2.9614573640246986,28.775673404462633,45.4844118532116,22.69393176666427,3.028737691495816,-0.8116566924214919
2.9178354701352496,27.057893039170587,52.49325781368265,27.177866777958904,3.120723711649427,-0.6815845610369247
2.861189839584274,22.51573696313412,46.98092071259108,31.922649234380525,3.2409882300572717,-0.39707598658529586
2.6130949042706906,22.262666134131823,46.592524609602464,33.25182170196155,2.9787441862370003,-0.04088250227481706
2.707844488550233,22.516370446481197,43.806233738279424,33.716819527892476,3.1577767005644795,0.2940110923673201
2.7158977865409475,23.978681018297557,45.91477495279207,32.02044121776498,3.2900825550094996,0.5279282575777223
3.0626723226589174,24.53747325306183,53.15240563358356,27.202119257132974,2.948346546085438,0.6127316790743946
2.813658002683618,27.748541249395455,50.23091405336261,28.024403385550073,3.0361236255097945,0.5407810033930442
2.9441979455178666,29.84208624051457,44.814348760184245,22.031518157850744,3.0010691154519806,0.34325223403849453
3.0041475547339394,34.060663896458934,46.5047914205712,24.024818134728033,2.8462169053693254,0.07915844737654597
3.014756852633626,31.660304096460525,45.24041840498974,21.149978466529266,3.016679302475897,-0.18144413631411463
2.9026500277597345,31.488974909764384,43.63265677679094,23.17584757195608,2.9627795832610255,-0.3754695525566566
3.121148622721613,29.003162099589233,48.558348070136965,24.45034232675281,3.0236270269335854,-0.46154427949357024
2.7141265951389935,27.641139612769518,55.123310861552945,25.644173284066465,3.1193962057407263,-0.42817690204293635
2.950306033111808,24.398482884012754,51.42547523276119,29.385445601153087,2.839283084488603,-0.29394243134559905
2.849127934941738,23.645654648341058,46.93191316841972,28.734988383309435,3.3889285956050372,-0.1003345646072277
2.8615512728205252,24.256289855678425,52.71867713754954,29.569208586922407,3.1620987440838273,0.10033429578987249
3.034227978209544,24.930996709201303,49.923925876080965,28.971016319619086,3.031771674613274,0.2586081356774582
3.1088999497196252,23.432353568798188,51.858270549863235,28.51853750383608,3.0630909164043594,0.33967195323315597
2.943358238504427,26.600567716714668,54.226376653348176,26.350958309612228,3.0570633042243847,0.3305434487236016
3.00806798679033,29.288955346142306,50.04092056401168,26.882068281013765,3.051122974127838,0.24132342728569506
2.7819197207327715,29.353110996762158,52.55202695940467,23.74569839418495,3.045501209927777,0.10072003507127011
3.164168232465641,29.602346319081732,47.674185946239135,24.714051976786994,2.6524326191558707,-0.05256365253778958
3.137814507918769,30.889229434322008,45.840669738718375,25.363509399508285,2.829137902735522,-0.18012140270897276
3.1475571895563186,29.19562669899801,48.84473936462552,24.91661787707725,2.9570907231990518,-0.2531636513746208
3.0919459134158704,26.890693247325945,47.52106534800342,25.296712820297905,3.024823427264943,-0.2586824380155761
3.1370192361419167,26.406483655871703,55.141114004868754,25.744773435368682,2.9437909242675797,-0.201237190306032
2.9722058263140982,27.49792276250694,54.24575385944611,26.63680836196768,2.8735880510630967,-0.10030969094394798
2.8649887156747575,27.083152365573582,50.26113025828333,27.52676989702703,3.0973801326292616,0.01574087935260359
2.83563217648583,26.709719222487443,52.765116803404325,27.476207724990655,2.9368996671722387,0.11735472441314626
3.1062792208793653,25.54332036634814,48.331182432066996,27.45843251089336,3.1249972007348252,0.18106933109094547
3.0939754598541382,25.436723641464354,52.48936442883344,24.867684436317592,3.030283050117964,0.19469572183813347
2.7736642405074146,27.084875432881606,53.84511635149988,24.99297326941269,2.864786971528926,0.15929896617312625
3.0190087933880285,28.263660465375374,50.3904254830462,26.136277918327675,3.2255970178633473,0.08778039067633786
3.345385015687371,29.124609299896974,49.21349746175135,24.423504224612632,2.878861252301876,0.0007035278410510611
2.888362473123098,29.942510233413376,50.22066930761854,23.683044590865848,2.969493100634266,-0.07937957510390652
2.969469614229347,27.81011969912369,52.415680811923245,25.47103512438608,3.158847324086136,-0.1335899581103595
2.978631859010182,27.41999109020947,50.48089319154999,26.62566512403401,3.0153295141644256,-0.15099462119320634
3.0576147085694076,27.518386735346485,48.60640344272007,26.250524992170654,2.848838491613623,-0.1305723315567918
2.9850829296085,24.953181493845225,55.35907226147082,27.330882068524776,2.919790142542317,-0.08059570742743036
3.0154589613836458,26.97975563353406,53.18799900838217,28.90547103319812,3.158832287348202,-0.015805793582843966
2.948065320860741,24.415515942124863,50.38805764553372,28.697539953119342,2.894047086053343,0.046740390129216776
2.9277903319138687,25.553871204303164,52.753961037504894,28.61203365110655,2.9502616118365625,0.09202288592084101
2.9947766644352325,28.295224853219032,57.176352180961786,25.01461212396301,2.8746194835528356,0.11053562624199607
2.9903082972666133,27.113665741525825,54.232384384291656,25.21363225316682,2.869524050688219,0.10011760512809462
3.2018230152563882,26.8370117071074,50.19254364522978,26.754825930538676,3.3504571316066367,0.06583665880062711
3.016754617938586,27.79525969359736,50.356568099004555,26.162838064992012,3.156112107386289,0.018124363937480497
2.856201676323084,29.51551165317736,52.919262943349345,26.26191189165475,3.0449734377424007,-0.030231224996864602
3.0184340190795806,27.984593305083767,51.92481002143759,24.965401014455814,3.2490175488308366,-0.06740337785790203
3.0426231818216882,27.804622139664016,52.73960483277806,27.21375764006028,2.8668437219254725,-0.08532053617421609
2.910856535610958,28.021407859805503,51.125095102838095,25.386926159230697,2.984200465978173,-0.08130216229672074
3.0166003604760054,26.049202703357903,54.194525925911925,25.87419329872913,3.0520781064165923,-0.05823975993240478
2.9804167011067526,27.458901385009646,50.94199182160427,26.398798839852034,3.024267172626876,-0.023406192543431636
3.1453490606596874,27.774980083607332,52.420481252777925,28.087143396482485,3.03873505292427,0.013697060114289651
3.017845183636207,28.60073444064212,52.64349131744818,27.41158196675583,2.8566541525377813,0.043846770227100644
3.179027884339673,26.22308733348215,54.4755846340547,27.559904930133282,2.8839991245994256,0.060317985887479574
3.079480053179537,25.032157528118688,52.198368158683294,26.58209915542853,2.9785653047833214,0.06030207103664649
3.3088681722845887,26.37172222275678,52.46846378312334,26.70315972946534,3.070901908205304,0.04524780540941335
3.2240444825007426,28.976001549403748,49.513268049233425,26.240110265065216,3.0017232959462565,0.02013668226531733
3.006907762790853,28.05823652115927,52.20108848376075,24.989677429605596,2.9786827260822433,-0.008038083666760006
2.932114733491435,30.11216627497359,53.79059489504782,26.639241734741134,2.931826414467759,-0.03214911733800915
2.799176426715195,29.19267368604419,54.7928911653342,24.753119486701422,3.0727257716227228,-0.04668096357015969
3.1491476356274046,30.121171943043933,52.851542493175145,25.92471610568455,3.1361644914807036,-0.048931293979926606
3.134931258704847,27.883710081539192,49.18114686382447,28.183545548034513,3.0480251233959352,-0.03942257395927211
3.1177913960110906,29.016611150357924,47.772877781254046,26.329767699183996,3.033124673403579,-0.021493034324871263
2.6539204332119626,25.941639083589838,52.13541424568709,27.560697459220535,3.046913116198522,-0.00023821966671683237
3.109183570724773,25.877742156923066,53.95749587767356,25.362410826146036,3.012894021326729,0.01888255826117578
3.005847236572389,29.317695540023138,50.956392209021004,26.218148808615645,2.899799694254834,0.03140646924439287
3.0307521308878953,28.16038776598178,48.86938234484833,26.77443847815679,3.06256937333352,0.034866027614252545
2.9166183256938427,27.96323474311894,49.995918867970815,24.983928387867184,3.0814001312093358,0.029215099815401567
3.0470822386658574,24.96218172997763,52.576919679512066,25.409109431362754,2.980530891564632,0.016628469058779752
2.9613285612343163,27.367375392107903,55.0176052663174,27.380154010985663,3.15404304878201,0.0007784903685311246
2.9903524676985564,29.182867519987308,55.12434708400857,26.168435002823166,3.113382045425093,-0.01418943773080226
3.1672192561834116,30.520097130184077,50.90483480286885,28.160987869043293,2.895623607288616,-0.024706951523912085
3.0791690385874166,28.168728411222315,54.81534443102446,27.487222802221606,3.1415458157314076,-0.02860059426080617
2.827370487394332,27.53083628485181,50.04947380099495,26.05236915636978,3.1563957265482716,-0.02549876227661301
2.918801361961935,27.78540548772329,49.4500249470979,26.965778285177166,3.2275432980159007,-0.016764621390174952
3.011623376990047,26.65842039559681,53.03840074528439,27.566659392109074,3.144331418357998,-0.005012754631439755
2.9120765671900606,24.811807673186127,52.70978103551882,26.92700961020954,2.94874829604559,0.006636453621624762
2.947593682738322,25.906934208315363,51.112158719448225,25.519144806290125,3.0948142001212386,0.015360335937164583
3.0396646605221074,27.44120535482562,48.27540025416082,25.96542775835964,2.904792264450083,0.019294775617788584
3.028728514507918,28.244240476999618,51.55959022675148,25.158909636287095,2.9803555238603745,0.01790402356657208
2.9015692425726938,28.34628188336702,51.67527881925789,28.71265104928526,2.8430655707877683,0.011994947293858521
2.978456026027019,27.857601803321792,51.647660932672075,26.176851963820564,2.9013180961664027,0.0034033265078253975
3.062760641477202,26.86324490884331,53.12552490049381,26.379012841084673,2.9634683327365945,-0.005542801047608231
2.7470543247903114,30.287607091221016,52.95609571984465,27.508823422125236,2.9060491599962006,-0.01263266678003773
2.915987567213824,26.40824250801355,46.87860992181257,26.387163901727995,2.9932765926683818,-0.016300480943133445
2.9574311733461895,25.96028784530741,48.434944496598945,26.13040819731095,3.065153338878239,-0.01595006579519482
2.845292406226199,26.157141084695105,47.43609718030321,25.008548139624025,3.2053283312320806,-0.012015169000809917
3.0535222405321765,27.062480951343193,55.79018313719955,26.789632153061977,2.9739571819129518,-0.005763886248824939
3.243426850306516,26.579330016184617,56.11133602042838,27.284727151057954,2.9391386684626,0.0010828472226149407
2.9254120694750436,27.17723684967118,50.61915357646315,25.95438514489631,3.011575138111546,0.006809608176054459
3.0279062690767686,28.062377628455536,51.533658257731176,28.147975545133953,3.0454659894953338,0.01012342909931578
2.9943818026236766,26.845813636501937,52.03740672795527,26.011679589193832,3.080972498527549,0.010431496063009738
2.9104991295885756,26.99471402725174,50.99340584071174,25.56565931979869,2.7768883274810556,0.007924198742847074
3.0892532876468874,26.215385662166753,53.49639361208113,24.30656862835807,3.01402395848608,0.0034603385255865034
2.975978436183889,24.178376331856043,54.31424522858096,26.53324252517105,2.94363518754792,-0.0017002779769209509
3.1779647819617756,28.662852838075878,53.35560381984767,25.215496262276638,3.001595891472905,-0.0062384494659960404
2.874765411484502,27.669586375080367,48.97165833955697,24.905512956723683,2.9645304007424467,-0.009101781658276138
2.9902263357634586,26.704452950163038,50.92950372464533,26.429485913605294,2.8863607654130994,-0.0097374502822853
3.1071193954322203,27.135037817461928,53.022024851251786,24.801216652125248,2.9112583716737035,-0.008183053524531046
3.066538159357278,28.42935898198635,51.84078991850485,26.385995814084865,3.0402605433292704,-0.005005851257501448
3.114665580789421,26.27710312412707,51.662793548798994,27.15682352526343,3.187119974727758,-0.0011184295698792412
3.2054671448285696,25.535093077855812,51.06158585096367,28.17802937211684,3.0148844818842786,0.0024735516178868958
3.097573026841832,27.23015563698517,52.37016236149602,24.601041084128912,3.000769551712882,0.004924208693688555
3.053130713573962,27.51447275957161,51.86506766277451,25.681078689467476,2.89855078620773,0.0057393022975855915
3.0159797778966717,25.784763514724947,54.45964947713999,27.649363177761032,3.1307496941996344,0.004865765295990683
2.8120095458597207,26.92422757716975,51.64624977996054,24.50825732269229,3.0327864443651458,0.0026660513441489845
2.9771406685332753,25.475108705362217,57.727634060425146,27.56129621142615,2.78960795891511,-0.00020638567838231648
3.060805374972067,28.051022593914663,50.18929279126976,26.779121296859934,2.8619440255218063,-0.0029915383447730285
3.013200926540381,26.558598908037172,50.138941884116775,28.362819291429197,2.7536607856348634,-0.005017097419381879
3.0776704099930368,27.653285171791676,53.88499759948656,25.885390573481327,3.066968863514245,-0.005854382987524368
3.011179582540717,25.94618110143704,55.5008796558587,27.966515983523127,2.922485080638535,-0.005401361001855081
3.0705297995086194,28.606096130993794,53.381558173536725,25.691375690612837,2.963039000441325,-0.003878918077768749
2.880171808035148,25.806138135771697,58.19546181647252,26.233618168489052,2.926756684279188,-0.0017488835073605114
2.9554476078591496,27.702510002383995,53.97330790420799,28.05354766688778,3.058253096823592,0.0004194128342292021
2.995851542540049,25.22809470681043,54.42837718238091,28.40344546462144,3.007202783880586,0.0020970766341024375
3.1264811047091197,28.60223914271435,52.7625134462243,27.345815301631642,2.9361224339883716,0.00292081406681793
3.194374718457859,26.66255389916772,55.08908688479498,24.357381055671922,2.9727998599981116,0.002766858822989064
3.1075867536557906,27.470988890237493,54.648202206482544,27.325848990494062,2.9759786262899297,0.0017601510217202898
2.9443473133440428,26.63553080222061,52.09519792123481,26.193262749335172,2.833649639198859,0.00022219436548094075
2.9838217952936366,26.93611338432733,53.320351741606174,27.098113440144466,3.0622705510631127,-0.0014243597862663077
3.0785424230773772,26.991201494326624,54.69174736569167,27.222779430502857,3.1025883361491786,-0.0027674005377025107
3.14184272364388,27.25719926981018,51.85535889742949,27.626506237885316,2.977473446377878,-0.0035047175335892475
2.920115995783064,27.894823914152845,47.98369000667127,25.710207593173642,2.974139948503028,-0.0035079326966259514
2.937356161388173,26.522316183467897,53.24149354045667,25.902413642909313,2.900213337788047,-0.0028385436448033425
3.0685610810955364,26.4152753868266,53.9798297887412,26.723330918421535,2.967587381372079,-0.0017163609726863185
3.053412426867735,26.167732039955123,53.52298078093003,26.08956876869605,2.993503406199559,-0.0004521812296807614
2.9498751007853143,26.22944293965724,50.7327366251302,25.887891174037286,2.871125461053687,0.0006357949558263825
2.9016019267582656,27.15460833902886,52.69094190417194,26.715365405305995,2.803707124110843,0.0013000401654934815
3.103320723481952,27.60533955863428,53.16886319674098,27.11936513554173,2.954692620903845,0.0014177550091416383
3.0408902080657403,26.992880511365744,55.028333784526566,26.120307313528883,2.820339302147843,0.0010098468676612085
2.8934785671419605,26.391134489414465,52.25504149099039,25.89768012862669,3.126676463380726,0.00022328049463340088
3.021748926878356,25.160978913628373,54.79861956934478,26.696476193141663,3.2157908025711763,-0.0007157029470744756
3.0304245147655053,28.42294729289879,52.64019104861094,24.774451160856106,2.858442910525396,-0.0015635683693668793
3.013016323890782,27.87194290875991,49.582619051431784,26.15500039285857,3.124224476918072,-0.0021202593211808044
2.7918799616268957,26.864004031302066,54.744898561317655,26.000465049947646,2.984774698838252,-0.0022740782033230838
2.9532222880471686,27.01361195362662,51.068223346763645,28.26631741000463,2.8001171959225966,-0.002021142357271702
2.8817425530032184,25.299383731223916,52.542407119791854,26.00240398395176,2.937507560618952,-0.001456904087694226
3.022721609639582,25.98306516071689,53.308170117396905,28.396496268762164,3.149170708108919,-0.0007442401248412178
2.9861024403390286,27.5427350729992,51.59363051106362,25.096509276570938,3.092930152734644,-6.792370088549139e-05
2.925227930702391,26.552223763704394,55.14236078827254,25.55826172929822,3.064044125650036,0.0004122517917471186
2.9373900142211413,27.74819045814343,53.81294982735461,25.62348035003852,3.108029443649378,0.0005981729578461309
2.972206734747305,26.392744493361718,51.46566797823579,26.54429035798226,3.021178983575874,0.0004718894260108369
3.0746039142353716,27.326026668296816,54.06840295130925,24.807102222418205,2.8616371797631284,9.297458878493198e-05
2.8533606277785726,27.837702739838512,52.99402538306374,27.027020164237125,3.0180778295486705,-0.0004227473211263214
3.0027071206522273,26.30189609278902,51.86448800124862,26.656035208018363,3.013490420436555,-0.0009363024837489215
3.0217949731241287,26.021012294648457,52.77943311541349,24.201178490532318,3.2494942983986506,-0.0013214083590561893
2.927523688884963,25.91028189381444,49.04037061506953,25.889788672460647,3.1040788471693075,-0.0014940932904436797
2.9711242468153114,27.773897239856773,52.034040871491754,26.14757250847878,3.172815333075765,-0.0014294311388445443
2.803831062804986,26.934070837219004,53.96310723153252,26.987783899005247,2.9134644727958823,-0.0011624451313648136
3.047013901366432,26.480913576844944,56.79975488506886,26.8902015200236,3.014204951089262,-0.0007743448252977384
2.91669228893544,26.99890752467157,56.01905742571276,25.494155769871693,3.1085230059873,-0.0003687273373245481
2.9780543757664466,24.889462210104796,55.291227822281755,27.09525593219566,2.9467536221138446,-4.441121872603593e-05
2.9912115391604015,27.75529388759744,51.77703671008048,27.828674023988967,2.9014854937733583,0.0001281921541711709
2.806566775650098,27.865746339992057,54.886330084808456,28.20551958178627,3.1547415851528546,0.00012172919842664152
2.8451212569836613,26.66504366802725,55.190537459806244,26.65501666757987,2.9433894124172473,-4.520347366947518e-05
3.030493063384776,28.054211936122336,52.12596837334202,25.809131950339726,3.0047152679761777,-0.000316600857838647
2.958667655571901,27.31134295999206,51.18122533988464,26.687458603796138,3.1000368531099856,-0.000615947517093261
2.9496378485608323,27.14344899466327,57.290808150485184,27.07354457009504,2.9500981319930326,-0.0008666293552403332
2.988863969357434,27.398055274468195,53.11588000914801,25.4506128885293,2.8206053550776073,-0.0010105851139944131
3.045581568727465,29.01034210128444,56.49873882867167,27.588105092129425,2.9449031221831143,-0.0010208128749074558
2.9348195018751846,28.561086284884983,54.03049903432465,28.15340652397809,2.8332006175817295,-0.0009052254379822748
3.124072493901041,26.40094718335785,53.91284015656302,24.312981234454607,2.909292761434385,-0.0007016726558141295
3.0198152314888986,28.05902811848848,57.40901412685722,26.668423079206214,2.89660389507778,-0.00046611410775673746
2.9644998735265116,27.76880248303301,53.76742956110932,25.907958928076305,3.2530519116678307,-0.00025741889573822885
2.880338310430732,26.660979602589208,53.509958778155315,25.503494509101554,3.011708792431831,-0.0001227861663481641
3.0616322400812828,26.337694104078892,51.42550717405814,26.336854090180942,3.057304658786095,-8.727981995225799e-05
2.93558582942286,25.93153344675842,53.50555311624207,28.1503355571684,3.037182685994106,-0.0001496643554990542
3.003194571103669,27.81818047844911,52.706950634811506,26.809291301663126,2.866425262372889,-0.0002850043322466202
2.9844196785167916,25.47405005737025,58.30164216384968,24.55046826667449,3.0145880238850116,-0.0004528036655531268
3.0627743302850696,28.859595350013723,51.52097731831252,28.231851622429254,3.037874861717686,-0.0006082199059378716
2.982984155773619,29.078362721077124,53.68620434237777,26.536927304656462,3.163717153670721,-0.0007133558587755072
2.895003944561441,26.091103288587206,52.77685334425637,25.776820518519273,3.156549688813631,-0.0007458741186943519
3.2266678977441647,28.32098011696835,56.68611666113677,27.325441178225358,2.966184601244197,-0.0007030723035106665
2.982273496481958,26.880920015412602,53.071256988419414,25.97139602225002,2.7386254314964313,-0.0006008241341936996
2.9111009242669783,28.24780004882462,54.67484474982369,27.88444526558124,2.833882431879532,-0.00046809283504746973
3.236202478707591,26.932006610461013,49.716330151745595,26.808645674159497,2.8265649198528178,-0.0003387389876686464
2.9500724925068535,25.304161351836925,50.64696495646689,24.75609733403215,3.1797679205026235,-0.00024285279222023
3.1635718526358008,25.564887611963204,53.87601796682737,27.640734629927376,2.9208346826971674,-0.0001997614882636331
2.7098670952468518,29.081562684827567,53.56416277231558,27.944237686814215,3.2285083022973122,-0.0002142670518019245
3.099994760591111,26.29834035187536,54.32227723535661,26.24469785861789,2.935232169520455,-0.0002767473024446413
3.134329381024421,29.997269601625963,53.58428948864968,25.646711289722283,3.1210112449631517,-0.0003667580989383008
2.840945040129604,26.705992529154617,52.218245377836446,28.536018625734805,2.989480372308444,-0.000458954031333046
3.1222739500677936,26.71120282550102,56.46371807078118,28.234922859489657,2.8640140744183333,-0.0005296842180748457
3.048793455454096,27.00658212390748,55.77729100117376,29.224928082248752,2.8919411231799637,-0.0005625991950494785
3.009608702086044,26.616637140884812,52.60061607447303,25.88215329076457,3.0919052855337426,-0.0005519909799886439
3.167839970726271,25.757721212837133,55.0293243127938,25.580003872500505,3.0391827797466484,-0.0005032517055178641
2.8944187913815695,26.000465899979062,51.12417575651246,26.395747726212022,3.0631233558262743,-0.00043059109767068407
3.1169077957813704,29.482241544267787,56.01199706199488,26.243188690786834,3.0045105642005865,-0.00035280783744227575
3.1428367694142167,26.623639625809673,51.883550592000944,25.971594693933294,2.984904637350337,-0.000288313907081134
2.9632411915063326,25.892952057776885,54.41277597184115,26.07555363916227,2.9114158590486996,-0.00025068797959983916
3.1792454551338536,28.882163585865563,53.325039411936125,25.810221342356158,2.986702439223018,-0.00024579362896393715
2.861344136608532,26.30326344957128,55.04256660752039,25.465338888000296,2.8041042745860945,-0.0002710268176389105
3.065232198948085,27.94434717780776,58.493710859733376,27.24460084064891,3.0501514790968423,-0.0003166896459932739
3.130409946533455,26.504131746096544,55.46562782180705,28.96655973467092,2.9501090832256924,-0.0003689702132857732
2.993461518397308,27.72749121472797,54.547790132843204,25.34083737060828,3.2681464460348373,-0.0004136630840358948
3.148371637306479,26.62593932690146,54.31517608853068,27.051870564197518,3.0705684471708916,-0.00043966029397750535
3.2327555104945658,25.522804925991267,54.056321889246334,27.21061328945353,2.9854209723014344,-0.0004413834642362799
3.018842754076334,26.184518757449727,57.93952477754993,28.26268700803956,3.084801905348272,-0.0004196577637547444
2.884508122908538,29.002791249706025,56.04774640524361,26.98098590971157,2.937886670793467,-0.0003809512580197129
3.130755031682488,26.218460437379015,58.417840262776394,27.283120300980144,3.0228072865090816,-0.0003353076271725475
2.896118228096233,24.720791480328973,51.57906559791421,26.44732378074616,2.965562783414562,-0.0002935895175610506
2.9286249939949216,26.725583225914736,55.409095491406894,25.655844808709716,3.029216797477782,-0.0002647635808749159
2.9249775628685857,26.670175856936982,52.19655423918012,27.01941584365004,3.1084726487518,-0.00025388420608073777
3.1503538995733265,28.090612961388942,51.479600049450426,27.745048065001885,2.813711898690722,-0.00026120550024349754
3.1951693807701576,25.82196162372871,51.12926547920819,26.038632385030645,2.890018257077288,-0.00028253898042763164
3.0812134828868123,27.38463484171885,51.83299278969713,27.084426378777103,3.0035027021249325,-0.0003106610440138838
2.9421998779800704,26.547624466363523,51.0245629098659,24.52161203336628,3.0066872317968483,-0.00033733596226218337
3.0403723771207765,27.41885776830191,52.687653604929245,27.701666055349975,2.8861186235798324,-0.0003554083233255214
2.996061918798884,27.05408854911505,54.79963269923523,26.798359428081373,2.8586202631131004,-0.00036044968546224013
3.113297875678085,27.615321155834938,53.72672064923557,26.680244588526598,3.1331388642872486,-0.0003515977180734857
3.0595714324743635,27.159425899621247,53.957014307575776,26.272231896868327,3.1765625458104485,-0.0003314542249763841
2.9128199687892766,25.76096363970884,55.84270899340842,27.893634463648453,3.1793133764581354,-0.0003051491321797175
3.155601102298637,28.340264558608357,55.27457246394156,27.87881403088873,2.9558800966893757,-0.0002788711125335967
3.0980023989993994,26.02305193072028,52.59441142900688,25.581098152602763,2.914521361061602,-0.00025826902427361864
2.8162000759928336,27.416993098402063,56.451671361070744,26.573059250476216,2.7995889895538775,-0.0002471244444796745
2.9567684759546973,26.719358438136602,56.841349569266804,27.810711696090664,3.1451389906892184,-0.0002465946210632987
2.940708517879846,27.747482009615062,52.468872310055296,26.189634403369404,2.947064047700413,-0.00025516019803798964
3.1997826348298286,27.111423247386693,52.76967700199514,26.13963395053441,3.2471598166955444,-0.0002692288268707047
3.0417722299203866,26.419416118847,52.36336345449608,27.84960384444605,2.9428382642373454,-0.00028419044936207406
3.1730471434680205,27.53671412074889,54.364726236367574,26.401745609982168,2.99707160161488,-0.0002956279801561628
2.8961912530475384,25.323609048838595,53.017185449072535,28.45721056576866,3.107375809853177,-0.0003003752017123498
2.8493240051149717,27.204297167552618,57.21047303014624,26.611395078248886,2.9915765569436044,-0.00029717780248266715
2.772360844384677,28.415323392452322,52.074748203072694,24.689334656103657,3.0333319635236835,-0.0002868313948575711
2.9179056872975657,26.683044351712354,53.810103169424266,26.784537567257956,3.1083821027253102,-0.000271808647635744
3.0480637864316265,27.39345876497407,51.051577446204696,22.810884795280298,2.850316374144915,-0.0002555109238034979
3.1457926245639185,27.067359796882965,51.71280984842328,26.99124691196915,2.6695036903739533,-0.00024135935163966
3.0544268034576945,26.820165433235463,57.10707860771935,26.635080119436537,3.1880808176809388,-0.0002319605403389662
3.021248515915235,28.21879445056839,53.03687736529841,26.597473991636104,3.1552168774565494,-0.0002285434274629612
2.869359023485021,28.05629408459582,57.088223769908154,28.323019464395674,2.8865170871030585,-0.00023078059261633096
3.0277624245792256,27.840173249037775,52.334746401133486,26.59262296667322,2.7704157776182887,-0.00023700391061391436
2.913482525480247,27.40854778797212,55.99306580372399,26.787150728902237,3.0359381111722943,-0.0002447275966208756
2.9098092262836004,25.257995692628853,53.881971203850284,26.028051169944742,3.1609653705854837,-0.000251324496962705
3.2080585688814405,28.45736865799113,53.00456251673307,25.981512544352253,2.9640168616233207,-0.00025467766308799757
3.026790604452475,26.699088149677433,55.5889448632881,25.826440622673182,3.1166870660502717,-0.00025365081769139947
3.0180359872360047,27.3416882428777,55.75336011596909,26.85680888114795,2.9710596780653136,-0.00024827906258727825
2.8895142150189552,28.28796117125687,53.44370009447859,26.965756771096842,2.8824383369623905,-0.00023965787730393122
2.988040084865213,26.679850976149762,55.62494832452099,25.924808448207955,2.900817147867208,-0.00022958379273274967
2.912988079702359,27.13103453280881,54.935334465962534,24.983809004570006,3.100818704116847,-0.00022005588414010345
3.2720863206654833,27.124295999276175,56.210009656567884,25.40771792947791,2.974289968573143,-0.00021277155522985515
2.9618790156063786,26.347667499168633,54.96344752309835,25.57121739121772,3.126001120486314,-0.00020873980643864364
2.7035619467419973,26.664349983651153,53.30150703321435,27.359303695519888,2.9805312973551192,-0.0002080958234158857
3.041879997878213,26.19097115716418,57.90032707924514,25.569065916150876,2.947963910087481,-0.0002101444050370253
3.047349785775181,24.782228705774997,50.38429069655185,25.32477712727345,2.904304502565554,-0.00021360165927895522
3.1590394967013555,25.306797855778633,51.04398175880575,26.075648273929154,3.0081015408641405,-0.0002169588220172273
3.007376897694771,26.228821251272745,54.599214390663015,28.59734386829657,3.0434929299594606,-0.0002188689931811223
2.9540291680560014,28.99558000885579,51.975485147450186,25.918439569946926,3.126254521580041,-0.00021846067945966162
3.0866851869381335,28.15181066416071,50.019934715100746,26.207685244936176,3.037289189351913,-0.00021550824577520693
3.115456902749889,29.500001459519837,51.65232404769523,27.97277623621963,2.9621890437052514,-0.00021043030626145484
2.637584375444403,26.78734438013306,48.30219772702501,27.469888933818652,2.8046123521071213,-0.00020413148714143773
3.146733881617018,28.119459377578163,53.07404750892581,27.876332527787056,3.09665139064613,-0.0001977397580031746
3.1295562254514553,26.76358938979492,53.75197493986981,26.34769124645641,2.9832044669702773,-0.00019231237671424954
2.825529515661023,28.564625699670767,53.90154611201508,28.083587327309523,3.029652128097564,-0.000188584746734379
2.9690266501909552,25.380891366272436,54.413708970877124,27.0485935504523,2.819847787494201,-0.0001868195472387174
3.075383121103331,26.057267545385656,54.86705128220513,26.07809580859167,3.009116784152008,-0.00018678408314526244
2.862073919556847,25.577596827171078,55.928301322718774,27.39964859746941,3.0767349035792497,-0.00018785015854792486
2.9854656402443673,26.513472149925533,54.37295834019565,26.570984138128775,3.221895708993265,-0.00018918145982777565
2.9107767585950257,25.518099306263775,56.51296313876744,26.15253036349185,3.0050463096214934,-0.00018995520224981033
2.888286715688235,25.053090299778802,53.519540105095324,26.984265483140852,3.049918906338131,-0.00018956110973675775
2.722912925477286,27.678644656673512,54.90271098924934,28.517057413483286,2.933360360447669,-0.00018773129034073576
2.968042485679604,27.113078646043704,49.817962237964764,25.953498844317988,3.0970764246710925,-0.00018457544469099217
2.7940296141853405,27.534396853426312,54.56712578628061,26.17498560467001,3.1432462709207893,-0.00018052111503382234
2.8158638613396034,26.42647384758453,54.436224451994725,24.983818506904644,2.900154113792428,-0.00017618181547823764
2.905061333871366,26.807810718965673,54.73866583321408,26.4349988347706,2.9209362057094626,-0.00017219143619290878
2.917201961595645,24.691897836790204,52.428583879375594,25.490413305055252,2.8471777818269985,-0.00016904816546220054
2.7936771358826267,28.106230520204697,57.202330508045094,27.358491889652438,3.1386678574295055,-0.00016700507683017776
2.921623409916116,29.3879697840223,55.849255102635745,27.43075471089825,3.167808301491323,-0.00016602992660281996
2.913138703522424,25.652185345457497,54.42966701586351,27.710964159065306,2.8244621116004045,-0.0001658378939479384
3.121911834685245,24.56849297030436,55.84416884958408,26.2534355538682,3.1971073633344926,-0.00016598292114559165
2.9857170949584266,28.990036935952897,52.64555053566538,29.226876135297132,3.0642587360226385,-0.00016598030440045838
2.8090848316601607,26.740600225488507,50.57390245543761,27.24710286375177,3.2193600871139063,-0.00016542797298862405
2.835574485285656,27.769288428135606,54.10684585887918,26.704183802097404,3.310016400365883,-0.00016409705974808445
2.939628614859771,26.14458923881512,52.62589804755777,27.825143747870193,2.804751923139853,-0.0001619724081253926
3.0480593918710928,27.077782669591244,50.293850240449444,27.035545592180345,2.8975673476162456,-0.00015923753491712178
3.0428734342316757,27.316281451240435,48.85462814906959,26.930742337234438,2.9335656189539736,-0.00015621256366130516
3.047455572572255,26.555944847505405,56.99513222867391,25.101751917198378,3.0356352386134677,-0.00015326434247790857
3.147972302447225,27.72365537796655,55.5317619221348,25.843669893673184,2.8398604491801804,-0.0001507130496678961
2.963331695422725,25.229138038319338,54.563058923641094,26.092760317467302,3.136085770046041,-0.00014875831992916807
2.9952977380402523,24.77034779208364,52.000526715921104,26.560719678269074,3.0789274131640725,-0.0001474411618064894
2.8640187465268387,26.764018364367196,48.076805826302916,28.021224486262426,3.0501033619929347,-0.00014664780373330934
2.880679384722376,26.14743732900133,50.57142836596961,27.977820396209804,3.0303606585965106,-0.0001461508680469259
3.2654277747617355,27.200516034075328,55.826025047645985,26.58180391641936,2.9372416592515784,-0.00014567459077854462
3.0527207701000436,27.340398988116192,54.1291832887348,27.851861899860374,2.975844849244382,-0.0001449661149522454
3.083705056755949,24.976683057201793,50.7688286552005,25.433025083120672,2.96630718343958,-0.00014385497786621664
2.8849468292688267,27.776408780404765,52.918207541617555,25.716991888354485,2.9793718000858767,-0.00014228734942698502
2.82700947795935,27.305009717214418,56.56872030117482,27.766516307791676,2.932328168704041,-0.00014032889698631292
2.994509940555642,26.37483213528368,49.47429180388773,26.816282040221033,3.045543806922276,-0.00013813832173396298
2.8153970475253907,27.18624575156967,51.65503485700483,25.04153179949459,2.831428427301752,-0.00013592057061329008
3.0759609161050827,25.333359030936187,51.02868694252812,26.182662274314602,2.961831304806479,-0.00013387288514778983
3.0213999881792555,27.164112099115737,50.083524119885396,26.578528454649405,3.1039895653953167,-0.0001321374416788101
2.8223173141466,26.54740479209483,49.47858911221914,27.485385497855525,2.8389599677198025,-0.00013077153151692974
3.3322168595895034,27.196120177619378,51.647632331232685,26.25497764674952,3.063681488482784,-0.00012974100358478105
2.914203313555296,27.593707437544747,51.91993843393863,25.925891724163822,3.1613419237384432,-0.0001289365321026033
2.9854070717763372,27.78906595936757,53.50921314106495,26.59787482791075,2.8838368104936563,-0.00012820675517566792
2.944105556334297,28.056491069994944,49.498018662534854,25.78750308099425,2.8738891598459757,-0.0001273987460271754
3.0685139838434443,27.37599037157322,51.07306623585481,26.069422305654307,2.877636071804434,-0.0001263953277205935
2.9777282075234424,27.54743183487228,48.58754254783819,26.857902192022127,3.031377455862966,-0.00012514042682861847
3.08802803882434,26.80772254174861,48.386002551965255,27.40507548899841,3.0878960379476346,-0.00012364734271039907
3.144524488688168,26.130556545986877,51.64593944543258,25.86294772773924,2.9009880637322034,-0.00012198941332330272
2.986540879072402,27.060138768060437,49.956097243678016,26.41054791610848,2.9121731030716314,-0.00012027688758648825
2.979494887515493,28.13347699793933,52.55076388686399,26.277319135536185,2.9309398338650348,-0.00011862683818318617
3.071956909556744,26.922115578942485,49.02194691663581,27.627615008172363,3.0676247933341365,-0.00011713404414756683
3.0890890066224497,27.705230571904547,49.25368974329025,27.148146629636006,3.0994276613834524,-0.0001158498440721388
3.0729388663575183,27.8837924172291,49.86740107744046,28.174675481751873,3.1575697433935392,-0.00011477340870499658
2.912760567084273,27.764940862187828,47.899259835021084,27.227332769245958,3.0455709160236193,-0.00011385647116907355
2.793156795435265,27.469167873682213,50.29819249723291,25.558842975211455,3.0715939873127422,-0.00011301918730453669
2.960616017887337,28.81859347188724,54.195428838100696,27.468618071006883,2.9067865628396232,-0.00011217229395129108
2.865241432562068,25.38440261435493,50.42622219290298,27.85081451365029,3.0546762689404185,-0.00011123962247501195
3.1756349159293675,26.240918724707544,50.74491451824855,26.421152351478487,3.1062063224148018,-0.00011017545815845454
2.912550570236128,28.23446426707091,52.03244508259435,25.395929545560335,3.051827131485493,-0.00010897297205535158
2.965582942312023,26.732704804288982,51.673497420407,27.053076086135526,3.0360696742185067,-0.00010766245371133932
3.137888201742904,25.800488933057565,48.70518703945225,27.834783626913012,3.068735265014313,-0.00010630066626228324
3.148221899883587,28.343737049118463,45.389911785811414,29.979493033468522,2.990661005304082,-0.00010495469049712019
2.952221690773079,27.60007853128114,47.5503380687549,26.353568595153977,3.062238935028196,-0.00010368467078551653
2.8271211534865275,25.683996514453263,51.12426543978225,26.687696290318723,2.916770466787054,-0.00010252975746134605
3.044349482195711,26.50550276153168,51.44738854406354,26.151536264250034,2.8555041261632805,-0.00010150038690879084
2.9850320987025785,26.65464894148346,51.44572504512397,28.15343775463498,2.9485208378947627,-0.0001005782239814662
2.806428961566654,25.85712758590273,50.893325726109005,27.517282544108834,2.909706671498477,-9.972311089198165e-05
2.9558449619483853,26.67071336396851,47.68941961722004,24.645053350522073,2.9749692387834794,-9.888471913068887e-05
2.8987406704330336,26.152889508046226,49.38473971812282,27.275364712870918,2.803436323023376,-9.801565826103741e-05
2.981285898945922,26.975057019816184,49.59753637929247,28.550676943381482,3.08461128534885,-9.708272383296736e-05
2.9549631907622973,28.240384618783796,46.071049480409,24.907889068905835,3.101523892001715,-9.607371065160726e-05
2.8789420391890337,26.116175366962544,44.28455683761815,27.615548188715636,2.9752548557822855,-9.499852068888344e-05
3.021171426868838,29.101193758984643,52.86947124137088,25.96776905691343,3.1633306026988697,-9.388479499795847e-05
2.874289383784417,26.90529350355326,47.17933575832188,26.082228701374973,2.9489028593662483,-9.27696112002981e-05
3.107281421370174,26.978515109276028,45.86346625460707,27.132090696190954,3.019652620050034,-9.168961053951163e-05
2.945789118786569,26.89097617977415,49.69492398221625,28.253008296010048,2.8658408624444855,-9.067209477452368e-05
3.132738136500167,27.72415303089747,46.035997769816234,26.709948609028974,3.1691246049474193,-8.972917389616568e-05
3.138660740215664,25.294922967364684,47.219714155870555,27.284381198420405,2.9701920694016697,-8.885612256153368e-05
3.103816644336659,25.91131363677029,48.73466038642809,28.709051649290828,2.8827660505049657,-8.803397704675598e-05
3.052766592595683,27.321885058454313,49.977492648918535,27.60212206715265,3.2030755196950564,-8.72353703389259e-05
3.0233278497490788,27.136704687170795,48.867565281181164,26.162504721057736,2.945637278817842,-8.643190188290499e-05
3.059330024924811,29.469507084427793,44.092852389536354,26.173529885200704,2.7767412172933517,-8.560111514577967e-05
2.9846520824899296,27.31406828084179,48.21985397782145,26.71154796134484,3.0848211800777117,-8.473141900829033e-05
2.9065476847447194,26.814499258919962,44.19739011798655,25.607799737451987,2.803824944050709,-8.382393523762419e-05
3.134312806611464,27.009285553460273,42.76437729916405,27.376846451096405,3.091460344853833,-8.289109115239675e-05
2.9212636129444696,25.858162407110143,52.29193911953785,27.33799178663667,2.84439434537192,-8.195258459370976e-05
3.1994307159866997,25.355904599143212,46.26814398783553,27.232449823623387,3.132704836433818,-8.102993252651826e-05
3.012147964331113,27.783864670538517,49.46911551059763,28.057539337333626,3.148176928302695,-8.014105383164719e-05
2.900728536039635,24.612242163544696,50.218162392899764,26.93440346576856,3.005895360511046,-7.929620149073846e-05
2.979483058066688,26.76094713547629,46.960313376596545,25.503028794970195,3.0508045602816636,-7.849611576188923e-05
3.2461346315512443,25.965418680088025,45.98030149047526,28.573203476335312,3.0424670856073197,-7.773265409549316e-05
2.954508331795926,26.228855459588768,47.737102009160026,28.149509449179735,3.049069294946558,-7.69915274601229e-05
3.078929573321642,25.08516630552557,45.01759849504741,28.21785359023025,2.881679074301497,-7.625629356918316e-05
3.1820892258598965,25.30791781195492,44.66866771560393,27.736857816363532,3.033346648898164,-7.551252500280736e-05
3.034189496105393,27.51984599741053,43.369281957140466,26.429021417370684,2.9809611845572714,-7.475112317421806e-05
2.801880658085642,25.08310551392953,52.00933731042008,26.82592424094547,2.9607769345319164,-7.397004587647701e-05
3.072240604364393,24.833965123591895,45.756274625863206,24.6237881618789,3.1813191077557543,-7.317416712492622e-05
2.971522196092924,25.63109465748648,47.45724980146546,25.641969246138157,2.853313812894841,-7.237346633741408e-05
2.918048640995409,26.419412667787373,45.58976028855331,24.72395805335077,3.114682248229623,-7.15801338541337e-05
3.0223733836404993,27.21395957059538,47.05528588659696,25.555703785153717,2.9873709804357467,-7.080539151779908e-05
3.067260833407608,26.4487035704506,45.008959407716645,27.4915122961435,2.9271282293623737,-7.00568272440393e-05
3.109335367474074,24.60673969507385,43.01431041374744,27.468843041069455,3.013213872470247,-6.933684680590177e-05
2.834799809904061,25.31214727180845,43.88693885120803,27.139329401823314,2.9515747060201987,-6.864252242012175e-05
3.2716643900863294,27.496844157878243,43.88969625978958,26.779621925118242,2.985551993803578,-6.79667524247994e-05
2.9199541032931733,25.799258855489377,42.28767024122638,26.546207598961562,2.8284586320271243,-6.730033553864984e-05
2.9298644037533954,27.637175194274295,46.50700413227271,30.038902633489112,2.967679153480757,-6.663437485310992e-05
2.988361324920829,26.427069005143736,45.41799092155254,26.64960896012676,2.8486557377187536,-6.596239790103366e-05
3.227928539624559,26.04153391483317,47.93510741588619,28.49099545966371,2.888203731894493,-6.52817014735225e-05
2.8694590639017195,24.075502741308608,43.29500025379459,26.30796857154223,2.9541459094656233,-6.459366206487801e-05
3.0421888727140223,27.271628354160118,46.05930950524119,27.9862414108079,3.15294329356584,-6.390302642390912e-05
3.1781048468781323,26.584521474311092,41.15506669883881,26.43572519505176,3.0232354173672524,-6.321644438686418e-05
3.0550838486015,27.511089657733223,40.997607835728346,26.091371784383583,2.9976907792136385,-6.254066682152243e-05
3.0117514867762143,26.598062913574406,44.567390521769376,25.04526463085738,2.9634171965379354,-6.188087703235494e-05
2.9537461837366648,25.331368419386987,44.053686897662544,26.945679279175167,3.1536588521055835,-6.123954925831441e-05
3.0827395327925107,26.929828748686838,43.160125851172026,26.0400702527824,3.1047766475353913,-6.061606663073084e-05
2.8137064085671315,25.823824099363325,44.180229812749744,28.32469366476438,3.017190061646682,-6.0007124790761285e-05
2.9513827303621585,25.565942058306845,46.61290465904179,26.52928915316895,2.6785312712608733,-5.940775433645445e-05
3.1229663583119613,28.13839586971462,44.38011724713082,27.030308114925987,2.830944771283596,-5.8812659272027777e-05
2.7486589401958246,25.967679602445468,44.82576296385232,26.103174119162958,3.0803875579868616,-5.8217518024384166e-05
3.148570564998481,26.848331975270106,43.28367170609733,24.593349557797907,3.0931204406381343,-5.7619933907274815e-05
2.9453551493509003,26.597068820166857,44.83833823295408,27.24962177290266,2.788027981777865,-5.701983411081071e-05
3.0560152461559755,26.36398379700366,41.41609963643526,29.032433079333266,2.8626519220279936,-5.6419268707641996e-05
2.971961013482383,26.822809791699935,44.53136678114943,27.000382864314723,3.167613834971496,-5.5821710575027095e-05
3.1724441456210566,29.951683535567142,46.17594861780962,27.66897048855018,3.0905578814691035,-5.523107068234061e-05
2.985043508185775,29.530425841049812,44.96935806680015,26.46493480854172,3.154739963721431,-5.465069281671093e-05
2.9628085970279527,25.948642112277973,44.087262573223406,26.732815507994438,2.970638330676187,-5.4082574456307516e-05
2.8262277746200213,25.7824208706204,39.66409645688339,27.731560002454653,3.1764445839227426,-5.3526983519924596e-05
3.0087242523770117,26.584230972677588,43.551664966742216,28.709741192460864,2.871558547302813,-5.298252963079169e-05
3.0001354018443727,26.466721897623046,42.20434920850463,27.163659165863447,3.1126543174417254,-5.244663273973636e-05
2.982699638338252,27.178357590390736,42.16954864901238,26.316037727137427,3.0017191623283703,-5.191624059325365e-05
2.980623212555768,26.41254766055275,41.42761222356983,24.47199328431759,2.979197052200599,-5.138859834363269e-05
2.9991222359349314,27.423175164502855,42.0660638398594,27.403594740240585,2.816973974394421,-5.086187887780433e-05
3.1250872741417415,25.93693271304702,41.89029330992612,26.23964365627692,3.1164398851961486,-5.033553219169936e-05
2.9722880560219407,28.835434980306037,40.53764384675719,26.78240999956047,2.9053482260402492,-4.9810293850118784e-05
3.14307464010966,28.023103265821103,43.67385241635655,27.501892121034285,3.1845200955239146,-4.9287879815636636e-05
3.168008620430215,28.86928531944073,41.264040319823884,26.767073310676356,3.0328404386910757,-4.877046962749595e-05
2.9389080176524405,27.16934377939184,43.431037056847636,26.498024584622694,2.934535133817383,-4.8260122215886813e-05
3.1393783552143932,27.254336166273657,45.50527618093433,25.494598485305534,2.945961363154927,-4.775827196763432e-05
2.9279056820043485,26.361419227110922,41.34311090935142,28.771634837966843,2.9388793845863592,-4.726542120945009e-05
3.048709035405487,27.597474793178176,41.97548208353339,24.18001333161756,2.908171531276517,-4.678108643021798e-05
2.9795212035036562,26.575804005242727,39.02143421882057,26.255383900682006,2.8257141611288845,-4.630398920693834e-05
3.1137825835427546,29.487851391656736,39.424142242834826,27.909895997868574,2.8857941732393004,-4.5832424086320705e-05
2.8538799420969525,27.002924910372844,40.562056655374505,26.692700170958215,2.9878344323545063,-4.5364698184922536e-05
2.889552835318658,25.990914521088865,39.54507173436066,26.52759819420453,3.08045893815035,-4.489952960513968e-05
3.060132866768541,25.75389875188185,42.88119744527064,26.56717366520495,3.0566686236336644,-4.4436311120598156e-05
2.9968126310578747,27.577349253570347,43.31747913342877,28.209619708793078,2.9689816601826955,-4.3975186635710445e-05
2.7474553311455816,26.2633360765252,39.072541140712794,28.204178311525318,3.0963748810630416,-4.351693850793483e-05
2.8343123159732198,28.769988448714948,41.709335062691125,25.85055352651602,2.9523403101071453,-4.3062729266949877e-05
2.9070297352034498,26.118647187713723,40.25990209259592,26.996942983902194,3.1399606632588752,-4.2613773699619624e-05
2.9955547117514953,25.172091482154137,39.21440093904871,26.784354240799363,2.9538255274097183,-4.2171026970180775e-05
2.806288756915771,25.72590547847599,41.58596553335835,26.099707101781625,2.769392918152114,-4.173496319981788e-05
2.9906945997567083,26.83426345760092,41.31391729475102,26.96160876712063,2.8637981846818565,-4.130549065737429e-05
2.948505196606163,25.980535693287017,42.39210195810382,26.634272917077368,3.1206038573633803,-4.088201233344788e-05
3.074163482872347,25.403265592145406,39.85432457665786,27.807659719902244,3.064509831887047,-4.0463603890943736e-05
3.0871730075464883,28.22098934985396,40.27347735144825,28.63773432814554,2.944908914307105,-4.00492561839264e-05
2.968159026887095,27.26083443150485,40.4751730098392,26.03595093011722,2.931217929602605,-3.963811716223707e-05
3.2724396610761475,26.920056379597106,38.59348748434546,25.4963397568774,3.2639230689109198,-3.922967463242514e-05
2.9943566854169177,26.537057637076686,38.687382743133526,27.436410000029127,2.986180335700781,-3.8823840322019065e-05
2.940638286986172,26.88700032447283,39.20808406901973,27.85980529567879,2.9352202283159174,-3.842092362993399e-05
2.9342156762894085,26.074710624212763,38.31613280079031,27.578722172208966,3.064188624489945,-3.802151097567214e-05
2.6691761219103864,26.513166218924454,36.11902962005419,26.837592563466153,2.978949278900386,-3.7626288477505835e-05
2.9426705047085804,26.831010177038134,38.67310441725284,29.184839803357853,3.2850539285684253,-3.723585578638589e-05
2.9400599698347736,27.760412045561786,37.84973290071091,27.725151269197966,2.880012957466143,-3.685057767371196e-05
2.9496218251745203,26.54457676995549,39.4634956027045,27.024864226529395,2.8677681410151266,-3.647050548687747e-05
3.054696469873386,26.792231853792334,37.75729438892403,27.88246520775485,2.896111188237501,-3.609538206590701e-05
2.998805907616371,26.802618574650843,37.96079218283656,27.447446735487848,2.778442570198507,-3.5724721366779806e-05
2.934270376419068,26.114551125071856,39.45166132332053,27.41568693501118,2.887225999566002,-3.5357936847946924e-05
2.9396158080444876,27.678776827585025,35.885779421361114,37.43046377272662,3.0058245952808877,-3.499448327219956e-05
2.9364784027554234,26.82031330211571,40.83889436569868,37.70460945001684,2.9352937831375217,-3.463397620185e-05
2.974264559826047,29.10193481934829,37.576333232674614,37.55620109964069,3.095883382163844,-3.427626185812451e-05
2.9787738382118714,26.214558028421298,37.33158201506949,38.24422720700283,2.9478308576472405,-3.3921424977994205e-05
3.000603154455415,26.962856822322216,35.82550462923959,40.00811799992706,2.988112478495222,-3.356973802120661e-05
3.0465996504668476,27.107094776515854,39.537520511992774,38.07876331874367,2.995261757642306,-3.3221569206569464e-05
3.0745913833993397,24.85890492915746,37.794605695010915,38.926917438267076,2.972763116544734,-3.287727537189218e-05
3.113593186718318,26.83571048094373,36.94362291936176,37.87432156201318,2.9171371392959844,-3.2537107142203865e-05
3.0770645198223687,26.51379713257372,37.55668682980784,38.16315281628354,2.9256555436895284,-3.22011481704194e-05
3.0695074542131024,26.852967485837695,36.35282834137858,34.154321119727115,3.17806093861101,-3.186930055036027e-05
3.06934887542324,27.72127957040171,37.94626744608656,36.00792847591554,2.9452195877355214,-3.154131583421554e-05
3.4391756443598593,26.638701113407734,39.51520340859318,38.720470819042205,3.0144720198833337,-3.121685980558829e-05
2.8784227977487244,27.28464017514986,36.01739298843488,37.71521063032142,3.1177777215716715,-3.089559278076356e-05
3.034161448999379,26.856403475452247,36.6226459399411,35.249884535901536,3.095248737169174,-3.0577244292573626e-05
2.883545704505312,27.147080144473573,39.63177006328312,38.37723334741188,2.869533072875801,-3.026166436348795e-05
2.9494038406691865,26.913939257435,35.63750557934007,36.245020399291775,2.940290687091383,-2.9948841095906917e-05
2.925823067723426,26.597098120775133,35.494055330501865,35.570089927973804,3.0606997157189517,-2.963888338809703e-05
3.0990683991932784,28.54389120150974,36.37818324240522,34.039130023794506,2.977191963156159,-2.9331975590517125e-05
3.0390748732163404,26.447688018902564,35.83221605888183,37.38750173800603,2.947077096228604,-2.9028317984602483e-05
3.011966431002716,28.57853920671737,35.21131788814481,36.68751460588528,2.7318235202918544,-2.872806876794573e-05
3.0761966076317995,26.242484593099746,37.33861487783562,36.166905968509504,3.080403571158121,-2.843130116410426e-05
2.978126550491449,27.62318953140003,35.7022098588094,33.5167624952181,2.777335701612987,-2.8137985352948532e-05
3.033255171310788,26.374533022161835,34.85193360224077,37.60445892917598,3.0465995701978152,-2.784799689682341e-05
3.0816327710243328,27.96307479196763,34.76211663537209,37.14620477147913,3.0398008628948054,-2.7561147668789715e-05
3.142900936879029,25.77415900110232,37.16016359795248,35.40054225106655,2.9235435163006613,-2.7277229569682007e-05
3.181810596484881,24.745141590276,35.30619452366846,36.04844627747629,2.8237249357204566,-2.6996059445697673e-05
3.094231276547295,27.48399936311762,36.33855544291205,35.312370346098504,2.9420374890657714,-2.6717514000748006e-05
2.977686496565786,27.669289753948075,34.25545100865356,33.82449812182426,2.8192429255240503,-2.6441547243429933e-05
2.9157661621363826,25.664563444247833,35.87024116538723,35.54718769266697,2.9581706406739947,-2.6168187583982118e-05
3.10910794626445,25.738442706928705,35.747393354281336,34.3630552143033,2.876575880818206,-2.5897517306917564e-05
3.0374387714833495,26.386731951718172,34.48867829071585,37.801190410826,2.9242464596826743,-2.562964060874339e-05
3.020831598784531,28.720598063352853,36.87276067232318,36.485371696214614,3.2027680103783767,-2.5364649299442584e-05
3.2118520734379414,26.360302348988814,33.85168196346612,34.83591967629732,3.0669886958967725,-2.5102594597293996e-05
2.986323639268335,26.860586103160795,35.64188599762176,37.65284583588163,3.085187212711677,-2.48434713160432e-05
2.916117568999928,28.77895204754393,32.108427913656044,37.6763353722794,2.8561671715237913,-2.4587217090145445e-05
3.129867848558458,26.383742433848692,34.73465303472523,34.884417463906566,3.0564233695989014,-2.4333725929709826e-05
3.2262858509555725,25.88366372129338,35.46761602985782,32.756940521037016,2.983846958045745,-2.4082871068048093e-05
2.7827073601727808,28.04231489057149,34.71732835389047,35.96258186558607,2.674191996135573,-2.383453095511843e-05
2.9828848774442713,26.66164401499063,30.507003034429882,34.37969355576408,2.978019112600156,-2.3588611867532486e-05
2.9433045465726106,28.879237570032323,35.82584072714649,32.86804467470926,3.223817844818556,-2.3345061734457045e-05
3.0469467059739284,26.600095373944807,31.35821313066782,34.00276621514598,3.0532685905921153,-2.3103872763401997e-05
2.9290980635429107,25.64066174724698,33.69304203735309,33.96946467389591,3.149714778588875,-2.28650731656947e-05
3.024176460210643,25.118395985600024,33.25652236729264,33.55267080311693,2.920914339496361,-2.262871074748463e-05
2.956945108157428,26.532854225266284,34.08519791490285,33.57841359865459,3.05046078711847,-2.239483341381331e-05
2.9477792047871425,25.841668327892442,34.24953162885347,35.34028676880904,2.9434050356815997,-2.2163471283241295e-05
2.914608618891946,25.53275773339568,33.754045970503924,34.38413324248301,2.976890803038989,-2.193462481650702e-05
3.124577762818953,27.306400412754343,32.3969528849673,35.82412996430157,3.0936802908548406,-2.170826129491483e-05
3.0861934427687476,27.204470625931688,35.15277877151655,35.38085724039588,3.149414539145709,-2.1484319632934384e-05
3.09038585194363,28.01220892383232,33.500843773245485,32.28717563337012,2.9737669292471507,-2.1262721898897567e-05
2.7724764146581915,29.24611551527138,31.02921813341515,34.03645538575456,2.8721065315435923,-2.104338783293686e-05
3.1719655529567046,27.116687509443913,31.831988279168385,34.49294519908134,2.7416631868353663,-2.082624880179921e-05
2.9710700633842544,27.4385633537872,33.49953012501831,32.95002934412869,3.0539946433068383,-2.0611257715106843e-05
3.1545361311549533,26.175811280150615,32.8706194055939,33.958391312133976,3.151021472454309,-2.0398393034785683e-05
3.0309343025653073,26.344919186503958,31.83995679481605,34.28815522935442,2.8683618111671896,-2.0187656038644987e-05
2.9108435217437343,26.767916677928994,34.61291426775929,32.27545739588863,2.819684383355729,-1.9979063026184816e-05
2.96569817255207,26.716360694711273,33.61179953020121,33.679021983346885,3.2967411325009577,-1.977263447514172e-05
2.8621422699165153,25.98632596737871,33.69982260922964,31.000732601025206,2.8275733213655867,-1.956838436754413e-05
3.209780210109068,26.945515213974904,34.08763877552899,33.46405739973615,3.037143264787147,-1.936631181477784e-05
2.724211886635602,26.942370325636574,31.97858675945314,31.726174840424886,2.7514060620213647,-1.9166397351393866e-05
3.136863059902255,25.95451072819193,31.845330522059296,33.24498764790205,2.9169796258614302,-1.8968604001774843e-05
2.9965538162214855,26.838157689682763,30.96934801244769,32.848586848896915,2.884620892060425,-1.8772882583881656e-05
3.011279267174687,27.88038426838719,32.23897175723378,31.719659248523026,2.9330413196640857,-1.8579179457940817e-05
2.986577421663317,25.811768734741758,33.51566052311955,33.09945041157321,3.088287501546536,-1.8387445018561608e-05
2.991076815897861,27.854451652599625,34.46474688509826,32.82171817835834,2.809996518322954,-1.8197640320886526e-05
3.0416571760815496,27.0153270759573,32.43671871043043,31.767627161478792,2.876062598049745,-1.8009740520785757e-05
2.8497985976197517,27.346405544764245,34.63404558944744,30.12218737058695,2.882562598195922,-1.7823734832574935e-05
3.0360826419945437,26.75864275920838,31.276448307385365,30.807986006038146,2.794738871895709,-1.763962289540466e-05
2.889495328313688,27.782076217552575,33.22807093873097,32.39767899142856,3.2755776862450166,-1.745740922665332e-05
3.039753343523682,28.092535051175062,28.911947296675525,32.916588585399715,2.9292651351875714,-1.727709685273094e-05
2.7923643083678145,26.349201058575208,31.45475370627524,33.04810611719599,3.0738070446218053,-1.7098681856975363e-05
2.9913106495686836,24.53790975333873,29.67553666100028,31.98643519941959,3.012857410495172,-1.6922150311566913e-05
3.093379419022767,24.274238783875152,31.364509980481042,31.593875383188514,2.9605774076125826,-1.6747477904220728e-05
3.144510796252247,26.04964974053561,32.28479752482205,31.7325803060048,2.971323686939138,-1.6574632064404065e-05
3.0639838559068933,26.021714916609646,30.28130225882125,29.719906005643956,3.0373289543710142,-1.6403576092808507e-05
3.1503363695859985,27.536430405936226,33.15638919288458,30.67110115843268,3.0657330659090096,-1.6234273981326993e-05
2.8547771461480895,24.37421821264761,31.120656453728458,32.093693771230434,3.0111947410288997,-1.606669455484609e-05
2.9801972769066256,26.43458370117579,31.644158499134903,31.062402410821353,3.0698371349623215,-1.5900814295451787e-05
2.924921245102642,25.934997515496576,30.231627663042545,31.853140787831123,3.052192798111478,-1.573661795094888e-05
2.7606567646747866,25.187023623628324,29.710675725482815,28.99008634360619,3.138293476843532,-1.557409722527704e-05
2.9784230402601715,24.8655588931488,29.98943649068109,29.766683258506898,3.078047768912392,-1.5413247888788475e-05
2.780494651984533,26.70072045095553,30.658272271447412,29.77345946312775,3.076762969298979,-1.525406621553206e-05
3.099457207230457,27.58922004868324,29.2588831176014,31.39366404023821,3.2425372849798593,-1.509654567622898e-05
2.9487084217309323,26.081756331284772,31.48303711841666,29.273520821590154,3.0257190643058394,-1.4940674503763673e-05
3.1125831122773757,25.220144427892606,29.28394934362129,30.045274088972025,2.865727579009664,-1.4786435012569083e-05
2.908212919059008,26.53035788879569,28.8149447443545,29.642728197833485,2.896547048387605,-1.4633804339464096e-05
2.938429471906203,28.4849944360392,30.89782744956748,30.103790792690102,2.899219295733766,-1.4482756376891663e-05
3.316492642595524,27.998401130783268,28.754005943142054,28.967071656880794,2.975252892017029,-1.4333264451833492e-05
2.887637934814963,25.009821554347898,29.302608349648363,27.944002659448078,2.9701229990193974,-1.4185303929999732e-05
2.994323348260903,28.4103311377396,28.563734646486857,29.88603191247704,2.970567597039572,-1.4038854061478913e-05
3.0806326945521287,25.921649008784655,27.89053200127564,29.47097217883813,3.000864141762347,-1.3893898922389249e-05
3.0593971404697435,26.581983139456387,30.412526468484778,30.42284819190455,3.0393650624567488,-1.3750427010989755e-05
3.04845551030733,27.13227188818432,28.703832193539473,31.406525039714825,2.8951499741953497,-1.360842976369261e-05
2.8326888326783073,26.28882999068662,29.1155309617927,30.610511765654167,2.8777059280840156,-1.3467899806731483e-05
2.9171758423939917,27.94625035861018,30.194481661469624,30.84359475224944,2.9833694275642655,-1.332882882015112e-05
3.120824737470123,25.38942035335984,28.97982924314932,28.14289526105565,2.853846069030638,-1.3191206051458363e-05
3.077287567985463,25.340547422091795,27.70008138029968,28.639525200701602,3.016205993347729,-1.305501740218031e-05
2.940106982376426,26.77730396443804,29.037021188197127,27.416483837824696,2.9159643146983614,-1.2920245720844908e-05
3.260919464574712,26.40937563553674,30.75157159444372,30.419189991515395,3.0888344246668153,-1.2786871537468982e-05
2.940275464699727,25.022076627657725,27.397570637104003,29.82055293862905,3.173710340932908,-1.2654874527354455e-05
2.8885098161792175,28.050629527380003,29.39463064668515,28.887785126419132,3.1160343100525933,-1.2524235054410618e-05
3.0383530346061582,27.90279613188767,28.110121610589005,27.067216038371832,2.9016410148632246,-1.2394935469749068e-05
2.972178282462222,25.853366351954538,29.939201208157222,28.470232720279768,3.040202330533204,-1.226696082953293e-05
2.856474065125995,27.25554521873377,28.42371898172027,27.798750479340843,2.8774208096345437,-1.2140298792008483e-05
2.914492806223689,26.68699478346862,28.015974013215914,27.99938380197276,2.9496594926402113,-1.2014939228501113e-05
2.763792373684818,26.65921771476176,27.804220639778045,28.358802304242896,2.8488336787461708,-1.1890872992583074e-05
2.770943704328588,26.325558664471323,28.17452804887015,29.114086965745795,3.161224032889898,-1.176809099375833e-05
3.0780507394114096,27.91758358341682,27.235699323385496,27.341873540145535,2.924410027528693,-1.1646582984493752e-05
2.822092543113756,26.44282644677151,28.34081860018439,26.702923440144964,3.0079990084417623,-1.1526337037166918e-05
2.9970963146800895,26.36784735765616,28.63476321625007,27.280924428512368,2.895235908093983,-1.1407339416993234e-05
2.979636463587935,25.02615710596224,27.28860967985615,26.63701447534625,2.9890057782144384,-1.1289574941808011e-05
2.9900766328449193,29.42544119522329,27.374753331861697,26.02316461689995,3.1757128393096714,-1.1173027686856984e-05
2.847690612076004,26.489684553013753,28.781829698786936,27.195959420911283,2.8841884359415797,-1.1057681803036967e-05
3.161158287782584,24.627371971174036,27.123746839119903,27.600209084532146,2.926894800697179,-1.0943522359223943e-05
3.1956197678212432,25.361580872759415,27.003536689757556,27.439768931951804,2.8078609095048175,-1.0830535913294634e-05
3.14150869991704,26.064017343948343,28.346037171514634,27.68784442732647,3.080743998152253,-1.0718710663537788e-05
2.9463160364253587,24.73737464613911,25.851329877334056,25.6677846200854,2.9500509470927296,-1.060803614591161e-05
2.984175241349949,27.150831291906947,26.35571419787688,25.99535146399586,3.132172121042507,-1.0498502834845454e-05
3.226876061099541,27.850083500506503,28.22210220181045,28.27855844947918,3.1074497460966928,-1.039010140672923e-05
2.9985631780034927,26.87252696687319,26.373275000481755,25.243949537622797,2.9869128103420604,-1.0282822310060664e-05
2.8025024709414645,25.595369563474442,28.699357084937084,26.530440679404833,2.9625263958745736,-1.0176654950105193e-05
2.9960781794150364,25.030634762507628,25.866681803426864,26.180887351092725,3.0429534891269596,-1.0071587872040666e-05
2.8465648131791563,26.45162481256353,26.085571892156235,24.198664251650836,3.1459079996246575,-9.96760872637236e-06
2.9456645143162294,27.805710795914123,26.49569231832387,25.561775741635795,3.032958081505596,-9.864704566933033e-06
2.904790416505171,24.98871340903081,26.455278557577746,24.793660593838833,2.9572459512509592,-9.762862427715265e-06
3.0708857468800104,25.723940142849276,25.94524472570967,27.277610029610575,3.072224089211723,-9.662069714768321e-06
3.009997732285206,23.159831632567922,26.36473161517697,27.29278327634723,2.9794466153498482,-9.56231460229995e-06
2.9300616764018357,24.466934288571508,25.881875493232258,26.443167525102815,2.832337998603502,-9.463586191297335e-06
3.0861154300245457,25.488705837424693,25.733930348782156,26.442679635786206,2.9565527320909086,-9.365874567060965e-06
3.102671157606139,25.955050279450894,26.164410170073573,26.288942388898995,2.9584322423107015,-9.269170408613273e-06
2.882651717137967,26.53127598476748,24.774856956331934,25.24283477799462,2.946798152346401,-9.173464762097641e-06
2.91412992881238,24.467532878377533,25.520510247776027,23.85627759975918,3.023158446980879,-9.078748604736962e-06
2.9468039934953554,25.46198753758973,25.906704362101717,25.458031421936106,2.8494091825033245,-8.985012554859648e-06
2.8508047827363097,22.372227300362702,25.58123380386792,23.431275033732344,2.930145104054975,-8.892246735169428e-06
3.097286347320181,24.461456286293497,23.185641355518477,25.167884249405937,2.9431193059120844,-8.800440721778693e-06
2.9051985002740706,24.571275730756035,25.102772362929418,24.92401503824638,2.970524268277071,-8.709583767660867e-06
2.991791242090784,26.688980879820555,24.49024104459921,25.90760368699572,3.079793550948313,-8.619664979109683e-06
3.1701482358447866,24.889309638131444,25.74208951293606,25.85865229301198,2.9560719011839436,-8.530673716842922e-06
2.8143351590219177,24.515713900650567,23.928634750914707,24.48770991933752,2.8101339880744716,-8.442599656647935e-06
2.8658634374879934,24.91629360877645,24.011727076527546,26.827295244035344,2.794629755642469,-8.355433096055659e-06
2.9996300103148017,25.92409771960792,22.89416357823155,25.247100969001256,3.018511791142368,-8.26916487723364e-06
2.9944150999791828,25.06171255842897,24.273253416274162,26.392030256635426,2.927510972023418,-8.183786324063553e-06
3.064572142875233,24.527518059044457,23.849081926204843,23.203173059888186,2.9716093175012497,-8.099289054155292e-06
2.777699599806459,24.41961360418236,23.32845654320405,24.51210590552816,2.912395099770235,-8.015664673761228e-06
3.027014405121136,23.241300318464788,25.682089582214026,24.07329457491177,3.075474532421482,-7.932904815569269e-06
2.8608010414507152,25.02376320021752,22.949703189014233,24.588494369031146,2.8056381726436137,-7.851000772032049e-06
3.00677573178424,23.872094367494242,24.912095917139307,23.504265927333066,3.1820623132697223,-7.769943634055633e-06
2.978492220964572,25.04756555117367,24.74344228906798,25.324795961044437,2.8348732401334904,-7.689724243077747e-06
2.8570993641236826,25.195085259572966,24.01401122731907,24.615130975414637,3.0328551338778627,-7.610333365695619e-06
3.060198167540881,23.53233177305115,23.484642968774256,23.850325132204315,2.892421490895419,-7.531761865425503e-06
3.1782977881416703,23.517132520880928,24.375263186959955,23.984173575968423,2.7109045844523827,-7.454000794020938e-06
2.9750866111708447,23.166421938292252,23.791267831217766,23.892259129346975,2.9300185019455087,-7.377041607872586e-06
3.0976236669758874,23.731557980084233,23.925327812648593,23.548008236166602,3.1001085263249872,-7.300876004133424e-06
3.2274188182223713,23.60692244790269,22.860918864604937,22.626769234813615,2.8995760098094547,-7.225496080455872e-06
2.7596963241710757,22.73584947809202,22.554125156605224,22.98566059720377,3.059223788718978,-7.150894064589777e-06
3.0997032385065806,23.57020174434542,23.94231818985146,23.19900376824193,2.8313947505851993,-7.0770624521089785e-06
3.2187341156491796,22.16463214120123,23.887843667550598,22.643010642236664,3.1116832620428525,-7.003993610034945e-06
3.184225268551958,22.99055585480732,22.002311636503425,24.1438101211985,2.888904280791567,-6.931679916561431e-06
2.928455321818024,23.410311357496997,22.56833498902494,21.467734390073094,2.906016530459539,-6.860113613967496e-06
2.975139675786494,22.681580249891326,22.41117410830364,23.286931222110173,3.049792980025562,-6.789286824177006e-06
3.0472524195733746,23.1658890223917,22.772150178356217,23.192700298393934,3.0522101913888613,-6.719191593216877e-06
2.9843653475523304,22.709124891470253,22.56680045766856,22.73969233786963,2.878364602173839,-6.649819994082928e-06
2.971352728099104,21.309146259705738,22.023568120649713,21.001412779520077,2.753910728558794,-6.5811642670232255e-06
2.8830571630807174,22.520728965481926,22.035807711818677,23.090879178081316,2.9974433546607577,-6.513216801937493e-06
2.8608197595232285,22.061474449521167,21.14331437112232,23.4825065364088,2.908895193790214,-6.445970272363307e-06
3.1490580846821254,22.856163014367844,23.02979732456172,22.767095494086586,2.7299011660915276,-6.379417596091176e-06
3.0038660679430547,23.140944899404808,22.957616521031394,21.843462421192104,2.9723279592659053,-6.3135517741350846e-06
2.994270022032509,22.283589206504523,22.39358187954555,23.285843266160192,2.9679638677108784,-6.248365971742438e-06
2.8004482851435077,23.723219032630155,23.281787567004194,22.48444099937122,2.931917552932007,-6.183853443221059e-06
3.114002695288027,20.990636275293667,21.447356791361504,22.03314522666912,3.0805166632289676,-6.1200073900161095e-06
2.9875440159575466,21.78749180411091,19.80778110054913,22.66171969672059,2.9471665758975583,-6.056820977818759e-06
3.027772736066429,22.654257358208017,20.38744582200312,21.127361672646188,3.0175509340451443,-5.994287321803584e-06
3.081082776256295,21.75517302881481,21.734857157854538,22.096760485120683,3.356595477167923,-5.932399512042583e-06
3.0568662357059084,22.13939574129778,20.843173516159222,22.053341948340872,2.9618158953406724,-5.871150710657772e-06
2.870556833505968,20.54847454262335,22.087667220765336,19.6619648583204,3.0041825060920204,-5.81053409143857e-06
2.934362720019329,20.742118958360567,20.924732144397343,21.60137004452589,2.9950797004761545,-5.750543040574184e-06
2.930902531063013,21.858954943288424,19.281826600976657,22.584532458707233,2.858181225509558,-5.691171027868951e-06
2.945916291908776,20.599069530246293,20.860382627478984,20.548049036003547,2.8521005534149038,-5.632411697425723e-06
2.9028493131971183,19.769920446832398,21.19540211644906,20.38012587306444,2.841119017915001,-5.574258884903285e-06
3.113577900534358,21.900568550401573,20.208026375413517,22.12351696925227,3.1052021337446276,-5.516706403846413e-06
3.078440000507935,20.568913902133996,21.317841153037662,20.80287008439839,2.9040037796821707,-5.45974823027485e-06
2.798458981083975,19.471990391442358,22.04477611673884,21.39017219148224,2.9049124138545874,-5.403378339212841e-06
2.889302299862533,23.011910451309728,19.939950534149855,20.237641792656444,3.001822606619819,-5.347590665595587e-06
3.0698158472069506,19.528033911143257,20.792105251382946,20.540060098987954,2.8997630911817525,-5.292379211912361e-06
2.875243726942879,20.414926938322072,20.600524650955613,20.05698868314696,3.169867904944484,-5.237737961128265e-06
2.9484764891571236,20.412829699127258,19.536600948951165,19.767437757694278,3.043897546010375,-5.1836609400891445e-06
2.8831876380386063,20.528915081224557,19.988645066165834,18.44946089042071,3.116200251776991,-5.130142158962267e-06
2.9878602866112587,21.360095502332456,20.52825652777703,19.291830255232266,2.8475887505710666,-5.077175792020503e-06
3.0739770572344334,19.79876263131143,20.028730442468817,19.334924615208717,3.0205470850954454,-5.024756102558794e-06
2.88035529380116,19.256474325851315,21.16227253996619,19.46816990275843,2.962217030143266,-4.9728774601594915e-06
3.0602713991354205,19.05401274186534,19.677623114162873,17.79212041314231,3.0090524452203704,-4.921534296133962e-06
2.936141869590296,20.190020409315064,19.077134803436834,19.71480625906214,3.1038985990979406,-4.8707211697358605e-06
3.0739964435699427,20.274812840500893,19.579205123615868,18.930251197408904,2.960812881653473,-4.8204327382871175e-06
2.930629297583061,20.789306504051936,18.709213647617318,20.328531752566548,3.150072198466557,-4.770663599001761e-06
2.9144965137529333,20.13685243325694,18.656899980974547,20.907864646153637,3.067178381618834,-4.721408410642235e-06
3.111335418654775,18.7739794408693,20.389241059800316,18.651166520362796,3.0491952859282065,-4.672661870330705e-06
3.1269057787041543,17.690700384133933,19.555258254340256,17.80362859743179,2.865009644013241,-4.62441875633044e-06
3.1214261793932585,19.721841902884844,17.223031299805992,17.51811566869257,2.8836319654620777,-4.576673761823462e-06
2.8669878318233284,18.21446037048322,18.188219299801723,20.008500160238125,3.0252841952653484,-4.529421713628987e-06
3.124104323710227,19.296327215382668,18.298366519903748,17.57762021824179,2.860509550225763,-4.482657468709794e-06
2.875264881138511,18.70822320505621,18.6953686468768,19.20675839525043,3.102409815460993,-4.436375962704919e-06
2.880634709191379,18.581094847164167,18.91979525551316,18.634815663525178,3.0230006708982207,-4.390572184699068e-06
2.9379923260592786,19.10851071390458,17.939561719408786,17.32986090548588,2.8650503218554055,-4.345241249234232e-06
3.0077485297710203,17.35137746383598,19.642463016457146,18.42149922835539,2.7631188096500545,-4.300378308489585e-06
2.815556783573135,20.01915788347451,19.29178348828384,17.959916341984552,2.7250008248057824,-4.255978515987859e-06
2.9106106809454793,18.31303341794408,18.23242872687767,17.75481552198034,3.330288408390448,-4.212037174868827e-06
3.1402950848873146,19.251685095980662,17.13556021485466,17.738079602215862,2.980737957489997,-4.16854955357659e-06
2.878535019969511,17.35438328607201,17.231691403297383,17.7812888325714,3.399744760793173,-4.125510999674929e-06
2.850657848210898,17.47829338999011,18.808907504989094,17.95368630192684,3.205737161680147,-4.08291683472554e-06
2.9239410348430344,17.93066505386467,17.411990398872746,17.38586274030719,2.983161972965801,-4.040762521703467e-06
2.96833747764925,18.409148998897173,18.2115189961902,16.377326976180765,2.9675995352818916,-3.999043466531775e-06
2.9647547901947076,17.61696695178195,18.59820092004769,17.08130266503389,2.9611692027371044,-3.95775515749392e-06
3.0368354752426914,18.39273879392449,17.51113453564232,17.833293757584702,2.989645381108553,-3.916893067791079e-06
2.865164489430743,17.090646793674125,17.1918376202189,18.29820286972186,2.963895931325745,-3.8764527854709285e-06
2.9025869645730924,17.475409200093488,17.350933393900974,17.864619405782566,2.850261004938445,-3.8364299827730835e-06
3.1582991607194972,16.55572732738359,16.507249957605275,16.562440316576815,3.1577359720098888,-3.7968203571947425e-06
3.029852667412486,16.440230509693503,17.86612329556612,16.735923187494173,2.9692704098791936,-3.7576196536007715e-06
3.0061857188681538,17.648418099274707,16.4542659061643,17.070582499782443,2.8101641641610184,-3.7188237006995237e-06
2.9345368483074763,17.088836029820285,17.015785410737585,16.48766571320086,2.906746279455518,-3.6804283324572045e-06
2.9749221957201386,17.219781007150228,16.602883577947175,17.228897137605358,3.061164524691295,-3.6424293844173724e-06
3.082345281388163,15.659682289269117,17.119589339559525,16.569565600224642,2.8007128348712738,-3.6048228119679728e-06
2.9605903251987886,17.226324098968476,15.94591455465828,16.704178004358326,3.150958520315957,-3.5676045368170788e-06
2.8425292130207374,15.517909546572541,16.284246321570368,15.531228341259117,3.025727845532104,-3.5307705700447842e-06
2.912138041551827,17.130779020944207,17.721917489989767,16.929523389500964,3.0911026948759974,-3.4943169395951926e-06
3.337594541719718,16.314496348220565,15.518685419209614,17.152899548613536,3.0407070512926375,-3.4582396486288127e-06
3.1366279717699417,15.442632294764296,15.573260787920555,17.706303867904733,3.1539628030293247,-3.4225347823994616e-06
2.9890206225742655,16.66485411096179,15.746878043772206,15.861733028026253,3.1414286146659323,-3.387198540317334e-06
2.8063480106250958,16.690897253100225,16.173349631964214,16.30003756772021,3.110633012160626,-3.3522271162491424e-06
3.0633073168686615,16.247827899802918,15.70326418692911,16.19898969061725,2.851783892933634,-3.317616712346155e-06
2.972294666383029,14.521346915667745,15.440062854234743,15.557148964812804,2.707356205319763,-3.283363612825792e-06
2.932718582564865,15.83209837952489,15.367872714017672,16.243754340378448,2.9930892661776367,-3.2494641663157127e-06
3.0164160141879397,16.47412910055209,15.759999607847556,15.019880667693434,3.000844413784214,-3.2159147507142473e-06
3.2425228414692744,14.984074761169623,16.313730908891973,15.089890922735076,2.767118028316093,-3.182711742753328e-06
2.844766131897925,15.707847511832837,14.684534223281325,16.105964918698323,2.849787125520629,-3.149851568552958e-06
2.8615396451696706,14.911602993469339,14.847736633014755,15.959081526212975,3.1532710022128647,-3.11733069889236e-06
2.901167303924494,14.382272079416241,14.943763427093009,15.278060402690096,3.1065825193651126,-3.085145627896118e-06
3.102073659324298,14.79392438682042,15.374103829128872,14.350630929109741,2.877718650075864,-3.0532928566924244e-06
2.8530691116664846,14.79970408209704,14.690483161536482,14.741161374265578,3.0196806630323794,-3.021768908405753e-06
3.2171564812324647,15.54208841614338,14.20911535154626,15.50557117506649,2.929516289474994,-2.990570432130639e-06
3.1290207989841274,15.38920214868603,13.51416557441787,14.554426317702584,3.0760221245724315,-2.9596940152766547e-06
2.9830474955574484,15.106709847740202,14.330270555220888,14.479669804951262,2.9353835196724165,-2.9291363361714646e-06
3.056604622725295,16.03748841174109,13.620713379397895,15.318538615214827,3.030315904986654,-2.8988941402085537e-06
2.9290635962099385,14.177849425169029,14.33346322117479,14.72900412844857,2.7724439084155383,-2.8689641829535544e-06
2.866034843378689,14.646501707272387,14.147903206736254,14.067879481348621,2.9961256037030264,-2.839343282709334e-06
2.9423187728202818,14.464724560858755,14.031516996820498,14.238553746077717,2.9865575683824015,-2.810028236809537e-06
2.842398387614707,13.561180177187406,13.828716788434635,14.819047473919282,2.784117079787207,-2.781015876087434e-06
3.0086812894488233,13.81291836842681,13.872241730209922,13.786066598028448,3.1587724850832433,-2.752303081216576e-06
3.2040539815360547,14.204395142841808,14.951582441968327,13.334826703098088,2.9658422526665724,-2.7238867876129926e-06
3.039212310957231,13.202263818453499,12.57012518003541,13.845891660845428,3.083662735472349,-2.6957638277442767e-06
3.048708302857033,13.46249155345081,13.044875239370574,14.32489354539745,3.085220337660913,-2.667931222040653e-06
3.0715221316834076,13.461910744110156,13.710032412713653,13.263910122216082,2.906084405135925,-2.640385967740348e-06
2.80062991424595,13.601496680461832,13.862280816323201,13.97037210032463,3.019042847085367,-2.6131250551239916e-06
3.0570782649570605,12.97693961806079,12.651508957144767,12.976471156620896,3.143985095158799,-2.586145591756111e-06
2.95925929620132,12.665628691119554,13.797087991546459,13.865713943965616,3.117036776741974,-2.559444680596013e-06
2.932575878211786,13.500839105129977,13.67347555892087,12.760231143827081,2.9704205046401073,-2.533019453064229e-06
2.8302250736322483,12.196530643924342,13.742722976274392,12.582330136562142,3.046267113193249,-2.5068670292244652e-06
3.097549151423458,12.204361221211622,13.377286309198093,12.678115140216004,3.0216522231379783,-2.4809846252093604e-06
3.141416683438885,13.723973638660068,12.83580965080915,12.117671595895917,3.193395560533362,-2.4553694561294393e-06
2.956307280493933,12.696154447677682,13.194391874362287,12.938120642846936,2.9682430686987016,-2.430018766631388e-06
2.911398453191881,13.432664472960788,12.06375481775482,12.856600651379338,3.1651993942687513,-2.4049298798559278e-06
3.087284944677096,11.789072472838503,12.548740645549506,13.152775138383294,3.0522658881724114,-2.3801000430160086e-06
3.133434583241354,12.480742927837769,12.443876144850456,11.92659109219961,2.9705146902174686,-2.355526570074633e-06
2.7901535841862253,13.105410932567553,11.491190814775699,12.566824283860194,3.142653238060634,-2.3312068049674174e-06
3.2198017897457616,11.357109634613527,12.307497471358316,12.724920468970433,2.9630123190849504,-2.30713806083137e-06
2.991516474045973,12.662343248068296,13.05241882870411,12.131649525714975,2.9363997087623463,-2.2833177808302925e-06
3.204903082040286,13.313243517979245,12.048238073821617,12.3022843108887,2.9953052469759287,-2.259743407345631e-06
2.84808263557603,12.9303014271262,10.760355111967495,12.23328779487984,2.882026296315879,-2.2364124521573137e-06
3.048040673954987,11.56680171727393,12.605208383663317,12.413912796157563,3.033474861212809,-2.2133224080744195e-06
2.8759076186507113,11.261389146585898,12.110176877194698,12.047264286031188,2.994038861794763,-2.1904707323719777e-06
2.991290928445197,11.508014644801701,11.686777188051613,11.599278442767416,3.1196124343262666,-2.167855050721573e-06
2.973012183254644,12.397290870415695,11.735272628365793,11.883979346187,3.1783764715803864,-2.14547284036179e-06
2.9219682645929543,11.300186789105783,11.247073117697253,11.015095082555684,3.9185094267807554,-2.123321732953279e-06
3.1228329832430353,12.826348741232753,11.560193307842301,11.738485728710222,4.859182440413855,-2.1013993467977207e-06
3.2269576587685904,11.06714003879373,11.504283081101699,12.601529220022286,5.481287356657188,-2.0797033160843013e-06
2.9043530981287375,11.540999684091272,10.957104607658868,11.939068590928713,7.179415861202534,-2.0582312499256645e-06
3.215650097451813,11.008660226856604,11.416960117362049,10.999413388824145,7.405472592348719,-2.0369808593350713e-06
3.113858578171275,10.453446067235049,11.270932331047764,11.06753687684068,9.06475876769657,-2.01594987594837e-06
2.9803660952905124,11.515439739022794,10.931125057857825,11.08441063082029,9.147654601454871,-1.995136007745391e-06
2.8761525491777427,11.342948683329523,10.871141257126366,10.374755968989056,10.281637321399176,-1.9745370451375432e-06
2.8264719061039933,10.298254203796743,10.337190810349458,10.432031072380676,11.852785856133648,-1.9541507435801193e-06
2.831019558335877,11.365246655243018,11.323941055386978,10.30032668862412,12.78800663884865,-1.933974937569962e-06
3.0967222948328588,10.241468044171167,9.860531602633849,10.142785135483528,12.821967668717182,-1.914007455473585e-06
2.9670769442819487,9.639703006197644,9.845005807593084,10.535904031699951,13.924567205253902,-1.8942461238184008e-06
3.0125767163088586,10.652048687266946,9.949461120154385,10.28625148127193,13.122927918465848,-1.8746888481608806e-06
2.9922783039726135,10.157258289918946,9.618090088299347,9.532252560148235,16.515877945022652,-1.855333488133024e-06
3.0530878064253932,10.813467597715295,10.556957035022124,10.154553568240358,15.53970291298717,-1.8361779393274803e-06
2.964537042104477,10.366534718623594,9.902590764456386,9.82304619793405,15.32018575883125,-1.8172201976534796e-06
3.1140125810562624,10.465255311205281,9.399755024240136,9.755079672176192,18.871974851607256,-1.7984581498488483e-06
2.862661454339251,9.683374247832518,9.70013216179279,9.475222704079483,18.034727413932938,-1.7798897792187708e-06
3.095839681881322,9.137851874802152,8.917145773807755,9.127125497144354,20.526089325613594,-1.7615131378290323e-06
3.050836408954974,10.155134740051139,9.88600590220326,9.65426235406816,21.477920637283184,-1.7433262486356057e-06
3.1136960302724472,9.965422664853305,10.14729509498535,9.900858747944428,21.844825112471614,-1.7253271159139227e-06
2.8613066471483624,9.030788805513875,10.256887625387368,9.787824566758113,23.261406347738944,-1.7075138079684407e-06
3.084123524708029,9.79509111135329,8.73747186429571,9.788401438730052,24.467409885980057,-1.689884432207521e-06
3.0842760736761443,9.628720836747469,9.290097062160955,9.731051302797477,23.067211910502373,-1.6724370679803032e-06
3.2250382876837915,9.204663269141205,9.703680898055662,8.8467639350124,23.694919834535778,-1.6551698657989466e-06
3.020194953668804,8.644809581574927,8.852745137578328,8.799064149119822,26.394065385364616,-1.6380809278913283e-06
3.144477225114476,9.130027810415395,8.92239518742443,9.287519354268554,37.85589513141364,0.14114848591317714
2.9922468725423634,9.626956891806831,8.67040049457282,9.053713537726871,40.65356456877036,0.5174187988796674
2.8170992476922874,8.381148422308337,8.727392205842884,8.612661890786246,27.641337907566008,0.983547961826833
2.941389405625239,8.436497172855365,8.210397681310068,8.980397611738741,22.56198733672513,1.4070536260140354
3.001182565945162,7.939447681994127,8.706025614068288,9.091362366482716,19.738656198088506,1.5
3.1232202709080092,8.907394772796579,8.586439135242065,8.623250632719,16.845040699748214,1.5
3.2517992548367025,7.992693068776479,8.173289894685748,9.149651125865066,16.298825290735536,1.5
3.0612289215534396,7.602445985237949,8.302056418059959,8.166263574238217,12.958594693026555,1.5
3.4794614069053273,7.921340482848384,7.963642552533866,8.5760308631776,12.385743029985884,1.4431405886555777
3.7115737792395613,7.367297872518874,8.827046429006078,9.32587246807042,11.804298053644771,1.0748958026400393
3.9074367028821895,7.101271162095811,7.937812700382625,8.592593013099926,10.723691293378884,0.7039018222093705
4.029519990931739,7.096729842972901,7.519205485095219,8.911886659656073,10.709530174935344,0.42456778847635535
4.02796504545716,7.145856160921744,7.692191529107518,8.598720552079435,11.369373027170518,0.29824586442546297
4.208943787770273,7.245091083182992,7.50823714279551,8.75163407149692,10.94010395772217,0.3428082765333045
3.928002683380165,6.838549591019593,7.810896382662176,8.256694370912623,11.308646043803789,0.5326167048114044
4.0258855854506574,6.874970177336459,7.484649990766872,8.275017499879269,11.028613516501505,0.8087536975975316
3.9931244976356295,6.395534863945681,7.664826149613164,8.514492673154349,10.870566644980043,1.0963746852133776
4.151413089621838,7.033528788768953,7.560994307992109,9.091379978735533,10.48919985679214,1.3243857451133325
4.308711912412276,6.176165998625608,7.416735879074765,7.924348697787766,8.811540076473221,1.4424502679798734
4.38608021766231,6.002228331073556,7.536491142258701,8.77955822818868,8.724555778549915,1.4314220745288675
4.891564537078068,6.469411343579395,7.126421217974206,8.69938134775465,9.062557573017518,1.3052618975181998
4.783088096627884,6.447748735479784,7.02332949394624,8.874563289864266,7.854641748894906,1.1047369491262635
4.668986317568763,6.234798089739819,7.229046983665394,7.966556282815137,8.156418349051544,0.885159732761146
4.866656645810318,6.263323920445948,7.146612940379206,8.351016600843222,7.557302172709318,0.7016596178008421
4.721612447000131,6.26199077155966,6.899244454070346,8.988291894758273,7.93464237932872,0.5957747400654666
5.551704919407021,5.781288859284057,7.621998618617368,8.638340539551967,7.82153332422824,0.5865115840927974
5.134604284550399,5.6581342917346555,7.197448741392195,8.497648534525396,7.78915286883909,0.6676697136120503
5.510658045162809,5.554241424194437,7.060497529270802,8.118186724139473,7.470508550650108,0.8115487481184581
5.742012723960865,5.568649164067444,7.6842518172652525,9.030055312269633,7.847336044629171,0.9775810661809867
5.837216381357515,5.381538017896433,6.8991121827655295,8.450707565908651,7.443296982515728,1.1233499768777855
5.794098361594708,5.311198439198448,6.962466528741629,8.586838562703994,6.695219555886839,1.2150905459843457
5.7243280512566805,5.281166319632848,7.163729475158032,8.522174354259933,7.383826961487516,1.235156084174934
6.579043849114263,5.404711896748501,7.063440087885621,8.78564002059433,6.767048508561813,1.1849011127785978
6.514123782924759,5.053142473692381,6.479860481817219,8.891235186085833,6.451554917635342,1.082686646614176
6.240883402928418,5.43519341257541,6.550393940854027,9.186613354972009,5.887023821157895,0.9579233588533449
6.979622461589884,5.089811743271623,7.33996515512343,8.823478017431182,5.928227007762698,0.8429469569132946
6.620931352849478,4.975609930474511,6.958537979529965,9.739904778021923,6.142096538251076,0.7648887668873455
6.695235842399571,4.909581589577009,6.760079474653995,9.236422521057474,6.283167511264167,0.7395194458260781
6.429439268820968,4.6632345332318055,7.0365798548698075,9.650022494420996,6.54936837185566,0.7683950888199935
5.788616827437225,4.641988724149528,7.092418145957399,9.289378023954022,5.979188712438194,0.8397167870389645
5.6776637673702846,4.579117435159734,7.353630778122643,9.205276142030943,6.169070990350157,0.9323724331952029
5.54357428200761,4.708759123962547,7.077879639236283,9.10035483106678,6.0651298976826284,1.02189700694436
4.946302228418397,4.525193935264641,6.2105535456256895,9.16292024995323,5.462243725461756,1.086728417681318
4.822660187543659,4.596682069625388,6.927566807604978,9.472401439464099,5.845454478893153,1.113206801371265
4.657815901409101,4.556919813575977,7.2567787623364115,9.519357151394983,5.521321691293918,1.0982097119760048
4.730351228183825,4.261446270719186,7.114963189451436,9.730193451023766,5.475742779711439,1.048990171359399
4.737703430551107,4.656066371430054,7.612485844203705,10.854209489022736,5.339155352090528,0.980503197044006
4.395358989872895,4.387581324553254,7.408156512486923,10.353743337004401,5.593778519277815,0.9110912513919714
4.198398087261291,4.0775717140038,7.124947706164943,10.024761133241736,5.316336683839591,0.8577213400125532
3.9713859446085853,4.310284995502493,7.237361195405443,9.910841219639074,5.187676851319146,0.8319718210400943
4.214960096400756,4.382331023287427,7.540933953269893,10.083422722876788,5.334780794205424,0.8376811894482314
3.936347421075937,4.445442319878462,7.374458852950881,9.790191090658341,4.953429911189386,0.8706877242554565
3.69910548432486,4.4490454245099835,7.471388614450994,11.201883492598279,5.440886744364654,0.9205419544411015
3.577820149709994,4.528606752920339,7.601925649883507,10.878076363619511,5.030110031313163,0.9736024911916248
3.6133104773795415,4.161216220712332,7.942298536419938,10.322066380774276,5.34599443201526,1.0166392579375545
3.5107758405477987,4.132543716958354,8.25309951605168,11.294776592228288,4.965239199514032,1.0400210266320822
3.378799833866289,4.097153126397435,8.079497233988539,11.484411085868544,4.977618404176273,1.039746877600499
3.1619273298412844,4.6193820901709435,7.845016340005744,11.3534375960229,4.909303149706346,1.0179283101867558
3.4668092184195323,4.542026564437882,7.859022307445976,12.015645588431662,5.155250627709082,0.9817406260993079
2.9123054674545794,4.630101640707059,8.558776412074536,11.809731529948198,4.639617538150484,0.9412329266506327
2.98237658987871,4.796149888236536,8.257604938892738,13.151916738961303,4.633271888378012,0.9066295043149553
3.007159254094987,4.370258446545869,8.277982002081888,12.809432498864952,4.852339472846941,0.8858239246392674
2.9958712302132406,4.731802118315111,9.80996016915586,12.760978541516844,4.532140842545899,0.8826592913860732
2.9565414315966163,4.705176331987008,9.443338877420798,14.153179291769348,4.609351392285947,0.8963452979891148
2.8071090880031684,4.572249128433309,8.894975174714675,13.194928565765313,4.392664791228478,0.9220552323733217
2.820476987330213,4.822698837464949,9.053716113189452,13.78438702080253,4.056907373146372,0.9524545962418449
2.8106315695056336,4.775220810256108,9.201331272239397,14.333447131070482,4.527176716857689,0.9797073540248802
2.7155969090258365,4.990154476438095,10.143431845170133,15.198868357610976,4.136480979267335,0.997428986095981
2.695092416799798,5.25949175528163,10.019181998444736,17.465046718007784,3.93840386519272,1.0021150317355358
2.7111494768845463,5.105224750287102,10.446074577761554,16.378006838582742,4.367390605627816,0.9937430455058499
2.392371414119175,5.034924087327254,11.42979845805637,15.512768224476151,3.8748762352881347,0.9754737710805779
2.453490145942327,5.620291422211076,11.707055257543978,17.788526483429813,4.208847614307468,0.9526031427620907
2.472181560831022,5.41262321387449,11.681329897445597,17.640679642231646,3.707163062886109,0.9310857776833797
2.5644405805192054,5.643902550257818,11.73954857187902,18.34687104349145,3.866479955799889,0.9160269013100648
2.306278348761149,5.786383613280903,12.435350519773117,19.852999511526892,3.894951405668044,0.9105127494636869
2.6470872208072453,5.844612389415062,13.273967173584724,20.477237864607407,4.153625312727241,0.915034876150824
2.610097657503401,5.7241002076360274,13.451013377721369,20.478968119684236,3.8022858247315034,0.9275968927749552
2.732390037133962,6.365042675010194,13.61661546013407,21.13217526190188,3.8563354816050954,0.944418129480652
2.497309553644493,6.869496876281281,14.678466121420113,22.988651631318927,3.6874145711237665,0.961010629909333
2.436728326540931,6.672857782393484,15.586814890980408,23.136635896554488,3.6150259118905645,0.9733343864326225
2.618515521954614,7.2470953848578565,17.554906736582634,21.3672171783582,3.866276234321664,0.978742461544869
2.380496352924548,7.901066537363574,16.285174138690603,24.057236986158998,3.599739482287786,0.9765041056871042
2.616845116476087,8.158244034810709,17.21169624445226,27.771603697682075,3.4749560928205754,0.9678153624207613
2.6442891498185586,8.64285522669795,18.792762504338626,29.82171695127951,3.5267052978266857,0.9553394017792799
2.6790338658718746,9.484604270198211,20.66589119906301,31.832877779152437,3.753539847904074,0.942429633901027
2.4599836709385654,10.438320389717171,22.364496818675228,35.497080537813694,3.6494053794811525,0.932252516407605
2.5272563835133766,11.221928063979899,22.435034583250747,32.43359179307624,3.3601627869598567,0.9270324672343218
2.7172579261021195,11.625953495222316,24.403712660161162,31.662307091078894,3.340584601086664,0.9275921729928911
2.5979801115294117,14.037487337882322,27.456239593046572,31.835821683510886,3.3569874160036535,0.93327452795317
2.793798223685568,13.401124681129126,30.41247928662444,31.88205692024437,3.3454462828893043,0.9422319347024799
2.889566306285479,15.930525625241765,28.955006278843104,33.79466257734999,3.220422765357722,0.9519804105322771
2.6982896474055496,17.630731575800173,32.257652490703414,34.679029340071594,3.383966530289876,0.9600603524511115
2.940654090433233,19.47289129070039,33.67704524582982,31.762779636310565,3.179012412912598,0.9646336365229837
2.973146205223631,22.440886656256605,35.21800642218775,33.52070950540798,2.9451815170180415,0.9648771372887432
3.0536747302172604,26.030223939905287,30.630880290451767,32.49767035501839,2.941452774337825,0.96109459553266
2.865540516850058,33.151434012855354,34.291358642987156,34.410801254200855,2.9842303620684905,0.7448984082383512
3.149288619200005,31.96790612701859,33.91466544365694,20.780126955303913,3.051956603832195,0.32857125038538293
3.0885138185507506,33.4278245876263,30.462215247031732,18.688523480572794,2.9542522788688608,-0.14370609290891478
3.2270990274541496,31.586523017634047,32.80174025280937,20.875676202035397,2.802292620015019,-0.5436728975013865
2.9843984363802076,33.4904246171534,33.74427125970988,32.601082206531984,2.8897934841223267,-0.7775549026135794
2.7693446117742706,31.56750205469052,33.78566465776331,34.04818920562245,2.8538281476997707,-0.8020885624651232
3.0474350996416395,27.809689540329046,32.71671537259192,28.604910302300265,3.0457676866666246,-0.6293638237941118
2.809219984501142,23.986111942298162,30.31425391771876,29.02657733157543,2.9668508735758916,-0.3186190376756994
2.9314831277706523,23.69932637446444,30.79028865812034,31.319674541177285,3.277045265483927,0.042436414153881205
2.897300829272208,20.98773927237862,32.496594108675225,31.930335759461414,3.309943776716434,0.36150113956062535
2.9447630560859848,22.752365193351277,31.263871779703884,32.057781326526424,2.8465479019524453,0.5645592810229715
2.8495025206921336,25.57473392717324,31.93021604759432,32.32065932401715,3.2547310000286918,0.6122972550117299
2.7786007806934996,28.54966883711131,33.493978073514256,34.682607306586135,3.1500715320778783,0.5066374230291728
2.845819755456492,27.679895206332255,30.581445298334316,32.21652087401522,2.9053260654915265,0.2866659222015448
3.0176712839435407,34.34723295200206,30.754785270079648,29.148337670068777,2.8862400767475003,0.015872914283026646
2.8088778508024976,34.093070176518005,31.008503225653623,32.31375836330272,3.0197389402593857,-0.23543081947488975
2.9610271459475963,32.470471252464385,30.137642198366247,30.935503024474258,3.1772951987269917,-0.40782006040208346
2.8853843649754434,29.40681068043514,31.972008079234413,29.963896110507154,3.0150372709963507,-0.4662641531622215
2.9723842857137517,25.51957168077265,32.69969617695147,31.477776607554166,3.1868988246825203,-0.40651875992360476
3.0177160095789386,25.97243892948718,29.259130372469045,30.453603329836568,3.0848188805026,-0.25346775535583965
2.9204454736032313,23.183373640627263,28.846963705007784,30.378915827524683,3.037899761704124,-0.05252233964137561
3.0263060986864323,22.62767490515248,33.01159072826537,29.61259784470124,3.2551006740217825,0.14322324002892795
3.0008745648433424,23.31145243045948,33.179193246178926,32.902704659606925,3.1260387763783912,0.2865829587923747
2.9272798281052475,25.03956175835905,28.37425963324022,29.73130050666743,3.2524289773398887,0.34724446461315905
3.0031157733744713,26.999931363907766,29.944594813905557,31.071533499447373,2.974419573448436,0.3176699384113176
2.892199185868859,30.338520276009376,30.548000879787274,29.520440220575082,3.0442668618332704,0.21293935522678403
2.9910188792595447,29.835630271421348,31.600181331505517,31.873904901183778,2.7856973759009347,0.06510378529778485
3.0182609368218145,29.454360139746147,32.45002434171062,27.926667462174617,2.956480408886997,-0.08609746501923729
3.0114298007346134,29.922230189986355,30.531522878791552,30.46911506747746,3.018756848657422,-0.20357913907025454
2.840914594933486,29.611640018847343,30.82123269388588,30.247790439109057,3.107963091598912,-0.261702330809117
3.061890061624269,28.095476154851145,29.995057911657785,29.69045917607237,2.893801656058581,-0.2515127950303429
2.946215727419599,26.598866818343353,31.673461813086142,28.732242276441355,3.036228930835566,-0.18146139049757198
3.1581988814793975,24.502189459868255,29.951882987581286,27.76775641423299,3.2339681311275337,-0.07382631789874593
2.8279643586824994,24.790534883800092,31.005882910521912,29.949547713097214,3.046939678326106,0.041916596318018765
2.9114674204539974,24.24812963911396,30.703828628788546,29.517194424748027,2.7579248969700374,0.13689557756094958
2.97653203992028,26.353417305078963,27.828201575812383,30.914209968712385,2.9282115647348377,0.18981562564882928
3.0267450798204316,26.933732748725102,29.7083457063246,31.562549788664498,3.1428953364311294,0.19147800050796648
3.000011159188542,26.8009933459885,28.50657947078094,30.221228471458293,2.85301851476791,0.14596118516671783
2.9304736576828727,29.989816253249007,28.84792360237713,28.740864777560137,3.101372907302318,0.06846779843911326
2.7877969296860874,28.657225015487843,31.106975111919734,28.39406933026179,2.9869186266822756,-0.019347198859943442
3.181735717242952,30.39843051728264,29.74722825798158,29.30194740588684,2.8589984604561303,-0.09521002163526511
2.9142093155813718,29.21191299657766,27.56161891200893,27.04936697040609,3.1416760242981914,-0.14170221498858876
3.043354975771516,29.51598912209925,30.57920200307255,29.192451933755482,3.0341952215924124,-0.15007478249811476
2.9285675465063847,26.94884539835225,30.40318510359417,28.38665520856786,2.949939127839805,-0.1216193026239597
3.0413075739924342,27.273881134485375,27.799901319358305,29.313929192744123,3.1570829380920387,-0.06647596514516033
3.1834701066455473,25.000207813092608,29.721560306240903,28.56275939202667,2.840226801744314,-0.00039261868288106155
3.016703016568552,26.512645983412398,26.624031803414006,29.58389527999866,2.9035934003483144,0.05959743193129712
3.0278885223845347,26.244171212750455,27.84764951866614,27.108676630165665,2.909884224933924,0.09943261082130245
2.939284351362025,28.058782506136883,27.001714065294852,28.37849665174685,3.0588385981273696,0.11118498606450566
3.008644917034434,28.55177161379492,28.626064851119047,26.95052681948963,3.0014825398557186,0.09445324769536967
2.8884634579347668,28.132168971714396,25.73851957453075,26.944787562503834,2.908119793169165,0.05580241932324696
3.062437903718158,30.140794634491076,28.109600334607244,28.379923059045762,3.1961931326291286,0.006557382403008063
2.9470041522723287,28.141584366547285,26.698917263397224,27.689894621053753,2.977267631986276,-0.04036897268986881
2.929123466044339,26.437533227336846,26.795213288359687,26.541854100627173,2.812069760235866,-0.07375674976007991
2.8836970556533066,27.75508802714654,26.742387129980298,25.17570042672618,3.174019425347611,-0.08666126927455925
3.1106464660668958,27.172221985235257,26.236044308630653,26.39030959393371,3.0619474082419504,-0.07772924693944437
3.0662118953935713,26.17552542729491,26.110761789809754,25.907889845583707,3.0812210475101325,-0.05103933014974828
3.076182445946439,26.068823728660487,26.566763253231052,26.72059387835892,2.9997675105076542,-0.014634788970967219
3.062545088141156,27.46300118601367,26.691273462115966,27.560555765374605,3.0366133772223094,0.02178026694250935
3.007929306920599,26.694542755263054,28.102542933815908,28.386176259169485,3.1663872287626984,0.049347432378843356
2.95494237189855,27.180638133582875,25.784811748315754,27.537080553815795,3.1284545660390286,0.06213565235567586
2.956697625051986,25.54684247786447,22.954657806776986,25.389052889717465,3.0230155218027925,0.05832857056811699
2.8938803189720743,28.113838427902497,27.1297545527231,26.927287223339814,3.0273545886024245,0.040306829842289366
2.941721395002059,25.588169774511602,24.470595655260645,25.180158776470563,2.947577348870729,0.013701894637508018
2.771196247191128,26.28771319162432,27.21430128729556,26.869868553731727,3.1250968365575975,-0.014258461525539695
3.1708816352996845,27.07878029645776,28.413661515974972,25.70481691819618,2.7608178333602336,-0.036648480779205246
2.8446182452971436,26.702292886367903,26.422349053120087,25.96491634339276,2.873023814664088,-0.04850331181542457
2.920773882289999,26.089967366353946,26.866562354299244,26.050743621970216,2.849788613651592,-0.04785572806607978
2.9693003666593762,26.523198554403127,25.755796127526153,26.663695263717347,3.0164247223858016,-0.03595278985335493
2.873203599627699,24.862525468756004,27.01937616162475,24.293349874408516,3.2214707271038887,-0.01667141421734064
2.8619668204675284,26.329809773351787,26.59447080096066,25.59683355969203,2.974160772247904,0.00465490768504716
2.7794939905954146,26.335383169077723,26.196229192724683,25.92780862876724,2.9617742949611334,0.022661269394254443
2.959717106144817,26.99559737519386,26.093878456793746,25.213404141958286,2.865526130898142,0.03325957327881675
2.883298221317604,26.696094917577277,24.378631469885175,26.640233863579148,3.25921024898591,0.034521702722059865
3.011360563091487,27.83008147521621,26.236162403235056,25.484393750426154,3.008029909191095,0.026959889822761325
3.1425769244793034,27.539843969293084,27.43866279760059,27.280347529706464,2.818518464412022,0.013188748620120374
2.8980500397762237,24.86072024566448,25.437825189924318,26.545256384052607,2.7814345112896626,-0.0028947351947048944
2.85791160791891,23.632756556450826,24.748974885224346,25.901023842260248,2.7855900690833963,-0.01717158184060538
2.920833505694689,26.624818504027697,26.495461049888554,25.457386168224044,2.850595072117446,-0.02632252167836404
2.9845441645803574,25.122070819578152,26.65562541746027,25.053297986858002,2.9858206932197944,-0.028565788545124975
2.9791777181421963,27.122561767023434,24.04496309587979,23.692550344530684,2.953123204175705,-0.023956288228271817
3.1418207677068266,24.97140205699976,23.278752990570023,26.335713850068437,3.1371004405462966,-0.014211685886556222
2.949117700453542,27.078583242956245,25.458059823015574,23.75693080756756,2.774934554731047,-0.0021490858720983087
3.167524541956303,25.94627679967765,23.52270928438905,25.189608168420754,3.0214388591179704,0.009096579908918224
2.7862812419792014,25.26692506957648,24.72332270039636,24.590418977555565,3.2273771848757065,0.016863178616185383
2.9850371942168414,24.3744347953041,24.438809198778543,24.448838810925935,3.0384162467862024,0.019567841605505704
2.8137137947548405,23.72936402927332,23.853173431718083,22.85129995044395,3.0436537227043945,0.016997791226565997
2.9829435422272677,23.466953057840357,24.429734237835333,22.61472144516808,3.097662839137044,0.010242351800432477
3.2171954057902004,23.966586710185734,24.98046428632918,24.19485337616644,3.2249006849152724,0.0013140546687066149
3.0358222768892555,22.177907392544764,23.929563817072335,24.567552093736015,2.911318162479022,-0.007421785958507538
3.011904365867169,23.262738741909466,23.260138778749972,25.0697274421818,2.9156077696997724,-0.013853478757722523
2.8667005770715557,23.116050374319936,22.8959556857434,24.292215166805025,3.0289788014798584,-0.016614636552315622
3.213617802694361,23.520932837862606,23.41392375099932,23.98404924174847,2.8981606047660384,-0.015351517641304168
2.752475826964792,22.603919628739387,22.967378044291316,23.616918505956953,3.0202553973441795,-0.01072058390598796
3.087776475537591,22.783626770361742,22.869282165269386,23.289072469097402,2.9517078569758493,-0.004140452898420145
3.147777128857142,24.008796785512967,25.563509869755773,24.011130591148817,2.9590990240689203,0.002619927445674671
2.925898246395413,23.593746648458257,23.423111473989575,22.01242761244968,2.8718660226864188,0.007902352812847603
2.9847067673043286,23.277000952007413,22.757179294796185,22.358517671718715,2.8303000686180066,0.010553184002935366
3.0109899682018884,23.749704682618287,23.69439520327624,25.38084162725572,3.1702754041542685,0.010159963546027662
2.7713819161369577,22.887282872838906,24.61254984894005,22.529109508825467,3.1346260612294983,0.007086991926188713
2.932003723611775,22.77284411888262,22.498625118076173,23.296715313545846,3.0589985045884758,0.002318780248957966
3.096645872164897,22.27157811185416,23.12284028670158,22.605073062852224,2.93153163779399,-0.002833732558732394
2.7739261351463345,22.771616655829813,24.379761921345196,21.51909426756522,3.1769096650332562,-0.007080713509549343
2.886934615536161,23.655825764560856,22.69010630339505,23.04006431753748,3.1450558867025693,-0.009465453951822298
2.922063748084152,22.554640299435828,22.501059485174718,22.09754601562463,3.0318489490718665,-0.009568051657118881
2.97453630668259,22.807481731685677,23.273543886404514,21.401399900353105,2.9518908500970875,-0.007560663473260003
3.0347931210925054,22.25461004268657,22.58654494734412,22.62342271194018,3.0606560701134407,-0.004113858450295602
3.233037522938886,20.743953187555036,22.937353479575616,20.589700789834435,2.9924005501830813,-0.0001898751332389528
3.0486404799117945,23.579515117662414,22.59180831423662,22.067141170884906,3.0254485355651393,0.003217022700093572
2.8451998336234765,21.387806371200664,22.2733133623629,23.541431607145984,2.9629491043089096,0.005325286539976826
2.986234030804013,22.59214758451893,20.127871974909237,22.224702607136102,3.0012254795160906,0.005737668361807608
3.085201269175764,22.81792132839069,22.56836235104142,21.895194444634278,2.91899988669873,0.004504292418798099
2.9160825154412255,21.197425735531947,21.186620614981006,22.804618439741905,3.0341134673192705,0.0020713515768497138
3.0095296882717997,21.08755754850633,20.57376398998396,21.600988390853836,3.1397476064802787,-0.0008620896729951037
2.969320060270262,21.87986981219541,22.308435810884333,21.95688444989455,3.001917753731714,-0.0035363076381750534
2.9608997048689614,21.472554805121074,22.784166962079098,21.617194104794233,2.849309876083764,-0.0053210902945192776
2.937394273910564,20.80992379612651,21.776904619578307,22.612579564463694,3.002929120442385,-0.005857769524450636
3.0515112787672503,21.80507998869312,20.229443951718842,22.54310604041193,3.197596443221379,-0.005122761096912639
2.972711490992907,20.962861549744385,21.172971263683237,21.32666990159825,3.1370373295440874,-0.003404012152597324
3.1575379644020574,20.774307368649673,20.23494547477785,21.775761881131846,2.943270149753265,-0.0012037005338532102
2.9611316970473975,21.208594187984353,21.51784386487962,21.2714887366112,2.8736702302286212,0.000902690567223342
2.892695803557984,21.274264293901922,20.806735422775013,22.230772491442035,2.7533837443431315,0.0024128169147780753
2.8492918592314385,21.596876493529717,19.701068517567936,19.640065683702428,3.1487635268437404,0.0030133187901166657
2.9793071840877756,21.64322142699735,21.251056761694887,21.796284692639745,2.9151631247552627,0.002639553112557853
3.119227061885542,19.62109500604864,21.23373708995574,18.850996054421312,3.0751675056037215,0.001469582234730383
2.9571801045221595,20.435547530218017,19.784137706363452,19.8059299873682,3.1454948312214386,-0.00014037092093652426
3.0605784316903586,19.503291869907056,20.543574360962683,21.0812069251714,3.166177490795824,-0.0017581785630228753
2.9821430125540433,20.741560068228974,20.603456738177275,19.332876936482485,3.2746800806537197,-0.002987595535172757
2.9586609355372713,17.982682451790946,19.111149062815983,18.426678685315455,3.0367900800052623,-0.003561543410438203
2.957479010734808,20.6408852604519,21.182699764081597,20.495742362453466,3.0536617899897145,-0.003395809206047762
2.941548816617129,19.851743152979836,19.43084462650464,19.064481002997425,2.9914593323140237,-0.002593552192781478
2.9443386513063188,19.694895961215035,18.933260666471128,18.841282813266147,3.004059593935153,-0.0014038222143565489
2.9516909643113145,18.66163678973757,17.72053892890953,18.919026147679347,3.042124928672133,-0.00014820359070445954
2.999002596451645,20.310128038075153,19.563174932209076,20.0626248679605,2.9326660704003604,0.0008637788842740974
3.084778907540814,18.915526819848,19.86425182793747,20.56115869394469,2.9357871636361454,0.00140892467526279
3.013920384429953,19.273383547809598,18.294560181539147,19.14322152996203,2.9661929720193827,0.0013971245672230689
2.870175333129379,19.356667631907992,17.886949133765476,20.147675603198884,2.982803348778955,0.0008816536115713077
3.16996924246486,19.18354435230728,18.902008695764128,18.88910138551359,3.0940733331400048,3.3673673254845524e-05
3.021625511394233,18.443929833887655,19.567741953285065,18.71554494222273,2.8453917663635884,-0.0009097213568134387
2.9541235168183517,18.857891164380266,19.150942515145253,18.363360933630585,2.9491917528423275,-0.0017089624254931644
2.979882734079261,18.934434339032208,19.12443182226615,19.51192467099321,3.115272778548846,-0.0021805174291235204
2.901758008064457,19.75820887238581,19.023450211917478,19.43731708520211,2.823317433137654,-0.0022366526764895293
2.8476223311700557,19.547175403486655,18.337736044068944,19.5074516963775,3.0042628540941663,-0.001898407361721208
2.9010288624910996,18.136295762348244,17.93092863655696,17.49603336064311,3.137462215583411,-0.0012809654548446205
2.9633720015446188,16.731245840956895,19.333507552647408,18.471036788827305,3.0538247845351854,-0.0005573974310396441
2.901147429982574,17.72940978720309,17.790568643030884,18.657266122260694,3.0688125388026477,8.851440617072014e-05
2.9910404041665695,18.123224916389702,18.67556710164409,17.50651503686033,3.180840381161785,0.0005079334289229048
3.0427987806180914,17.836737023436648,19.06957301038984,16.758170615921436,2.937607860999923,0.0006201314958353218
2.9363724701972247,16.494590906787565,17.36953858780278,17.806895039473424,3.0299524716985218,0.0004261795609193706
2.9797175248188026,18.686784340098463,18.687793328038765,18.334860131272322,3.01925398169077,1.5368063063946784e-06
3.1138892694649094,19.413380657528705,17.443104478890632,17.950641216035546,3.1050803235638824,-0.0005288137900173581
3.0088365371190195,19.66744542596644,18.275894160137227,18.549079647846632,2.852134975906051,-0.0010251073295464966
2.7732025335353114,18.206609085798767,17.85946894391378,16.876078098324296,2.9704253521836455,-0.0013680989086104732
2.8877811582331976,17.237937429275856,17.156507877431192,18.855071367209817,2.861491385445164,-0.001486286369304331
3.0906042926372304,18.34653532791137,16.892092934511616,17.91233481565048,2.93390427584965,-0.0013691358293655418
2.9457639017065764,16.81637048004655,16.928103209401506,17.2768865980952,3.024587615190028,-0.0010643152959052215
2.8941153295539017,17.840422789986206,16.662362994453378,16.54061120119105,3.014567190535797,-0.000661007451509175
3.078658168035345,16.48478842677126,17.383408237366123,16.055449144618464,3.1375892844536684,-0.0002645791053131125
2.7433603272113336,16.694117123058025,17.49996890327309,16.170405770156705,3.2418200091503735,3.0473287568212154e-05
2.9730037631741686,16.885286936352212,16.501032096712322,15.875586397320024,2.9301652261121913,0.0001625679955231188
3.001332033834463,16.536446752636785,17.17118535362223,16.640690457920652,3.117963007641616,0.00011514602288162609
2.9961125684825394,16.198380710532703,15.926633177635425,15.968087357855433,3.081359727136754,-8.323497624801096e-05
3.1610541125146456,16.41527973920583,17.16321156207136,16.47417858951177,3.01592104478616,-0.0003697935282953191
2.996343230305975,16.876226660884438,16.20053972847545,15.393693734401428,3.2509668316255675,-0.000665792889872573
2.9329380406672887,15.90842209967737,16.316320682754274,16.992510502126667,3.260940616972837,-0.0008970951637085308
3.0180812887381405,16.336413461975496,16.735605841306718,15.796227411896103,2.8820492334310517,-0.0010117996205267952
3.032654069237101,16.29331764385797,16.157560175187967,17.38713125582237,3.0020589037549534,-0.0009909280594040447
2.9035878627917615,16.01727902414474,16.576660959327945,16.406908897858596,3.316292209022489,-0.0008501648568909797
2.9092992570689304,15.224271219546345,16.670394435067468,15.684663128690735,3.018713470214993,-0.0006330102371893602
3.084731345570006,17.384906024894292,15.99273957619939,17.336619389121534,3.062291953191672,-0.0003977634327154952
3.0568892099126526,16.323823154760607,16.12912830825565,16.448893236263334,3.165594305952985,-0.0002020425657334477
3.0349238240866776,15.683605099787979,16.033348796888223,14.875576012605098,2.8318860119061515,-8.882345764261505e-05
3.069576545515957,15.13199322898745,15.73721147965643,15.985573736285113,3.20968434788384,-7.726185820684784e-05
3.0157686567192425,15.146639491543084,15.16277678084151,14.981162779660888,2.8144564770375307,-0.0001601142423958576
2.8789877511057496,16.436424172517956,15.86401583727524,15.800132504941754,3.2038161327162715,-0.0003078079791110095
2.8855150283825517,14.197239292604708,15.325949944833445,15.175410034573947,2.9065708009451243,-0.00047758919860387873
2.8703630627606884,15.578719284932758,15.840208166285082,15.175990487691147,2.836109436892237,-0.0006250784832541223
2.886809419636179,15.57887897074876,15.08632236592018,15.262618231920612,3.1208199253337057,-0.0007152119796475839
3.1173756445504517,15.383027342589488,15.14901461718784,14.635486187836594,3.0563012657038064,-0.0007299592822446702
2.9580690867661596,14.811187622790314,15.212365410032351,14.70485287214946,2.995309137652236,-0.0006712218011645053
3.058165704903546,15.639518364099539,15.354886608787776,16.08473101518077,3.044920113273136,-0.0005586276311459639
2.9157250220827464,15.616342587034616,15.42022909791121,15.360113325957352,3.001039553794218,-0.00042320563039915883
3.162171500932878,13.61217653223305,14.845357629744804,15.35702299919387,3.2218157444563937,-0.00029883825452304267
2.990872546236994,15.504340796527176,15.173560561614757,13.537076965174304,2.8386709856791468,-0.00021376715341445856
3.077848032416741,14.621721235796032,14.925277862153365,14.351194232934617,2.968860457171826,-0.00018421391777768075
2.956135549395563,14.409141615426089,14.690653654177675,13.619933095023988,3.0193856779789203,-0.00021148338721586202
2.8913808085503345,14.51843591900734,14.938729527558968,14.59432520677154,2.8111374085259055,-0.0002829499639253989
2.9008494193203656,14.227999665788376,14.35582527343429,13.515597593627184,2.894647997655684,-0.00037634749548464715
3.136678091502139,13.850797043555449,14.299528471598627,13.089708519232923,3.168084413313053,-0.0004660300605763596
3.2188902191991784,13.608856670761448,14.120723789182177,14.021882336358379,2.9694815124557947,-0.0005295078941094251
2.961923908222722,14.304104045279407,13.469701873310404,13.192890147208335,3.2463763168534063,-0.000552643970213636
2.964149703471992,13.487528275060816,14.303126536943168,13.653599597453642,2.937657329112055,-0.0005323638022515463
3.0802651349322376,13.207501412977333,13.688876391096414,13.614750037614602,2.9900445001332727,-0.0004764364468872809
2.986526652592925,12.980355614200931,13.151903198656239,13.452040012275402,3.1932949754575235,-0.00040063602154529404
3.063260492248246,13.036171606199193,14.324434124885322,13.415425131842369,2.994666783501542,-0.0003242034229535784
3.219613889619321,13.630181243524301,11.812912935850916,12.816026367389012,2.976412349932921,-0.00026486116385773085
3.244257039362436,12.476138712118024,13.717149858377852,12.90533138978332,2.7783547747409494,-0.00023463346502170028
3.2040490331040803,12.788066712105184,12.618013324514022,14.097703490756608,3.10136788794992,-0.00023741833588515631
3.022842185111272,13.169118103222466,12.71928728347612,13.278793233546477,3.0241821990065687,-0.00026874929651650036
3.0267511130427303,13.314011069539681,12.481437957606342,13.220821937400268,3.088193884870126,-0.00031761331644942505
3.013167009970635,12.495593571444322,12.643782232525437,12.591822455684307,2.69972058442967,-0.00036970285546537277
3.0287678373872047,13.14363962570818,13.292385004184997,12.845108900787569,2.8308751168521193,-0.00041118530505739287
2.761042212772348,12.737199454196299,13.12781902688931,13.30969259693795,2.978312139341654,-0.00043202735845908823
3.106905628524241,12.767411357566322,13.385649139539861,12.061126039577088,2.8184244244220116,-0.00042810427441747627
3.1597342515984472,13.495718116615844,12.80928853317674,12.389354090549102,2.921804402154491,-0.00040168699105655545
2.8718646258678655,12.15460459569061,12.402072971821937,12.117306187797235,2.837839178009265,-0.0003603303568957913
2.9210594124373266,12.808291505777317,12.121597061742229,12.909850636660135,3.0545482596140276,-0.00031457277856722344
2.7982599955040155,12.749586712282316,12.39821328116964,12.75510960108314,3.057674675109911,-0.0002751109446759325
3.1935428039153115,12.54341883138777,12.823716252666127,11.625675930847406,2.9766808464993906,-0.00025018300496402687
2.9104808826888426,10.996302082437259,11.64594607280621,11.063243434279725,2.998885703349203,-0.0002437787509176396
3.0770521292171207,11.830517508305812,12.225559381557517,11.806859136486088,3.1009251567804,-0.00025504003468742773
3.093799544900028,11.637999478266506,11.687559925233895,11.457025170329205,3.0573513822909013,-0.00027889328235054686
2.94525598293217,11.738007620978783,11.743598097248944,11.64919235566671,2.98190560378001,-0.0003076524846076494
2.9329493766999204,12.096824246534045,12.204720562511394,11.98150271495868,3.223941712952356,-0.0003331177651559403
2.873769842520544,11.1173004589521,11.378790208248603,12.362556438385505,4.561915081676958,-0.0003486155470609454
2.9774736260133032,12.075562595004502,12.316495675102594,10.644706076653142,4.949149668753445,-0.0003504889754089847
2.8402884045792494,10.618923021950211,11.193556450400166,11.474516159632794,5.941056337673254,-0.0003387239773132069
2.9829453825292216,11.206207603467307,11.503407617703708,11.375050141734608,7.179956014352769,-0.00031663417361213215
3.0840844718634277,11.330827456415877,11.118071035323233,11.052377572946837,7.384007455404526,-0.0002897635849513655
2.964417595687608,11.051251268346855,10.779803702861667,11.59700753802515,8.139796152517352,-0.0002643425202000122
2.971349109196268,10.78476501334707,11.000112701289783,11.051823494986552,8.898393168888342,-0.0002457114442943022
3.1808589396110483,11.419526577094537,10.710644447862146,10.752496009245059,10.737969013259601,-0.00023709915531527806
3.049412587576713,10.97456252788458,11.102894707985781,11.765095332845297,12.507387415608516,-0.00023902161336957742
3.1404446357660367,10.835830922414615,10.894536153144369,10.757057647475545,11.951096729875028,-0.00024939345414538947
3.0204762217287544,9.730960635984278,10.54739102639509,10.39178921191214,12.259416999867412,-0.0002642627530164854
3.159057841920323,9.937753352798389,10.236049654634732,10.217764114598335,14.022375325552474,-0.0002789357630690955
2.9125053974806323,9.95624441766866,10.235403104367297,10.583419743399649,14.256900253093201,-0.0002891838483680431
3.250359071161256,9.979437368864772,10.41649177287966,9.230562809812904,15.42711143699517,-0.00029223173566545255
3.2127466542556595,10.653243184521278,10.447425833569,10.179629508841893,16.76855788856508,-0.0002873057231495734
2.913374021485218,10.763201385417597,9.627877342010622,9.87526304247177,18.650476850321226,-0.0002756469128162184
3.0463910433358152,9.566744677788966,10.239276862298302,9.686871128986459,17.52694983893846,-0.00026003301127699096
2.936874325581577,9.24962059751765,9.849639360349968,10.112489511137039,18.072878712175214,-0.00024396802060365215
3.0396902191953905,10.460020628526479,9.778400212523039,9.87206697207063,20.854862547325713,-0.00023076602861943964
3.025381958745974,9.611672384267155,9.721310350065746,9.640524594452355,21.935643756696173,-0.00022276130267819455
2.959453595178914,9.608212270289647,9.059123332365308,9.525514009124798,24.40867405976318,-0.00022082585987495682
2.916463451432642,9.34925416687981,10.37569824496946,9.729237962913798,23.78041747475047,-0.00022428502824433925
2.953516525055597,9.898324318190424,9.509991689438499,9.859947208281813,24.488197174230244,-0.0002312167560350789
3.0923712446271865,9.32383773170918,9.049459291675369,9.589868486485827,26.717715639075195,-0.00023902829082525365
3.0306005528544246,9.499589414281173,9.705891162397712,8.769943764690534,25.223424811516647,-0.0002451456551496557
3.057484410777271,9.391148121537453,8.883032912002445,8.807123811849296,26.266795669018553,-0.0002476382841784298
3.1154906105789575,8.336592768010869,8.799840435768047,8.82019652548275,27.56185616615399,0.20969649790942405
3.1074331277069103,8.12497808166683,8.714358788373463,8.487609067149508,27.4631802822578,0.6209973390887141
2.8839903009948307,8.434909458857481,9.280253000000926,8.760496879339769,23.86368857962927,1.09002388597326
3.0917485788030055,7.793614309470409,8.745921473528368,8.120149236517197,23.25526344407044,1.488833816185022
3.292523382452201,8.783245567890173,8.375700753135526,8.803161653923437,17.672603008282465,1.5
3.2400832759109512,8.335703002318734,8.531889347914467,8.15565483755739,17.587233094559064,1.5
3.4150862280334295,7.992188011939343,8.403227392404883,8.690419326705987,14.33889884612445,1.5
3.361415945229079,8.32837503380666,8.021944566495264,8.292279902698631,13.448552837560177,1.5
3.346532831678574,7.4486274889095085,8.071615377157167,8.75395217536449,11.759467076203954,1.3374321187829095
3.577129478455459,8.154934379937945,7.914262780313588,8.68382312292032,12.069927032731004,0.965381476980069
3.880411950816366,7.333859235775339,7.664836141290117,8.607891498195897,11.125727230706145,0.6186924355437635
3.6408072050582403,7.6999866275131605,7.819517433666592,8.699958313025279,10.527154090789843,0.3825554619506461
3.732039784633708,7.203045995555956,7.969485763225291,8.889309798764982,10.846943887703432,0.3058675042653139
3.8432316453400337,7.020620673709779,7.70588841472184,9.054344966756643,10.548100286405319,0.39374508029157806
4.1250176299588075,7.3368936579856285,8.39875939451521,8.293040088438525,10.969447104798167,0.6105082923372528
4.078579459975354,6.4864500798166045,7.438603017428847,8.413426337158016,10.115455775893903,0.8920890244539279
4.242357672000407,6.939149010736041,7.823828857387449,7.942376963642157,11.105673110467924,1.164199245567579
4.151401148367205,6.381627649527495,7.828902585087271,8.591086246912269,9.329717449015266,1.36136389281222
4.287042050330562,6.245812180939067,7.547535861210082,7.888828675932769,9.429746262995796,1.4421064848098775
4.81554873854672,6.374305933404568,7.789808972400386,8.208693281930358,8.641694881354704,1.396937040726352
4.536733797094402,5.972536545623294,7.598539176836511,8.504590509449683,8.209637508419938,1.2478504472926686
5.055949881201074,6.418719422350364,7.765422139587118,9.178997862719015,8.262207790379506,1.040216742275061
4.893087262009509,5.852025526422177,7.000042729038034,8.893349972206469,7.455788423072654,0.8297011787409678
5.163714000533498,5.8334772633396925,7.179941849966441,8.977209552616088,7.986242940788598,0.6678187986484606
5.132091021159232,6.3859994994261715,7.269438907184646,8.264239802100512,8.090979702038682,0.5897488866545647
5.141687050841754,5.871372739315951,6.798387594783968,7.7907899854170655,8.128198853983394,0.6071810337134831
5.036891229577581,6.139356595594399,6.631648087036674,8.186976956441615,7.171747048444344,0.7075075304815882
5.684419866174458,5.537222826634191,6.97005160290494,8.753318305887793,7.932659231521706,0.8590152015238502
5.57978553992972,5.82416941173563,6.551495315512195,7.781991681410962,6.979432886455078,1.0202885133047457
5.847073907424338,5.112081387891125,7.272552114529195,8.620000477356735,7.21348840901399,1.1511568053298509
6.207049628212409,5.44882547076594,6.8409098445375065,8.833067000382538,7.26408934515251,1.2223749397395829
6.262183797206578,5.46038064078988,6.852704587106156,8.59187091422426,7.112374685983032,1.221788287397198
5.96719185119495,5.1070442347150555,6.839530854651153,8.90585722815637,6.708903973905427,1.1557933712574822
6.645525103029517,5.627033372553041,7.146383186181566,9.295865226143913,7.3268850437232285,1.0461561754268769
6.422912905445251,5.139302099233891,7.104428211360549,8.967279348166262,6.209146408404935,0.9233703131905029
7.272014361242435,5.098600478412731,6.9276012822902535,8.40437564279882,6.061143721578965,0.8184712459660317
6.615320704985295,5.001718372195868,7.029608181192453,8.748603081082633,5.915235968618983,0.75543044112738
6.418730377729832,4.935528298200417,6.943977922319861,8.129934123541162,6.13191656363431,0.7459301716567984
6.398620359928475,5.2383746767803725,7.178261368111845,9.30209142061213,5.833549969918051,0.7875867671976078
5.923433652545045,4.972714046254676,7.123871116400735,9.158962140966613,6.0883591749103285,0.8657579696502191
5.699204106359826,4.681611756611622,7.064790760420903,9.660948283932942,6.02718453391389,0.958182547983667
4.9763082774064396,4.920336725154268,7.328709008384652,8.67587249529383,5.755864103710727,1.0410725354465764
5.431078290707961,4.862633717644758,6.846115179724348,9.275227266194612,5.731079612751552,1.0950438289790392
5.468041525660295,4.606460913356829,6.909075862384313,9.719123223801125,5.615009470691795,1.109453014827251
4.664151170034184,4.604487384897629,7.348566594246076,9.363933097164082,5.682306840805401,1.0842243720843963
4.720017165899975,4.7362074550038935,6.602858580218653,10.012244265270697,5.372112084042954,1.0289436031405412
4.261376644854239,4.6201082337292,7.187269842550205,9.382197509010823,5.75325640514374,0.9596790779045544
4.543391818972916,4.577849945531611,7.229168300824851,10.300043268271606,5.557252205690671,0.8945027178246123
4.380449278544807,4.755822070045907,6.972645946744837,10.802556404691432,5.564590144834668,0.8489135394796548
4.115386378501357,4.604889996440158,7.190906484057674,11.3731352796998,4.840467424791306,0.8322862364284521
4.02109308779367,4.280521221690907,7.432341539388462,10.299934385170063,4.897058161518396,0.8461209320558845
4.241473848334396,4.128376736770783,7.469377106294602,10.026889921096164,5.070873469935074,0.8843644956577696
3.8489918518451884,4.114956837042639,7.167437951677541,10.372312554879128,4.835615600894508,0.9355450816715252
3.5920240198297835,4.357359074407703,7.906208967537293,10.960731755764467,5.417504875591258,0.9860412329328128
3.4813668039037275,4.508897071618828,7.7632196703017256,9.928291447679106,5.12352228970776,1.0235890259147034
3.4005382190101283,4.486148888873897,7.868491378526164,11.574663199108,4.959340382136176,1.0401513051732167
3.238259695057792,3.926003077208488,7.97239764710617,10.898085702155416,4.59639524502343,1.033505836249694
3.164390015891984,4.268278945011235,7.974622914477008,11.656348687389883,4.439216174848048,1.0072780969514286
3.3089414255363643,4.432974535156671,8.467845131547376,12.00250468608892,4.762871498769603,0.9695471733810563
3.2359645400506367,4.392939244899766,8.152638084217147,11.69381021284622,4.780022925328686,0.9304889972069026
2.9808872173966754,4.600413468716576,8.540729496000841,12.841697092548081,4.889175029554536,0.8997146410399224
3.0037104032903965,4.499070842363192,8.978560736347967,12.74584628884321,4.530703767300159,0.8839782784541801
2.8972646451692206,4.480318568208592,9.16539288905424,13.471625952278885,4.101821475579523,0.8857808895949504
2.893307302183756,4.568632137604981,8.610344366448608,13.304441807599765,4.673700901243995,0.9031320202995062
2.6964913912729305,4.27324894654345,9.148222405461356,14.476778500180068,4.3069166433451285,0.9304268708850207
2.6566674792979637,4.666507450001675,9.067369642333922,13.968110992926686,4.434448021039624,0.9601276751685437
2.9108140564797953,4.542724457671978,9.994080662934916,14.475947334342177,4.139380688610962,0.9847692324790609
2.9203386538759726,4.5061274798425615,10.10045100048138,15.897492928160156,4.271363907288295,0.9987713858493246
2.624553042531773,4.8825446346300945,10.304004796879587,15.622588317317256,4.117034759590836,0.9996336807923116
2.622612991497535,5.24109985560427,10.929443880028387,16.00317585699904,4.1330774203974,0.988275307133815
2.6839348072718807,5.052941756148987,9.933184342199795,16.234341922338995,4.264489839029057,0.9685123917827982
2.634708372020916,5.6249701495120625,11.516806129482026,16.72145260863005,4.183476157817143,0.9458753967916131
2.590853396640325,5.207189061310054,12.17704334789256,18.517016040490155,4.090425805292804,0.9261122351519224
2.499595103545615,5.674001041473322,11.471872938947406,19.266559395651946,3.800698083206253,0.9137690456912263
2.8359132043412383,5.570257496043313,12.961777668060456,19.754297233526025,3.712517936131881,0.9111875327491463
2.573668151626393,5.76199310932377,12.656506948774005,19.63841033732196,3.522576019476219,0.9181268470940885
2.548204598127764,6.028079772414419,13.226132847208293,20.40240117148857,3.6861622820832483,0.9320477215717011
2.5527223258108873,6.714067575721184,15.722570981147934,22.080225447900002,3.732275584561364,0.9489318640010465
2.564021016181495,7.00977217804111,14.922776059398318,22.266276105959324,3.569113248753701,0.964390182044405
2.4285997072951413,7.075019844517537,14.954884214730646,22.30691480263178,3.7485263906021147,0.9747645208464172
2.6909659464189426,7.617154584399103,15.662937235963298,26.29697131538209,3.5276759853277873,0.9779550174212122
2.480778812637454,7.632137832301969,17.028541720043652,27.957318367282802,3.3512146313886335,0.9737955082030931
2.4447387187551644,8.082286292553151,17.774862156222827,27.262800709939892,3.7533687094522983,0.9639250811169096
2.6565003254623094,9.870513536683855,18.53808560097101,28.363055002216054,3.7759805352802993,0.9512311135815772
2.7813902306936202,8.551262592487154,21.44844893757632,30.334402222221,3.5180058063874,0.9390368852036151
2.6518984956960434,9.92649552529607,20.499944114657914,34.718254844737395,3.5738220188652976,0.9302539274013495
2.492315865214438,10.924517113816215,24.56392003099854,36.169339243459866,3.4010664845389282,0.9267086569617977
2.832231447825672,11.261122851323528,25.275744598958166,39.95940384554213,3.4687915434589875,0.9287921329002358
2.6481658138261337,13.229713657469851,29.7421696453687,41.624554586169204,3.4280221385418543,0.93549009036829
2.797596494010291,13.67825406074384,31.312104610310637,44.73076834519651,3.3123881734528973,0.9447527586604891
2.7214180822465,15.735860706121104,33.582483472543885,48.911232700481214,3.337049115131763,0.9540846894645879
2.7137072724229117,18.73271880432175,38.4276945740806,49.32003064904922,3.351378877378906,0.9611916547190826
2.82379983786432,21.038386653452488,40.21788298315645,39.282156465321,3.2249488300775933,0.9645220049905261
2.7452928725422043,23.695822711979588,45.6437923762593,30.662029418213535,3.1650029049779738,0.9635798191310594
3.2618431925007823,26.299415343161602,50.755413179336905,28.00349932796549,2.8025336070883298,0.9589535067861388
2.953071407017975,33.84438094133775,45.174964077065574,22.46470262243855,2.9700140853783457,0.6851978853226167
3.108679636778533,37.912766478892294,41.54456814852206,21.598262002937137,2.896639808978822,0.23990155120022608
2.9430933814346094,39.49403720133241,42.59317393707504,20.38026298231795,2.813952607307967,-0.2342316220311653
2.868950935804169,38.29760832457685,38.26166476108561,19.728276481287654,3.110102741559307,-0.6128818394604395
3.203434588084517,33.98091277372071,44.376689406417185,22.55070151033564,2.975676096831734,-0.8101651202244318
2.953862274343084,27.598991431997888,50.13424495550065,23.40468961335234,2.822118995575696,-0.7932853298508394
2.7575002079517925,24.555733716458203,45.872297134357694,28.343565717173465,2.943647570308189,-0.5849048898336314
3.1249251491149743,22.136365522939485,45.416354526517594,29.71973362519642,3.1534504087648583,-0.2524588837794577
3.0400013900637743,21.61328003097676,42.3104839211535,33.823685871179535,3.122361863063591,0.112275549532163
2.935377491793771,22.552882502959758,45.82328601979752,31.960748185798263,2.932376140523844,0.4176760045994687
2.715726087557481,24.593569402758902,47.49662255326892,31.521446397733644,3.049451659110804,0.5945682974710045
3.1010111065101227,25.976600830128387,50.6009046873599,27.441136911550135,2.9550607232622457,0.611099767777391
3.0500516709541197,30.044270765669218,50.730756495480975,25.17650269650566,2.872209532331222,0.4772281510646498
3.2510549331316976,32.7774580936295,50.2960067315552,23.99122277167666,2.868537621706016,0.23864387300422407
3.0110246636956948,35.40451107802332,45.64098418703269,21.674759677106522,3.018994610625954,-0.037471787046911884
3.05733898334663,33.849870311603325,44.718265042992584,23.33236044961742,2.7694568905601074,-0.2806737420291528
3.0500542000996522,32.27187343518923,44.77723503635238,23.076986620789526,2.7436815780888084,-0.4346809782616636
3.018070927637241,29.84039372893766,49.539055113585285,25.86487525144582,2.959760606428595,-0.46983375160030816
2.945174619242447,28.021201381793965,57.99146205093056,26.879206066734444,2.795896290101228,-0.38798376734293594
3.057550076401587,24.46253894522838,52.17014102464588,27.021216950391718,3.196862261800817,-0.21928937403105678
2.855697407950094,24.66523268469589,47.83231590898176,29.051982943016966,3.0349941459338345,-0.01240302224814447
2.8895551890976128,24.149901298449176,52.16717292844382,30.937344796748782,3.0817719163191644,0.17898404808218563
2.9139151264972787,24.847229476840102,49.04348309625357,30.325641825475895,3.2435899113143027,0.3096472111556495
3.0135194993346976,26.189185774162038,54.204621812073036,27.61722598646249,3.2067918431352767,0.35309296153520936
3.1467776171698807,28.06164717548395,52.288150152230955,25.31370897716873,3.1194645053869112,0.30636814783005195
3.0110923478938254,29.6570070574214,47.722021219952225,25.18611105254887,2.9967360404833685,0.18872069936055313
3.2155737790173133,31.810330378282632,52.00709021344492,23.819176612649013,2.828828508766283,0.03497513550029482
3.2158823067443887,31.713997738754756,44.656464218402675,22.55351691414872,3.007672769766076,-0.11430329710646397
3.0928473151152343,30.57108473532144,47.86560997224764,25.1864836219451,3.032163073465791,-0.22318164729316814
2.8752422894371055,30.64019974205888,49.08336177379163,23.408125973270376,3.0686477086179553,-0.26869820821268997
3.1033769700190796,28.188281361728812,53.008931166177284,25.680407664391485,3.1775313449334988,-0.24531605982643814
2.984128947795114,24.184356763927113,53.11060237045731,25.931344472245552,3.040612771360659,-0.16474726777432155
2.8195609799244536,27.481461771920493,49.75756949387905,27.48983901042657,3.153638223335747,-0.0515952055143018
2.829733610973364,26.385119035779248,46.51846125409093,27.713968839806515,2.952890711073467,0.06375914623961064
2.943166607188361,25.076496041033902,52.95278804925698,27.46816445725484,3.014010680401287,0.15305501090319393
2.926423957909915,29.08660015780627,52.762200706261204,27.26077399475014,3.132862380714314,0.1968433247345761
2.9047206818661584,24.783895899890613,51.15665361161471,24.29212320760346,3.117608112412316,0.18844908638998514
3.0629026123808565,27.27057262725451,52.38485848153566,25.90274573679214,3.1387293724087857,0.13447895657241998
2.9120371968408136,30.401121031546932,47.57996693313464,23.263107623253454,2.9735787877189948,0.052052585718489905
2.8733013394221554,28.51962111693076,49.418713521291046,24.34768150019756,3.135595728476082,-0.036282244895409085
3.223019589586435,29.91960814228241,49.18057912024515,25.325507720652137,2.9912087215912244,-0.1085108670213347
3.107590025300507,27.93863858533402,49.23950117082612,26.691803267920346,3.0283133081076663,-0.1484621261943608
2.86709722910127,28.408208340109635,50.99278391783021,24.01765742465771,2.996288675014227,-0.14923261036820767
3.046220071535033,25.349351415201514,53.61288652681962,26.392727050012045,3.0129361563918136,-0.11405637078553103
2.851770328611733,25.91371184329054,53.50003244361115,28.244198928190634,3.056597001639737,-0.054631817064900855
2.871553469232653,25.70520175565196,53.9235633487126,26.95610175635284,3.165341536269696,0.012464818176346398
3.006884574998356,25.5889506787661,54.99388863169193,27.419359084255177,3.0894925059432676,0.07023946166223602
3.043916961474054,26.940684922591178,53.94230838567437,26.399000939473773,3.068064080249668,0.10545199647514233
2.8831771750660495,25.7730088230245,51.888977045738564,24.88393764105614,2.854113191481002,0.11150990786945505
2.8950987410682454,27.282473281186086,48.43338611978617,23.93695429628076,2.832180934078145,0.08949137857975514
3.120284910249121,27.630089107777682,49.87250750231659,24.91834999445814,3.093362978776732,0.04721239180260256
3.1725427365698584,28.427257116561645,49.8441605138736,25.055344549086044,3.005726358119885,-0.0032641724063425075
3.0354485804823836,28.846695810018765,53.20338742056618,25.05543513587953,3.0934823532579263,-0.0489351284619845
2.9633190023036935,27.82503769787964,49.88736871245682,25.587349626839956,3.1745008285370098,-0.07910334097025856
3.0544005880472875,26.95331541755037,53.905873601413134,26.460685864909326,3.0571712560186595,-0.08777914911451028
2.9059743320093077,26.73166107102908,52.092092664063316,24.999207442172917,3.055876103550653,-0.07472636840466575
3.0603365200160266,25.118957026580205,52.70062584095797,27.302693144275906,3.018510218631465,-0.045016828242017075
2.9582707308125658,26.509508136717894,54.14949623597534,25.859941995769514,3.1123431687523615,-0.00733221786206573
2.848765752175245,26.905858436775656,54.07635934443372,26.07825216276136,3.014147794612723,0.028464036374549827
3.3836942802944696,25.41410576295379,55.420471284983456,26.884053762041493,3.0491115894402046,0.05383020238395809
3.000053517433898,27.408100538415244,52.14084189653352,26.86393213329728,3.08690098280245,0.06350922164653791
3.029142385718345,27.588445206101458,50.71099496681176,25.869383458370038,3.069710025215393,0.05652081448976867
2.8696802247204465,26.449186562754456,53.4087771527176,24.67147245570531,3.038983621137723,0.03602616440131244
2.9794399257089736,27.288420463595802,57.074871564646074,28.83928438567493,2.9026749900933337,0.008196660929859352
3.030786658631866,29.67106488315127,50.723449865545845,25.61887277312946,2.9245855347512952,-0.01955096330287492
2.961479893224746,29.321970634694534,52.07183813978633,25.61857023170358,3.2195907975766556,-0.04046825834606509
2.9219059988779836,27.359339342082492,52.700844884685246,25.548770926161076,2.936894351728462,-0.05005878493792951
2.909080128881302,25.78092939175946,53.59979810777777,26.65381198424518,3.094428400955904,-0.046975403982178796
3.023029901924202,27.550821114039223,56.04326097654118,22.89763922269375,3.0338894582019145,-0.03307279016237327
2.8970805352535915,26.41355446450829,52.737017964690274,25.95917101141564,2.97043930073983,-0.012676237398535508
2.9628695285170483,27.807413423635698,55.46883569075981,27.4822769047126,3.1047839118278775,0.008686810611349008
3.1440935700858796,28.43987944633596,51.95071407189449,27.243605243654475,2.869597977900696,0.025736874664203678
2.8109266286399746,27.2990683011792,52.16168620741585,26.22875189575099,3.0717567775019377,0.034705454814898715
3.058331236576741,28.335878493109963,52.34413355768429,25.32979795111929,3.1448643153701967,0.034119962884108554
2.796970149931719,24.056068706805323,50.786649568277824,27.17338314927358,3.061709591813564,0.024961361106331986
2.9416435183552565,26.500365194176126,51.94497599578059,26.280540844684843,2.819750246142079,0.010210982104050434
2.9004087427591827,27.76758382437333,54.74300284788608,25.568175747435557,3.112863620787993,-0.0060498002122430835
2.854207832528053,26.82830724993459,51.9038278693431,27.785166473353424,3.0994902757819176,-0.01972887827693332
2.942304267177248,27.29482963093679,50.732634481479856,26.72525592687608,2.787660155934107,-0.02772010879649312
3.067953974891921,27.83691681822068,52.269279928284455,27.287166273455494,3.2460344740511013,-0.02857296325002112
3.054339873621972,26.058253102748697,52.685321503876885,26.014147180086454,3.051779498889633,-0.02270076946290458
2.9309489350311666,26.969823039566787,55.22177331936834,27.407271921541412,2.9828699832747354,-0.01211720553579138
2.8478389210750987,26.2808040441791,52.789997495280375,24.23175333222322,2.9672540273857564,0.0001935956526625186
2.9922607532153966,25.879197768812684,49.61937445123485,25.200639224980225,3.025618113839227,0.01108802715160003
3.0458847716588537,28.569142990902815,51.70511472444265,25.412047226859237,3.021608021261223,0.018041903147661464
2.9299822306622136,25.19323600490033,52.73149176834806,26.875799295956543,2.9874135250568363,0.019710539653774988
3.051811452256319,27.520546014332535,54.458695598408895,25.941443202242354,2.926830950599636,0.016152860043684686
3.054440669698464,26.545868299263535,50.01853832573558,27.501424902339505,3.0767487690419535,0.008694361401744252
2.9127295305045147,28.291033249460266,55.46495585331907,25.426408232363205,3.071607770823424,-0.0005061442318044945
2.9913584876679717,31.251565843114165,48.075527430259655,25.594166273035658,3.1221863549050832,-0.009054691588408376
2.9729235542437444,25.34419909855568,52.72099398386343,28.316295354040317,3.041906531511042,-0.014925257216410252
3.0176426875512044,28.316911313927946,48.984885088603455,28.273642663827594,2.926760423921868,-0.016920601447531027
3.1018036483422384,27.050623027375558,51.90395660686696,26.481034462937057,3.036333046876733,-0.014891152594231821
2.9387783883757232,28.10791115779937,53.734385440373515,26.20902092138321,3.0160406393531543,-0.009679821537861486
2.9078392655636174,26.495062323763847,53.56460662760372,26.804957806723944,2.9417057350134277,-0.002830133020659746
2.859143681284209,26.513892504856123,52.619950152888,27.837761573700313,3.0444149137715817,0.0038506144945874674
2.8237655439774687,27.436738131994076,54.73350013591524,25.594723488955086,3.1978107238940665,0.008754188621305007
2.856377683843334,26.293466227685716,54.46521984349195,25.771148623675177,3.048906853483692,0.010845363887103882
3.1322247331621114,27.560350246203733,53.50512058730475,26.510834600123243,3.0915924095746776,0.009863741155611004
3.1343846744052177,26.46362314763515,55.9743960888482,29.30539621870558,3.0309678130536826,0.0063193814663515865
3.1855906608686744,26.52598264648339,56.18522983138619,25.823252190023197,2.835837143632924,0.001301340340181835
3.0385438198027312,26.29368978009407,49.90098234743347,26.50415017724138,2.867625543311664,-0.003837951612008809
2.9626454324547153,26.058579949135083,55.966535609988945,27.00010632327957,3.0239427302475193,-0.007834807162783054
3.0237837961358203,28.487944975738447,50.44966593802132,25.06667914117344,3.079001860423215,-0.009814026135571837
2.894399056248851,23.131474845054186,47.88216075206989,26.980394734338095,2.89347098065352,-0.009467903978888456
2.9432251436202606,26.67793563907357,55.93687934555026,27.110823153724592,2.924046004767683,-0.007081499926538394
2.991129501525683,26.060862664559316,50.34579693339497,25.92142693719762,2.968300667648978,-0.003411455231880012
2.948572919557147,28.37133720939602,51.03606774106832,27.389464388750184,3.234722188322574,0.0005393487174456567
2.9148778419302523,26.834513817325938,50.72318759421076,25.807384961689447,3.0049044784761856,0.003787353375390202
2.7812611946113543,27.053510969398328,51.911162564487746,26.725083555978102,3.133105914521765,0.00560597000436436
3.1447383902043775,27.54016048331075,53.149672560395324,24.403902515081597,2.747053805976568,0.005679922684394001
3.202707045958496,28.289307467173337,52.715929139522146,28.19772209779266,2.8214481885554976,0.00414601202627565
3.170725101779466,25.626505139229263,53.5732354963024,28.252342032761874,2.905143912274406,0.0015203087590656547
3.1928830402285118,27.672408205701807,53.567237288628895,25.77959694262032,3.1699799457248585,-0.0014605786635296758
3.056354507987062,27.347539146161797,53.6472358371452,25.745925800643217,2.9730867689901133,-0.004038025849112362
3.0017176945483395,28.86687293005688,49.442495419196405,26.571068822738084,2.9971131232613093,-0.005617917846438938
3.1106801993171205,27.382060230192355,55.559630585330176,26.44763367358665,3.0791467573106233,-0.005900838322578158
2.9247292833658443,27.506781857882377,50.5599840464083,26.499675015448226,3.0571430780885613,-0.004929167348805343
2.9821688961819035,27.229791988027703,52.29386125650377,24.979717881071494,3.0914179499564254,-0.0030468905778376614
2.917184308177219,27.503719484100507,53.217225907816605,27.901080263700422,3.1103256468021727,-0.000789530003860619
2.788503250871279,29.1037154503102,55.45225282732959,27.019933724223655,3.077308397670661,0.001262911432107538
2.9786537496201033,26.488862210177864,49.16227469407686,25.79735340439772,3.0828681940856275,0.002630974303677743
3.1134651300344944,26.47873042402337,50.80150698533592,27.412615995195832,3.081348105982118,0.0030436239973987544
3.026220101728604,29.180037265857983,52.6392372418333,25.352142265137815,3.0460195088612605,0.002485984226725941
3.0053302187297652,26.850612594267414,56.06110605558542,24.241201138652816,3.070120049524403,0.001180565237162848
2.804260947100774,25.091600087976396,51.754211941596154,23.795292132605148,2.9881864438584103,-0.0004876319034183509
3.1801095167271956,26.412605012000004,52.305869796755786,27.285609062331666,3.030246652796711,-0.002079004013311504
2.903621930154133,26.85556211527795,53.80015087261451,25.969127544594052,3.149798597319512,-0.003211090161601024
3.195787153536778,25.95823065258852,52.78202743159635,27.027101686545873,3.1395339807943143,-0.00364664315047399
3.019959439753064,28.256493402355005,52.81362628918284,26.902617402801436,3.1184015646019394,-0.0033386664525264175
2.98632385560448,27.72731768313857,51.460911755388715,26.889840674568006,3.1828761460292307,-0.002425219311919792
2.93638880843356,27.089264991359194,52.503872007989685,25.362470325660997,3.0511827667271954,-0.0011796451111062004
2.827457603843069,27.893358251812423,51.67678357625418,26.63731433054567,2.892614037638101,6.7769082696724e-05
3.083416464932749,27.00765996926507,51.58384770269224,24.677060030909537,3.0400536400803917,0.0010151413606796526
3.120552648351192,26.507417022895716,52.735592659860345,26.807905390116893,2.9898439465055313,0.0014599710707152219
2.747032861140576,27.853014491536328,53.104972064952385,27.552446886912364,2.907703673594654,0.0013397274730392167
3.0394217253178053,25.66356680071287,52.72377266323526,25.404466708400467,2.9846841530601687,0.0007348305495643425
2.831392059507351,27.122188150196333,53.98212003358732,25.559932365536547,3.0021945202305047,-0.00016341390226887653
2.982732478973323,27.76930495045995,53.50136760589902,27.984583737313272,2.939198157874097,-0.0011090588198122433
3.145702718296131,27.61507199491699,54.86530883904182,26.683017978823457,3.1313995234100145,-0.0018661400586183403
2.97661076898086,27.90214653440128,49.208187307206835,28.151985755863862,2.9446503369092643,-0.002265222275808035
3.1371861800336185,25.93072526871516,55.80140771764788,26.53586472329232,2.9784988210621903,-0.0022388129897488005
2.9152870490588003,25.439517454155006,52.82732815121904,25.876037575722336,3.22475706843954,-0.0018288745064464155
2.7811884483393903,27.574592755477084,53.51994806542479,27.815130883976288,2.9003818398510797,-0.0011670448376641758
3.0110458963070044,28.588134678983238,49.20281196662401,28.31098672481766,2.762146220724179,-0.00043476621630753894
2.9374531588880175,26.710679654132242,54.86853472543511,27.45451218277801,2.9889485553981596,0.00018522023157699377
3.0233114920051998,26.203081921244515,51.281972963643184,25.74874967767723,2.9372592869054337,0.000553455811302836
2.970216122175749,28.145330333158892,58.46320244894847,28.501325493693535,3.099400917331248,0.0006039163270694306
3.00254883889037,27.20860882995689,55.80215005258247,28.610009870109852,2.870704061805109,0.00035365911558044114
2.82900299890443,27.022716891915824,50.547331319551105,26.34459304028786,3.0788558368544865,-0.00010858999274441756
2.8625937531842998,26.936151807551678,52.83423302460221,25.080892776486362,3.0738628102522827,-0.0006502916190627543
3.031120241865207,28.100775205578522,55.03152289558977,24.462696392387247,3.1240580348364464,-0.0011311742976802713
2.921840303642467,27.428879116444495,51.86846885136424,26.738776679534606,3.1101229807570587,-0.0014380433957660943
2.999127482409125,26.253061865593345,51.274147989532,25.580741642406853,3.1222210636413865,-0.001509958444653322
3.0247427916469594,25.79190345887913,50.9224479466815,25.569818453771237,2.876012435106771,-0.0013484942562046443
2.865152115728806,25.100969475028435,58.9363652219968,26.137699571376917,3.294783400509911,-0.0010118928129653308
3.2091087276765533,26.11326988927212,52.056018053726426,26.68442545277601,3.094350911470186,-0.0005959371711388747
3.1352644506759604,26.509749575963564,51.644510761644774,28.417247758409324,2.697873528778972,-0.00020736214556435573
2.816383333918719,24.380059304559055,55.405982655711135,27.505894245565287,3.2482342265460815,6.307567584393464e-05
2.9526794591064967,27.918611581289234,53.29883461700499,27.187782716124214,2.968226598338455,0.00016128575673361254
3.143322865387755,25.834071228791235,50.56228447633957,25.837563735915932,3.0995281456300314,7.980082580056887e-05
3.0245200240157444,28.06850998958308,55.68740145298662,26.49516382047356,3.0673596820173463,-0.0001444814643793113
3.0636953058794707,28.657218937059938,53.394169507865804,27.90170217445415,2.8751482031487616,-0.00044315507946203936
2.9506966220021407,27.485340738868427,54.58814146906476,27.04060101150608,3.1695362835596144,-0.0007357054418919372
3.0404356995814514,26.84875433021687,52.87432374081979,25.75308110365484,2.793629081968662,-0.0009501598957468032
2.961813025130533,27.057114545169664,57.09821512936729,27.088316287815605,3.0340812050663835,-0.0010398544602282529
3.195630473052364,27.239154466872343,54.117231997737264,26.809415135518247,3.143043261923531,-0.000992576399268919
2.945962034727371,25.89416822398538,52.79865030719621,24.66390799912128,3.124210553322159,-0.0008305243496477379
3.2293815159359083,26.876060413328673,55.98768169872688,26.96541237864895,2.818185826743692,-0.0006018983883181012
3.1709191893467263,29.52608373389039,56.629901422641765,24.367964791105877,2.9401974994212847,-0.0003668981485980029
2.845690090362736,27.07282009362437,58.647224634682566,27.354382145979997,3.1685158048759865,-0.00018202497393510588
3.1128163131842905,27.005017675779218,55.18122537205204,25.86553858346136,3.1063596137149228,-8.66562220655798e-05
2.94814922733757,26.423727281127587,56.52387135594345,26.66807964644154,3.09234714843094,-9.496006407347135e-05
3.149868740740176,26.508128144222812,57.53556153363392,26.360676894573114,3.0397963284409806,-0.00019465136734260404
2.912332246733796,27.83079627375789,51.75278496336452,26.233978821631403,3.125024214791404,-0.00035229339142843594
2.99962329241411,27.1445904527139,53.770052367821485,26.774048809790493,3.0562957641810744,-0.0005232830012541395
3.081204029680904,26.458966578393024,55.91795648498147,28.285073853248132,3.0320293199328767,-0.000663680221763227
3.11277900095007,27.03554524492613,49.73065375928903,27.591555359948604,3.0809015947070733,-0.0007408423481125162
2.966120988585116,24.87839655472875,55.204868120045994,26.332225086511883,2.9623843165226176,-0.000740379441984272
2.815588128976118,25.42264563112623,55.13277916929631,27.010517704336696,2.97081133843969,-0.0006680602510615735
2.8610642083102595,28.092247576707596,54.128086232748466,26.665364912323707,2.9899785929805702,-0.000546646177933004
3.0411720078839353,25.268050550283036,53.02737797654148,25.950231841280367,3.0570250658893063,-0.00040886707235187605
2.9862543014808067,27.92901455883576,51.226652840096946,25.98320871482793,3.050005588255698,-0.0002885853536085375
2.972834132836759,29.624174194925924,53.2341786420295,26.726131346591618,3.1144659577730827,-0.0002124569225607326
2.905574440451634,27.25156940758733,57.1890642267013,25.478000784135794,3.2043912560886776,-0.00019407464222403786
3.0145607844014015,27.405104097694508,54.77277489851042,26.800704600347807,2.985332887417819,-0.00023180247978317673
2.995802429490905,28.833821924160034,60.03452272447051,28.068151217704276,3.0246247944970652,-0.000310504725436305
2.883784393685468,25.42820979204623,54.2821785284901,25.86229134554294,3.067203702454116,-0.00040640901961033564
3.1784325650631153,27.478188019538255,52.75660026455122,27.154839617696922,2.9886186031724487,-0.0004936458953329248
2.9303477812989502,27.375681450442087,50.743409654000445,26.857567027157735,3.096090528382201,-0.0005507269741217292
2.78970529059085,28.776003808600375,51.78533610685583,26.702328377509627,2.7837795545971575,-0.0005653907950604276
3.103026409572961,26.251357428873344,56.74410452609954,26.836941142999137,2.9894662600066484,-0.0005367798024921056
3.2283146928771354,26.964094826467363,52.24677334958197,26.28027234591398,2.98733567506154,-0.00047465204650466144
3.0326060820927054,26.955828002232813,56.23758188119563,26.072889895187014,2.9772571535826087,-0.00039607862764608166
2.953423662329803,27.788897697163623,55.747029422467065,23.714873059259155,3.125120389288517,-0.00032065030087153733
2.8977541362510553,27.570350794067785,55.33572997394011,25.89573552626703,3.0418311629208703,-0.00026548996877772963
3.2194193443749426,26.280606711390984,52.663745452694386,26.027598146633494,3.0016364302602354,-0.00024130167525409003
2.9558394395600813,28.64657971052249,52.867015491295255,26.572006380925917,2.9380895520858497,-0.00025032691887473454
3.0701269918303264,25.940042911031075,58.66756151117531,26.83420197917297,3.055258576171844,-0.00028653886262935247
2.928877255680087,26.67904409299626,52.666399564392165,26.976796222585115,3.2136103766678157,-0.0003378315565981483
2.7543664767203535,28.43457044932942,50.070493451781054,25.789053175031903,3.0387992412851377,-0.0003894970628851856
2.8361976411982335,27.300595850286577,55.55213730428188,25.50011731993554,3.0121779045463857,-0.00042803178944461335
2.8775006546657713,26.019446168361668,55.13730032407535,28.558081801449152,3.051395558520029,-0.00044431703448141095
3.055745035708257,24.755908683294283,53.596125061879945,26.473739821779294,2.89795624833081,-0.00043545450176850716
2.967295938511408,27.46976633502501,56.77786704428078,29.56720971357723,3.0257715334815467,-0.00040492771381775677
3.1570813779103566,27.11836484568837,55.825352811853925,26.146532705905923,2.9817086098980723,-0.00036119638576830114
2.8782694590705034,26.846707690662765,58.30923178154117,25.64289876338612,3.0151295417493436,-0.0003152027825437347
2.995935792318693,27.32192249717471,52.448699799132065,25.166651013315526,3.0490865461112655,-0.00027749196215257223
2.7765173695948837,26.9485712333463,53.99566108431038,26.89623576131725,2.9389151036888275,-0.0002556804074717677
2.995568615263874,27.053267482874794,51.31774562158594,25.54576957372681,3.063641376166381,-0.0002528585669336751
2.9924887991467943,26.52643517383949,57.07539340567909,26.904839907734807,2.939781500399502,-0.00026723438704587396
2.9925409924917212,26.832763290164454,52.58926052122972,25.183517485435022,2.8403101482106297,-0.00029299609812983055
3.1484224246409473,29.164327918478293,57.28517303653152,28.473026261636903,3.1700773821615704,-0.0003220777249496441
3.077683887067046,26.71142381832884,57.05299283363109,27.041794154457694,2.9176616603716785,-0.0003463187978239782
3.069638824267335,28.24348788865756,55.19076870790493,26.594833262840417,3.245132084272969,-0.0003594582686119096
3.018841019061428,26.519088126567343,51.817756023507364,26.867700924409807,3.02578890793452,-0.0003584919314029271
2.9329147674292964,28.94861697291006,55.034740253652565,26.641494436039974,3.154343024390218,-0.0003441186769122563
2.823335090063616,24.702427229879987,56.37013445135528,26.53773460269572,3.1452504921785485,-0.0003202466395253855
2.903122293293649,25.269689993606967,52.19951784799405,26.024034933143877,3.135324950893282,-0.00029276158858601104
2.8187706029647637,28.84500966118335,55.23130405156411,24.449710114001345,2.8399369390274307,-0.0002679217499189215
2.8625473500163343,25.8649105609612,51.01878818506945,26.5417072184077,3.1983149753052604,-0.00025080231192195864
3.09798630770798,27.079326872983486,57.923605387893865,28.250555807107503,2.9867303288780636,-0.0002441637813225966
3.1304557078446877,27.531003024028507,59.08227263820389,25.585485688569364,3.145950889126703,-0.00024798250900491704
3.2496357916050997,26.190524484235578,52.976647487655725,24.835420105646836,3.1141467692514415,-0.00025969974236105995
2.8560056923687482,25.97876563517968,51.540449805905496,27.4827632222154,3.1456031915173277,-0.00027506579124666363
3.133823277455398,27.444743713680026,53.6863350706659,26.95946742646764,2.8852517249782483,-0.0002893218696752194
2.994393608193663,26.10881358849254,56.302192592015544,26.487403162071335,3.060529452128651,-0.0002984025094854372
2.8347403025002316,25.789367495688076,51.49007156870374,27.324261749208624,3.067363137732545,-0.00029986415703697994
2.9879086426150394,27.39463224230526,54.57461613433961,27.200401033467735,3.05478179881325,-0.000293337926448712
2.853102157817971,27.015141753933865,52.66328263412886,25.07173794568445,2.9277661541037747,-0.00028043793394463633
3.1485442998156064,26.314088026873364,55.28190708452061,26.671947704379164,3.2549439743044806,-0.00026419510854280506
2.8720731378655007,27.91244954637475,55.50813482543509,25.39052028613884,2.906491328473888,-0.0002481957344984898
2.9438742272457814,28.148028158549984,57.13745310366612,26.152649309345577,3.045761678743164,-0.00023566015989293722
3.0170817832360215,27.09457854071962,52.4228179376331,24.666164894873305,3.0657170079949703,-0.00022869108588582842
3.0700518056511825,27.016198896598144,48.43585092333832,26.10147325818311,2.9135014471003804,-0.00022785953165145562
2.8797882493490614,28.237805375212748,52.43089503855959,28.56318104722947,2.8546060027040543,-0.00023219970696668332
2.9734167478925704,26.74672445060316,50.68933857313952,26.846476792554498,3.1723928450811347,-0.00023957829569241261
2.84704971489708,27.99191384978362,52.625826143411885,29.009940117023383,2.959404306847239,-0.00024731556125530624
3.1125616308320807,27.64204601840164,55.13130727950092,25.50522092957521,2.967386968771314,-0.0002528851230016331
3.099735813426367,26.87566131846375,54.277113661451004,27.982015440807213,2.9697036545611906,-0.00025451524576498776
2.792876050125939,28.21781331867134,55.44860020693995,26.356864939731462,3.0722087246579055,-0.0002515539357114777
2.9972505665543894,27.647300650115106,52.89846637970943,27.357300679162705,2.793185825049673,-0.0002445296479719112
3.0039925466265363,26.45507887214838,50.36782750037091,26.41010537346246,3.0994103406980544,-0.0002349194421142456
2.9099080753161455,26.535237497658628,54.76146385127492,27.084738585233602,2.943643293676765,-0.00022470657407963395
3.1084811627919953,24.981290989912612,53.10394714083662,26.11775838607433,3.1214502581609413,-0.00021585358608482917
3.0716928084477773,27.754832919490827,52.23260540867344,26.977609563073486,3.1295947003220603,-0.00020982649680846655
3.0253651914232393,27.526675577165236,54.16906044151946,25.452282453865113,3.0599122312641254,-0.00020728140735831068
3.314694298269474,26.735684942193334,55.000961796495865,27.8616468200872,2.8587798005825666,-0.00020797558577150617
2.9718885971782854,27.051826854103748,54.33575800348119,27.753284990396267,2.891515461330726,-0.00021090504354655308
3.0970911073297724,27.1292882607539,53.94359413479003,23.76150244954229,3.214259476416039,-0.00021461532823440085
2.8848932130047693,27.27787744902077,55.15382799380339,26.500469959481162,2.9303208929669076,-0.0002175947632329607
2.961859467906187,28.55004916726306,54.865449530096726,26.28731284294689,2.928743449611974,-0.0002186472381098081
3.1397739085731664,25.265966175473526,53.92297533569644,28.180988637839047,3.047958798048453,-0.00021715562340191583
3.087414480972932,27.186928072432316,54.38791204488099,25.794751185366046,3.2672325138823277,-0.00021318127241547083
2.836717835255038,28.011929452444967,50.94872337046953,27.594283533446323,3.250416859852456,-0.00020738972609169007
2.9955547416038515,27.87963442145533,57.194281593027014,27.0766831993317,3.028188168942505,-0.00020083589181505465
2.667244409089045,28.83248967752903,55.20029899454679,28.172424112478872,3.191579004880512,-0.00019467325440768909
3.2260719140084495,30.514385573492095,52.21548069151256,26.833235858994545,3.0195592465589947,-0.00018986451901233738
2.902483780440615,26.229932687088198,56.403588161127615,27.642111130350706,3.1187485705336244,-0.00018696397257739243
2.968765850105619,27.623123176528395,57.19332629543325,26.34603440038022,2.9229758098204246,-0.00018601825354411252
3.0386578649352343,27.680831136773616,52.927970491368406,26.59010010600137,3.2031275605993037,-0.0001865993259060367
2.8264853318981,28.076542462991135,55.235325396136126,26.125645955320305,2.787539909424403,-0.00018795007686125492
3.0284514108665657,28.093270543203783,56.28371974343366,26.831480978194186,3.1063362279312807,-0.00018919726437113948
2.9673087523104376,26.786820163205572,52.24635623540727,27.50338232178633,3.044927708547292,-0.00018957410883322685
3.0281449345474227,26.843385003795724,56.78433192328741,27.155094386062448,2.9777537028698697,-0.00018859752142302272
2.948471661168715,26.49169257682657,54.36579143279359,26.465118410286173,3.1794640452967693,-0.00018616080830138708
2.9519388956405326,25.66313917298525,56.79448207658839,26.54949694027712,3.0766292810740854,-0.0001825266808506887
2.938485326959169,27.0426938716127,53.236933204433925,28.18469155574636,3.190212093823716,-0.00017823098771734282
3.052193033769447,25.92411130369135,54.31347013066464,26.364515851170065,2.9533095687420525,-0.00017392839827386154
2.892556765890888,25.5406864029399,55.086999267052306,27.277342727146706,3.0039016224066666,-0.00017022266253845353
2.880788850598268,27.53314828907158,56.130100497885245,27.199334142377964,2.799625894902139,-0.00016752410007147173
2.9458991760602493,26.641148529750925,49.38197351273032,27.042705308388634,2.9595229001113554,-0.0001659666153437461
3.1189534549467965,25.202426829685376,55.0048944814333,26.288272100200448,2.93315593233859,-0.0001653992300098686
3.004458795913714,25.246951208241676,53.157485488414764,26.714019263561063,3.089887111876299,-0.00016544767773075527
3.1308739896506257,26.20100977746701,51.939979995645245,28.400203943296233,2.9451144720665354,-0.00016562494978142062
3.1372683875698484,26.041929253569457,52.944137359929314,26.526175790341558,3.0103302715041433,-0.0001654596120968985
3.0574270992362433,26.779158557735606,56.00191154181995,27.10864121356392,2.9625205803770402,-0.00016460911599430473
3.126206665655249,25.285630190653748,56.515879840888594,27.116662223803363,3.054516069419527,-0.00016293184186813497
2.809200388991819,25.901214252196272,56.714675812360184,26.592977457658673,2.881197548470126,-0.00016050395244270017
2.849646909380296,25.48365443881918,52.407607755230146,27.259215011676293,3.0994252755675533,-0.00015758177859458007
2.7632132242223997,26.196301583909875,53.67683478290569,25.115057278586008,3.085540150257637,-0.00015452365235255153
3.1379039888429427,25.49023300493392,54.33203437055814,27.375167576852224,2.980986035255789,-0.00015169375249738686
3.062470587175964,26.954100556175337,49.0029419828924,27.745094999685474,2.875098605621603,-0.0001493729332502134
3.038050368382168,26.906083713142188,53.85450744624849,26.779387148093424,2.793225995167174,-0.00014769762414041258
2.7521753720680735,27.568325205195087,50.693483223086005,25.502993738386134,3.070828445674145,-0.0001466392152314546
2.9391168599382174,27.302511564213468,53.07632914195385,25.35089453709356,2.961901222800033,-0.00014602540482557474
2.772565641394583,26.567055801017965,54.56891419198804,28.113178284703476,2.823382953808836,-0.000145594647093833
3.0528314912883387,28.098820691097014,55.437074664935196,26.683100275489902,2.970656585938938,-0.00014506755682638982
2.920537412859044,26.559124953467933,51.3235795732893,25.89482009488874,2.995425189103331,-0.0001442164139666387
3.034574680813465,25.875589561924077,55.8907866201167,25.079975291290445,3.222180274661268,-0.000142916020608532
2.760653898697472,28.268769135705377,53.05442609605032,26.258499721731923,2.902091598415925,-0.00014116516554633256
3.0743789189602224,26.980838861992158,52.789274810492095,27.674168425683423,2.809048797328985,-0.0001390760422543485
2.8892361515711156,28.044614716602567,52.090899981697014,26.471014588624087,3.0521615610398456,-0.000136836996932622
2.97052750257709,26.549108802993246,54.363903116406696,27.051071228102504,3.129963017916153,-0.00013466000237595836
3.11253280054135,25.8406984358022,50.28917073517709,25.615412386610682,2.9107019760910844,-0.00013272697471716172
2.8849367635505163,26.69696986834841,50.19336169670876,26.783947749648135,3.0479835713116206,-0.0001311480970642857
2.9482357128805874,29.082801476876995,47.956319930215756,27.93885302765657,3.1096714557838427,-0.00012994124191736844
2.9486217530188585,27.368383315578047,49.668645970242835,25.55001372595543,2.7655085669798245,-0.0001290356552471419
2.9657249737606968,27.58011377793771,55.18390485532233,26.835491982245433,3.268713449514603,-0.0001282968851322865
3.013197908565967,27.303164203480485,50.08682061728161,26.613041092118912,2.9071438652369577,-0.0001275650315250161
3.0488888741845304,28.474213032347212,56.87605747234219,26.90658747337275,2.890565406181742,-0.0001266958452876544
2.6775581745762334,27.063386820402805,53.0737107066043,24.512337630377516,3.0369515815901424,-0.0001255944265882072
2.979948327019407,25.877620620057336,49.74585172668177,27.194059429115562,3.145085844426644,-0.000124233969362106
3.1064911890436515,26.998363091340856,51.11237897427919,27.33815034227731,2.988242174294235,-0.00012265629773744046
2.959459503359975,26.677517371450385,48.470792643557104,26.302230751579575,3.0479108125321424,-0.000120955656040843
2.9323181742982696,27.156017143781018,49.1630319751288,28.65493931129365,3.071772179987868,-0.00011925116002279708
3.0435998725682336,27.71598817073903,50.034335830332004,27.039322608064275,3.189146835892797,-0.00011765560470223822
3.139589561616285,26.950927351149158,46.0832957656119,26.88694362163327,3.174368464122982,-0.00011624853707286389
3.031815312685644,28.064938547373842,51.729066228517425,24.705381071884883,2.8493609250147265,-0.00011505977359707365
3.2079958271257905,27.49969293234994,48.4513635549806,25.538408952587204,3.0214998635589883,-0.00011406646006431805
3.075816395648201,26.060882900965172,49.1067650989139,24.66270327096747,2.7685552848590045,-0.00011320320544932821
2.924386999589585,26.781838580644767,46.68101395114299,26.241269531130328,3.102148083654168,-0.00011238168099092994
3.0395701831396407,28.59741641393382,44.258265467213775,24.400895689781457,2.977593952393603,-0.00011151408810508169
3.094697262786249,26.177335351418204,42.5947293850079,25.977934880742744,2.76624347544938,-0.00011053444596770978
2.7716317641456745,28.064186626631006,51.58705476241555,25.399253193556504,2.8298477091993295,-0.0001094127095901808
3.0782534457501773,27.03943031840432,52.86086169672964,28.010482451643757,2.9654427953064544,-0.00010815890968531424
2.810045007750826,25.47067074552964,50.2589662862145,27.167610322456966,3.1442365612397585,-0.00010681717881843558
2.9610465990317283,25.200680634633947,46.42754448707801,25.95567376567018,2.875707635445638,-0.00010545200215995415
2.951020055093439,27.812866145440957,50.582760708476194,25.9467877556778,3.007924119211693,-0.00010413071756836537
3.0045984451602106,25.59071523576809,49.995867057613204,26.35581793244195,2.986218103303724,-0.00010290685183038967
2.7845816137754413,27.78203891724262,47.612936029052236,25.25902832370461,2.9810340178142023,-0.00010180827436236141
3.1773784908441254,27.098098637301156,52.910030930220934,25.212034956482125,3.1632770507538592,-0.0001008326303169203
2.8187119437340726,27.042131685645295,47.954137177862286,28.221342637119683,2.9398516118848477,-9.995052767890937e-05
3.103441510161188,28.12541877585142,47.69327683733669,26.73721824475154,2.936834276536678,-9.911502541936427e-05
2.9858196750664745,24.62123442086877,48.339032004217714,24.752611302913326,3.0231797070997586,-9.827456260850017e-05
2.962516562576781,28.303295683214554,51.94706189350348,25.31411242847025,2.942005107922457,-9.738588192378204e-05
3.0444304898656633,27.186908860908826,47.20965960001558,26.662258808217615,3.058587831545964,-9.642380316113364e-05
3.05348370373885,26.933758306784124,45.399294916081374,28.849868035356174,3.030321696603258,-9.538574382027281e-05
3.1437793473724183,27.47754859744337,47.149311061246124,25.45906263051929,3.3077915553133512,-9.42903459876091e-05
2.849091556051052,27.54205660238825,51.72681672711975,24.70413881827015,2.7864465746396827,-9.317105887685738e-05
2.9710169035789282,26.472457011051258,46.247040945482574,25.94298145347716,2.9941529192714436,-9.20666792305311e-05
3.084933439858485,27.400308341760123,46.21636673421534,27.183313720672597,3.0182998053534114,-9.10114178981031e-05
3.019665003351578,26.172003250593214,46.07935436760338,27.43428003880165,3.0734771626555517,-9.002695086473162e-05
2.89228719545854,26.984242970413202,49.993408403026365,25.9020501083971,2.9982903342498166,-8.911821553210513e-05
3.1809113508742057,26.404156534438386,49.155787015335726,27.39391531050977,2.8345944402550485,-8.82736478602139e-05
2.7708538895559043,26.943749102829887,47.31708057577162,28.24388220161861,3.005381982335982,-8.746941445098423e-05
2.7964396879122626,25.65996796285835,48.19342440542507,26.88375375915434,2.8403828559818933,-8.667626048806785e-05
3.082947538491301,26.991589706745597,47.81982912936243,26.130176289935537,2.9637857179036136,-8.586707852015854e-05
2.8415476138434834,27.459391138762886,48.222338852150976,27.55654404022523,3.0044300993337796,-8.5023293532068e-05
2.8699330487935626,28.586738695558797,46.90755342978988,27.70102889353961,3.067307588602353,-8.413861350945464e-05
2.9420112885501735,24.660266492494372,46.26037674464322,27.319580981640662,2.9924192294918757,-8.321946386691148e-05
2.6962621742223223,27.521302955318077,49.103396583777375,25.79032156518183,2.9046142224910816,-8.228228922655366e-05
3.025566779186348,23.63453641645268,50.451050052010714,25.607429507563037,2.930488027985766,-8.134865338974995e-05
2.825493098141023,26.55895092796178,46.05517752629668,27.53853839798694,2.880941090310603,-8.043952224133806e-05
2.986152418611747,29.55703900770522,49.776610338477326,26.91001628053311,2.954133350942501,-7.957019195305675e-05
2.8799989849767234,26.579599180799182,44.37739929873878,26.382946293847844,3.009774036090759,-7.874704063103877e-05
3.109204226803901,27.616192240652158,47.72017774642507,26.38613021251283,2.96247347784851,-7.796673405059244e-05
2.9634902504804246,26.325319243722834,42.12254065194808,26.61721442450697,2.8014605172670306,-7.721786460780651e-05
3.0383832121219814,26.191673599142526,47.53779158235616,28.054256772204443,3.101589096499273,-7.648441157726422e-05
2.9224005284792822,26.39246240386619,42.72477566664885,27.198798829346003,3.140407312835133,-7.575002173834237e-05
2.969201534253853,25.45806894591028,47.6724201361918,27.02212734453675,2.7759930224355567,-7.500199695225789e-05
3.164945134618691,26.589274253963662,46.19735380125786,26.853560244038853,2.763054737299274,-7.423404399139899e-05
3.10270587117966,25.82036409704292,43.85862929710686,26.61060897933233,2.9543575575045753,-7.344722556398527e-05
3.006356740049228,28.03409287364594,46.180546462902335,27.129887427017312,2.9467515524236587,-7.264903851025477e-05
3.098847690843656,27.867258849704065,45.25497557377468,27.79708640797649,2.8631559588627873,-7.185100713235802e-05
2.7421856857147886,26.464529579935995,45.34251952434125,29.20334428849604,2.9549631306224984,-7.106550710093023e-05
2.9616023861094174,25.632418611924507,45.57482665369996,24.81406612139335,2.8965521305545567,-7.030265987726235e-05
2.9480369871243517,26.151516963522123,46.53578310628404,25.81146498234153,2.9553688128763094,-6.956804760951797e-05
3.062604660104734,27.130676045920023,46.38933442031085,25.80394801793943,2.9323246178918985,-6.886173232703804e-05
2.7490849526326837,26.717135485433378,46.019085909469666,26.54210724029292,2.998429059480693,-6.817870440621668e-05
3.1737412361776784,26.982050175952562,43.65508656332827,24.939917373136367,3.104678474924794,-6.751052620071632e-05
2.765300762240013,24.85114563036561,47.35147875531883,25.555014405328052,2.9265859076461327,-6.684766623202601e-05
3.269119382148415,28.07754806185953,45.963797292112154,27.686806157375322,3.1053949028473524,-6.618189580061927e-05
3.0081818174264323,25.063363150351226,43.22191365562884,27.119017167348915,2.8861125090657804,-6.550815924464328e-05
3.031883941622809,26.04048466147819,45.1599499582087,26.87022811971491,2.970770822813565,-6.482550875874144e-05
2.8623644423837593,26.687682653157996,42.62240760447305,28.117322186425582,3.060050094853988,-6.413695807778534e-05
2.872418777665488,26.790282784016995,45.741607459717784,27.287560899049534,2.81356775643309,-6.344838525070558e-05
2.9850350107264494,25.529567974439487,46.39639219555049,26.19296407579957,2.9258353239172754,-6.276683438468682e-05
2.9189157552798775,27.85050486134367,43.48009244722216,27.739752976262217,2.950201775870778,-6.209868233209688e-05
2.9064122302423754,27.06418678980793,42.98419521511646,24.428558922203003,3.108995828544417,-6.144812831563519e-05
2.970851161989949,27.369818392802664,47.38416420314715,26.884858309422732,2.9911202014223695,-6.0816345289421196e-05
2.803543826368362,24.665653497788725,44.66869744093596,29.033728270339335,3.0879113170089645,-6.020144254318222e-05
3.0756150560239006,26.497468725091423,43.42326448215101,27.154241507410926,3.261734878503233,-5.959917680846527e-05
2.749676091286562,27.05516190665024,44.686883470079124,26.32722638732277,2.9228270534098937,-5.9004174147649405e-05
3.0814033091975404,27.466676640294097,44.531060214749736,25.79277011482248,2.8706365898438606,-5.841132020809543e-05
3.1632777416536713,26.057811790464772,41.05576942182354,26.450416485443956,2.942156619593394,-5.7816965943984043e-05
3.186453666799505,26.99326023577343,40.816506860352305,26.83466788413401,3.08078049510035,-5.7219671519594e-05
2.92751637129888,26.600469961608226,44.79102871176112,27.779847804673874,3.0946468012243433,-5.662034794976994e-05
2.9528684687076403,24.313498789111343,43.717981041909425,27.73699618730928,3.0768458442923254,-5.602181410947515e-05
2.9576382083299317,24.301498998861074,41.31228085740098,26.734221237226237,2.896907204875284,-5.542792883846191e-05
3.137259681906172,28.849631735287744,42.82923473000309,26.424690786017628,3.230815971963951,-5.484254564748095e-05
3.032804498479968,25.994928563480496,43.669615608337764,28.839546735364753,2.944633299224665,-5.4268560365014674e-05
3.18001039541393,26.961039005671683,42.43280659962242,26.50270279314581,3.153118170845076,-5.3707275265889366e-05
3.0015729833207803,26.441726426626097,43.79878456185119,26.13184931183308,2.930898055450202,-5.315820671824305e-05
3.159235289778071,26.512686015804658,45.23050948302214,27.171879708662797,2.8695376812041213,-5.26193442688314e-05
2.811926686415227,25.85264422983877,39.08602906693312,27.559917120306128,3.176806545367902,-5.208775890387966e-05
3.055451399989942,25.617026707102482,42.94901500221801,27.46812220022066,2.8993469430243954,-5.156038165706156e-05
2.9010080913091354,26.633362219231543,45.688730291319274,26.51781647294306,3.1294793615172742,-5.1034748568078854e-05
3.0734678692073043,26.42990567758089,40.46832050722339,27.806503493055057,2.9595334492224077,-5.05095331923764e-05
3.087047180428762,28.0621724811783,43.88648439520803,26.224327421797295,2.989404469681227,-4.998475610199575e-05
2.979614345337827,25.02337717885172,41.90274731380091,26.522096005234726,3.0974807059812957,-4.946164839590893e-05
3.094534717891297,28.007875619101743,44.98464442969574,25.79681376991765,2.921018968092163,-4.894223257527392e-05
2.9578832269292517,26.455298987382164,40.29891820268152,24.531812841878327,3.0217981190862178,-4.842874781121445e-05
2.919526917896903,27.34449404253006,41.950232257574584,26.71840315369833,2.9161041204123794,-4.792307287675024e-05
2.9464918719193016,27.42722295505904,41.647326026615396,27.357638739535492,2.9652147456667026,-4.742628712707352e-05
2.8511248699450933,26.079055333124966,40.43703415524629,26.76689434889137,3.1067273349675384,-4.693846480339577e-05
3.02002367770691,27.136331504664685,37.19453288180502,26.00911970184742,3.038306118679491,-4.6458731770154774e-05
3.082663910646849,28.83831713363525,41.86422601899197,24.237857235395428,2.988422054346288,-4.598554845537449e-05
3.0082763256074734,28.498505345164443,39.88875831718131,25.620950605618436,2.8442559514858923,-4.5517129917097715e-05
3.041480491370579,27.2252585705988,40.82395411755943,25.622733366377936,2.974051063096296,-4.5051889122068525e-05
2.921906979008911,27.687397301266476,38.759819146036065,25.99948698495532,2.939600059758414,-4.458879338223763e-05
2.9741692118560374,26.396446027137568,40.76179726318212,26.750710940140866,3.000145769894832,-4.4127555004701254e-05
2.940121883713404,27.408701069813777,37.63014199273045,26.349501519771596,2.891806910334631,-4.366862395661266e-05
3.120556874705866,28.48300012814822,40.62957501833785,28.081198174938322,3.1204645147159016,-4.321300189272457e-05
2.9844867029702864,26.260968683522297,43.06033188394115,26.651740536714065,3.087045643098993,-4.2761938260602695e-05
3.010576644632737,25.944055209321814,41.4255499932757,25.055812876310522,3.0802937586350243,-4.231659283960346e-05
2.8399971231677243,26.04300226680992,43.03245485678899,25.1761484586678,2.8907549839596594,-4.1877749765719256e-05
2.950431488253192,26.799779466125,36.8182622165725,25.3043458239655,2.8694673188458957,-4.14456479205688e-05
3.0020070635458045,26.514433995999,40.62460776594836,27.025869283054192,2.9055308955725523,-4.101995917466199e-05
3.3382594224094535,27.488532149931466,40.89688517395132,26.348260011394615,2.93791166379684,-4.059990635457216e-05
3.091299980417553,27.78375888299319,39.67982032006921,28.352746688009375,3.064997522696719,-4.018448058460821e-05
2.9966972779027374,26.61374025416729,38.13858854717798,25.984113133559593,3.008791834747451,-3.977269588164035e-05
3.031909503080065,26.074111973578056,37.01715715439001,25.998359646085692,3.0217095217806262,-3.936381611034326e-05
2.872147012053092,24.431214281408973,42.489301492652615,28.26518445602103,3.0342369484948395,-3.895750149663408e-05
3.0042477913146115,26.829888696341346,40.41122114958985,28.32388138954585,3.017282409589293,-3.855384591681288e-05
2.9430680847306983,28.423339127394357,39.45748457266528,25.225322364529184,3.0506922506289014,-3.815330547944859e-05
2.8387222191881474,28.15201502905518,40.46552493954001,26.097701338125727,2.9681535732766604,-3.775654545342881e-05
3.0754480490804914,26.938501785957907,38.43981323526145,27.275717087702546,2.9330187470839038,-3.736424964860991e-05
2.8188904612538828,25.537196198630784,38.8873288298507,26.687994940738836,2.919618367902361,-3.6976942078212295e-05
3.1184802732973655,25.442550002216503,36.005928919054476,25.059244255889496,2.8578099199895712,-3.659486330707589e-05
3.074942769776086,26.648226467417754,35.845747861038355,26.578583920236294,3.0481033004745823,-3.6217926601717375e-05
3.263717080910048,27.619325698329547,40.86814499245074,27.20954523945231,2.8060462281600653,-3.584575761698969e-05
2.955206406308857,26.279375751999805,40.12478508393339,25.732229706455378,2.855054028966017,-3.547780080426363e-05
3.0080325018279312,26.508333142146082,39.1944498207367,38.844205587141495,2.88171589065061,-3.5113460677882886e-05
3.120165446585591,25.921334178972977,38.824331030754834,36.88436301449487,2.8670968456214587,-3.47522404580093e-05
3.0485847862289073,27.329547355773098,36.36076301556085,33.63421178865081,2.965488864028266,-3.4393844841206034e-05
2.9404510781116326,26.632796531443358,39.159535338084446,39.10935617443102,2.9499871997681253,-3.403822475825008e-05
3.052227592641506,25.49689956711591,39.55323928684784,36.598674116689956,3.0753295953636903,-3.3685558422043565e-05
2.80197291957636,27.46022390121262,38.34492805763189,36.26739477288156,3.230099379885702,-3.333617882396938e-05
3.1521312504045853,26.35736952504416,37.675995600558494,38.12408625470123,3.1082279388465808,-3.299046992505947e-05
2.8642999878797855,28.01795623581863,37.49447421735918,36.73278687729713,3.1511750145413866,-3.264875981212225e-05
3.115236612617442,26.691100189297238,39.034557804455844,38.99270540997613,2.9670204558104647,-3.231123660869412e-05
3.0941835373738105,27.16082243504418,35.47117419040286,39.116893204043315,2.898454334674074,-3.197790616829864e-05
3.0236592203056643,26.326893763677912,36.580847306101255,37.24901137663364,3.112483585821162,-3.164859765616235e-05
2.792298408278173,28.88436600834407,39.27106256565392,37.861573438539914,2.8579574591044876,-3.1323011987389175e-05
2.9527132471998163,27.435339318374144,38.98370978085723,35.35774992928803,2.977389437059101,-3.1000797078552685e-05
2.883362295100282,25.870626642266476,41.023216634100784,38.33465602099113,2.971120345904369,-3.0681629611383754e-05
3.0981908427716283,24.961444116181706,34.660909984866116,35.43132077112316,2.855163861154115,-3.0365282863772205e-05
3.023496791410974,26.913497911048804,34.44922662404617,36.727996048388235,2.7940113386881897,-3.005166492495387e-05
2.9383811986267663,28.250065582389947,36.121669586939554,37.51292446581552,2.8355650314488456,-2.9740821137595036e-05
2.7784712225169104,25.926763138535428,38.14876577768741,36.80463892077333,3.1141544030615123,-2.9432902799151265e-05
2.9610356368014212,26.261980125959905,32.89873126798509,34.71563315089712,3.0123293421118804,-2.9128112968292296e-05
2.9441777840279344,27.180210900710517,37.02922626872859,36.035827013852085,3.176354618938277,-2.8826644577196094e-05
3.0457385167464004,27.358558661421156,40.779027228565184,34.61965013752709,3.017809177300438,-2.8528626342363556e-05
3.0797139041377495,28.325567166642212,34.12523297858992,36.19306183107186,2.8012849320820763,-2.823408925888464e-05
3.1552279512812436,26.893744453275367,36.05502976084143,39.21922245480594,3.219144878157085,-2.794295985132088e-05
3.0092362950956355,24.62235990183912,35.04308798038639,32.254002167853784,3.0809424517539505,-2.765507939704009e-05
2.9280094142511532,27.624908255807863,35.50282311417007,35.63470368258893,2.8974306858464534,-2.737024250039596e-05
3.0510835430655034,26.83240338938055,36.610811069990625,37.04677369328057,2.7399315984999917,-2.708824349152361e-05
3.0727375643854318,26.64849997859636,34.19765813800197,32.61461177674292,2.971329624116281,-2.6808919144275324e-05
2.9725041483226367,27.195828420117074,37.571660758489145,37.533784274947465,3.219551140844148,-2.6532177228701766e-05
3.113794467107116,26.75928513489573,34.05651563945381,33.500551099009925,2.9858935762801937,-2.6258005524438303e-05
3.280668636001831,26.821884071168146,35.741769973637794,35.94539404272244,2.849748518882076,-2.5986460518502467e-05
2.9588640677081774,26.00121030460104,33.01195365949511,36.47892429599113,3.012047262048314,-2.571764042887764e-05
3.101275313385906,27.327766636768292,32.70490387181169,38.84918980005862,3.258443259278298,-2.5451650710662244e-05
2.9526243856557337,26.39899282043874,35.69005657083803,34.05405382796231,3.002409768082923,-2.518857068917207e-05
3.04231530332122,25.40451569157247,35.073580367826175,34.69997262272046,2.9527933123572683,-2.4928429603338122e-05
3.161380834587753,26.24987488417971,36.89989181516748,34.49502115646328,3.0112182105573035,-2.4671196961669205e-05
2.84133025868275,25.873755459103265,34.51379825409627,37.37607356373484,3.0309293913833355,-2.4416788482508002e-05
2.996956263669578,27.585205621806345,35.01283227453042,34.165571076763165,2.9877018772531208,-2.4165084518439834e-05
2.857041242011514,24.78078608512851,36.085851723001944,35.19350757313146,3.198346298306781,-2.391595565786867e-05
3.092218262044859,28.294703494406143,34.50513950880955,33.53866738669231,2.97283281017106,-2.3669288350957268e-05
3.0857732869169836,28.52773399461819,33.78751945364509,34.924002179319054,2.829179307343904,-2.342500483295513e-05
2.8943501003600023,26.254181734176417,37.8021176474463,36.09226838205078,2.770954658794457,-2.3183072314271106e-05
3.0547846122623734,26.382336791462883,32.616958740595855,36.299924386377484,3.1123619399455658,-2.2943500713958093e-05
2.8704917054200254,26.682795866662968,33.841233891496316,36.242261769398475,2.8233480768730286,-2.2706330191854398e-05
2.9184872113935576,27.81775465189133,33.87188833205258,31.66174055355855,2.8533070196685455,-2.2471612466933536e-05
2.8792484311890467,28.151143105976047,35.329410965537214,33.27698028921954,2.9040936589093684,-2.223939102753399e-05
2.8807061233718283,23.950862484804496,34.75353913417366,34.22726157119827,2.862938422068967,-2.2009685177196622e-05
3.0006261329523887,28.556563764282448,33.052659627137274,33.239416233518966,3.139539765578907,-2.1782481358905012e-05
2.8839910851678194,30.191097373756254,34.683792443742036,34.25423471666202,3.026238613026909,-2.1557733307842235e-05
3.191413770565645,26.22686018724412,35.39625978626544,36.63978848120176,2.956848141637203,-2.1335370264196126e-05
3.1102273353314565,26.677186154113013,34.34726530184045,33.39612822448937,2.9847218731631275,-2.1115310468887385e-05
3.049550000194987,26.857872934554308,34.88184905963137,31.5723920798269,2.9732694922069296,-2.0897476204384106e-05
3.1694943683962435,26.24237138562388,33.54810861689869,34.56030582536167,3.080925922286834,-2.068180653360994e-05
3.1621697495602645,24.977186428802884,33.61438620416446,33.05273376200197,2.7810170783700645,-2.046826511060347e-05
3.1022269341302313,25.331798517611894,34.13493835042248,33.12806120782103,2.8639211367838486,-2.025684102162868e-05
2.8533001874313895,25.283079539196027,32.67575459864304,35.506416227144065,2.7684667440586157,-2.004754388465215e-05
2.9614380651003374,25.509411184278132,33.30885584038523,34.91302357720042,2.9424558560383467,-1.9840393993360886e-05
2.8889462802530517,28.302170025573318,33.44786200609638,34.42861981823182,3.0688285527373793,-1.9635411083965863e-05
3.056598223089586,28.11072441499791,32.890853159652515,31.86978373223571,2.8345558488400777,-1.9432604180981036e-05
2.894190696515389,27.575498305097668,31.500253787172703,31.7033750300223,3.1170463607317997,-1.9231964910136092e-05
2.9324765165317435,26.89563057545058,34.26989199741075,32.62711791034498,2.755074744225673,-1.9033465850363783e-05
3.0884631149105486,27.768504035097013,32.89333410351599,33.98250854934864,3.0312639906434224,-1.8837063550898362e-05
3.097395814689257,27.102383007507665,31.6100997537075,32.04385539208984,3.2346310286968616,-1.8642705395016458e-05
2.9699665898505114,26.887222242709647,33.093300962427115,34.42284641555307,3.1054441068905887,-1.845033799577949e-05
2.9990802511554766,26.906589300482352,32.32103344578137,33.107593114760576,3.022382756222704,-1.825991524562102e-05
3.080399494478392,25.743159151630604,31.50006095143067,31.510694319885886,2.7554531447912294,-1.807140379508325e-05
3.0639937261809576,25.087997921452512,34.12930589360813,29.800889726805643,3.184037544750288,-1.7884785134132296e-05
2.983931882580686,25.784874989378544,29.979776331298712,32.55575739027935,2.868347949266018,-1.7700053888814763e-05
2.967291877218217,27.54916157865472,31.94813795071342,31.366451006598826,2.8482706513301332,-1.7517213042735046e-05
3.016554239307997,26.163172410646393,31.889968998352742,32.50680187513488,2.9611879127955456,-1.7336267718703744e-05
2.7437753100551547,25.840077197457205,30.05304865565874,31.693247383605406,3.011118166352066,-1.7157218896498528e-05
2.8707791369325273,26.74268131620192,33.42502702405032,31.22348618923685,2.9417231632578322,-1.698005895176445e-05
3.095633431021993,26.381382128629276,31.406993197258913,28.707013572217722,2.8460750991117987,-1.6804769372662202e-05
3.070273821128968,27.82245178391586,28.7664324011283,30.313026226579865,3.0790672236755072,-1.6631321775901894e-05
2.970344326169282,27.03807288480522,30.988553109961224,32.47285827909311,2.8556371369342024,-1.6459681056566292e-05
2.9799507998667027,27.98104587110631,30.591238083841045,30.961644876680737,3.206054440711678,-1.628980990424561e-05
2.9069566635250546,25.59641462195022,32.29933502355781,30.63035724771214,2.8748680177181014,-1.6121673669380114e-05
3.0668742277990835,28.95838974377352,31.009535310822965,31.897556835635488,2.782549335917565,-1.5955244111110532e-05
3.0017720770480527,29.04295834107476,33.245003867042065,31.655195098792728,2.9975609283374998,-1.5790501317441044e-05
2.9382135624111054,27.73470682767831,29.374809585071333,31.267369868230226,3.188232589059742,-1.56274334158471e-05
3.0151398447768423,26.887946580914726,30.925039389748207,30.395476456133768,3.1961206001788516,-1.5466034496938147e-05
2.926064107248098,26.40501545980943,30.341365766512933,30.732643189194345,3.106423694759019,-1.530630131565246e-05
2.8306693049959715,26.577375127978023,31.68032032109045,30.86369755814698,3.028946626933361,-1.5148229575973701e-05
3.153546429881536,26.88379843120112,31.24510468036508,28.436169692945942,3.1929305458737165,-1.4991810926302165e-05
3.0613525782834485,28.325873849873386,32.94002947974518,30.56189932445394,3.0903399396462863,-1.4837031172729942e-05
2.730790447244808,25.576800872901376,29.86166006111101,29.826182975935197,3.0855999889674033,-1.4683870230455765e-05
3.070429900798602,27.3258755946828,28.6458799347743,28.67961609472676,2.83878070426608,-1.4532303402397236e-05
2.950127505659011,26.93183841333863,29.855953668705503,29.54878505082928,3.0715990296290268,-1.4382303861717762e-05
2.9959165700431214,28.396431379693148,29.14659234275269,30.676885289767213,2.731800119097894,-1.4233845346313868e-05
3.028589540797304,24.286470818734923,30.603675287783982,30.465066829651597,3.0236945027655,-1.4086904658253132e-05
3.1642117009901822,26.19614534792312,30.62943000599718,29.28049232591651,3.080206158255459,-1.3941463070147041e-05
3.027570986244682,28.81311800289973,28.76195576698924,29.878638014273754,3.013006822964925,-1.3797506727167646e-05
2.841518782172511,28.39124244803519,30.225369341659256,28.103077135240266,2.916084028761724,-1.3655025743049938e-05
2.993150183727485,27.910472686489296,28.258971971302955,30.88643946950192,3.1516278928480284,-1.3514012496438413e-05
3.0873524871445737,26.31072267497201,30.530469808541987,30.10039753260749,3.0089614170326446,-1.3374459667441681e-05
3.06682630717794,27.473798268082554,28.78662991082458,29.03089849863848,3.0390396887497477,-1.3236358126616304e-05
2.947350013564778,26.779439262667815,30.973622807425286,28.776447882278752,2.9994115142669453,-1.309969585402004e-05
3.101653416616705,25.33139594781894,28.042639515893622,29.071370699514194,3.183344763083052,-1.2964457356290247e-05
3.0063237957395246,26.134420954422605,27.574767093731104,28.260290055392588,2.722623296423345,-1.2830624317418066e-05
2.989403958590711,26.25917590152758,29.448392565772455,29.34074453608867,2.9986666269064535,-1.2698176629578936e-05
3.0923030907396267,27.71613906414317,29.916344719471432,28.273080264741132,2.8776413006949935,-1.2567094015464727e-05
2.9138361263486825,28.528737102935587,29.53864457209888,27.20781776721668,3.075279810743937,-1.2437357559481182e-05
2.950566062694945,26.07923509424115,28.503125527058568,28.485879810895273,3.0077135369092876,-1.2308950674434697e-05
3.124502397157131,25.629506420885765,28.184509768869294,28.96695095122862,3.084138550572046,-1.2181859630280683e-05
2.7491261408800107,25.413348454494123,27.318779609885357,29.836108982492107,3.0253308473789766,-1.2056073215368173e-05
2.857888679433843,28.27559062839307,27.309278855043015,27.365057883675753,3.2819752912648497,-1.1931581958376527e-05
3.094001820695703,26.633931583728188,29.883841128724445,27.515656382336203,2.963624200765729,-1.180837700956017e-05
2.917903471585112,25.510801549424126,25.99007108184471,28.50724187951177,3.1796789260403604,-1.1686448949628592e-05
3.023776753534407,27.139324062644675,28.461971913405538,27.389539769388918,3.1098529960623513,-1.1565787004663595e-05
2.9626991513762015,26.132357572622574,27.039201360393864,28.64330732999397,3.035513532769702,-1.1446378452480942e-05
2.9157857733770625,26.90431402555718,26.547038217206207,29.7818181513658,2.9651971280146547,-1.1328208892180769e-05
3.043742909234532,26.81966997961493,29.07986467326175,25.558246073982197,2.8977265615607597,-1.1211262643335857e-05
2.9890453183742753,28.131271162152753,28.165755423554696,29.56147657142113,3.0450995058181594,-1.1095523681451178e-05
2.94683635896871,27.107810127190657,29.05315981896367,26.930128833967096,2.8299216386160775,-1.0980976475667248e-05
2.989316782140051,27.606049330494578,25.304307779816178,27.710759891475952,3.0409681063497587,-1.0867606697660683e-05
2.9751592717199524,27.56692475756504,24.713787107758602,26.875219228968547,2.9923986660292776,-1.0755401633266299e-05
3.2342086828177083,25.22114310588574,28.16759454802107,27.780727996487975,2.9632169544581317,-1.06443500970642e-05
3.061155963504936,27.26031285989007,26.72531585511192,27.25467670097756,2.8656030245474025,-1.0534442197856338e-05
3.0019515344790224,24.968509088539935,26.407523875775457,28.43164135694645,3.1456568704033714,-1.0425668641610774e-05
2.955068623290482,26.399833514602385,25.184995475865463,27.393604027557874,3.098253306014268,-1.0318020204021829e-05
2.915380806931561,27.201926513557083,27.056626397863294,25.604152489850254,3.066019305345936,-1.021148691573663e-05
3.0189261858629046,26.433356737388614,26.361335144693275,27.347971674541686,2.830411179387747,-1.0106057937294256e-05
2.8618851367946254,26.722427511941973,27.27828193035982,26.87271510494489,2.921530168731375,-1.0001721362445907e-05
3.01525410864114,25.64960838105105,26.4913161076314,26.427316516003195,2.9332610658760676,-9.898464586897687e-06
3.1281014394399467,26.040093220338164,25.43159892122268,27.288806533111913,2.9745213002650255,-9.796274548252213e-06
3.015236723543291,24.748394244128416,25.556711200262463,26.12588738115232,2.9104058236045764,-9.695138335161405e-06
2.939592345395808,25.788952748737312,26.408577478755863,25.232469062972015,2.9013889118544376,-9.595043648605083e-06
3.0221815937666094,26.767583268436248,26.66359408912341,25.05487581020388,2.783954933787811,-9.495979129278898e-06
3.023401150137826,25.378337272643435,26.31789252628584,26.553710935551344,3.246508758144482,-9.39793431654435e-06
3.119839528722029,25.139923374909312,26.55242104495863,25.4124527864476,2.9357548137089076,-9.30089964606139e-06
3.0026338547941314,26.119731225479594,25.72023046446301,26.438532113020216,2.8391945463110257,-9.204866061121861e-06
2.9950113852877926,26.714565707208802,25.35083584718455,25.17141492450767,2.762403912935308,-9.109824657307168e-06
2.7376635448388016,26.223948234110267,25.963476878799455,24.43291989311682,2.98133413150484,-9.01576636698603e-06
2.7846105779318977,25.407695999240254,24.758761061651782,26.31343434049344,2.9117787161122894,-8.922681596078633e-06
2.7910409702313146,24.380786766656005,23.880740314771955,24.718532042946336,3.0525997443821935,-8.830560304090261e-06
2.8699514463742175,24.718447868442308,24.63362648781061,26.479259260040035,2.8126910360355573,-8.739391878907393e-06
3.0912837429319824,24.286896053850995,24.19773842052846,24.955246180095997,2.935891797750456,-8.64916550708808e-06
3.1701273075871153,25.780412800445248,26.13027490025377,25.732825938486297,3.114112159302372,-8.559870384425024e-06
2.972334402317191,25.042129131935013,24.427121963250258,25.91626670332596,3.0264146761406385,-8.471495968118887e-06
2.9201259644817017,25.229001403412447,25.424963461011693,24.80541363378464,2.853137727092311,-8.38403217180145e-06
3.0414119865227334,25.208345209523127,25.874056008691117,24.372685191782526,3.041643456625509,-8.297469543413743e-06
3.0364650247417635,24.336344301799162,24.42981086819847,23.388788989139623,2.9560905141387037,-8.21179919919831e-06
2.7219563957679327,25.98884134450463,25.093080803370064,25.41921419132669,3.1214717244150605,-8.127012624840113e-06
3.0368065405907005,24.67249649272143,24.782764967597775,24.06205760913365,3.041581203866359,-8.043101526280422e-06
3.3389619947224407,26.107593080231712,25.80992421859307,24.85587711084567,3.0565075152148755,-7.960057615851805e-06
3.0129821667794703,23.865077944798482,24.480333406728285,25.510413812601403,3.085618804922388,-7.877872388957065e-06
2.9236804392806066,23.70929090580657,23.649967107556712,24.663982700040947,2.9783146046320756,-7.796537126706095e-06
3.0114670678645745,24.5859244560942,22.618438135199412,22.563962641811443,3.3144159504034634,-7.716042767388162e-06
2.8542436945661755,24.02598322903298,23.46362378275434,22.28420425199632,2.8196671842977996,-7.63638014644635e-06
2.8486774550406286,24.03765301268982,23.67430503726875,25.659766499495117,2.935306309932411,-7.557540068469886e-06
2.8632722389898455,22.726639374250844,24.416848055829153,23.107940512083385,3.0820201883862093,-7.4795134481630155e-06
3.073192979099889,23.796257574449815,22.693737686499336,23.7186858639289,2.878324748351202,-7.402291472006854e-06
3.186629122530593,24.718973987574785,24.36895615764949,23.546074509274387,2.8573594911692957,-7.3258657263387225e-06
2.9896435690211933,24.41028365745328,21.722377747184417,23.613795464643307,3.1338075805164625,-7.250228096509571e-06
3.125005615711744,23.611958623687602,22.502880837265835,23.434227701080765,2.9503996586985854,-7.175370796316799e-06
2.9430419375337453,23.958826312210707,23.957822704885157,23.449231961332455,2.8111207220255365,-7.101286237567726e-06
2.8951647264981166,22.147969210438397,23.355034568697842,23.058471601695373,2.874322913235255,-7.0279668815250435e-06
3.0686324054602165,21.942124491760886,21.502965481156036,21.663207732263523,2.8139982950722153,-6.955405204288058e-06
2.8970325507278423,23.997121202583017,23.220856379377487,22.422159733773864,3.130313403110152,-6.883593527245491e-06
3.204013183962983,21.839835958155355,22.99005074538911,22.116990670415827,2.9809573525447317,-6.8125240159493e-06
2.8887378685766785,23.934861057485296,23.954910686796776,22.259836015013956,3.0651176199974506,-6.742188749410027e-06
3.007473430588506,22.32773525039888,20.9166293183867,23.40478363769508,3.096766760975836,-6.672579850308971e-06
2.945141560271917,23.19863940257601,22.59612311915526,22.100248457447705,2.9894839622669545,-6.603689434533468e-06
3.018097184976971,20.875713261986046,22.387694975288365,22.102127631913532,3.1617785109652288,-6.535509765146635e-06
3.020613207272499,22.974584273759046,21.84384256035892,21.024537881756235,3.0178555926365958,-6.468033457739871e-06
3.0536767936021634,21.31600112097041,21.895122512243113,22.17605303085665,2.796040192489839,-6.401253243610661e-06
3.0094668486817544,21.800262321435603,22.006952346726163,23.52373475978591,3.0266490514100086,-6.33516208772028e-06
2.9996390554855084,21.514981884595073,21.99674368915565,22.35153151732075,3.249969344165444,-6.269753114657522e-06
2.974862691918285,22.278588462092785,21.761428545756065,22.55884469305181,3.0717347237646733,-6.205019576480227e-06
2.818162711973614,21.99464069853979,21.548621632982652,21.796123377036903,2.8325242402774085,-6.140954723696555e-06
3.01791048624843,20.53340371737044,21.48663021858834,21.25024369048907,2.8793506726790006,-6.077551726768973e-06
2.9305533525763727,22.189221488593454,21.771867530020575,22.665074677314685,3.2231391361713495,-6.014803801779433e-06
3.0546781587867797,22.39958888973142,20.927681357976102,20.598625207016333,2.920267957671214,-5.952704059124546e-06
3.08877043733475,21.111370035499373,21.35677163745298,20.590127311546723,2.937260674407046,-5.891245617285721e-06
3.0626811412592225,21.587371852329547,22.306216089099415,20.297085800054198,3.1378443627947297,-5.830421716540982e-06
2.930911732801704,21.163672442586993,19.999903350471943,21.24173539884608,3.2147667427570528,-5.770225544178951e-06
2.941664955981113,19.941255010240187,21.238350311044577,22.53329051888747,3.079821136556689,-5.7106505600717865e-06
2.8534993075838218,22.07446577014648,21.109217574614856,21.90830601072751,2.9966699818034974,-5.651690285971505e-06
2.716411442421118,19.72072256334884,22.02056472276525,20.6002260159669,3.1465383586209685,-5.593338500936444e-06
3.0006994513767693,21.57294709474958,22.103016757182694,19.964980292205205,3.053757326078969,-5.535589031374038e-06
2.9360731739952826,19.62504706917682,20.68356040890339,19.499060908941853,3.2515438053863197,-5.478435787529644e-06
2.984784678590227,19.84615124057323,20.031350710421435,19.917277953636,3.1209422809992193,-5.421872784380778e-06
2.9852611526075363,19.41068823456672,21.243760186051816,21.79847795598872,2.8741949669245055,-5.365894018586614e-06
2.9752291162335593,19.83445835207917,19.29167567685008,21.349021441319394,2.8665461991953705,-5.310493481310824e-06
2.7812991035485104,19.442080379894218,20.224357079032394,21.015595807066124,2.9989584176742885,-5.2556651222780325e-06
2.8970697841770616,19.52781880392446,20.744209371240384,21.29822945180992,2.8840220434622346,-5.2014029882047365e-06
3.021506191170953,19.388368111515433,22.44096416901843,19.275812953256743,3.006064718985534,-5.147701085271803e-06
3.128954505518654,21.18391034108574,20.538604305243535,20.41215649759721,3.01804015047679,-5.094553536818188e-06
2.9966761179836885,18.758202374852612,19.946800382963993,20.565402275277716,2.97093908246945,-5.041954561015867e-06
2.9901946711898204,19.802783210124097,20.105570494150577,19.75069540483099,2.8355998781041327,-4.9898984442771095e-06
3.046871195105525,20.225960725525873,19.93177911879859,18.12989746741726,2.9224039167793148,-4.9383796228050565e-06
2.872514127583616,18.902001313158273,20.140281203059633,19.550603238984515,3.0391538161743306,-4.887392577740106e-06
2.86097251807373,17.98396475133273,20.053978307561014,19.31568165632556,2.836982599008418,-4.836931942970213e-06
3.0090824680218136,20.30327154052282,19.780754909626864,19.879580860293924,2.9989487502290957,-4.786992368364801e-06
3.154747966609044,18.85616315835754,20.110431974283365,19.586311031914057,3.0302784247413945,-4.737568528482935e-06
2.9986995174642783,19.637344207378575,18.760385659291064,18.281212399261527,2.96619284592987,-4.688655125185766e-06
3.077102072657322,20.08847350990272,20.822596364394084,17.665360037899966,2.9053385155319824,-4.640246828734677e-06
3.014123038324438,19.29233366524936,18.557330860952135,18.170883827867982,2.9289568432583697,-4.592338419282301e-06
3.0028300910199612,18.910602449485307,19.1053120826629,19.334422210840366,2.945881368683054,-4.544924670158256e-06
3.103569520001625,19.64591956758683,18.462335090007006,18.702121347058778,2.9556976447237084,-4.498000422278438e-06
2.873376376241015,18.692260934092893,17.413018058000453,18.26148736329435,3.0020310807092843,-4.4515605467822295e-06
2.8224434748110854,17.66465423460865,19.264597573148865,18.772637755123995,3.014389585363448,-4.405600043247236e-06
2.9211002767497396,18.368117827392414,18.497463337159527,19.394237673190627,2.943483682677057,-4.360113949782531e-06
3.1517436259472227,18.10266566149346,19.153835295554334,18.721860334426886,3.1429924330467567,-4.315097415532609e-06
3.1992672448074035,18.9172241433421,19.730409862750243,17.85386691576027,3.2248357521415993,-4.270545662742989e-06
2.9709718305852872,18.629209724233036,18.15636488663536,19.765151589666083,2.933861842080413,-4.226453905746697e-06
2.9977355025367625,18.171536686897223,19.034747733430688,17.73299197449961,2.942822904026424,-4.182817406241006e-06
2.969865933465903,16.922050754131593,18.325226161011347,19.10132751229994,3.2367424039416113,-4.139631529660846e-06
2.9201795246527067,17.623760084492115,17.702451337115466,16.161993076440965,2.936367254683884,-4.096891583034062e-06
2.9045798364163886,17.89256084145953,17.390649833450645,17.628404708977385,2.7675657250164485,-4.054593015027942e-06
3.064026216690747,17.693242027073783,18.220749673114184,18.352177500993147,3.0928372383307843,-4.012731197430432e-06
3.052249791029186,17.724871336038564,18.31747403688342,19.244387826054286,3.1685693488809528,-3.9713015386512615e-06
3.0596115275059867,16.86811381853206,17.35995128905502,17.196269056845875,2.970737938736382,-3.9302995774578754e-06
3.1813756124547745,16.487982622183818,17.04813250835812,16.790593737159874,2.8440233842730174,-3.889720861882242e-06
2.8842937632317525,17.032751830370803,18.511722841672302,17.962285282877367,2.9583310608929985,-3.849561032264066e-06
3.1921657613897807,17.948615606153403,15.787629454060797,17.448847833773414,3.2108591527816115,-3.8098158063733686e-06
3.083790307084657,17.63460367640967,16.60606159690936,18.406357875295843,3.188892959341247,-3.770480905314066e-06
2.9089465071628227,18.061887744563236,17.73949515476537,16.921749005903123,2.968377524713453,-3.7315521705614248e-06
2.9485234827618205,16.818425063205016,16.677534193808853,17.188335309871626,2.9279235217790007,-3.6930254100689283e-06
2.9755621654394875,17.932087206315998,17.03580441355915,17.063394381859617,3.1510298809075405,-3.6548964714715157e-06
3.189163796821242,16.269153808273977,16.797317661677432,16.486599057277363,3.027106017871468,-3.6171612540989564e-06
2.8636789787904737,17.385530625362698,17.1467803258381,16.775165670404036,2.9903816061105477,-3.5798156429466743e-06
2.885147193372584,16.821152860368493,16.94886397883048,16.807699113723945,2.7278380474569603,-3.5428556181857723e-06
3.138527443861881,17.152316115337786,16.36044953206534,16.23074632463485,3.157518496938521,-3.5062771686448606e-06
2.9882683490059043,15.238682800842163,16.105364027155325,16.62359563442256,3.1377903575601205,-3.470076345435391e-06
2.8420862043764403,15.743521210777223,16.32930645401137,15.679614299631375,2.884570061140617,-3.4342492382488652e-06
2.878104488588266,15.83041908672305,15.639594854895869,16.38108067603018,2.9971734390035563,-3.3987919980887898e-06
2.9753498815105095,16.396463261894713,15.80119745976743,14.780757827685159,3.2699804274495583,-3.363700794352275e-06
2.9780242898707234,15.237614076175895,16.258598682148005,15.713137764272389,3.0404525694353675,-3.3289719014304937e-06
3.023035799008317,15.339316075164003,15.301877209213636,16.135256765666718,3.025994526290684,-3.294601575474846e-06
3.219616629973701,15.650500169454462,14.576957920142398,15.354703840277299,2.932674100219297,-3.2605861467455873e-06
2.940330733156714,16.06372411216704,15.029110822225945,16.147053240509443,2.974611251569179,-3.226921957788031e-06
3.105270381046417,15.120311336377709,14.518756140027435,16.16189043572833,2.9897525557427795,-3.1936053548330077e-06
3.221485639404705,15.099369541807933,15.594608777795333,16.05813410181882,3.0131250917954415,-3.1606327647977895e-06
2.862485064104873,14.6811551862844,15.148298492570682,16.02053274880247,2.906092340561254,-3.1280005990151883e-06
2.9218288665991428,14.496160214145196,16.273532555639274,15.98620250903477,2.944945665262419,-3.095705343723464e-06
2.986710146978759,14.772462074502597,15.293375590430923,14.562349922010885,3.0740706330699843,-3.063743507632511e-06
2.8850729300139895,14.872989219937814,15.210345584397174,15.0697969734251,2.9767924750454235,-3.0321116459841065e-06
2.873094898479065,14.444170794772008,14.475932396250855,15.34318818124641,3.065103430938796,-3.000806347874791e-06
2.899564186887443,15.257943663510797,14.649876849249905,14.745375611166574,2.915184418003399,-2.96982422250513e-06
2.9051598461691674,15.088701365860029,14.841762958287395,14.195660126386228,2.9784184503330593,-2.9391619746352833e-06
3.1193303437370616,15.388873906873323,15.358161714045677,13.730689292492848,2.9838399730006206,-2.9088162979028932e-06
2.906357876603677,15.714583761830028,14.769493844151636,15.097402323048616,2.8800701490339127,-2.87878394229444e-06
2.9478164207435906,14.662625928269891,14.52845974570659,13.29881437724365,3.1208277815511183,-2.8490616647534543e-06
2.937638928250912,13.934702214564775,13.068270568137677,14.903434517738841,3.1284224151165203,-2.8196463138389673e-06
3.1348465066476776,14.674694229307592,15.451735013808365,14.147888779387822,3.127080278887395,-2.790534676066276e-06
3.1251899556859914,14.605417851997766,14.775315605243787,13.963420561082104,3.2636945166295934,-2.7617236088659424e-06
3.0488752453298216,13.467628112224688,14.123159741731563,14.400631736726357,3.113487915123458,-2.7332099809955074e-06
3.0239862790851784,14.130301460518698,13.46539523017346,13.929426899259859,2.837481376473944,-2.7049907541389927e-06
3.072946496048165,14.07915162266914,14.062308820357588,13.651773267628698,3.075457216146048,-2.6770628681203724e-06
3.059800074017591,14.498522367738408,12.541544038549322,12.990113196406316,3.002446940404288,-2.6494232860484003e-06
2.9552235434798786,13.686323356072508,14.761424567249158,13.270080715735476,2.8812344451483476,-2.6220690377028536e-06
2.9538320336659396,13.93604375822093,13.572519164670155,13.693697537911083,2.637251613277845,-2.5949972226028096e-06
2.8247137401491855,13.736137415002688,14.085937060261704,13.880684590160213,3.142237816290306,-2.568204911451143e-06
2.9630082128247244,13.277401125883344,13.966862301994091,13.341374833997268,2.9867085411278067,-2.541689265781851e-06
3.0886731443245115,12.979772278711712,13.66683305797666,12.49972747749209,2.960960767283979,-2.5154473848498824e-06
2.9913370981959435,12.942107859148772,12.79023448123006,12.703494990486183,3.0908829497762116,-2.4894764586500537e-06
2.9542305522282124,12.532625999052115,12.9055052097883,12.890319938528283,3.131516188696737,-2.4637736546611503e-06
2.88089674685747,12.38301010062244,13.194659913105651,13.045297401448936,2.8757468063612928,-2.4383362430307277e-06
3.1984591559452915,12.775257559797673,12.001602573552885,13.364091580976496,2.9818694961049337,-2.4131614550737864e-06
2.848318361703593,12.967119068695613,12.64487516744649,12.962058372022035,2.828806882980193,-2.388246570141149e-06
3.0037103300674906,12.38544360650076,12.429642083548998,12.116937619016804,2.9807540913997577,-2.3635889018895824e-06
3.0146690646569057,12.324296541162102,13.027680040914898,12.22564502147216,3.06161386194697,-2.3391858041104304e-06
3.1413123137525676,12.038428232966755,12.737753470408197,12.45724400211351,2.961920169344559,-2.315034672478206e-06
3.0847982912936716,12.162365737376371,12.751226320814734,12.363081756326212,2.809261040644924,-2.291132895337175e-06
3.032339649648594,12.671374425566537,11.994706080981699,11.557390153155929,2.834983804843905,-2.2674778886753255e-06
2.8744511906957,12.14224873151484,11.756775630390237,11.849734713287123,2.9979700765207453,-2.244067136459351e-06
3.0681349366899755,12.465647121805041,12.566450605501506,11.925072758093608,3.18649913738719,-2.220898103259164e-06
3.0017860434448704,12.323456938870436,11.42458648022849,11.715078876959282,3.117826718334277,-2.197968287616035e-06
3.0314896798707287,12.366798192325676,12.1728762430756,10.709926274341354,2.8233534884654037,-2.175275148524652e-06
2.9732728754803195,11.903504726917898,11.260451383719086,11.951746203800196,3.0164637383115243,-2.1528163121724956e-06
3.0013202097521803,12.063045777634535,11.304703488000403,11.760369661567946,3.443221563976512,-2.1305893454813046e-06
2.957450271275015,11.464692374930218,11.270926129800568,11.135402681939983,4.2102140332059035,-2.1085918473310863e-06
3.0000863405716807,11.941830723128678,11.28515606691694,11.53634475922555,5.482367831050746,-2.0868215157177125e-06
2.9358449992244453,11.732273332461087,11.407656710833345,11.510998680082595,6.28842895357977,-2.0652759590006358e-06
3.2090663093573752,10.538633840452478,11.59988109309484,11.85695136604041,6.963990673262492,-2.0439528481767668e-06
3.006781816247267,11.857030104976428,11.523720089205945,11.579514487252093,7.672167310373417,-2.022849942667443e-06
3.0583871032376604,11.481039273387267,11.09955834523602,11.380140183635769,8.826725478247688,-2.00196489910255e-06
3.319700334191876,11.797667007585341,11.436786297706465,11.154308893690605,9.00465133004269,-1.9812954924885145e-06
2.9197846647828243,10.680008722139673,11.036293093517614,10.77184736257423,10.241785583209769,-1.9608394637115357e-06
2.891873431192369,10.51964930044583,11.316710207801709,11.327546627955188,11.549187152559952,-1.9405946230025315e-06
2.9730786048897038,10.487013534552096,10.34587194844854,10.352718536820655,12.074404859883463,-1.9205587516578454e-06
2.9177140477962555,9.822254793079441,11.244753712107979,10.557686702368576,12.93870953726503,-1.9007297217694286e-06
2.8712407982836043,9.822640674987078,10.240012149272617,10.315203399537202,14.186788452208079,-1.8811054127727204e-06
3.3218175575556796,11.122874825661349,10.195818527682944,10.324319603382966,14.56114518781651,-1.861683736149001e-06
2.920064681303659,11.116002567630732,10.43084147762723,9.860845199996325,15.19203377974342,-1.842462612993302e-06
2.9288203461901294,9.568208806942291,10.172776742055147,9.801721247576861,17.61562807465462,-1.8234399374419866e-06
2.995251856821481,9.772695442243288,10.123780044744608,9.875581254226445,17.841009512383508,-1.8046136950197995e-06
3.0215970929231415,9.924133596169742,10.262179386267238,10.161333371938898,17.812907236829453,-1.7859818389824107e-06
3.091724953775797,9.839959337396284,9.296644775914574,9.60308668158018,18.682419334495368,-1.7675423626427593e-06
3.056738616550194,8.876882718103452,9.982151871794416,10.154287768969148,22.136690509022824,-1.7492932613833664e-06
2.989788471296006,10.001961077505845,9.561980145485661,9.314167345309244,22.062213016020365,-1.731232561050423e-06
3.032755268308104,9.792521123306868,9.198371378904113,9.413884867494547,21.519044064964003,-1.713358306576819e-06
2.996825724808404,8.796936752616134,9.599910727406247,9.690522001938275,21.47812834591905,-1.695668578464249e-06
2.8669180566287733,8.979255572039317,9.872377708976469,9.87149572788688,24.586729121709833,-1.6781614579374515e-06
3.201993767877588,9.473909922478878,9.204629283500907,9.31761732875707,24.893939602151402,-1.660835076176068e-06
2.897383436145823,9.36717094866576,8.748943608777555,8.974757682343892,25.852619491251385,-1.6436876091890077e-06
2.8561810433368278,9.014249540273457,8.664590088225346,9.18710198909155,26.35803307371128,-1.6267171966959669e-06
3.260747953792368,8.307168410680337,8.876662046865818,9.19006720326037,39.69426145594794,0.2678029055739674
3.222395732148585,9.444821122835782,8.868840151049532,9.510973782708009,40.513773717259305,0.7088316023611594
2.8925895650885725,8.25296155078213,8.933516058129973,8.71414955990194,25.814803835123758,1.1807179154838823
3.0189078126411637,8.026838535759397,8.65635559257596,8.660730517643383,22.114252590526696,1.5
3.2950478156987804,8.402084711437743,8.571108327514237,8.693330038326916,19.612271965525007,1.5
3.2259310993418957,8.338188999763412,8.159584992500687,8.682825245170998,15.588007576601989,1.5
3.3288440327720514,8.089458688300455,8.060846873067389,9.004061567790142,13.905536510360085,1.5
3.7343887703785232,7.736620730864827,8.511582256338944,8.468997728691816,13.444239399567412,1.5
3.655874876670172,7.405471551902844,8.474310894789712,8.880407562344175,11.776646815519259,1.3341480384752975
3.737114348357543,7.458592765933429,8.121420788949013,9.285448906764248,11.469351916807293,0.9491029623801057
3.9208615945256744,7.664751726185397,7.942451911668728,8.803098167356486,11.429529621414325,0.5942897076158702
3.740684617927429,7.418814016045796,7.852343083209254,8.61015804486784,11.238234532027924,0.35673274853935577
4.165047891505688,7.1693035346693295,7.978342404937545,8.66079101010678,10.223328219767364,0.2851824102493148
4.041216948810165,7.553020445862575,8.078152508380104,8.104073148988798,11.20855257426375,0.38295853111535216
3.6637920125340515,6.880703757122397,7.774591331821937,7.991283402775033,10.933119386671219,0.6115577363543203
4.154636744349532,7.096390371622072,7.837522348900207,8.216137124122982,10.367725677681715,0.9038554828446994
4.49995214552175,7.12832011672616,7.049603898267867,8.231088024387846,10.072967413063667,1.1830467783129661
4.358722152628312,6.44282064442016,7.299739915002222,8.642597559232257,9.505382015458755,1.3822475274241783
4.3131069789031296,6.463529123591671,7.871827356519658,8.199966846599917,9.435629572139414,1.4599256488626122
4.955869802420302,6.711043426718604,7.231694900312302,8.107391041843636,8.554481305809377,1.4077823080516563
4.6411224533806426,6.598034303054055,7.003512475190649,8.246385296530201,8.203233845458241,1.2498503050241483
4.465911142751194,6.047215775384076,6.880915894896843,8.748210783119243,8.310724866239818,1.0338146663627268
5.002796029142312,6.430428989976286,7.031389105322611,8.802300248236723,8.043758870931171,0.8173458612509141
4.892462669960076,5.799470725319341,7.100226993948268,8.371137793941443,7.362349344727673,0.6531935032839926
4.868192243311216,5.936507167453791,7.378614526104878,8.771717944518992,7.372780573372078,0.5767667829099596
5.014968475980575,5.332668144307586,6.9148054545881825,8.55176168728529,7.2984732583514385,0.5990112603927026
5.4198682547342,5.583786382932853,6.832464488657625,9.033167948194349,7.191462202089526,0.7058671448294539
5.64018971103212,5.640496639863331,7.122481815599531,8.25414784989095,7.3700786369113285,0.8638772466222758
5.27978350581294,5.539533138964859,6.703303111457914,8.404277706867658,7.328948586357727,1.0300414273513683
5.98647543349282,5.9607896755084315,6.7924475814605225,8.702799522059982,7.454340191592758,1.1631365052129892
5.950753623705196,4.963886715364888,7.060298659168803,8.61018738260026,7.4680494165748055,1.2336065903707492
6.472441336818142,5.142023301479977,6.842949942344838,8.713177029154558,6.690697577051041,1.229738263083372
6.526973734972504,5.146872054919048,7.499182534713033,8.541747074160186,6.61758522414046,1.1589475213140061
6.98385769248956,5.589654961150642,6.6321099140250475,9.20770858660097,6.252289036973608,1.044299239777999
6.560063395230812,5.120815217966259,6.854414197193208,9.121171865403921,6.498023651612604,0.9175248821785276
6.915826966841218,4.952200453563867,6.813170355475847,8.93397657431122,6.007961571618141,0.8105407823220238
6.3972496035154816,4.975549925992351,6.710990332671965,8.744049827102673,6.429712383324938,0.7476588218453023
6.14074400414409,4.614167068948065,7.525323119983794,9.153319650388578,6.342444489369728,0.7403251991945257
5.992354938352438,4.661781576310113,6.802974412339253,9.799276911167528,6.074867286648057,0.7854513286939069
5.8786673316514975,4.820157179195401,6.5487837750599684,9.053453036605971,5.716812828570426,0.8674339655978107
5.355257693700161,4.379837917349827,7.183525734335504,8.819655027059712,5.99575714475946,0.9630516161370803
5.608470300805531,4.442255074440044,6.735436732527032,9.144502283906094,5.866594246614365,1.047790916860379
4.951529747326609,4.68820349903629,6.95571652483235,9.69564661335931,5.993685160391712,1.1019334551779323
4.639678362906088,4.643783567699523,7.314103058117838,10.171532998884809,5.782250009679892,1.114939672988214
4.559788492801681,4.553406339966354,6.885146552203522,9.777382511737649,5.467775489415397,1.0872120708366053
4.8401563840752155,4.717577987943451,7.216220553218546,10.010209148596259,5.703974437534322,1.029039660763411
4.562432906312603,4.3573467867414,7.357851476799304,10.322466826426403,5.506934717141325,0.9572282925371749
4.2688026444147535,4.284550666291628,7.445096809356059,10.296775445350107,5.193807800021721,0.8904389994763344
4.425810282571222,4.647113130459562,7.19951678546724,9.745658596243882,4.948155511588301,0.8444810013574606
4.136474253765293,4.351818390343142,7.3216773605110115,9.546571147511079,5.228978916669202,0.8287089968534616
3.6483542766590378,4.805279482383836,7.252822645961757,10.287741777952624,5.432139688699012,0.8443065438505192
3.9670503133360153,4.557774899836636,7.55335083862286,10.322693295413629,5.176850794656789,0.8847104026739294
3.8417942639821017,4.419015212410418,7.928124145347208,10.982157286914784,4.770445329226885,0.9378863473224506
3.432695672687559,4.14938852220655,7.928433133454398,10.784626460445644,4.796178556418995,0.9897399512713103
3.9684594490568794,4.087070389051608,8.213853993710726,10.977173010200408,5.113936038290031,1.0277311887242013
3.5970169773043197,4.293297943297812,8.581043486365148,10.189512612846507,5.2003989936762425,1.0437936904978506
3.2911620036015163,4.375162932710387,8.206477855828235,11.654114729878033,4.707875865308988,1.0359083662507276
3.2805396258521893,4.061273891487586,7.710225091583407,11.313899024276273,4.951476184695477,1.0080663587261112
3.3504404237362317,4.182465675030278,8.314430030964125,11.870642395830988,5.069425127535073,0.9687716654253675
3.2025069449478885,4.692460009139779,8.211550458310624,12.688000298083534,4.514445861487356,0.9285757161605667
3.2121872234273505,4.476149573780011,8.977165558709563,13.479255491878991,4.673378008092627,0.8973285214432383
2.904120560589923,4.430380806989672,9.10294241749928,12.846080989711757,4.525614650261572,0.8818403333805978
2.8479968695597915,4.71128399699327,9.322931868896335,12.670582063252375,4.183680900882862,0.8844876326314202
2.9587806291660614,4.6551148100372055,9.341571439826781,13.908980248044955,4.399738391943501,0.903020983464019
2.8803090279423507,4.491951012258368,8.879758176261317,13.026573056220007,4.732255954079113,0.9315169884809668
2.604647707544913,4.851397531540697,9.172087792505264,15.7497486619514,4.299167040948087,0.9621425332484056
2.9232893141243244,4.693308405118897,10.16229753469268,14.951263092784368,4.164625391751601,0.9872302664471928
2.5495392887886847,4.884518860136177,9.816048838869898,16.794521901543092,4.286321638599779,1.0011321805377742
2.782529244831102,5.076655141317974,10.73949240667782,16.279505601670273,4.286596835048534,1.001419043374396
2.7990420677549457,4.948878219059928,10.582499258852925,16.225235824090497,4.203748162663797,0.9891908166666363
2.6426122635830693,5.095134937081791,11.350200340390632,16.38148962589137,4.329210633447237,0.9685003323067933
2.6093169552402093,5.038374086822998,11.604907227984114,17.400693727615632,4.2021191350467255,0.9451081444726552
2.643210607654862,5.543357526323447,11.64794819282493,18.0225346759099,3.9911771290991225,0.9249301738668521
2.53463031527926,5.087875518561229,12.653156538517207,19.33203556913511,3.9504426783114264,0.9125829723276528
2.499170643419405,5.750696615931522,12.259046209722296,20.252337470415156,3.696858252352377,0.9103724239878608
2.5898459602088733,5.981110468962463,13.191457995038352,20.276897488231015,4.1172422955951955,0.9179336272780558
2.5385682273455226,6.571609511014077,14.265912436528328,21.010459785971435,3.6649765619539307,0.9325529658082105
2.511878730601057,5.980404230043807,13.549515096429412,21.910895038644743,3.6692960689066085,0.9500343844119619
2.5956164629372953,6.835030415945305,14.31129539488854,23.70552875539217,3.6718385206505033,0.9658512317636202
2.490640925280783,7.277055451228043,15.776704963962692,25.210723895198615,3.655154701213343,0.9762780014798544
2.437083883530851,7.226256594000434,16.617114297895206,24.9332975432333,3.8452131552618076,0.9792279555950442
2.6351606142273765,7.933458738050412,16.99654775398106,23.943548272126918,3.488984929468117,0.9746182955298248
2.7195503236036958,8.30648090369864,19.410653811178488,27.027238936882895,3.482322339793125,0.9642152635140796
2.6694139375715773,8.748574519079826,19.068169511314643,30.29731353345852,3.5359646782716254,0.951042377524191
2.570386198688978,9.288416397582184,21.12329125332911,33.08724721580037,3.3450955713711283,0.9385340934780549
2.378914185329124,9.918316878021065,22.957829504720532,32.09284028982851,3.5556620293541616,0.9296632498101105
2.774049568985048,11.65153959020626,24.9134049183902,32.833173483832155,3.369006806764313,0.9262571183927537
2.811658485409975,11.556490096160132,26.22852355795303,30.609313182679625,3.433873184042419,0.9286522312053431
2.894091061508604,12.760241511757034,28.052424849194065,32.14949519507681,3.378176640826975,0.9357425370833965
2.7751251912660346,14.39742000226671,29.89699946047706,32.77551109090504,3.265674403822359,0.9453748403032483
2.7657254170547585,17.01947369640936,32.93317895953181,32.36570102140602,3.2866860887969236,0.9549648475522199
2.732287100909108,19.5646572300253,33.867969216778754,33.40606946986563,3.059532723085198,0.9621644396444355
2.7023054634742425,21.033904194649235,30.12924505825011,33.48343616063963,3.1341897411101547,0.9654131048511362
2.8905905781774157,23.748943986885205,33.10996821361299,32.05188668034225,3.1504912461946195,0.9642493112948851
3.226506556495868,30.577599781270465,32.045206766045105,32.56485732027435,3.10016185055744,0.9257937233208812
3.1106438331527446,32.52925528131301,31.331932522018686,33.293226676989136,3.0191744723321765,0.6001847079378639
3.0407754799683264,32.39910996288323,30.41753895909767,19.83274391392332,3.0582961225798275,0.13542510379107367
3.2042422027540214,30.522148511928357,33.34839124742597,19.08868984010047,2.9199239362305494,-0.3286430027768219
3.2439978746390294,31.47479421530328,33.55699588674367,20.425415327905604,2.9860484662336733,-0.6743295164722873
2.9632593452944733,33.504403060340216,31.418263126915022,33.67474881439491,3.0151705556602337,-0.8263088546631376
2.759290686895023,28.925016877091526,34.55981028725219,31.27565478662369,2.8588761370049163,-0.7640657519725644
2.935988436432243,24.069201571306646,32.86836447874194,32.23060676608315,3.188248700553806,-0.521364780225391
2.9318501318419887,21.066637737149904,31.163242655809565,32.7968837106648,3.2185117754057067,-0.17304580989663612
2.921630797253486,22.050025706973887,32.94425763732337,31.055783181180782,3.21163359329234,0.1868588008501828
2.802089810125042,22.716693013347474,31.48125651596046,32.947726590740295,3.1906307964499616,0.46971082298349487
3.0179749286733903,22.955972136188254,31.61822534174389,31.374512472001545,3.143054855938203,0.6133723079502043
2.9157644687059836,24.958500813748213,32.90139107890473,30.838493067783524,2.8897458019848616,0.5950114120971701
3.1083161384222455,30.145558724193705,32.87647279036181,32.902910189268475,2.9233288662879438,0.4332225118800197
2.960155554861531,30.185976954387794,29.758043838249183,32.083396573671884,2.8601231100870224,0.17988044172231715
3.0926665919509086,29.704667385894805,31.927922852270385,31.19967822912783,2.877999755674636,-0.09539202456961986
3.264732547887813,31.006039771548387,31.64413903294063,32.132928475433985,2.9634852329532735,-0.32371820692811193
3.089962756849646,32.053875554898475,31.129760983124804,31.44731715321478,3.1323269916889904,-0.45366310833197643
3.0122474018411336,29.43477884663281,29.68590704195597,30.533020651377864,3.0609374604827577,-0.4622247938721801
2.867783429622572,25.98267876411393,30.286548204220264,32.58379260752804,2.915347658856048,-0.35794616599835044
3.078101762958871,24.651251478870126,30.35260507572636,31.95959792424185,3.3360448950638446,-0.1760791027876333
2.9864712842459933,21.716574783409822,29.480987610882394,29.704908153361245,3.3283794791566135,0.03232789720876821
2.9273349011137255,22.761247490515967,33.03629515313245,31.092353332481856,3.009259655857526,0.214232334889901
2.8920913090161378,25.016058211534713,30.842292766893795,30.933966617309544,2.9832573729185823,0.32767908848467503
2.8986540409433017,27.214911075547285,30.96195544295919,30.544617884974013,3.125772480275219,0.35104021188482426
3.1299098864756103,26.719542083986568,30.724820604194296,30.3491910648411,2.9749127004437734,0.2865006975687556
3.072018596175121,29.083879072163324,30.217280918488218,30.482360474187413,2.8960692603639386,0.15744510139352474
2.9065803914434833,30.051027948654035,30.301676763493248,31.841823658332792,3.079214830485719,0.0009139942660950431
2.9844972829054037,31.88455865208943,30.761105633113967,31.354454442328734,3.143179078114673,-0.14260327908465328
3.1103966014807307,32.987800136256276,29.399835819321027,30.930591863349715,3.1862025568670047,-0.2393227867308695
3.1629536035182966,29.62983222083466,29.709128365379737,30.200359612426737,2.922179318271467,-0.2698007755703537
3.196225818336313,26.77007201144958,30.367670684622237,30.220654920989496,3.000505289717879,-0.2324115036790284
2.925015029571333,23.043021387643673,29.80649916703532,28.744832948043562,3.2140720229023567,-0.1421853518247876
3.0040833564991263,26.253431618778357,29.759713435172674,30.964471682799715,3.191817478760035,-0.025695505898687382
2.8740555630493443,25.465149973483232,28.38345199763642,30.845453738385803,3.0560555496116906,0.08641720479956211
2.873257329337538,26.95726798431191,28.45446416290119,30.751017467997663,2.96550886677306,0.16725587957709045
3.0282988398514448,24.29044936604634,26.988268397848387,28.997806580763434,3.115939820844059,0.19988523345130937
2.8976057253067653,28.683735626898095,28.56057121983403,28.651855118335952,3.1391656796311698,0.18058173437333877
2.949938321884674,29.443738033741038,30.17884297726597,28.02490662900018,2.944951726048903,0.11858474639257971
3.0446031594821266,28.314747746069436,27.452573891481123,28.996769524863417,3.0042401506934526,0.032715088521102324
3.248400283003998,30.56572018095443,29.402212415235276,27.516632635068046,2.9566419299368487,-0.054042355170170364
2.904694225099699,30.94404301940292,28.25512250385329,28.05619126795958,2.9276580792738143,-0.12049574340141977
2.8857112080454375,28.484887963243935,28.031054468221523,31.546075516735602,2.857641690774081,-0.15224631209647277
3.0246671145482367,26.81694628998811,29.36555711262603,27.367624169066612,2.899213372841618,-0.14459830766684895
2.9000056217256294,26.97995578056575,29.588706688162137,27.816959140911738,3.117921436869888,-0.10285345850645047
3.1119852568396724,24.802588243382665,28.90895556351767,28.219414531197184,2.9981598580168844,-0.04014696751229419
2.9740931501848227,28.03393676394809,28.1540660334242,27.909124817137705,2.9030789825683385,0.02643350085180763
2.822839415331514,26.569836271921584,27.75828474351156,29.443261665951212,3.160888944340399,0.08035136514346666
2.952248947464395,27.847483910068494,28.40997405860967,26.942222773198527,2.7654298394243506,0.10959690164066986
2.8378066987783206,28.619190366442453,29.000017874314757,28.753101113379493,3.123701799042953,0.1092139274387317
3.0733661607973617,26.71775659257139,28.67267938340184,27.918498384945902,3.2026739058920173,0.0818892319638198
3.03226719984435,28.460974209776445,29.473875655040235,28.849618979800617,3.0451981631528215,0.0366306707288164
3.0577825240505474,26.1050828354281,28.526430215634004,27.233798916682407,3.1164557543442624,-0.013977336599738549
3.1591692440629076,30.898000006065132,28.34054592297315,28.06069875882276,3.082914740306989,-0.05714871046098765
2.881866034497381,26.995662689998838,27.284074765057728,28.131990000373907,3.0077054760588915,-0.08302466765437641
2.777521374883152,29.07545435473034,27.33148638401217,29.934889042559316,3.107148592635262,-0.08681683702685514
2.7679378581108827,26.55796188856444,28.162710990034817,26.948115943198406,3.2686292143923015,-0.06952921788456073
2.8501957051756373,25.464268384719986,26.424202667850253,27.831142790751315,2.9009920403582106,-0.037207536376360144
2.8838873278927384,26.561596524411023,29.631981683112393,26.935312191275788,3.0363956409640647,0.0009726158788898789
2.9695279789021964,28.255835870772877,26.632055344878147,25.817423027307555,2.7895884298630262,0.035212131057255944
2.922353862797065,27.64380060877788,27.878592203020602,27.133780561302448,3.203093065659628,0.05752736915497147
2.8988491557731164,26.79487542014999,25.612637027522865,27.066205637639435,2.796086690318896,0.06353417008489781
3.2183160548956984,24.832843084648946,28.44173876515977,25.88608365170948,3.036025026797989,0.053200032208516886
2.915731373365078,27.123156913560443,25.389262784830628,25.524251763880372,3.1105752174695698,0.03047162198383522
3.0137681235996805,26.05601839472907,25.9180738751803,27.809451252113714,2.957139502507382,0.0019665668761489723
2.9852226776128856,26.326571430792487,25.35649626533993,26.207804649193065,2.997699691227978,-0.024870338789460808
3.0677812738487975,27.14266838092956,25.852929958424035,26.025669630257457,3.2387824558356804,-0.04365103310832865
2.903300179792785,26.204784708019226,23.002100213260828,25.31325626549539,3.0697620376118033,-0.050506262564526824
2.974518946626122,27.723834230078577,25.104580768879018,25.62583931668636,2.882344001764913,-0.044806932250650314
3.056134550670848,26.0227527925203,24.786944945888372,25.452434150397742,2.9574067882850796,-0.029033950907516447
2.9847315794697242,26.036895455611656,27.063647507268875,28.63276179472131,3.0006885262889025,-0.007902676368406449
3.023928684818242,26.35863972817009,24.71773396833419,27.978552502798415,3.1382176354600375,0.012979826092962138
3.1235014705713855,25.708511965274294,25.820750250939955,24.483754754744155,3.202837933722951,0.0285571358130762
3.2282600222327726,26.66762153645101,23.31373628436224,25.315604682211546,2.9722464511732127,0.03550575459424507
2.949120991298045,25.990315094226172,23.97562045815792,26.28310945496592,2.741223797821195,0.0328923529364787
3.018508972165042,24.788707900797338,25.782508752291506,25.033047854839296,2.9685203116098293,0.022191947859251847
3.072371803357135,23.950348509104966,26.09650957400775,26.234417310277223,3.1843517777788675,0.0067184526825091306
3.021155645964617,24.28421730662689,25.65285179772086,24.265713943163718,3.083219293253829,-0.009342465993024011
3.1374771953953706,25.074444108052326,22.608626985922108,24.41210444872348,3.0709713614116074,-0.022028118430507813
2.9779536241332667,25.601067804747107,25.455776329304932,25.177194762191558,2.9544964507903604,-0.028543567822960466
3.0441493333550276,24.727741746727588,25.133831857792078,23.18596552476883,3.054480060942904,-0.027839661869092137
2.807806057446205,25.058052134628007,25.185418360993953,26.443402815994457,2.8852476289424445,-0.020715722719705006
2.7034050083932275,24.16873280600022,23.18079932297226,23.35956327215063,3.180905899836066,-0.009463459010882545
2.9804584298581935,25.03339570185061,25.98547888154792,23.496948409005206,3.2425351551037926,0.0028211470274246016
2.6115039271501033,26.323852638564446,25.045254471780638,24.4269933157071,3.2034639067989383,0.013061510688945442
3.128142574368772,24.587867480966253,25.081259987377695,25.41525418225658,2.859754067409357,0.018947395073650848
3.077831788009802,25.149549266543236,23.60001031982081,21.59983801362947,2.935270223713516,0.01943008664634164
3.079516436432419,25.06327842214114,24.447926585096326,24.093832913902077,2.9154798278033267,0.014867310436144664
3.175181478434639,23.280983751678185,23.306008237323326,24.15194707744848,2.844453262956999,0.006813239491671558
2.920679642009332,23.77093593154734,26.104757060288907,22.62494582451561,2.976061099775125,-0.0024642791256073615
3.113455080696506,24.561881125392677,24.800594539828943,25.437521510740197,2.951319681078367,-0.010597959930110314
2.840743213186811,24.218841262872708,24.34601086921146,24.994770613828717,2.982546280596976,-0.015705818433848433
3.1306925257850993,23.1334193887904,22.73811475027271,24.138227541740097,3.171327973023132,-0.01680670425668745
2.9961672579307383,23.769187596956307,23.245821052005272,22.67089642857168,3.0438286334713562,-0.013980304656326561
3.0242901075423854,23.110440558382226,23.281397509274353,23.055264924501255,3.125147218014418,-0.00825502082290732
2.818618274589856,24.63307575782568,23.326306493711257,22.693063091434873,2.7858316256713227,-0.0012747886167394481
3.1177535090546113,22.453019503521936,22.186250767807174,22.716128659050348,3.0358638366098067,0.005154758112840612
3.225137554658117,22.200052514189057,23.099676937472843,22.117308308941006,2.847511779941833,0.009519799360689741
3.0838904476061004,24.55550248743081,23.949234711433675,22.388551209531038,2.824860634547873,0.010941188308463547
3.0745149777810696,24.832275353510845,20.927189863383877,23.38562761449029,2.848570473192184,0.009332900557678782
2.926214797874266,24.192018711643616,22.906506341698307,20.2043985335856,3.1404940132839836,0.005353636854571601
2.943358817245231,22.760928826958718,22.716059780518382,22.07156630168963,2.8127039565752456,0.0001814375147296066
3.053273654803649,23.797516345474822,24.193708686415235,22.237862522659533,3.0541345368699817,-0.004818375530495137
3.079593004000138,23.97354856984728,21.782516479698078,23.1883631956596,2.9713306800889887,-0.008441802467085303
2.955123418243417,24.03762611070978,24.381143993417265,23.81982752233537,2.852234564127626,-0.009925040700675104
2.770269607575974,22.833986150944316,21.789146337273397,22.109480533102115,2.9172122844708466,-0.009091866107748285
3.084775359348297,23.484051717181682,22.144922783020817,21.570857750142714,3.0269168791994043,-0.006345151671880185
3.0062658497200876,22.044249263725472,22.002124444712845,22.594143339184612,3.0427487016087413,-0.002518211995449407
3.159801018014129,21.765585852794434,22.78296939845564,22.408281115812393,3.0306396625484964,0.0013655997427836832
2.99277384512167,20.815754344698963,23.757287130342608,22.71652155039334,2.9449015823767386,0.004358523462140463
3.1132165228504434,23.22004619536159,22.465778058194804,21.64754301757961,3.1440087619442387,0.0058124092257076055
3.114867622646087,22.186698833810336,20.207519647402616,21.310379994950335,3.3273162217113588,0.005510245825026257
3.033967076001019,21.68204224396079,22.25189226420978,20.146905868166705,2.927521357001494,0.0036812800092035636
2.9465010751349507,22.251706206839614,20.559442874606507,21.12926504468998,3.117310596804538,0.000906223160029615
2.874775711329782,20.880148982471525,22.137014502026943,20.496451582614338,2.849026000185759,-0.0020547799445807943
2.9344162144868973,21.041035430901626,22.504499287195284,22.329451536717116,2.6526855990041094,-0.004462807057707325
3.187007573278926,20.747575093690813,20.624135076545286,20.266485769073356,2.939936915123819,-0.005778109925929073
2.9572613176495555,20.69043305447061,20.90904596143374,20.588761684849057,3.2819258013042436,-0.005774043879262609
3.0514187442428278,22.283757050040155,21.95513239731499,21.160242693369064,3.0934568912480267,-0.00456484875330334
2.829629409660785,22.50926051766212,21.681945385651165,20.49663070253503,2.816403822580667,-0.0025480516755760525
2.947298112978963,23.266471898082635,19.755880816164275,20.37199540161186,2.875388798556756,-0.0002829705155722281
3.0871009529256876,21.676498925223154,19.648921903863126,21.746707118698456,2.933798837911161,0.0016595317137353455
3.0973302619501886,21.54387802149564,20.672637590552117,21.586065632089714,2.766068819747731,0.002836968164387611
3.171012089083715,20.85972785450195,21.54238923243722,20.608287091417154,2.923170099732919,0.0030316796851379115
3.0243253480627614,20.052028019955383,20.712198504539455,20.62112391067447,3.2387829491295266,0.0022841462732831586
3.137421151371801,20.90820484512094,21.022815757791626,20.93614742681086,3.1505340903320693,0.0008605719088295153
3.030768469781065,21.79489546660583,20.215828150387907,20.7522975423382,2.9941264178156235,-0.0008316239717931857
2.858294252869499,21.113279089370728,18.602036319537838,19.558680907527677,3.0500128317076336,-0.0023552906253106903
2.9608066538821336,19.542322360787615,19.79098111990355,20.52965044668605,2.9975662237304275,-0.0033525195348767262
3.034794946773998,20.755194038376363,18.513052709464212,18.633948838300018,2.9066599676161187,-0.003624809538082849
3.0458725825416013,20.311014995167017,21.213491127874942,18.350924421559665,3.0587311198273874,-0.0031674347131376026
2.8943632852267074,19.929691626459974,19.408234558435584,18.11632029120402,2.8689205630211565,-0.002153655401580604
2.822501180768554,20.617480153642887,20.660094982180837,18.676406228400054,3.0592992949339837,-0.0008769988426692651
3.009811780303118,19.92842029712156,18.893913150672404,20.110764034099834,2.9753299692560358,0.0003306800204346377
3.0353290198030587,18.459499491450572,19.822643350146336,18.918149513982556,2.9557105857383412,0.001183301592497641
2.9945050216851854,19.22686870123328,19.934895010171918,18.58516425387833,3.143053167551668,0.001506174030220772
2.9577978991535847,18.15217070594348,20.17541255870891,19.212422717236244,2.9009127773643892,0.001268765448112589
2.956896547649376,20.512478223849236,18.37417431828021,19.772648885658157,2.9586487656277365,0.00057953195768346
2.7440144137667994,19.536589492333306,18.704732448477316,19.44177175434618,2.804574160392395,-0.00035262306226965074
3.095661052903111,19.95020427680035,18.08423856479071,17.73899579860873,2.989222406069995,-0.0012779631774804906
2.888619070485294,20.437169730419846,17.325239076200166,19.813307505001458,3.057190679285038,-0.0019702581422021094
3.1281884678341623,20.27324682621494,18.730462340366024,18.329871132729775,3.063468622550706,-0.002279779044206605
3.137364950709457,19.786247116242496,18.893577968063855,19.259767028239555,2.793824976537928,-0.002163045329734987
3.000252231305712,18.18554468847372,19.857015555959986,18.15836832708644,3.028736668414346,-0.0016841173910441916
3.100702215811517,19.98460689298369,18.409916750801884,18.097873998217242,2.9908361599275426,-0.0009896075143169454
2.906859172507905,19.10464835271384,18.987317921105873,17.912493586890353,2.8815063291608958,-0.00026578733520038505
3.1005781674264834,18.950610502255806,17.761915415759034,18.828922348840905,3.146594252490697,0.0003102058446456556
3.0701286109226453,17.746085805101536,18.510522934284218,16.79574877140914,3.0027351399807776,0.0006126747460084785
3.138129633105973,18.162343467057134,18.836023934400288,18.692796602186352,2.9739757112994156,0.0005934524256871863
2.9249881368673902,19.635024167275475,18.021825989324622,18.41990990202625,3.0504410923332994,0.000286845945692544
3.0978305054331354,17.528858410714513,18.372516453096917,16.887706382610812,2.938210262493925,-0.00020592105433150297
2.962113759155519,18.20154629064128,18.346242877843576,18.71909512109133,2.965462742166026,-0.0007471890955743917
3.2076095057125884,18.05120863389388,17.987593713711245,18.345988360089827,3.0273534009340937,-0.0011995453161936262
2.813838711730819,17.853715180343965,18.362642641620095,18.23393662619553,3.1737471671395396,-0.0014592393383569416
2.710998281830554,17.829914410509613,17.92437593097803,18.34873466121291,2.9483373330027756,-0.001478486789934365
2.930367447711715,17.735276078947294,16.54142644773233,16.656109719203045,3.086973104727058,-0.001272204597090139
2.8846204329828655,18.19120617778981,17.28106113181275,19.08491227334664,3.0009156502566445,-0.0009088999933607798
3.007305242237295,17.447288659205842,16.704803011409027,17.224933547544165,3.117476243702848,-0.0004893154787846124
2.850712046264329,16.788954789982075,17.164798622044906,17.328042256368953,3.105608413127758,-0.00011909649983621292
2.8824071747454316,17.728703493117578,17.678507885870335,16.78108117945041,3.070107273909865,0.00011734469424128376
3.108173157040964,17.644534154150605,16.482929249192246,16.716479807853514,3.112299351147907,0.00017551370059722625
3.0322972188425235,17.572227832219706,17.506526416494598,17.748688338961216,3.026311699749149,5.817182668579901e-05
2.8451921972691574,16.8309736668902,17.29231148984564,16.306945674279966,3.1420811532917776,-0.00018946652816936022
3.12507566993888,17.58217143144448,16.433314541954555,17.381525936513086,2.713436536354875,-0.0004944470668973218
2.9930213615023358,17.169226001762087,16.307999175996333,17.131991847798165,2.9303016003301754,-0.0007762527765076496
3.2801345361203915,16.898536657902643,17.182920623442683,15.540561108386783,2.9046261165596508,-0.0009670576187841172
3.0578131335029717,16.9912814448641,16.89400879833346,16.777311813614187,3.0545102461044,-0.0010271215767671171
2.753730228157881,16.065592412078168,16.33830537497365,15.573646857821767,2.8378375420013526,-0.0009520055945240136
3.0510439164272127,15.140552918984543,17.300473835254316,16.479649711936695,3.334574231383716,-0.0007705658108254393
2.932899542014372,16.326487747882197,16.161459794554474,16.56701833423425,3.242469977882544,-0.0005350211870621829
3.1116061056784545,16.429687970350184,16.0962518049857,15.54897130469796,2.776870671778293,-0.0003062043393257264
2.8408821812467733,15.17214418280885,17.17819544612992,16.230660372631984,2.9447696240541226,-0.00013800564548533312
2.9485667790036794,15.355041920142408,16.121087466467337,16.263504050011615,2.882378395919571,-6.486646509343414e-05
3.215366136119259,15.886422357244934,16.843501199386743,15.605067408226926,2.868171954182353,-9.509829364533247e-05
2.8805107034723396,15.717254937893467,15.360690405363075,15.669044279105318,3.018279089570242,-0.00021114427361053215
3.1163805400755424,15.693576805320216,14.930442729023923,15.82271350210381,3.030449684135075,-0.00037611256522585945
2.832687508314839,14.083049168836517,15.852299580697373,14.901462221001834,3.1025643685045465,-0.0005444435163499157
2.988585584774107,16.227350890328847,15.432506918958802,14.901750206226232,3.1095547471854044,-0.0006737535643632172
3.1326320754206622,14.683293366519232,15.56283580952535,15.094924020325472,2.9764502038064236,-0.0007348709518458826
3.167644230041217,14.514127483080731,15.699192180219574,15.091403122135791,3.349276176789423,-0.0007177792597362299
2.950961398796349,14.268997659711504,14.271706116382921,14.489819321899459,3.1913820302614146,-0.0006323801955094203
2.967401597201758,13.496222507391481,14.542009704773843,13.434987301677547,3.1458177559720255,-0.0005043428939152799
2.922881029351595,14.387233894528816,14.403852648654786,15.03773890833801,3.1272731696323866,-0.00036747925771754976
3.1050109770724483,14.233864219592816,14.92510297533024,14.0513741168727,3.0020079102868085,-0.0002548043716995669
3.114958958833898,14.092792801653195,14.961259923557153,14.673625815468997,3.1742289898051346,-0.00019057226230846663
3.134638844613288,14.294846341890056,14.720143246780472,14.222136072562444,2.749517342812658,-0.00018513973532525014
2.9858588666099615,14.284068387263265,15.086083148856169,14.301711919378068,3.0272562809293246,-0.00023366089229550204
2.9687809926732296,15.448458912454893,14.218642719096335,14.504753118115309,3.0090701503852744,-0.0003185951415656527
3.039064811011232,13.79290307792451,13.724309520449001,13.045551610732439,3.0228891067076575,-0.00041508505748771564
3.061481334816185,14.471357852227593,13.830281793662623,14.960656199697242,3.173054004203088,-0.000497644591669615
3.203322337230076,13.41619691726159,14.83823722378588,12.41923793884844,2.916359714986861,-0.000546415605586207
3.0538175815904594,14.838227421181571,14.113641788380258,13.346142247290086,2.9802795278483085,-0.0005515080158382623
2.9591690648168587,13.660402033882823,13.339478825894503,14.655680207997884,3.0134979000222852,-0.0005145349560256722
3.076097622825923,13.496124863088905,14.379879238026067,13.53481580324689,3.013424405281532,-0.000447214590175958
2.910090725651379,14.789895015291915,14.282043166939609,13.621714501514745,3.200229563610634,-0.00036763522480901044
2.7167624256068814,13.171615279618019,12.556243974773162,13.924076842019192,2.678873317095703,-0.0002952968167191013
3.1085535024454796,14.187265076965042,13.602341154269146,14.081325755122975,2.8208909807582936,-0.0002462424195734839
3.1011897451492416,12.754185154527919,13.463105018492111,13.316006720552497,2.914815627868406,-0.0002294564051168869
2.780105152679933,13.44194522039882,13.31993128304582,12.874018305971854,3.073026956052239,-0.0002452951686049544
3.002792386549635,12.853956786831244,13.978827460091123,12.680626788235756,2.964782744760549,-0.00028615451755447475
2.8531609888364136,12.574918816031747,12.785165250922336,13.336537841106281,2.9843857300943086,-0.00033901582432807386
3.0155445824035416,13.586171533343437,12.262995457678336,13.465850749445174,2.980316858722898,-0.0003890871397728777
3.0641962600888406,12.768053015458028,12.966476240774968,13.42437540209818,3.0085198971923535,-0.00042355753535544224
2.834635867069447,12.710067252757415,12.564184109147392,13.925945464165554,3.1056025490697237,-0.0004345412078021794
3.034473459247975,11.658422331551177,12.848615430849279,13.220635851567486,3.198194421407868,-0.00042056576364821874
3.176802145484491,12.273270193169166,12.794541386466651,12.371980901342122,2.9576539011505103,-0.0003863697894404598
3.175016491740365,12.474192251965308,12.55846243954324,12.349352889319588,2.690886938690258,-0.0003412067596419502
2.863525379600559,12.648815303683882,11.1877926452472,11.583897936206771,2.9827926035678582,-0.00029619857041012984
2.774229850695084,13.24423481191592,12.811651857430721,11.857008625896878,3.081883535687175,-0.0002614657587712666
3.083719945468158,12.370190017477348,12.098555350764709,11.458036566131002,2.999057278180691,-0.00024375225045728
2.9484804804755647,11.870034925369879,12.383735315453677,12.202932303707298,3.0575138277204514,-0.0002450793932872481
2.915194538359873,11.209894002047184,11.239860743432521,11.837429840501036,2.8547107502061193,-0.0002626668247790212
3.006059691657471,11.716880556626458,12.240962760012684,11.934442911318095,2.950546490095757,-0.0002900286899198117
3.025174598649317,12.272845107384883,12.437251850730844,11.79102931179607,3.1393410015332246,-0.00031887571646287084
2.9825270387710665,11.168136916301155,12.275809401188633,10.814842101862814,3.805997583429816,-0.0003412898598494042
2.856983583843067,10.717334421703853,12.500759088979734,11.67799035104198,4.53680545656431,-0.00035161851990113825
2.9235885316113084,11.31105275692248,11.805320675976064,11.680568280906112,5.5678168638238565,-0.00034765191081071996
2.892273724505566,11.787874320112229,10.510800128332733,10.709720859445659,6.285287888030752,-0.0003308597502100196
3.0039279904824476,11.009895633266453,11.26435822304166,11.70051334504736,6.870102791629635,-0.00030571190040638505
2.908221880408406,10.736345623657533,11.038679414215075,10.42432343395218,7.955372428232166,-0.0002783283518927152
2.937497076983394,10.768303124797098,10.899047729560477,10.438422179076403,9.053137381117686,-0.0002548456815349993
2.9210791876640525,11.186011927383785,11.1473327608239,10.651189881735938,10.650920602880019,-0.0002399222709416284
3.1588083400100366,10.596736481552544,11.045310136189418,11.199710280887611,10.641822506047928,-0.0002357338904690876
3.026750424259957,9.67471453866408,10.655025356497262,11.222587503128278,11.813212628517702,-0.0002416611944074618
2.923433394392593,9.989638519649649,10.56396759578776,11.372842179191105,12.493584138762357,-0.00025468468902230116
3.038630372145578,10.53972503990111,10.126505474788171,10.976100831311616,12.820960488043248,-0.00027032921885753277
3.106687657014557,10.006019799531106,10.638307321014487,9.936287468861934,14.799396642217646,-0.00028388010821998985
3.0265770792193867,9.998611271281902,10.658513993940996,9.922018136243121,14.920360928539635,-0.0002915512788325431
2.9374799688102606,10.652329341056873,10.522728597752556,10.58739736196212,15.587683226544588,-0.0002913252963189649
2.843293409068159,10.524770992824655,9.999148962878888,10.528961133896384,17.499793322100988,-0.0002832896089919561
3.0640209519507646,10.429769302431195,10.221774470431946,10.396757850943846,17.974023312317613,-0.00026943120042238354
3.0600802682640706,9.6863742774595,10.0275695117007,9.639963212288471,18.526680421139936,-0.00025298696634054477
2.7354486101265687,10.121140045553412,9.303108423597216,10.224951507521999,19.83701464543923,-0.00023754672959072317
2.8395136022832546,9.523171228690401,10.306229571667746,10.217848186025158,20.28546992712096,-0.00022614878517747308
2.933801528501158,9.354438011908673,10.052678242821015,9.264014161817867,21.53541201491889,-0.00022058871514720022
2.9507663506214685,9.441886402335957,9.523056529678076,9.107054507953515,23.045389207236134,-0.00022109102171302024
2.9962689573127004,9.299046640399247,8.521650572535163,9.751648112059502,22.930479882543466,-0.0002263917662598738
3.062458634517638,9.346495600953405,9.691844098378024,9.970253346376088,23.885067957498276,-0.00023417617716406153
3.277189011863642,8.88575195058895,8.774895493117258,9.460184617867213,24.389856884968793,-0.0002417337115475725
2.9016321028671896,9.487071506764607,8.592735791812592,8.656175679144788,24.630545621950453,-0.0002466521611168915
3.1887060972275045,9.0995498054986,9.100084108552641,9.3073746058386,26.20466939344784,0.03215513728197762
3.166214603208933,8.836676128964351,9.123798397555909,8.912022023458311,26.875720852083862,0.3524080039032305
3.0974809469082207,8.822607770885833,9.078769406231139,9.017133253820807,27.811027118902633,0.8130841805706195
3.110770659799579,8.066796024411403,8.86803191348121,9.326332283637992,23.85830217971319,1.27482941534602
3.085525429390225,8.462843965327385,8.812040933090795,8.103598278655118,22.72423683616271,1.5
3.069835911860108,8.331432859722588,8.96794731788332,8.430233836026144,18.535598176641933,1.5
3.4348981472342768,8.160109391876805,8.57148335676451,8.575797092448857,16.33745521740834,1.5
3.2886393204475115,7.526068530637256,8.31081560967259,8.399772209484803,13.709446870143966,1.5
3.4043910015100356,7.208839556312861,8.367937831400301,8.564280404341421,12.618193305314577,1.5
3.5456969107064924,8.079210000250402,7.753097450094915,8.819605917358084,12.865285988021185,1.2679818256333746
4.0300192877227,7.138373340141864,8.13224035002262,8.79185938224541,11.028370158207121,0.8773409530126939
4.003536122602679,7.372185033273242,7.835915103297007,8.470679045661408,10.969439252007573,0.5354155169803513
4.03987468738223,7.228446978152096,7.552773019438527,8.727242761373239,11.159322436059142,0.32402693450676756
3.780486347951359,7.007937792646966,8.122841732902993,8.472442934515927,10.30160451563863,0.28424018746847857
4.080002149816969,7.101359271235588,7.5254905578411835,8.555584262021497,10.636925146976948,0.41109285885017055
4.041117902771241,7.10139219009235,7.6572215363708045,8.147081454660617,10.107626448279886,0.6592097111094056
4.105210172332589,6.677012600640505,7.571196465230152,7.760936661527167,10.9556380683087,0.957539410615649
3.942279875360852,6.946036987698218,7.261187084706794,7.945737816416447,10.274341704288652,1.2289886036722553
4.538451896451142,6.849942989761691,7.897384392886764,8.504742235618824,9.81678706878785,1.4097689461836613
4.255364333107586,6.405738976405948,7.604056553967856,8.024616032563102,9.040806056075029,1.4637721418002372
4.200717203115686,6.4051785043896015,7.464307046037364,8.695665985057799,8.650756760340457,1.3889245089087845
4.736457610758133,6.475430482337348,7.436412775469312,8.24020116954061,8.081736552031334,1.2147016078867006
5.308440881197267,6.615114774899393,7.476602201566064,8.759701234580744,7.809655951436824,0.9921953826671711
5.091462787182969,5.9892070654630025,7.311026262981038,8.926982574235065,8.70146603935581,0.7797969502527604
4.856032586586642,6.2732108092376455,6.975594616167379,8.682962814868537,7.993204082551302,0.6283477191342217
5.175520223578054,5.6137261857987175,6.900415000489103,9.210697442826392,8.003928569419738,0.5694113416297997
5.3126591084809025,6.073857528221051,6.932551331647547,9.453030731783393,7.934250729779296,0.609255075017409
5.2066607628574975,5.774670532930787,7.4714958049423235,8.43237763951561,7.384961252999379,0.7295215430822233
5.515912767863284,5.455610567966511,7.385357535913029,7.889930889600482,7.264381667475279,0.8938526053253738
5.121799329791614,5.573620892492002,6.527178828770802,8.291320891687413,7.371534602596446,1.0583297211672984
6.090458305580568,5.707101276033307,7.441609169898309,8.640249115700525,7.531689017920119,1.1828436218742797
6.294910604997348,5.584059738323471,6.464382904604465,8.616071291479436,6.819904105324057,1.2405339427603423
6.401017788514627,5.2844007424315125,6.94355528307318,8.937128595947879,7.325036166460708,1.223168489413995
6.683380467391109,5.104240532833178,6.69747489854761,8.952770160487272,6.3082274004554115,1.1415139498676727
6.676520500132479,5.619276977467802,6.7787088077977184,9.053794462088424,6.674091033680698,1.0210518537285098
6.629865479944378,5.021434246117613,7.159275756398963,9.276372298165395,6.239920279006821,0.8944901053542953
6.908944768051505,5.353926443975655,7.1710680772024284,9.27430993591975,6.475089989335997,0.7931690290858219
6.56669292335279,4.707716639864659,7.318786017688968,9.500145596439062,6.165310189533681,0.7395470541220618
6.185981560851319,4.66202504322845,6.562785757994286,8.638222313581268,6.2327766664045345,0.7425018529110903
5.847020740463719,5.084083186879386,6.909150021858647,8.210241192558618,6.452474578634123,0.7963494799400422
5.750601298722249,4.673867378069832,6.6673154622634,8.88433274191255,6.195179798278999,0.8834997581169615
5.621803759374196,4.758893115503554,6.508275959581227,8.760935151201672,5.831418971684879,0.9797841462786954
5.339691923865432,4.706756769514735,7.01750530510676,9.244499680480011,5.421633929820066,1.0609219594838895
5.334495187443984,4.64582639419195,7.108297470882071,9.195967093331703,6.06462411589306,1.1084469281512404
4.7309582184966805,4.593926500826236,6.8572249082449845,9.064846200534042,5.481314209444872,1.113696528322382
4.707616571278861,4.411511208400408,7.365566341091836,10.735952355274335,5.49067826661855,1.0790633092583557
4.869952780280203,4.773744828480762,6.858726746743283,9.945094332487336,5.280333995360862,1.0164450638180444
4.210285743990378,4.601930963688901,6.709254449204425,9.703740477849333,5.463156215990103,0.9435169477949628
4.2010679991466,4.308298210428317,7.583970609627809,9.208599975238183,5.66326145057552,0.8789227310333235
4.13476391818045,4.419702249278514,7.459827065297042,10.180248397791702,5.446819903152832,0.8376492052038815
3.7650417724106435,4.354092017721346,7.806328748013844,9.846679060128997,5.366384386140501,0.8276938623311103
4.042027814570635,4.504457670429203,7.813129536928544,11.235382882184416,4.989477235233762,0.8487255333452319
4.045041799089079,4.324048429787629,7.186824515364121,10.616569772104462,4.836790200354157,0.8928916554987838
3.498703664810805,4.532778867224078,7.470284144538983,11.532987451150046,4.843473376038643,0.9473887045426344
3.644643545626473,4.27126207302116,7.596708236613539,11.224546315194681,5.243344024844957,0.998015029859423
3.7125770820572916,4.145904587966599,7.491563512321678,10.839992528811957,5.049208309563473,1.032753616989547
3.538772970978811,4.527384008947926,8.023931803670427,11.095252871879197,4.902338594698383,1.0445087018566523
3.1881277109285038,4.232369241541172,8.23594143466583,11.487444476745724,4.879371042035512,1.0324037808848288
3.116225424366317,4.173730234834155,7.960893849361891,11.525844609415994,5.02766004277891,1.001451287230736
3.086573940447878,4.323363889126802,8.4546068508132,12.167704344820885,4.9587646001907375,0.9608171574114945
3.0507334004383244,4.448237635140132,8.149572996096817,11.896239662860907,4.5995741313850775,0.9212256142338167
2.9981514967011815,4.410629041280004,8.6208241568785,13.35188072555944,4.14837328411704,0.8922108987701669
3.0149306861222267,4.3865907759284815,8.657494298216923,12.894725869786301,4.571190937779322,0.8798984270137546
2.890831324517702,4.808878901052603,8.770777824282007,12.652574746009503,4.2764841117518095,0.8858097869417698
2.812396706901415,4.648632517385866,8.752465825867043,13.670397214167583,4.197963047879441,0.9068937344777812
2.9151039877814524,4.677360999135976,8.792169036411968,13.395109199321798,4.647876159928833,0.9366689120807592
2.7588979346694216,4.742796377214698,9.84232607129911,14.028188427224727,4.306135481398641,0.9671027623733357
2.720324343834083,4.991516142462569,10.340968331876208,15.293329677660713,4.233329453895099,0.9907042585441491
2.7057534570666677,4.9225748290369795,10.443276899247934,14.617347754037421,3.980687943073815,1.0023016512548815
2.556436386821401,5.1421531236035465,10.33460269948419,15.916951356417805,4.0772176857383355,1.0000996437927552
2.645888826610402,5.106358680073955,10.5398299205187,16.250755154296577,4.369953821831865,0.985821619050405
2.7689183760070946,5.349377266692525,10.775796052826909,17.61224955129287,4.491263538549384,0.9639824092830742
2.590880485187985,5.116878233844858,10.905806006969957,17.85073832542796,3.9428890000078165,0.9405447350953402
2.4657396117357258,5.208843818253627,11.321809076804394,16.83721228452488,4.116000800807784,0.9213402918880635
2.4703835696007217,5.813541664595802,12.305712708101016,18.926532435900107,3.904982840594058,0.9106605153338211
2.488015548081113,6.017603482481931,12.720831433332489,19.402548033248074,3.7811001546045375,0.9103454959036411
2.558228608256328,6.542753378993402,13.638328019282959,19.300529654812923,3.8162115616090153,0.9195496181496976
2.3432166220846518,6.727329416592222,13.400200419667787,20.025486737140536,4.1386772215276455,0.93518206190913
2.4283214169609,6.582180876645107,14.038190564986328,22.18265168898705,3.8858172113954246,0.9528559481136833
2.4620134697780993,6.426926925666529,15.356393639851424,23.765627912983952,3.70910105459326,0.9680703905698235
2.52168870433628,7.36678187344843,16.62993540928246,24.774364835976982,3.4632341915938025,0.9773170276933036
2.7281315131009207,7.820709174644287,16.66642004773692,24.884319054905937,3.7266198307836618,0.9788480165459719
2.5249244970642954,8.66869782681187,17.648444501360604,26.041744609086475,3.8515685173799525,0.9729480108367565
2.4281541067987478,9.06602493391509,20.011415213292192,29.370010979871974,3.4043656591393754,0.96168726609958
2.5319395283980106,8.951773926105266,19.839802149238956,30.815848277141214,3.3499067419756914,0.948261368941782
2.6003938328224465,9.767742942166395,21.51521279539443,30.669681410917953,3.660123138286302,0.9361145089928202
2.6465498229112696,11.115952929100946,22.364925853719797,36.021945881686285,3.445780126125718,0.9280787219680674
2.554865319233455,11.727358720679653,23.616827048325632,38.40439589237141,3.4294153376155805,0.9257373779225244
2.8756124746191887,12.125631660088182,25.93154238527447,38.92661367176566,3.3481099776810583,0.9291484250127278
2.5692037401162926,12.693482671097359,29.464221422831034,42.94045771776507,3.33791176063442,0.9369634457589215
2.733386601455794,15.291047222659017,31.524999944147208,49.12996983839701,3.33333457665308,0.9468789829977287
2.7724086434959916,15.951444690112648,33.53213166022251,51.42406381960317,3.2929506600212894,0.9562811512047097
2.7194155678445084,17.89510031024113,36.63667657018632,44.22382716870181,3.04513507813442,0.9629095753150092
2.816142089416981,21.845340340102734,41.77100617914755,32.03881538530067,3.330389059754392,0.9653771957595223
3.1058741353305868,25.812711788690308,50.98264451048923,31.111809343419814,3.0963418195959105,0.9634318988343871
2.990036507300134,29.806731194997973,44.026744477088485,25.1761210772781,3.045639606806099,0.8681794564920354
3.004318429212532,34.89378074808121,42.833777351522265,20.07299255864076,3.0078369820266184,0.5134638110898566
3.031793905750864,43.121388568194675,40.13680129541568,19.390219599205675,2.8511044177915275,0.04613872715136516
3.1397867686318204,41.215545490425654,37.46067397875185,18.766000927480075,2.8317659838813714,-0.39759946713238264
2.964882430804537,36.098054377671104,46.10203016418383,22.452357099420052,2.9085675401799747,-0.7076625149402254
2.9375377112404553,31.974619895887624,44.45209411635508,24.028077697677425,2.873194478780458,-0.8189479999718914
2.8620912577456563,25.829043671455402,52.50401232746322,25.22719697384607,2.8510146223967747,-0.721357692382112
2.965468228760825,23.817004426356405,45.84208265189638,29.23933848711378,3.0628526769821196,-0.45681282613718344
2.7885644558741,21.516843360616402,42.578014785523834,30.622848378633968,3.235712218329377,-0.10429496428302867
2.778562014007311,21.19455718626486,47.113055568077485,33.87507277812921,3.1727615793253396,0.24268299833723692
3.0210352961673843,21.865900303164715,45.27646514001284,32.01331895793677,3.2774464363626112,0.5001259590510322
2.7424809926592757,23.728088968760105,47.41892954413901,28.434256210501218,3.1163452708255286,0.6131710558091851
2.8385736737537837,26.52192649899889,52.898694513463035,25.79312104820409,2.9580113821369,0.5668927259396341
2.921115973812649,28.92810090106121,49.32775091975271,24.16519911015507,3.065987787418657,0.38644377672649755
3.0211237933092145,31.24993940798691,45.90415829976082,22.25858022238499,2.9011532332911982,0.1274315027666285
3.061459301721792,32.09045315538833,44.609666752407925,21.584975261896417,2.813825215535207,-0.14027617805327353
2.9393665903301653,33.66573858134242,45.07383252626748,22.272503851294672,3.0766201759237792,-0.35079957498894704
3.1028177620028026,29.04704446217309,49.34216454467499,23.939621865945348,2.923552603186403,-0.45793000853999843
3.143858053445197,27.436770022977523,51.94321645523484,25.308727142297876,3.0581689654468143,-0.44465451682121243
2.8341237935213908,23.743382802948425,55.03365626374118,28.331392435084336,3.1650239422071067,-0.32474369878476506
3.088457353267259,24.937043684266033,46.64967865283428,29.006826683172164,2.9232045495852264,-0.13671034932347015
2.911951938430057,24.319952584266527,47.94558296822474,31.420155297408265,2.879335286902563,0.06772451477032879
3.1280717759104877,23.550053910505248,46.63905571889147,29.427993604803977,2.900103871631346,0.23737169399226457
2.6686190399402925,25.782242435791254,52.429326852123076,30.00823528192317,3.000362706941768,0.3339833974506706
3.0226739858917364,28.181262721350148,53.19332267108183,26.616674742562278,2.878711445692701,0.3404288321607381
3.0132374159142956,28.77095240264288,49.95805501730016,26.827527583431678,2.9418183347003675,0.26301662663167447
2.927764067761859,30.24985239209153,45.50482364912931,23.251955839950178,2.876190029752649,0.1279106877702708
2.7114636223869955,30.470760680116545,47.06691375600688,23.006069761147746,2.7158429489231533,-0.02697217435597605
3.1665874645699534,32.487522847110995,46.03673634174696,23.666649796644215,2.9542381442117764,-0.16221635922230898
2.825667190326479,29.097959994692825,47.198083671916514,23.78410670056198,3.069036213972899,-0.24662990366016133
2.987924828138274,27.562057302842266,50.36313953117806,26.71156237183208,2.977091871400207,-0.2641157933764623
3.04919102346842,25.872076066534465,51.913122769840335,27.199480077869367,3.2274830246920283,-0.21626944107147228
2.82299666428123,26.635945238678865,52.59606049178409,28.858100535329232,2.97116318185815,-0.12044396480324968
3.0893563771993464,25.446537890939826,49.279713875896675,27.63087377525319,3.2404484478895768,-0.0041501955693566545
2.9881628493626384,23.96743202954224,52.112141819302664,28.271417309092026,3.082155555024801,0.10252558014829133
2.9118953757389527,27.224796092136735,53.20101415894675,29.85046601978121,3.2963825095667474,0.17446781396250668
3.036551762944351,28.702754820632688,52.79018560724676,27.050026150920154,2.9428782547726886,0.19720867077756837
3.042772690196101,28.07347063729277,53.022498982114655,26.362579222691195,3.0269027713048535,0.16951777300486925
3.057785324053977,29.015995191612234,52.892375611753984,26.09883567529669,2.784337462564231,0.10254442455768764
3.0664358231237188,27.822350793875877,48.67670300508312,26.319471842932796,2.9627741512405588,0.016022390388198547
3.0474570130391037,29.55731549807344,49.374310671539064,25.352418246789117,2.9987924645214283,-0.06728249816582174
3.043241716398897,27.38536891029934,47.78794436934941,25.570117962311123,3.184486278599438,-0.12737719174952045
3.1455959391223205,29.802898447710557,47.88716349893097,26.303084587425406,2.8206983332061877,-0.1516640987492249
3.2959408335641265,28.512136703343973,55.690202135511576,27.31495858643118,2.891604338682629,-0.13736007001658881
3.202684516395608,26.65010260551738,54.81712227316544,26.891312083119242,3.0138862651851057,-0.0913157260166586
2.9827040672369742,25.43543746891178,53.334313311009616,27.609068358122578,3.219760321943549,-0.02750634204549942
2.886914015608119,26.89306660637718,52.70365592381138,25.915612135709043,3.1304755738300054,0.036991625623971604
3.048976557731187,25.15616813656326,50.17197593553796,26.316108504728557,2.90123872874205,0.08642694386111818
2.9964584734716815,27.386817439036772,56.511483817318414,27.04359023443939,2.8706424089047147,0.1100906021464042
2.9098485649547428,27.30337198614133,52.70373504276704,24.78644296281395,3.369639246660001,0.10448093437650088
2.743448637346335,27.315331836071795,54.48727741618053,26.582907053243925,3.034683455566713,0.07352566917542429
2.9374446964333574,28.080396604022077,52.635900237866245,25.32501866458371,3.0698756720976443,0.02697672723389809
3.20094080232004,29.378983560881686,52.25652700089271,24.21779427590294,3.215384618154807,-0.02247190572633657
3.069395178229075,27.143164421920673,51.571830797469346,24.884836787984476,2.8783722125242837,-0.06253027996367205
3.09127219942976,28.082980454635493,48.29898779168097,27.163847579689026,2.9683786555581535,-0.08426776357152908
2.9128948249373807,26.576276905167298,54.00949838180381,27.35483197013798,3.0242073951415356,-0.0839925393845283
3.0576773075285733,27.084373013229573,52.81559816245499,25.8671154479959,3.001903481983209,-0.06369201128553459
2.773591976989985,27.673254017592875,51.65458611252477,26.88954907273732,2.9275055858619004,-0.030052753678765518
2.941810315543055,24.33891328845518,56.343111228434424,28.381092130987888,3.0387622416830844,0.007577347460216963
2.987554361436035,25.336369616474702,54.73571584739484,27.858858803015792,3.103205908718153,0.0396964113285461
3.1004551457221696,27.96425074648452,51.02893211471455,27.612003227644728,2.8833929853791793,0.05897417726227779
3.0664423652245896,25.102535903091674,52.70987830259191,26.261936377625,3.1020836138783556,0.06184589288692635
3.102677781615174,26.717419329951053,54.50100678769918,27.454340312569208,3.1121442894258737,0.04905058756085479
2.7872023428208554,27.616830752877608,49.29233908739842,25.958217082146895,3.0007863215852737,0.025075025369273897
3.0351127825361397,27.601752405718386,52.35109867617401,26.313642529662683,3.0155722181957607,-0.003265697034470905
3.0033556349230093,27.171464633663824,51.25598625293167,25.112855358431244,3.0669456820843286,-0.02869004537296052
3.0479452457207903,27.957235280332917,52.38725831539148,26.615332633949894,3.07602076804315,-0.045262686636788334
2.8880626977295525,27.37577837308208,51.0423103175669,26.83543338670115,3.0983755998836053,-0.0497210955018471
2.919724912153566,28.255124532206302,53.05429766177856,27.659921124594085,2.919072401372749,-0.04203580359563977
3.221574893961331,28.31283711248246,52.4805588690671,26.88893508331178,3.0116010427586954,-0.025134954370411307
2.999876067927206,28.85111973553535,55.619675531155465,27.52375860258704,3.015247240934396,-0.003933241261268268
3.13152573559716,25.480845564648973,52.720612466653066,25.552244048599167,2.9787189584647775,0.016037669711561394
3.079805983895189,25.687059777838193,54.28523513644981,26.455123829705734,3.009265560655089,0.030029128855311456
3.0626781735364976,27.244984367123905,53.67182657684804,27.02819150476158,2.740396070746753,0.0351625760901137
2.9577282805320357,24.9449287144679,55.3092125500635,26.178493481359812,3.117408286450046,0.030966527067727963
2.838314641470413,27.488270561628863,52.67202697690307,26.341643257769807,3.0304224898243652,0.019280889230951413
3.161072148439985,26.475645029040326,51.81537179998083,25.3534128301397,2.9267255649223545,0.0036071956060923904
2.9356474259564167,25.164101623160875,47.86859747440657,25.138898635799855,2.8542208505399755,-0.01188869693869957
3.0643337698981603,27.408032738598035,54.63280992019582,24.949834780471555,2.7363541353124416,-0.023448385000513924
3.0000781437251423,27.020744188620522,53.03877331992821,26.55464529621196,3.072115639906089,-0.02859985834434811
3.157138657381389,26.620960516673183,53.84945915825372,27.422690226082302,3.044044814464911,-0.02664658070526625
2.9692754723141985,26.70673305599226,51.31609247034578,26.39955871380894,2.992742975995487,-0.018681780068387006
3.006211796687163,26.603209460171797,56.51556892483439,26.6435602089451,3.0785450461302175,-0.0071659747908656216
2.988226163141252,26.694289924989178,52.98346144824557,25.783069822355547,3.026208372145856,0.0047912816733201614
2.9720000258774353,27.670362704528248,53.01153503381971,27.525520729382247,3.121442031677603,0.014244804196380285
3.041413911282388,26.14786524758982,55.290590373475005,26.402974737149602,2.938285501247125,0.019116079400028234
3.0293852518320397,29.018457729014038,50.2749103535786,25.170866776272856,3.018453452349034,0.018623284640010947
3.083826566830732,27.280477667151743,52.55970464213718,26.309280729612727,3.157985347650973,0.013358184743022503
2.8523312794909557,27.172183687177714,55.64950568834731,25.66231172977861,3.2378078883112855,0.00502206266639316
3.0188328754495437,25.884736110650795,55.9170695540681,26.5408185967122,2.999924427322336,-0.004085252802718951
2.978692354197728,28.101495191847604,55.133753836794355,26.591082298601467,3.2077236289570314,-0.011677341069289816
2.8565606601894196,28.078040053021642,55.12123125868945,24.15724066815108,2.9927495644915556,-0.016036387300651076
2.9683989593542996,26.60964636145086,50.75159480634748,27.927404670827812,2.940470538128231,-0.01638148497949795
2.9999942601808236,27.222312645775844,58.92712477526591,27.27934073976359,3.043552454713781,-0.012976759351907119
3.0507458747090506,26.88677070744407,55.170780226557774,27.124325384615442,2.9381237814251477,-0.006975744867526689
2.8010354432610827,28.474602986437393,54.46619759647502,25.88527203254501,2.91771471606215,-6.294050068037611e-05
2.8926040452562907,27.812485531825114,53.90588907615938,25.078661935865075,3.0423698619325075,0.006002504775286788
3.044642238764903,25.479779225380113,56.909935006460955,28.6774795838866,2.7786757803808397,0.009821383103683114
2.9924494485392343,29.82102609274019,49.7015977317011,26.803494582922237,3.1388312399452194,0.010663442451493275
3.0179533381251282,25.984495589915195,50.11518415462099,26.531704432571214,3.0506891894330646,0.008586607494747678
3.058942485352642,24.334498247700758,53.69559412506487,26.947098436850286,2.9091823869040123,0.004353986592627358
2.954943055845627,26.509646527356804,50.77923268947035,26.67929127249674,3.0509867155930896,-0.0008134634817626527
2.8021196116252303,26.857795659139615,48.105295955629,28.422325207071594,3.055590559924482,-0.005574063412372374
2.897199840614646,29.00763753929722,50.69821414243398,26.68526013896814,2.9133944846438733,-0.008802443716638101
3.036784750818997,28.397230673515647,56.30666526372273,25.162047635806076,3.104882590521427,-0.009844479470378326
2.851618058723204,26.92829876777564,49.82689299347291,25.350174432422214,3.123316052140546,-0.00863526896776101
2.901679363197208,28.770670021443443,52.906220361880024,26.04417602462858,3.0224764644768953,-0.005663419755139053
3.004213122188393,27.355259612836768,54.51226608100464,25.10912136275423,2.9089113543651193,-0.0018037675272542593
2.918478388464193,26.44808588133275,55.89198216795436,25.99661091107527,3.112496602146979,0.0019292656262464936
3.0600128733970897,25.05870423744222,51.02537768785736,27.997476706255767,3.1031336461452286,0.004640719389748398
3.0692657118282782,27.042193847810967,51.646593296535045,25.44398665564854,2.811659690284384,0.005762429400251661
3.0907718154292625,26.91498115142614,54.718413252181236,27.21874699623289,3.179222350465567,0.005162715984757649
2.8461137842855004,28.589276696703692,52.36331362953791,26.536056535152593,2.9602450414166523,0.003140271792926857
3.0505039223302357,27.04452025793292,52.49815362106762,26.067965010488315,3.1674342064300998,0.0003138583822027567
2.816440057399369,29.452972238661186,50.80862413427021,26.92500729193978,2.788663738022368,-0.0025562395712388423
2.8274695308326394,27.4158568603336,58.30538730092214,26.543539059179,3.0479888339880845,-0.004765590325021637
2.990148971603317,28.828660257705707,51.912135618173906,27.94289628946406,2.7798062124978333,-0.005832146521326812
3.0058151112186096,27.388780777918946,52.275900632478546,26.301446456353553,2.81502781702825,-0.005594105102576489
2.874286566630338,28.54269090627815,53.11477342399744,25.806329874746332,2.815764428551283,-0.004221285685053302
3.1054134282241272,27.57809842460143,55.12104891851376,27.542434435085593,2.9885462874318405,-0.00214481836102188
2.831025384235833,28.11958697136935,55.288767702164414,24.871501619686242,2.9940879951989388,7.060859695696444e-05
3.0561152975670813,29.23723895141562,54.49048545338748,24.30718091756375,2.9553598570935873,0.001875833221684822
2.9798409868951254,27.58004002487275,52.603940019382975,26.76813822788741,3.06879899497727,0.0028694940699794916
2.935739707888761,26.36399055078378,52.42739484299358,26.034050649892695,3.0943238787275744,0.0028827764723191253
3.026308793706163,27.34973809838606,53.29732910634549,27.292361991435158,2.97470570144796,0.0020001635802245794
2.974654062679783,26.242057187718604,52.60369734269406,25.032223605071838,3.0064030986272225,0.0005167368293611387
3.140043085609272,27.90918106046878,50.88049666888345,27.693289704528326,2.8840438504516754,-0.001152037317645986
2.979449920229178,25.32404001838552,52.28226260405094,24.754781439501738,3.0152186916831516,-0.0025819287685104907
2.8582301203941816,27.24882165461293,54.92176208503686,25.798453739236137,3.1289559245517893,-0.0034439403807777994
3.1947410104920935,26.590443809572406,53.63624724326801,28.17014811494858,2.8827898521727704,-0.00357604006582511
2.831102339977761,28.34719433426445,54.17597291150862,25.5516322310052,3.0201355429448125,-0.0030079937543154808
2.936254096873779,25.16576167245893,55.38734290074347,26.138766505029952,3.077023629610685,-0.001937356119849641
2.7770763413014783,27.584896446627944,51.811638148110646,26.330000192987466,3.2192607367792054,-0.0006667309180218601
3.171082118921622,28.671983712334722,52.12308015898414,26.6274039818021,3.219227530122154,0.0004790466043404848
3.0845235858046856,26.182894178717405,53.2811506384233,26.743346354084782,2.8011508061357127,0.0012338975751874307
2.800466093224683,28.580887673618427,54.6153793407423,26.35023301482279,3.038657184605346,0.001450110268243652
3.057230703338733,28.32090725815384,51.785342149690706,25.755671741953503,3.0449161036287067,0.001123936963592092
3.007866974804875,27.770763871902226,53.5432173209585,26.38919364408696,3.041821243319279,0.0003839215526006926
2.7435020076523897,26.013588598964034,52.97212201751122,27.612117214328276,2.9069136726460307,-0.0005519439174921826
2.8711551881004067,26.983379938278876,52.39696268237003,28.276724064418914,2.9888480936885378,-0.0014370835736106004
3.158154795625707,24.985706836389074,55.88267403344773,26.540058518549,3.0888194443542436,-0.002058837114719811
2.959277601032658,25.70262881066325,50.41952113736753,26.980555880953606,3.171389208692242,-0.002287242955117953
2.9471639002341004,26.99925956626799,56.69352197982472,27.458649878349647,3.1196724713304946,-0.00209943338815688
3.0013597799325855,26.017718547480378,54.69755387397941,26.407967087745426,3.058606676711435,-0.0015758373972243668
3.3326271759576938,29.343933131700183,52.70189592697951,27.617609045908818,3.2314570193350054,-0.0008715795297755335
3.318917962375269,28.221912918672583,57.68467399420365,27.11943058944278,3.0205840756770255,-0.00017220276029205136
2.9606739372705477,25.625460344227786,50.096045712891545,26.66078228287976,2.8847465463148185,0.0003541400981375817
2.9315114466104535,27.463522611702828,52.171887077440395,27.130772117327282,2.9378542946038437,0.0005960841526568415
2.938636594333937,26.004987245355444,56.23936230946582,27.666942564826932,3.042388837761626,0.0005211876710262782
3.0343192761806077,28.276535622493697,55.052177200208725,27.81838299711121,2.987034205670855,0.00017692748278364266
2.785645265081482,27.950777210070804,50.19168660884316,26.757932830537687,3.1545999472816666,-0.0003278397472925567
2.9326662752075396,28.580119363696703,51.96158852129891,26.6691902652667,2.8965042740086817,-0.0008547316559976533
2.9151368632709485,27.032172832117652,55.03589724573423,27.06924980568681,3.04936232895632,-0.0012720944902601871
2.9451415314156733,26.119670997775064,54.272321096939976,26.620767337403635,3.1001888016384043,-0.0014864509470780332
3.123163347924416,26.267257176064632,56.05966932183811,27.702505483435612,3.0339537395619196,-0.0014619092888206943
3.11433922653499,27.333250859804885,54.39944870253364,25.617166800761346,3.1683880099162662,-0.001223863144443161
2.9332035931377023,27.31071240632536,51.28159042823124,26.002973427547314,2.950855844830964,-0.0008474549213735496
3.0154295993472133,27.018245391477166,57.396564960618626,25.844684372778783,2.8294649338527593,-0.0004349419843716092
2.772141046422645,26.957191304442237,55.093956467275895,26.839496678333163,3.028094769261118,-8.844329823619134e-05
2.9015961614906827,27.46715734147706,50.31729600263169,27.061081141197427,2.9103264537708813,0.00011489791135171262
2.897097136070866,25.973518771976497,55.024660779226025,26.830568084534264,3.0564702749410375,0.0001395028393380496
2.9985791423290964,28.57120836172559,54.53620110721972,24.55445481589966,2.8759966136171844,-3.6184563408725657e-06
2.9253657323887987,29.817264004740004,53.13361874590667,27.245601088931636,2.8712414827861954,-0.00026361860000705903
2.9481143717791345,25.491719217241254,54.020131128094086,25.576520991613112,2.9200980976776005,-0.0005656681406763823
3.2762543504378687,27.376401485368717,54.59653435116462,27.44538470598841,3.1128465639936165,-0.0008312605350484625
2.919975733674817,27.890573052080295,52.78264288971365,26.6822334659374,3.084727416819101,-0.0009976369532259924
3.193828953887957,27.79551599141119,54.36713336052019,27.809413220057603,2.800354710750654,-0.0010316810801828523
2.8678390453746507,26.93638931943644,54.34060819058713,27.36546921500668,3.3059112254980376,-0.0009353862018329118
3.025164937894346,26.86008063496419,54.81286729737294,26.96895810628862,3.036351619499094,-0.0007423009379085824
3.171138607556972,26.446419551623762,55.34397590629906,26.27698936577313,2.876365353526194,-0.0005066071024637426
2.934071128329005,27.39521410057706,51.901923620161995,25.5206921389769,2.955347813669278,-0.0002881315068600204
3.0547583153869087,28.464735927240515,53.76304101778348,28.25530855796829,2.959848884008577,-0.00013729431582060108
3.325542700259644,26.175551319385736,52.78302003903002,27.594930690761437,3.0814480413934286,-8.36621184434447e-05
2.8622297632810647,26.435802397583814,53.86174968093025,26.06842784908978,3.1375887618068323,-0.00013057606741330766
3.0778563726091086,27.25182030045919,52.10614615852452,25.220387391586232,3.000149559511749,-0.00025663120711470435
2.8258677156311283,24.418789544193622,51.20056695716429,25.962735250564005,3.1388402851874364,-0.00042304812319198844
2.9976082027368496,25.466346840063743,52.839832985404364,26.076413336966997,2.823353423775189,-0.0005846280466005478
3.139654014693309,26.23666327416273,49.996526698367155,27.299191237711376,3.2689739235792894,-0.0007013123877526995
2.9522974726631195,27.808486763749023,54.70193916421916,26.251495831301447,3.2455269017214667,-0.000747481007336417
3.0049779724148453,26.157189556844607,54.433833191533026,27.250650749569765,2.8865920888536154,-0.0007169242806565375
3.111245742400976,25.46179421984829,50.96534574779948,26.023266826590284,2.7838789661607435,-0.0006226572432592931
2.9925020163795444,27.379962211307127,51.760992702036134,24.579520823639804,3.045812219962907,-0.0004920719205299634
3.0118453449678384,25.62430242396493,56.04249511662984,25.99187294153777,2.98734106187755,-0.00035901496665979155
2.9204551104212477,28.084820308644886,54.101277720137396,26.757261713716677,2.9923004982516286,-0.00025498718674229267
2.918673074996308,26.77602534485631,55.69734501044416,26.069131272525414,2.959380874689205,-0.00020168318066332612
2.9715030799757405,25.418256714434026,55.354378545731635,27.544539021441448,2.9867466351440464,-0.00020656934023876593
2.8042526390622897,25.735973487778505,57.65990167244048,25.278105768062776,3.0030078780361498,-0.00026231063919316235
2.9220469213477376,26.441338733300775,56.554715720609124,26.586839224065763,2.7941667990900045,-0.00034984925825993606
3.077818487910783,29.37276108879718,47.9782310184308,27.06859634758249,2.8269594434969183,-0.0004440666801353882
2.8963501945364705,27.616375205561024,55.103341576963466,26.24476335404947,2.95881383928555,-0.0005204256260850785
3.0127120227387985,26.76118852445974,55.210781873227226,24.958039941701873,3.0699989839835045,-0.0005608899551808754
2.6395338188903037,27.577017434713724,53.69365359723493,28.165504134672872,2.991288056950251,-0.0005577451149787767
2.927540318302642,26.380653863992137,53.936241765215506,27.245675414441255,2.9913401891861207,-0.0005145730097280676
2.9892371645865263,25.48390255410172,54.26691377466028,25.372283818065533,3.1343262448872347,-0.00044439281046188483
2.9930945792784485,26.28319077726831,53.52270552384227,26.903965873602544,2.9631751500635874,-0.0003656678534928751
3.056991125687148,27.179112870869172,52.923403108872414,25.709381554541974,3.002657272902886,-0.0002973368305920686
3.0050681583175236,24.9163368148144,55.843568581125396,26.79645883594439,3.061752183362972,-0.0002541636543307278
2.9435722205115176,27.571677759890203,55.64185107504172,26.592394937942952,3.3859202197301204,-0.00024350969092321522
2.802222808973908,25.846511678597917,48.91440615368439,27.228925598508983,2.873491426678581,-0.0002641894582397317
3.012875587766519,27.69548388562888,51.51104153574251,28.93873112432561,2.769958748882051,-0.00030750611500980363
3.0006373113675275,27.288276627174234,52.3109794297074,25.67222981657494,3.062610331135044,-0.000360024222826747
3.035099001497158,27.421466414747403,52.702041741868186,26.458407987690773,3.19709802057453,-0.00040725320388130084
2.9444933806154654,29.259839632079572,54.10163121678584,27.05929306534077,3.1301121500646025,-0.0004372655663450642
2.9859990886633643,26.174098518791688,53.2380024196079,27.388796878037944,3.139562102316871,-0.0004433751523684912
3.1178610292790094,26.686558995033884,53.62700183140905,27.422672390775617,3.1529414513004355,-0.00042530586096383653
3.1165295337428764,27.49919788277237,55.91110242267546,27.33907678221174,2.919881890619594,-0.00038869840688317373
2.9296629225070134,26.59229233500882,55.4194031276498,27.4887696661638,3.0155238091617993,-0.0003432204188622489
3.024536728148612,28.64939345309457,51.542771275080845,27.380583919620193,2.986011283740928,-0.0002998618479387074
2.9716230260237726,27.014776093256067,53.0792384918002,27.1187526030012,3.0334487184714396,-0.00026814502791512704
3.0125310231877944,25.738682277985593,54.50236574095592,26.318921962467076,3.0345176442068373,-0.00025393574297768345
2.929792875930994,26.088105506749027,53.3288368149646,27.435021880235098,2.7399198627192125,-0.00025833541307844845
3.306027625803341,26.04554714254393,53.15768754570415,26.06014993321713,3.0705828504882935,-0.00027782946375629855
2.882616860766006,28.062276087987126,52.38980117478882,25.638289308364484,2.9425293851695455,-0.00030554596766770264
2.890706947832839,26.434242268403406,53.276064787476415,26.72267806819528,3.0049503840210434,-0.000333221230634672
2.8981723583371086,23.889446751116807,55.03977999551207,26.881285126480567,3.1197377627450047,-0.0003533322253095048
2.926084644108834,26.302791579547407,58.35987209692458,26.466801251260804,2.9188353119605552,-0.0003608623890934664
2.950483393944656,25.494795073911337,54.424811185115416,25.58681481310781,3.065789316868692,-0.00035430315176849993
3.094063004241935,26.053600525542688,54.18803595801642,27.012288890653238,3.0226106792505534,-0.00033571429274475815
2.934575038411857,27.705562132053707,52.46968196061774,25.54066596522642,2.9506638537906964,-0.000309910713209865
3.11108744635862,26.008976026744595,53.8636327664487,27.84569088090887,3.2006786675062515,-0.000283049874658086
3.153160020299078,26.36559323867433,53.95666337732928,27.08728084667576,2.9947423679916363,-0.00026101602277606747
3.0272202536940243,28.113129758493287,54.68500292596599,29.06934890052664,3.076556351284818,-0.0002480121378127382
3.0152259457497816,28.191445259233955,53.133695437726004,27.15179704673657,3.1342451437006127,-0.00024568408303210325
2.837327023843175,26.042575103785918,56.30631837718866,26.708347004696655,2.9625415296251223,-0.00025294355658222415
2.920452784465721,26.03009127838538,55.98866179692306,27.049094263569067,2.778241364094756,-0.00026647184308155976
2.912923966789603,26.077602436668872,54.827431633782275,25.606295854780832,3.042089663259622,-0.00028172227233379585
2.928666865810032,27.312304048177587,57.42810435476658,26.68512503391671,3.036813848742908,-0.00029413385572783736
2.9874209076613383,27.63209494820121,54.5942989242711,26.718617891203767,3.1458335237532538,-0.00030024231793263756
3.3042269575767267,27.212428666642754,55.27167555860803,26.55761360966042,3.120630766462625,-0.0002984271389361935
2.9344717710885284,27.17198646526913,52.87942737940179,26.19957632575138,2.9499413849319804,-0.00028914464114168875
3.132517631589056,27.789511126763017,52.04853684682256,25.478830032581143,3.1416846531349174,-0.0002746353302335448
2.883928352040971,26.19918554869842,54.747716214340414,26.19459572828454,3.0940086224873173,-0.0002582226622352234
3.10538287155583,27.878655252559835,50.83974402150742,23.79093329336294,2.994133771521086,-0.00024340958780600958
3.139753356975387,25.545766350399393,55.797891330020754,28.12597397667263,2.858426494994107,-0.0002330103949861029
3.246674490594931,27.707219251180447,57.83951801058903,25.09270242334456,2.8686854841614053,-0.0002285260186021397
3.2084596334870015,27.364252467428788,51.63267805310933,26.932422738004302,2.9106774816848064,-0.00022989354477383325
2.9874693920797335,27.200890798711765,55.55017670195867,28.38695815096763,3.081523839286899,-0.00023563815467448796
3.1850641194033167,29.6296668615866,54.69937045711382,26.578191302405113,3.0769915841897113,-0.0002433553549499231
3.127969797824744,27.53504359797118,56.24670597859325,27.07492368336249,3.009108379068068,-0.00025037727881483426
3.207748159333204,27.830828550173084,51.334710964697955,26.436838672615718,3.0540388659514597,-0.00025444483201576726
3.0418777451754404,28.214011940221454,52.00151715509267,27.412784029283674,2.840537437772453,-0.0002542216147195669
3.134191747285543,25.43630892379456,53.50555955619314,27.269411310794776,3.0097107981507243,-0.0002495383944192065
2.9980387309587013,27.664030070892778,56.554837962925845,26.341230586529335,2.8837026535171133,-0.00024133219476023336
2.9907712683409806,28.241933877667506,53.37759583753528,27.06008749930931,3.0633746396720145,-0.00023132151652127838
3.069862886285068,25.285360835720724,53.03211215733272,26.813641384181228,3.00057787195592,-0.0002215197879332114
2.8824030547945174,26.60963807681633,53.634539224815,26.167634273753198,3.025165706799828,-0.00021371958039976505
3.1719883710668966,26.245152764919695,50.70170784884564,25.08844382563555,3.1590426244078698,-0.0002090756543235646
2.937778499112646,26.56292758118225,58.263746408641644,28.001524865745367,3.0303275532460736,-0.00020787965653087478
3.021135991954056,24.937661948589547,55.45182334192591,27.624840842721426,3.0090432846860886,-0.00020956453981495622
2.726766548538899,25.8972355031174,52.12989815504985,25.436303590175417,3.0095630252163534,-0.00021291754868264773
3.076305021066894,27.78032745932069,56.37895159440886,24.833296516291547,2.956050945694927,-0.0002164317121121736
2.955561730379186,28.135380977943374,54.830769558113346,27.173571481519474,3.038606492719594,-0.0002186982048750481
3.012638687008151,27.072981449638874,51.22489946704275,25.48213654008593,3.129567273287824,-0.00021874052867318003
3.1004839142723375,25.300188734764955,53.975910795188824,28.475122305431853,3.015075072632029,-0.00021621428093037299
3.0021739106802388,26.3003972973115,53.52883174238224,25.64102555503978,3.052301298962605,-0.00021143564924847307
2.991665014886833,28.744649575125365,53.51356617573542,26.2045113848332,3.177748437765073,-0.0002052466698131813
2.9315043921667963,26.843227755283582,52.23149834086083,26.629511608414404,2.829286064276747,-0.0001987643067127517
2.9254220073588293,25.21108645882103,54.50848586282593,27.597705663682323,3.1634406878993544,-0.00019308456562777264
3.112934156888631,26.82468269206969,54.265229255902284,26.975629100853293,3.0147800869028427,-0.00018901757312185668
3.2795799894576003,27.159285580732924,52.28178951958112,26.06700644702281,2.885972575299871,-0.00018691537900435333
3.1292031847099486,26.54649439775845,56.20746761637247,26.961562554670714,3.3462907933129302,-0.000186626278758816
2.843714381595048,26.362438047411377,52.78808475024531,27.306361769031096,3.0849872690664175,-0.00018757571147379166
3.111558542840752,26.514065952164103,55.72023965950549,28.03031798610751,2.766200174084826,-0.00018894298277122014
2.795130342919917,26.31822373686536,52.20940270448583,27.240393022488625,2.8245464667263724,-0.00018988243357878545
3.0985402311984784,27.11467021638087,52.76196479220541,26.645962647039433,2.8434700678703977,-0.00018973135103410283
2.912752994080879,26.924280220899366,55.39658282076908,27.689409857303275,2.8302120587598343,-0.00018815518792110317
2.887383410964686,24.92349374565504,53.651928906168834,25.18519976601783,2.842380682751393,-0.00018520023336856354
2.685431556980162,25.156612204800915,56.692416337996605,25.161095088588148,2.9188797266956152,-0.0001812490087909685
2.9826615656393707,26.73369306371023,52.14438129372062,25.89801573605163,3.0397729288508293,-0.0001768977455216721
2.699435346487197,29.440342143157405,53.279278112203244,26.915721253671283,3.136573398096797,-0.00017279256988680936
2.829236681594032,27.34240207582497,51.509385033762,27.12792325284611,2.9745415252569454,-0.0001694678672571087
2.820115542478925,27.07688709174582,53.77833488248443,26.75815734569823,3.127347968716694,-0.00016722596650005443
3.1602632670529296,27.509545903375336,52.77700240084422,27.346228162634876,3.014170439527949,-0.00016608381015645763
2.8867377706120236,27.29634180257544,51.354713940706624,27.36224358099833,2.948635919875309,-0.00016579373192350663
3.0055353096940283,25.63737808627632,53.64930714245827,27.881142986704337,3.0818591113074736,-0.0001659268073822152
3.1199276991737372,26.54709491536438,51.89566964787937,26.211801000920925,2.823222212087163,-0.00016599302570012765
2.897538917103394,28.910204912612674,53.21108142051048,27.95195402910379,2.9240734216826914,-0.00016556582179604512
3.0449882264208448,26.635004845926186,55.43031789061914,27.991727132333445,3.022681533905515,-0.00016438028437390785
3.062615714396196,26.349580117293474,53.04525490812179,26.256864854571564,2.870631646052556,-0.00016238344330173155
3.0418847281383203,26.963734733715444,52.87723413552724,27.056682787826695,3.084774324365409,-0.00015972858846305832
3.1119672811944477,26.74140298217273,53.38828737405746,26.70980630510565,2.8553124111727883,-0.00015671989510543792
3.1401521961142866,27.691884247930513,56.14930734239504,27.7261087075869,3.0328498692133663,-0.00015372517441487998
2.934506769549931,26.970374568044196,55.576644074352586,28.476985570162626,3.0560865289603423,-0.00015108076614922425
3.0361458606365175,27.44335509184914,56.176591651636734,27.941465069649247,2.9095460415017045,-0.0001490124039406179
2.9854498257271187,26.301798052272392,52.04572915128577,26.665923853854206,2.883265500972164,-0.0001475899127507151
3.0589866196110687,26.931411672302076,50.51111498684446,27.02594157974054,3.10928477290447,-0.0001467238053929186
2.8939265804533774,26.946243676820526,54.4600250353144,24.86011943980863,3.1409202007638215,-0.00014620094343684249
3.0939052159067053,29.38431036555995,52.318968189068954,27.15942106203577,3.0540091102241234,-0.00014574717002023032
2.8362878530979847,27.127117646336096,52.47910239606734,27.421298339086604,3.090542672312997,-0.00014509931615025985
2.891965825677171,26.987978268290824,51.744545011742,26.476358593077244,3.349077284792861,-0.00014406823937434136
2.8614063483493277,26.711516300988595,51.01966218517895,26.800677043163425,2.8382611973420713,-0.00014257833870769113
2.88576130001032,26.284851863321112,56.18680440013386,27.339717758918688,3.0103635450440573,-0.00014067598742626832
3.1187107818155484,27.356919164564804,52.694973520164034,27.177352712442385,2.887202462192009,-0.0001385075477748189
3.0656645634023736,26.901875237772813,51.520545783674656,26.89296107581885,3.0156142724773196,-0.00013627497750992094
2.8839861983151867,28.12939708104105,48.927307089234326,25.815849648052883,2.9433360217174145,-0.00013418178847450352
2.901706523862621,27.155754023490864,50.37240372885034,25.54962729629144,3.0898508349474354,-0.00013238335170824382
3.0377567172680995,28.917279679611468,49.38214370051256,28.036751501942685,3.0047437779431494,-0.00013095326156249226
2.9077159169165827,26.859262716325972,48.043256503278144,25.33067434440892,2.831974104945241,-0.00012987253933170734
3.0362053931599253,26.73758842645131,53.78296946610695,27.1076851319486,3.1434795517125647,-0.00012904230773473494
3.027143411421292,26.759014782430967,51.730647133390576,26.500270375317907,2.9211059270104234,-0.00012831479991070135
3.1405418381258006,25.690313750315095,49.87678507572153,25.73044895074889,2.794561364033145,-0.0001275335549214743
2.980364604626577,25.488718321068788,49.35414104245116,25.461912697816725,2.9718128891442084,-0.00012657221545710494
2.937386741342874,25.090295137986768,48.18089359303087,27.12056171241561,2.8780397304598444,-0.00012536260907510205
2.994314685579534,27.856523895615414,54.02511303692847,25.797716881402913,3.0021345715988144,-0.00012390621669645593
3.00132242109361,27.041689916784854,48.21102710889441,28.859109064831586,2.987734051211613,-0.0001222676894900663
3.058825559814364,26.55791597238614,49.820056534441576,28.099061157190825,2.933169920484484,-0.00012055356156929746
3.030882897585368,27.328950615844448,49.22467803380522,27.7164893677194,3.101058803099292,-0.00011888263174217922
2.831032475192755,24.418089608821333,49.222086557369074,27.06159268444009,2.771272003354062,-0.00011735595065075948
2.984233942080716,27.634000485559774,51.163722082135635,26.596519394242847,2.7358912533399486,-0.00011603375032252864
3.1059572631015606,27.21417454066679,51.016284999491226,27.34752533736117,2.7905127209460745,-0.00011492432336874411
2.974767453262467,28.573368903297602,48.851056266650396,26.25415186314063,2.7456065349207694,-0.00011398651373863638
2.82312790529976,26.452727229342294,50.12426382035422,26.835220066712413,2.7941438143997717,-0.00011314402233315044
3.004958496161824,27.007412432945085,51.95441036895924,27.847750632244853,3.023857417925457,-0.00011230701418494973
3.0009634817923145,26.863773625722988,46.68006678602498,25.894105162976214,3.030777095199884,-0.00011139513118310735
2.9325184761980143,29.037348032132464,51.26832515326622,25.977867331429774,3.1920124882481504,-0.00011035618695783597
2.9920951691019892,25.711638473362562,50.38525955133176,26.03160244920771,3.0195277116209907,-0.00010917637302636544
2.9265407307241365,26.750978384872717,45.983890268168345,25.390122729818046,3.067814115574879,-0.00010788023418543357
2.879894576247464,26.68057139325042,49.91666586660754,26.783520553719143,3.014889723233714,-0.00010652131345049122
3.0653033276688513,28.860305969757942,49.91248574799806,28.640880557743706,3.0130619614027454,-0.00010516655925272165
3.0327386677007033,26.418648790081388,48.453958271469055,28.86299037775299,3.107012675657636,-0.00010387883330096732
3.2066555739342695,28.434638435918924,49.570685407189615,26.09801552470239,2.9758865100893863,-0.0001027019427540522
2.862163710390705,29.00894663353669,50.753595458281225,27.44755790034541,2.978937228372394,-0.00010165161747810739
3.2027725349181098,26.054152535967365,48.93631943948328,25.92093565473628,3.066001795450298,-0.0001007141086470939
2.8623371864211267,27.668630624207083,51.35848349943561,26.741832259918667,3.0540611229476884,-9.985208347615983e-05
2.8426917273801235,24.831904219370475,50.84906599700403,25.92672067351601,3.1046435425897525,-9.901574360813743e-05
3.0524898662924334,27.678276548451997,50.513570753116824,26.753455281288222,2.8981939695989296,-9.815600532983605e-05
3.1417277367894076,27.74626830472436,48.177352319548945,30.199503729445077,2.9467850046284423,-9.723635401950043e-05
2.9850295837098044,25.36935181177658,45.08511468786257,26.401025120052623,3.0384091266906745,-9.624060406750485e-05
2.9327323268754997,26.936702368633327,47.183918334075734,25.85617961881225,2.9323531213092995,-9.517503404821112e-05
2.869600222210466,26.093032655627184,53.349978087481794,26.230458264075242,3.0679266639439775,-9.406486900632712e-05
2.9020198576720144,26.467067890697162,47.35532070900096,30.15575776915449,2.893460367922873,-9.294646010948088e-05
2.9724627485732444,26.900120710166185,50.052952240292925,29.104649253705674,3.005598510375522,-9.185744102920599e-05
3.159865583233114,26.91034674801305,46.27891210321511,28.45968455048912,3.1254146830942444,-9.08274328733642e-05
2.971726742568117,26.573708921561355,43.40364897869211,26.883880734267567,3.055775584255554,-8.98715115390859e-05
2.8601917759860833,27.3848846018049,46.41347649798737,25.58484892742345,2.8044286367956617,-8.898778579302549e-05
3.183498994450668,28.02700396362619,47.98346737598511,28.05010588126064,2.8987458481187827,-8.815931621941576e-05
3.0020137682850105,26.389846015248786,43.48148145673637,27.18213348169707,3.0904770345161032,-8.735952831211414e-05
2.861358823782105,28.326719894543388,48.70240805942768,25.733085858478223,3.195568326244163,-8.655949708302964e-05
2.8489786421451315,26.95157782372701,48.63740864815927,27.9513351945329,3.1368386576842426,-8.573516735189755e-05
2.926062583664389,27.15359629682414,45.25089947586452,26.842773318586744,2.7177618656082556,-8.487275797541069e-05
2.9653164542090855,26.156398840887313,50.60235477606252,27.8347622623614,2.8751126557089384,-8.397119389495828e-05
2.8932830150726683,26.72666042261188,42.72842840847793,28.323977201899194,2.963238066925736,-8.304123390908845e-05
3.081025720623709,26.22500598522328,48.283853867964346,25.515335879650344,3.0217070546762836,-8.210179534762376e-05
3.0545558186146122,26.1327763257035,44.578077043483844,27.469031602463442,2.971419067782207,-8.117461514989312e-05
2.942331483155042,29.055757799992048,47.36006857399276,25.413323642366333,3.111008057906179,-8.027869154092495e-05
3.1322669400131384,26.21520464444107,46.151592480516406,26.056864856094283,3.1897966082119424,-7.942587839818719e-05
3.282223941145721,25.905586262992507,46.088404056727626,27.088065788710686,3.191135896262418,-7.861860321052184e-05
2.802989313550463,27.169964112556265,49.38833781045118,26.998920587338574,2.9957424878525254,-7.785007883396055e-05
2.759003758909523,27.666657327697017,44.91903056037645,24.993157158565914,2.837776217817083,-7.710673908296973e-05
3.023519353215862,26.541726204425267,49.98808267749824,25.978962687043882,2.8916214385314176,-7.637211121748087e-05
3.0770198273573675,25.443227907505918,46.42225247361127,26.4254273342991,2.8921762292783533,-7.563105744553843e-05
3.0445311687933088,25.633209707341578,47.69201525924766,26.62971746762178,2.8871333548511986,-7.487332089768573e-05
2.9774965278557253,27.99272534279961,43.44312574177227,25.922926650867346,2.976803405626999,-7.40955743110933e-05
2.95260265592318,27.484727880216195,47.93684764373115,27.31564652856378,2.8982956875917356,-7.330160359541544e-05
2.8668428255992766,26.390136844748543,44.07862820763798,25.55871728294574,2.777561242568,-7.250074455762241e-05
3.1224853269528143,25.167583018936035,46.25275868704001,27.27847644726641,3.089762673254698,-7.170510611643478e-05
3.091359919964374,26.91514113186457,43.184359663259116,25.51227598168622,3.022992332255412,-7.092636151159432e-05
2.931526535045295,27.690265709282517,41.96525843162913,28.762970354076348,3.050778288720979,-7.017292648041815e-05
2.8778689496337924,27.468668117733042,45.83853868805806,27.960645343186535,3.1312196259613962,-6.944817666166004e-05
2.9318915458360206,28.40456655492544,45.72129046860349,28.0478956028273,3.0956159589038377,-6.875004759667819e-05
2.8138024004352813,28.043987871081757,44.29594275598346,28.95355404273285,3.031754642928458,-6.807199372587804e-05
2.968240333391997,26.271980873701327,44.266805255969665,27.34290732333105,2.793553217623537,-6.740495415795007e-05
3.0381888158352126,25.13840714137009,43.776817205532964,26.478398161356193,3.071807772556259,-6.673975891167156e-05
2.8313537855398865,27.459364289120106,46.07451173182504,24.165697371190568,2.991519879449807,-6.606935124438444e-05
2.8575911086294363,26.55571200836748,44.81139119927564,23.542512702195797,3.0148335889900526,-6.539030202518027e-05
2.9711546751147293,25.39569044277332,43.14068869970487,27.216670673860797,2.8919673187341584,-6.47033092188995e-05
3.0941380052400924,25.993081639274752,43.908785320212374,27.030861716603802,3.0547784573736956,-6.401264931045472e-05
2.923825193157043,27.030515704408693,40.89790242751594,26.758326111714382,2.978840955436669,-6.332480623766759e-05
2.8947691931304678,25.82963116806503,43.80804171635007,25.239107534815783,2.8850111374828202,-6.264668326382963e-05
3.0248899080959815,26.037207860508047,45.61417276235811,27.362720581603604,2.812458152738504,-6.198386918685332e-05
3.0658116237185267,23.56957896321751,39.87436634486767,27.739497627524237,2.752084541267252,-6.133937634992664e-05
2.9133731010908526,26.136701075487245,44.328234577504574,26.21396332531375,2.933158691078482,-6.071311585480475e-05
3.0551421449905503,26.210663908812595,43.15647209938005,25.789949896896005,3.1450379798987744,-6.0102173482969894e-05
3.060579471286904,28.561213214701873,42.57015147884396,27.168804365795356,2.9613143201539627,-5.950174937799214e-05
3.0773323137697464,26.95183495286095,44.76228317457484,27.331785096236555,2.9201963097455748,-5.8906474371142134e-05
3.036148157414241,28.239620503558847,42.797517386888195,25.92553203990184,2.7741603939288155,-5.8311750040179885e-05
2.9159730869378944,26.165558381912785,44.80542766699719,27.289783463211712,3.0651144789893383,-5.771478437905545e-05
2.919215934318948,26.77318637291016,44.87672821834097,27.024574692441035,2.8627539738546957,-5.711509731258441e-05
2.7373192706881024,27.069929852497285,44.47349407318907,27.98638793996594,3.115016282315432,-5.651441973159153e-05
3.012245689725244,28.476220362093063,41.15500731636313,27.05010714976511,3.036370667765761,-5.591606338317159e-05
3.0760503716912755,27.268758365024457,43.923462039934755,28.565235459601,2.987347206572768,-5.532396158528362e-05
2.943528229074743,30.04970761839774,44.41885073380412,26.28008803385696,3.1887502790017628,-5.474164241415622e-05
2.8974688816194916,25.99260131766802,44.69986465736558,27.574038038582085,3.2692632592991493,-5.417139054304806e-05
3.1474202480099214,27.151110789362026,43.70367103731202,28.374172339857374,2.972196401161547,-5.361378508384892e-05
2.9863408659836286,26.000836848387266,43.12069717228594,27.954308763912803,3.1061237022305592,-5.306769300387496e-05
3.1142044228701233,27.01358937278665,45.67968818682991,25.667451159242493,2.9157620380875784,-5.253067986681324e-05
2.866774670157574,26.737091034736228,40.6777170106984,27.586795642773218,3.076642655196535,-5.199970157019555e-05
2.929382450851061,26.319917127925986,41.02440452495252,24.801264346598096,2.8959326813921256,-5.147188390328081e-05
3.0665718559918878,27.236185058743157,40.85439636066258,24.95316677778636,2.7652394313401865,-5.094519312393283e-05
3.1347206372125105,24.411747144404234,41.36958550353529,27.97972889475926,2.9486456169059627,-5.04188432459204e-05
3.0827969949578486,25.317288930122913,41.87722646119764,27.601875511015717,2.9420945028910412,-4.989336430912451e-05
2.8756776637328563,27.927207008210523,41.87851099916594,26.559048525307116,2.988673789950151,-4.937034474564729e-05
2.881467603401165,28.251569037918827,41.67250972741385,27.99081887280677,2.8930455088540556,-4.885193874757277e-05
3.106906256675651,27.422131395306423,41.70351373168408,28.075233769690083,2.832357865222234,-4.8340278942664236e-05
2.9492219878799877,26.57457594784739,40.864792114054936,25.48016813631875,2.906422057530139,-4.7836946291368704e-05
3.185251592710845,27.5814314226867,42.79551401652808,28.272184383790123,2.936673281097589,-4.734262025103522e-05
2.864950550445728,27.491847884212042,40.96912542689667,26.01085297027903,3.280009141595288,-4.685697928641186e-05
2.800461871971381,25.031065535459383,43.419474120271204,27.703485103322162,3.1240083563083796,-4.637885367064719e-05
2.8448105386438964,27.447261405548815,44.09943418642431,27.466327346735056,3.0789684928472716,-4.590657151426463e-05
3.0990847318715358,27.143923013894902,42.89592270873319,25.330203964018644,3.254538234858323,-4.5438396852948094e-05
3.096519091563867,27.430646694036295,39.150674662791694,27.521838288608564,2.927756669104788,-4.497294511759951e-05
3.068391454071002,27.594900874166466,39.829347712846825,25.333076152100134,3.1699755714858777,-4.4509477083479185e-05
2.9203216776854015,28.23519475864802,41.83496605018883,24.30080177865725,2.908010587330147,-4.404800994437158e-05
2.9622990163804563,26.52601740965924,41.99420771330741,26.545773566098966,2.96320367594329,-4.3589234884581246e-05
2.8798819427121223,26.17013610414904,42.16784824671769,27.329997700359865,3.218609239939309,-4.313427802952619e-05
2.9904524701288175,27.84599980211746,38.79054450073959,26.182634758454906,2.9181423377853113,-4.2684376499613394e-05
2.887459270480153,26.626137123487663,38.86644075599158,27.149077946103777,2.8734348318094836,-4.2240555933195145e-05
3.1624109792018635,26.560413903690456,42.35897455346558,26.16213570325309,3.022389320444573,-4.180338771271287e-05
3.04357800318094,26.847900097315367,41.41006758199021,29.383599917983126,2.828417449883528,-4.1372878232190804e-05
2.908007484719913,28.026195627799925,42.317263111628684,27.22290284446219,3.033562072464127,-4.094850518135336e-05
3.031001389108833,25.76015989728261,39.9417185083466,27.58181284000807,2.993842795102952,-4.0529379723882943e-05
2.954412006263739,25.754972780801406,41.54286150852626,26.214152841642292,3.1741881085888446,-4.011448359819946e-05
2.874491940970661,27.31608907047456,39.89964283420288,27.33244528394544,2.8976736374753425,-3.9702917096096805e-05
2.8270054747074433,26.51757637820784,36.859910985458626,26.351811314828378,3.030328023506475,-3.92940968662383e-05
3.010828477965137,26.336430765129297,40.2074846128608,27.158121024359644,2.939165011968486,-3.888785921364219e-05
2.9919670212306735,27.503572069422273,40.09479361335072,28.62119611917982,2.9097520696779986,-3.848445267190272e-05
3.221427885656562,27.426642241085688,39.08805394073974,26.195098243615448,2.9770027333939852,-3.808443086748471e-05
3.149585792255179,25.01982784158825,38.354270815754866,28.295474927922672,3.1106831354825815,-3.7688480694836646e-05
2.9794022268661764,26.539944901067706,39.58819607978386,24.995587764013667,3.0214298818893885,-3.7297232935002516e-05
2.8150628773577338,26.719100274645072,39.31678453197767,27.45640525438967,2.7691602307607224,-3.6911103627536774e-05
2.831028999324436,28.189233166714587,39.307435290238885,26.53302764917812,2.9107856231706206,-3.653020122050654e-05
2.913790227098802,27.863349630506217,41.02381170051988,27.449038171951184,3.1121718728494066,-3.615431730755353e-05
3.1460238205009228,26.742087728307837,39.113195251420876,25.908606285911468,3.220887974309738,-3.578299485496923e-05
3.038675526453738,25.389102192866662,38.69456851214113,25.97340649380243,2.972322975634703,-3.541565129918921e-05
2.9481918799562683,26.015819003112657,38.175581366512475,38.67322467553903,3.0105204108600963,-3.505172160696758e-05
2.9233120163772055,26.080622037927125,38.81493720805974,36.15470286721357,2.8994728505407603,-3.4690784594093594e-05
2.9079938008388684,26.420738542635497,38.571037273789315,37.00049637630758,2.9107021363782044,-3.433264321767049e-05
2.9658355188599077,26.145149143670075,36.980710737935915,37.793091357055665,3.2208011954457803,-3.397734354078607e-05
2.8896141657390793,26.16080334776858,38.82748754285699,38.06259817766023,2.9204714617233725,-3.3625132842551206e-05
2.987205426300563,24.741477863064453,38.62119061351902,36.84646554774004,2.9656700761143773,-3.327637269281405e-05
2.798065772148339,27.37129567150042,38.739918221116156,38.88099831442365,3.1479423311737555,-3.293143170217221e-05
2.859480268333723,25.150328295791237,37.422708229483696,37.04184360349582,3.1293759372334775,-3.259058629021625e-05
3.0468914661869726,26.69658117526852,38.48606398420531,36.69982766642736,2.912066602218793,-3.2253952359111695e-05
2.9252235129687105,26.550056978757105,37.56660502805904,38.28295281169592,3.0958268984950856,-3.1921462278931296e-05
2.857345859154127,26.46882224325041,40.66612900873091,37.250288831043896,3.013813434223384,-3.1592888651700266e-05
3.0251565101734217,25.367157435375248,38.284701588179225,40.029894678766006,2.9872165038026317,-3.1267904918898296e-05
2.788245546428433,27.450777151165646,36.878504649793925,37.63553922009583,2.936706111323696,-3.09461648209157e-05
2.9877772415406714,27.640977204656153,35.27618185872589,40.44700078182885,3.158485338278338,-3.0627379872340333e-05
3.0061169456291066,25.177791252739723,36.84568654129957,38.42916161679291,3.002470895192322,-3.031137608815947e-05
2.9685658653013127,27.45657999901134,38.18524467196788,36.958285015408876,3.1144554818152725,-2.999811794504405e-05
2.9643540436859226,24.289724881669308,36.067547951544604,37.12750471720107,2.772438845893425,-2.968769665934955e-05
2.8589775565659536,24.978957592240036,36.281909215335226,36.50204686562535,3.014464635037906,-2.9380288770166734e-05
3.1526445925492195,28.25628558917961,36.82390191056575,39.170032063234714,3.1603771046702978,-2.9076097656856733e-05
2.922025190119108,26.22462555169437,36.6600464862513,38.37953795294647,3.1541375164005174,-2.877529364738561e-05
2.890769671540836,25.73775506939038,36.21979122266318,32.523897626837744,2.9951578695169787,-2.847796751116521e-05
2.967242205514635,27.783761504572567,37.801400669091066,34.05202320681573,3.0138437378661753,-2.8184107524224137e-05
3.179488423706141,26.072542586763575,33.013384308744705,37.987823288895285,2.9424364407333448,-2.7893603570907584e-05
2.9692790221483776,26.653772971204678,34.803949778942936,34.53704726949166,3.2292024583992864,-2.760627476536557e-05
3.171416059535176,26.222318237821547,35.481376735845934,37.32978870134456,2.9718440019375776,-2.7321912116899132e-05
2.824496429840888,25.763170637777012,37.72548320853168,37.37990046159722,3.014769762534293,-2.704032425611456e-05
2.925445872139272,28.339955615311528,37.47974896223102,37.00801567812636,2.960597617335237,-2.676137500711039e-05
3.2347996440194797,28.507195669417815,36.12467783356106,37.370249233934736,2.979407099718338,-2.6485004497308248e-05
3.097946096376324,27.68610785206785,37.85133242227815,34.33810384305694,3.003406249131763,-2.6211229541738268e-05
3.0791294049315887,28.120459500164177,36.30954123035272,36.688659820660654,2.9386200130198303,-2.5940125743224243e-05
3.0666497324742266,26.79429830342437,36.44907317321106,36.89745696521818,2.97052217030197,-2.5671796825696658e-05
2.909188030427767,26.48569095307841,37.85413346767752,35.12796595805034,3.128239357559936,-2.5406339898701795e-05
2.748637855421874,26.688433616842,34.49731950375982,36.729339719373684,3.081183809749398,-2.5143815221138614e-05
3.0224163539252418,27.506981641043634,36.255713731547,33.93859318062213,3.1465210599400812,-2.488422806811779e-05
3.027581009647205,27.485045828440114,34.30212226074119,35.34286801768385,2.9595348376204327,-2.4627525300434285e-05
3.049050390945335,25.68122821647723,34.23762677229311,33.69633308136363,2.996991056370488,-2.43736065311646e-05
3.070960579776741,25.646885749370963,33.618132237268824,36.01379000905979,2.9810757119904574,-2.4122346147288005e-05
2.9999125916698293,26.148179544309418,33.42689285218509,33.4130210946538,2.92093657801556,-2.387361930404197e-05
2.88774541954599,26.73055554119805,34.97213312687293,35.36942250743063,3.163641158986152,-2.3627325758757266e-05
2.961242084072035,26.761841475605944,30.543233830680528,35.1888232977603,2.785637394520883,-2.338340544662424e-05
2.856168771126013,25.592478795681643,34.198076281595036,34.12177778663734,3.0772083406990274,-2.3141843372269886e-05
3.258589709969309,25.87447495963606,33.13182146758706,33.7113636659376,3.0358836563962797,-2.2902662770986363e-05
2.95786310968618,27.42986015717214,32.953011791205604,33.28789554426134,2.990338076177,-2.26659099163222e-05
3.050330943776431,27.215739807905845,33.24878043900331,32.57283513504433,2.995102583467591,-2.2431634551433834e-05
2.951506985440721,27.3735409105979,34.68098136097599,33.747289401778964,2.803219093455664,-2.2199871265670035e-05
2.949662454564806,26.57325530797358,32.19342407785528,33.75602594996185,2.9939385564973504,-2.197062638716293e-05
2.814523082905569,28.81499670945468,34.38239265519739,34.49263628988378,2.8847660938382464,-2.1743872727574722e-05
3.0918553747687207,27.05340503577311,34.95612795101112,33.529008670679325,3.063840934879133,-2.151955324790602e-05
3.1306746953179507,26.396686777670787,34.00547712279486,31.696649352939257,2.990285778921212,-2.129759165819472e-05
2.896786747512442,26.47751640101611,35.114438260817366,32.772934082110396,2.677036554016499,-2.1077906679050166e-05
2.8657438468460863,26.601219084251316,34.47792091541725,34.69950469399986,2.861416543489196,-2.0860426516401658e-05
3.0594957240875216,26.52109001628832,34.24592393241506,33.93700548047089,3.0421214100233693,-2.0645099789233086e-05
3.0679473269210824,27.956164867763974,33.21324771586654,34.54545631111169,3.050704742385386,-2.043190047909983e-05
2.9645855044676495,26.909941089707647,34.71646866140952,35.435505086479054,3.1268789071132277,-2.0220826470494726e-05
2.871434519991228,26.267123188746275,33.60103903020701,34.30967699504794,2.7713574817914752,-2.0011892448067014e-05
2.947231466991986,27.949910057067928,31.932855967104132,31.4904349561807,2.909747023972015,-1.9805119210853463e-05
3.0748092224587653,28.168549475876887,34.70849867723914,31.006407774714553,2.9291145922654915,-1.9600522846687422e-05
3.1909461053161374,27.044325041259977,34.90112481161673,30.529523591184798,3.0819466041836305,-1.9398105535857745e-05
3.2838941394081944,25.615851475680113,32.25650289408123,31.779074163361752,2.9914714141320777,-1.9197851190643156e-05
3.099425087569196,27.28410364794033,32.38899165924027,31.058165351694562,3.1402111510918678,-1.8999725460255507e-05
3.1577496838091332,25.259360891229164,31.920937765963348,31.002929915228417,2.9554823635917296,-1.880368054696036e-05
3.301445453378103,27.176764190570122,32.9487673198367,32.141797715827735,2.979782617408158,-1.8609662788581306e-05
3.013814533187959,26.867674192639978,33.70827772434973,32.11150365213343,3.033851027448989,-1.841762123008097e-05
3.065264638181565,27.480490347375234,29.73832932344138,31.831595582152037,2.8882706561014864,-1.822751458192619e-05
2.935275870687458,24.76188071450366,34.0262112219595,33.67946519528199,2.9939693225662825,-1.8039315456278776e-05
2.911012483134354,25.55392008340744,30.402089799671717,31.343849357297543,3.206785991800163,-1.7853010861940084e-05
2.7338238016615124,28.03942684136627,32.55344340566552,32.81977621071781,3.005107068875492,-1.7668599149707737e-05
3.204961752167081,25.005556272949786,30.970598870791616,32.5027239713592,2.948262766038241,-1.7486084530035022e-05
3.147920931540981,28.371731827335996,31.00039981127063,32.49685712388228,3.1342547572373305,-1.7305470832538286e-05
3.035776071449898,27.285453490535946,34.28464809482447,29.741203679899797,2.8511747991253538,-1.712675571449543e-05
2.9479188027264973,26.394621029483538,31.12315317342637,30.360854883877018,3.010175546180413,-1.694992720246094e-05
3.169195369657965,25.084131202163977,34.1974974877448,31.43645765895305,2.8314278081553304,-1.6774962654750435e-05
2.91851916261589,25.15500314932331,29.450110531202583,34.30124924412325,3.2291362637089165,-1.6601830608814797e-05
2.7409946884823655,28.53525288924228,31.177244021213824,29.700177067095268,3.0088234649168633,-1.64304946678979e-05
2.8761395233870948,28.57221064377997,31.073308787698647,30.262333077375594,3.0119725186615955,-1.6260918198431313e-05
3.1546237144607447,27.42163946253706,32.091835286968454,31.53150349332122,3.1384998567123183,-1.6093068862798534e-05
3.110282666929469,27.713462024369633,31.342738184345958,31.223574351233317,3.056640936281966,-1.5926921769732018e-05
2.7957884202773773,26.885411478451232,31.016302683721644,29.006008547801958,2.9737452247564704,-1.5762460220480278e-05
3.128235982283176,27.590313869632848,32.059651579166655,29.43112904073143,3.1744035957625276,-1.559967495779339e-05
2.951143747404416,27.844226622612233,32.430371044398925,30.808157160968346,2.8820219116344505,-1.5438561403981087e-05
3.0303634586668338,26.631325940171546,32.575948122107654,30.105222990126315,3.005667636380249,-1.527911605695025e-05
3.079109814446919,26.29679497479724,27.90991931560801,32.030651597362706,3.003171842417414,-1.5121333101173365e-05
2.9699961044305874,27.011490117585193,31.165847490790856,30.43189257285105,3.109714018388069,-1.4965201868996491e-05
2.966230303847032,26.368557574476714,29.11009952333934,31.016190786026765,2.878346687737521,-1.481070566123256e-05
3.165745749705507,23.990395251437473,30.928836730229182,29.550048850442735,3.1183637552378256,-1.4657822407994362e-05
3.012621686024779,26.54205891900793,30.2611064369546,30.466040826830433,3.0799033121746797,-1.4506526239713023e-05
2.8243227146479266,26.64065386967434,31.239971830403626,30.844532644016613,2.902707424498656,-1.4356790375709931e-05
3.0977548857741803,24.702059731680855,30.553607746758537,30.364004817551624,3.1614490935742787,-1.4208589602279235e-05
3.119836522924094,27.054477068201322,28.70429312140031,29.20170264461544,2.964940776679271,-1.406190243861916e-05
2.9792053335343516,28.312679923625115,29.968717371889795,31.8007510702441,3.116786944988687,-1.3916712094986937e-05
2.8285873862629938,28.88422678244132,28.04532593800464,30.72325187605492,3.0512322135180976,-1.3773006372188965e-05
2.7719317036321973,27.920100415684065,29.703388213172133,29.613963265273075,3.101075855889959,-1.363077639792565e-05
2.893454698709671,26.949733280102247,30.395417451160164,28.09928722425018,2.931428508241485,-1.3490014785397918e-05
2.901406362496606,24.837567642540908,27.948714748745502,27.24436398367018,2.9774950033486034,-1.3350713618592227e-05
2.958857901634682,29.0185569879036,28.729693096703386,29.51050060566157,3.072812352816873,-1.3212862644206655e-05
2.969941121867099,26.523639656592373,29.498079312228008,28.73436905803302,2.9672484207081555,-1.3076448351220013e-05
3.068146780241121,28.432791276465746,30.124788736065632,29.193825367596233,2.8648218029893027,-1.2941453973295313e-05
2.9677516596591507,25.80325115260419,29.846891788559947,27.59891549748862,2.8554519316364027,-1.2807860344994273e-05
2.826811468552546,28.203381988992906,29.757495444274703,30.34127596130497,2.8582355288442134,-1.2675647083768309e-05
3.056688474702728,27.931591687458702,28.280280926601495,27.699628352692255,3.1033383115767115,-1.2544794426747975e-05
2.9667966549393365,26.931128171430274,27.339846804065324,27.803886056725283,3.147187496080894,-1.2415284299054917e-05
3.076215134659866,25.52200684923748,28.29317494042567,28.481084915880547,3.012186731066876,-1.2287101171465751e-05
2.7880746777754504,24.611500112873333,28.457226285789638,27.157535790417125,3.048595300321591,-1.2160232407239628e-05
3.0297689704907014,27.972293248407343,28.558068319754952,27.417095449833102,3.0006840439010354,-1.203466749077784e-05
2.9404690111917677,26.88253173538543,29.388371019709787,26.891036993632888,2.9508294296214315,-1.1910397308789394e-05
3.104524953927472,27.56826042872094,25.51125357381435,27.182638440716637,2.9739129717195993,-1.1787412830457262e-05
3.0144604567931093,26.10742238239168,25.71826401466454,27.145825988502647,3.1148315005353,-1.1665704084789587e-05
2.7953830311337953,27.283324730990554,29.468201519944653,28.51664696596307,2.9765787339265777,-1.1545259485763872e-05
3.1126065737846385,28.74344737082628,28.570577325664804,26.605875746196546,2.8174182496945632,-1.1426065550289477e-05
3.084835958280113,27.31490034317896,27.622948239348066,28.472921859919214,2.9367320358725095,-1.130810726123829e-05
2.8805337309523606,28.024360037830867,27.984909597954683,28.79311148590561,2.9437918377385484,-1.119136871352422e-05
3.011173735187944,26.866109297840733,26.094001513473213,27.203422406768933,3.134083619506094,-1.1075834004258946e-05
3.0069153688248513,27.340123320997435,26.102771688721322,25.401666945036602,3.132648287716998,-1.096148802702133e-05
2.774229876252585,25.64770615452956,29.851318823614196,27.26563641840373,3.062580462015017,-1.0848317108042199e-05
3.191192488634413,24.80590562560166,26.621285893882224,24.911336158340486,2.9944461351520313,-1.0736309087636176e-05
3.071070482504021,25.265207427851358,27.537855875034246,26.950371225726915,2.837842849292312,-1.0625453334683637e-05
2.9259029601872535,27.175823329599766,27.059851036661737,27.407320299612728,3.121523542842362,-1.05157402237526e-05
2.9354744837479605,26.889693408709803,25.82066383381675,24.95860220924532,2.777825376114846,-1.0407160451012562e-05
3.2401534768129956,25.143686867248576,26.262865351052593,26.526450535272012,2.9686465831637623,-1.029970452063312e-05
3.1044471849455246,25.967426661067268,27.754206208585536,27.34694730995546,3.1987591880043653,-1.019336206348084e-05
3.000509647142786,27.941756453935618,25.65558673207059,26.44917171746034,3.132271224959205,-1.0088121881418267e-05
2.9484459424915204,24.74529462610732,23.964560559671355,27.815258560805994,2.9620723825403203,-9.983971692008493e-06
2.8986084805762586,26.46580676308336,24.352388126346384,27.62320906850713,2.82801557684616,-9.880898569201626e-06
3.0116680497975303,26.53636013034668,26.73867231085297,26.194046390884743,3.000283904495313,-9.778889533130249e-06
3.1213023803253606,25.119977737011936,25.69916633852762,27.383893314548136,3.13169706943322,-9.677931846419249e-06
2.9778566645853837,24.371353027162318,27.299785005724992,24.50017312731925,2.9145566166651764,-9.578013520877889e-06
3.0369006027078633,25.899315710620318,25.1940112926679,26.026092963077527,3.079613926505228,-9.479123489402623e-06
3.086866871152959,25.32474997468028,26.66549525547478,26.659351438600297,3.0775371431427696,-9.38125173712873e-06
3.08102035690283,25.222357988829064,26.235035820991243,26.99379715238403,3.075122363927494,-9.284388903081483e-06
2.774264585664569,27.693130897934243,26.217390545614254,26.216770202968075,3.0580844445908397,-9.18852595177192e-06
3.1653651079989173,24.285042220949578,26.161094897964354,25.17095733031231,3.0426542413491138,-9.093653895618836e-06
2.8063369166344057,25.546409475675503,25.683358924467765,25.722237890734654,3.011895306287006,-8.99976347293298e-06
3.099277327029579,25.86681539329302,26.361060256727075,25.254107651001775,2.7932883239792132,-8.906844921993577e-06
3.0619768327570243,24.33263833223189,25.66397930560333,24.960155932984875,3.0908413229616523,-8.814887933166452e-06
2.923022242842316,24.395083935435576,24.02097777830031,25.820337039516318,3.118431980219347,-8.723881783753458e-06
3.176450170040635,25.952893340134697,24.937558772645307,25.38636441493958,2.9730744837914087,-8.63381551771367e-06
3.0796240166166,26.132399134654506,24.982434783161775,27.107196907742193,2.958945483252467,-8.544678457169278e-06
2.9040734996309405,24.3791380910845,22.718920220593596,26.297549250988993,2.933560519767728,-8.456460196695765e-06
3.1068398595434776,24.49683710996398,25.889165029423012,24.828798503968507,3.093532193231576,-8.369150880141728e-06
2.977481747059426,24.936484806536885,24.404292097356098,22.983853978677704,3.039237554653101,-8.28274125383202e-06
3.0245740706067648,25.89246951182057,23.958371529436622,23.254868727048812,2.7461198253328254,-8.197222593000316e-06
3.11615450779229,25.67366587117471,24.105253946023762,24.326522807152013,3.142985233960296,-8.112586480766908e-06
3.1192328949360086,25.120300558624677,26.251480088812194,24.55583531028782,2.9714744623596165,-8.02882455282768e-06
2.8509361513552167,24.563684573598987,23.351300122933683,24.065854963562316,2.9009797864425906,-7.945928470598794e-06
2.977594009089696,23.70012158621712,23.708736616231427,22.896708608333196,3.054436442753988,-7.863889684365333e-06
2.91603338899076,24.128285657663977,22.238670834930243,24.829154758415328,2.993086171473249,-7.782699252802309e-06
2.789329175033031,22.57008913768725,24.267825310965115,22.884368601455936,3.1933816451168333,-7.702348136996914e-06
2.8977325652010872,25.34271434205688,24.34413594098185,24.971525520112003,2.723049979340836,-7.622827069808022e-06
3.045110360248414,24.33637996750229,24.283977950643276,23.143914729974362,2.976958997377867,-7.544126805154402e-06
2.8695348322997694,24.037340224444527,24.553348444863737,24.217158738942498,2.9421230800689218,-7.466238322119954e-06
3.1782061490036293,23.436810057772384,23.691783504560707,23.21414679853219,2.819032868066375,-7.389152995608854e-06
2.9823026922521874,23.17505455161382,23.390727329961237,22.97540640224511,3.103755093433959,-7.312862438642549e-06
2.9805763672519197,21.786093995344473,23.053760006000687,24.924026481478098,3.06869577157694,-7.237358743529195e-06
3.0901087027477425,22.497529971757366,24.46395262566643,23.86995909863948,2.955618886825463,-7.162634235891342e-06
3.086257465716338,23.656138508600193,22.757483338728754,24.099040504327053,3.255724474502764,-7.0886812218174765e-06
2.9467250334235,24.043261433194623,21.380403283224503,23.83928973547096,3.105986847654023,-7.015492250225824e-06
3.174610458349808,22.178697565537544,21.264493815292575,22.303906033793513,3.0507851150521454,-6.943059694193573e-06
3.030359153498329,22.252244431584526,24.096003103494223,23.81428372624225,3.0345356117871036,-6.871375834255207e-06
3.104295187786834,22.373315534714493,22.226155720684037,23.961032338268623,3.2510385724228223,-6.80043269438764e-06
2.942691062665301,20.84055951066179,22.568569913422888,22.554482913305876,2.8553307721200185,-6.730222390709682e-06
2.8963832914641716,22.54777133124592,22.244258521406646,21.929554187140912,3.050220287375002,-6.660736997349527e-06
2.9345735787097333,24.65009027667998,21.519643422754903,22.565765121231205,3.3103078736767637,-6.591968695209362e-06
3.1384686165167723,23.392729136448647,22.61182208128032,23.08765159375629,2.6529895433873163,-6.523909826542353e-06
2.8661059398681177,23.310518577957968,23.238940445574897,22.31519746617428,2.9294594191104446,-6.456553030696911e-06
2.80903495695289,23.200746049248753,20.515897449245575,22.91063292996611,3.2457508565327537,-6.389891115730814e-06
3.0186599902008684,21.944712468243825,23.47201971488967,23.604247973824926,3.064109899461514,-6.323917149214209e-06
2.9341601560308597,22.224275145519286,21.295244921007477,22.914304009062384,3.228162340820597,-6.2586242964661524e-06
3.0096198672431638,21.766924293521914,22.606877525621318,22.162978660781583,3.125413836661917,-6.194005732235179e-06
3.078260312042461,21.758193690876666,20.72787294951828,21.281072958765996,3.0242730784671013,-6.130054743522244e-06
3.0650685942593103,20.88622839877349,23.376541640848135,22.112382956905133,2.99603098526049,-6.066764501790057e-06
2.9727399371446595,21.016178599351996,22.175162576939456,21.187447125882635,2.9483997908709294,-6.0041281736826495e-06
2.7770324259556074,22.160253292042825,21.124870764616063,21.796421817823532,3.092531017547639,-5.94213878513207e-06
2.817802423996954,19.931786526693333,22.966770218122,21.984304323529887,3.093257160387353,-5.8807894591231515e-06
2.9896084024981686,22.130347575588317,20.65766677025615,21.673360342567204,2.9884729770724867,-5.820073377599357e-06
2.9631458422277652,22.177913046573423,21.463194867135403,20.62434413283694,3.1142945174533936,-5.759983929196105e-06
2.9040282579874734,20.142788330170994,21.26822827685483,21.657303473928213,2.9429990904059737,-5.700514524766005e-06
2.9136792528784716,22.02585611340742,20.790875430528644,20.617506289311308,2.9464791142561872,-5.6416588006739945e-06
2.939076226442286,21.960359191992605,21.697887220524002,21.01570964022445,2.7802355819985003,-5.583410480833898e-06
3.0833355341219333,20.05192042859673,18.935770209307304,20.94940529059535,2.9197784528100215,-5.52576347458578e-06
2.9075177903546177,19.839388225793016,21.12451898043161,20.045712826253,2.936454766517205,-5.4687116971595906e-06
3.1611740152018695,20.369966300211455,20.141695841789,19.460359319975694,2.9489775509479674,-5.4122491948710175e-06
2.7365461492279963,19.475159241614953,20.619229929666556,20.229594449516807,3.0023746727307317,-5.356369884252302e-06
2.881793116373705,20.53776897054342,19.286848429806565,19.872047288372798,3.1206012137841705,-5.301067752324231e-06
3.0564855019989245,20.443489875997255,20.85125090503457,21.19045560525079,3.0136335448624205,-5.246336777411364e-06
3.013637315786542,20.33418193314528,19.748114170430522,19.917803434867466,3.119930718324956,-5.192170965072181e-06
3.1359061794256076,20.873825191466125,20.52651711865673,21.218843185098766,2.8692804018225138,-5.138564428511326e-06
3.1418380768479355,19.50269225223983,20.55770772013334,20.398383641079914,3.2422006193793247,-5.085511243594102e-06
2.863092650169188,19.618976994708767,20.20330629294743,20.39553087801341,2.9357386073155363,-5.033005594355191e-06
3.066753099499875,20.46452992937928,20.355240575386865,20.206125646899512,2.9382356810384014,-4.981041806703667e-06
3.0458641191555476,20.69966476641545,18.368017965191463,20.19286529300541,3.294542484974937,-4.929614298848916e-06
3.1522866056927827,20.07035699247193,20.680317372469414,19.12935980966011,3.0283854748971044,-4.878717665904392e-06
3.243893740878428,19.41192272241425,19.800539416004305,19.34866757157128,3.1054920996229143,-4.828346566002364e-06
3.069177787729652,19.88213642321041,19.455206322110328,19.142948060817215,2.724569176442219,-4.778495606547563e-06
3.022415234898849,18.505285623367,20.053277932212577,18.77296919883821,2.8776400174844206,-4.729159499097634e-06
2.9909459237725806,18.942076431418315,19.57368400791595,18.727724860799587,3.0370624306325906,-4.6803329964036965e-06
2.921650864309235,17.789835552537568,19.36267516209201,19.545436691541518,3.1334707316422405,-4.6320107243085345e-06
3.0264448895054294,19.856885362710827,18.43238633641329,17.80544236156474,3.036666347118508,-4.584187409848809e-06
2.862213440471494,19.88554919963611,17.67289339246227,19.598177236645306,3.1091782766688207,-4.536857899947729e-06
2.772293662533477,18.40840225318807,18.658791208982866,19.90177036968848,3.1460399278441535,-4.49001693822809e-06
3.1065306589282256,19.818039833015852,18.88454133753822,17.653023960558354,3.035447428872063,-4.443659505907721e-06
2.905669715496958,19.265828617223573,17.782970966377682,18.268456346237496,2.9686737448367198,-4.397780526164177e-06
3.0231983717679665,18.734352532571094,18.232948553808345,17.7264543602693,3.0946220258308053,-4.352375143505297e-06
2.953581531112884,17.994960401556185,17.90715368575115,18.912000102648914,3.0613167204071705,-4.307438479309615e-06
3.164756235560938,19.731982362504738,19.689330234407095,18.149875108533262,3.0968541717681783,-4.2629657275976635e-06
3.1648761193960695,19.20123381424904,18.015793980371598,17.307629557427685,2.928049517324443,-4.218952134025369e-06
2.8696822162970954,18.794943873961795,17.107276165953305,17.728709568103223,3.1026204342630623,-4.1753930194248625e-06
2.9396013011217716,18.409970636427076,19.04163951154734,18.905368562213283,3.049213416247913,-4.132283747076338e-06
2.9606950607089244,17.391686419218672,18.337800086220042,18.940223754630633,3.103685527526398,-4.089619692994405e-06
2.8309861583676277,17.01845966068703,16.734140535219076,16.85784143921903,3.300617988289839,-4.047396217118802e-06
3.0275648216618776,16.635467845185623,17.64776424970798,18.21148862869232,2.9031313950363367,-4.005608724304798e-06
3.039076263545512,17.655872088136512,17.270588116118343,18.256129955475124,3.0333397182606303,-3.964252722410706e-06
2.8936273482482404,17.973771980316673,18.04122457580866,17.59609227064371,3.052933288649942,-3.92332363082457e-06
3.122373030708869,18.063061852921347,16.175076184354452,18.15108484681354,3.0823421987081856,-3.882817021450129e-06
3.089105644422161,17.343733792792946,17.809098730311906,17.608271816118656,3.0674274464645066,-3.8427284920506256e-06
3.031074325836497,16.817214864680782,16.98332789342386,16.376356864761078,3.1199572459205047,-3.8030537675183394e-06
2.9521511938544664,17.280444608125222,17.57003971596974,17.280940677266216,3.179806177785203,-3.7637886606222505e-06
3.164100232195938,17.612489279075174,16.97543009421231,17.19518915146289,2.944218010875509,-3.7249289408611607e-06
2.798092772295023,16.95599221276989,16.892731859532923,16.522768890586473,2.9826094787743203,-3.686470454281203e-06
2.943672379665908,17.587841424275894,17.801226166924263,16.630359817397398,3.1602140479317646,-3.6484090897879074e-06
3.1683712800982984,16.93111772487145,16.733941402485062,16.41544799086138,2.9030234151998995,-3.6107407889350153e-06
3.0833238460185988,16.18916018042779,17.247511137545597,16.586916106508575,3.144610435721375,-3.573461469280338e-06
2.9695377976126056,16.805931784891133,17.573903755376865,16.4556757752952,3.077500783401503,-3.536567080973302e-06
2.987818933274806,16.65399458799623,16.6529901620157,16.60932088548195,2.984412816453696,-3.5000535938884163e-06
2.7539893388472954,16.18818281073863,17.91492688454884,15.695441510721711,2.9626027465297082,-3.4639171330316885e-06
3.08561664079122,15.40137637028268,17.868706045377554,15.128832817243847,2.9558941902807385,-3.4281537107870042e-06
2.747809242204854,15.612218430866184,16.758943371976898,17.273630728534798,3.0322668953296152,-3.3927595047035773e-06
2.900178435020456,15.245626278878634,16.001779041699695,14.968415672358166,2.982463074065202,-3.3577306921422287e-06
3.220243725690689,15.955313403019154,16.103886422075792,17.078214844911116,3.091781238954454,-3.3230634504072634e-06
2.743686002516024,16.319778381565396,14.741105303936338,15.330981738025859,3.0635564162396993,-3.2887540761572072e-06
3.1699523171734354,16.274507688258513,15.307631745657273,14.22132197943446,2.883145043869068,-3.2547989615424463e-06
2.8730332243099674,16.612191185840626,15.038722699607801,15.277097588958613,2.9479625357122443,-3.221194407989743e-06
2.9630542151840125,15.274503233242937,15.609227854663786,15.650979498505702,2.9070490326178597,-3.1879368687655415e-06
3.0713366993127487,15.256312722549202,14.542857757144846,15.52179172237353,2.861827411193767,-3.1550227034218162e-06
3.1351791122250865,14.862151820895921,15.311790845660111,14.651303700183629,3.012423126195288,-3.122448392610174e-06
3.365662874211657,15.37470474277304,14.92354597416147,14.507061470869784,2.873454371008514,-3.0902104732073078e-06
2.9263305278777803,14.53758156345235,15.083436367650183,15.740958110324476,3.052587188360429,-3.058305459167043e-06
3.178286716781877,14.842908033618276,15.172960355374268,15.020919853991831,3.0774759576579833,-3.0267298177759536e-06
2.8589243972678977,15.414550455131746,15.4820050843574,15.332134628005461,2.907892878179575,-2.9954801117440167e-06
3.038374972713086,16.223864592225095,15.667481637970162,14.59797563457539,2.8131971053727565,-2.964553031884215e-06
2.8508911753084796,14.861396298223974,14.11976445717023,15.380600262738827,2.909533129423517,-2.933945247754842e-06
2.985521821178826,14.714292448282169,15.239251343251611,13.909630691233678,3.049217173467224,-2.9036534125901887e-06
2.699181619546483,14.478140509261596,14.149231817119215,13.961647326777165,2.870340036254011,-2.873674333888914e-06
2.9808802132835566,14.213856633653567,14.841807070215246,13.827837672329206,3.0836862323614174,-2.8440048256385974e-06
2.884391781440181,15.153252129623876,13.583532672401507,13.86084629379461,2.716840890811754,-2.8146415943499123e-06
3.2894028173301955,14.423994391390055,13.842841412279911,13.951744839533117,2.9997459577180208,-2.785581562980417e-06
3.078859409392504,13.701984343378927,14.259973016684352,14.189565253049434,2.8703814478598026,-2.7568216199457527e-06
3.0030599735525385,14.298688618191507,13.270375645615097,13.518775226103577,3.027357096759287,-2.7283586035085927e-06
3.2603348965493084,12.994808905763545,13.253246506043947,13.808620359559633,2.9962175997026286,-2.700189476152096e-06
2.9829955321303987,13.20139600867043,12.80465218558795,14.00555417360577,3.0851699544300435,-2.6723111779399775e-06
3.1163070215302695,13.175461118530649,12.560507379789977,12.69989916697816,3.0261880965886037,-2.6447207217909047e-06
2.753655488553657,13.572375970113825,15.11101221989936,12.187778368339197,2.965072426489247,-2.6174150827944415e-06
3.204366500767173,13.016172508985152,13.417409176364199,13.310973101316916,2.977537919084088,-2.5903913639577977e-06
3.130160859383219,13.671032096201323,13.331664246543586,13.334318554599289,2.99606271193339,-2.563646627082689e-06
3.0610534624401904,12.969820065414945,12.874363489563827,13.109616402722077,3.0246971340642324,-2.5371780011899698e-06
2.964087667770649,12.60453894420235,13.182915436564887,12.290127733694385,2.8139694364708063,-2.5109826354662366e-06
2.9747672516969748,12.545876011755148,13.68668575630992,13.334254659503195,3.0078618238514503,-2.4850577647285947e-06
2.851278650785037,12.926044441648822,12.542673089674485,13.241342858175205,3.1962537408621956,-2.4594005500073194e-06
2.977965968714054,12.976752763765424,12.928836326456585,12.233431720035941,2.8478837613774126,-2.4340082495678154e-06
2.8589988753451037,13.10117398916884,13.151466187372161,12.108911924389847,2.986204467081252,-2.408878170741224e-06
3.0820075895469006,12.394631838276505,13.275267575626117,12.608301412923936,2.973774583211767,-2.384007585840415e-06
3.069597910546548,12.573788484157715,11.89695857443576,11.653837963583458,3.105627377501074,-2.3593937765679747e-06
2.8046774143975823,12.273490921640217,13.25822263654101,12.64209131009839,3.222564809778677,-2.335034017495805e-06
3.082362024808604,12.152873485306568,12.323433759373682,12.862879179185494,3.0205673672484035,-2.31092577006097e-06
2.898842191955335,11.094405698483149,11.760243788250959,12.001164116674698,3.022425196336383,-2.2870663826509125e-06
3.188793520135439,12.467648071882833,11.801062602713772,12.06174538509647,3.0016997754594956,-2.263453348794957e-06
2.922690887255994,11.437533206534992,11.34420187928101,11.492001400533114,3.0475232537244854,-2.240084096141413e-06
3.2238778592926605,11.491354871726024,12.270385909444604,11.648709259454536,3.147336938803569,-2.2169561320502657e-06
3.0211965589906833,11.982699095146113,11.680136053171202,11.59733275489293,2.886784347717723,-2.194066977847407e-06
3.0178631884008555,11.443620229258512,11.697203009634048,12.63227833365522,3.0770470950566047,-2.171414089415313e-06
2.701984748051654,11.960608460550418,11.979179593500863,11.02773313287655,3.087027306389122,-2.1489951218505952e-06
2.819846448553406,10.737671282512906,11.675062236219143,11.700743476258701,3.7084983878782465,-2.1268076706429287e-06
3.1879544608569748,11.573039286270923,11.598534810965832,11.145124617083761,5.0711874410589015,-2.1048492835571112e-06
3.1397756413189386,11.146702231695162,11.934232006172572,10.668632634309615,5.4254242988016514,-2.083117623359256e-06
2.987516464671909,11.14854875697622,11.577151704779224,11.219602001004978,6.742922068645818,-2.061610347525477e-06
2.703181984921452,11.69913501906234,11.420248949761062,10.56050035132732,7.28997871336542,-2.0403251218924874e-06
2.791855825138373,11.287253951457402,10.818271254222859,10.849193280934124,8.482572796323032,-2.01925961480518e-06
2.8783629544974234,11.705589810630855,11.130865537048175,10.974939076568127,9.364923074399059,-1.9984115450988924e-06
2.899763043620298,10.680617919072235,11.077026038594937,11.290220435245121,10.304715793981131,-1.977778726336883e-06
3.1177238301972707,10.927742275560375,11.117100047113658,11.519879292220322,11.013025415771082,-1.9573588910772042e-06
3.0177044913239293,10.53522610656255,10.855078332926652,10.43625683913651,11.84365109554527,-1.9371499564759114e-06
2.936212222632344,10.427826331310166,10.683331903362232,10.977690900743982,12.389395560801042,-1.917149676221298e-06
3.233357802894758,10.322787357915592,10.748543605375225,9.497446675390435,13.531430831327611,-1.8973559340180993e-06
2.868585274671987,10.240470298819313,9.223111424502825,10.080426514283467,14.42410733161394,-1.8777665431523998e-06
3.0851728317300235,9.855655784106517,10.320609378861759,10.20011755722927,15.57476019386448,-1.8583794052082723e-06
3.023393079624976,10.359260427664967,10.312710135038515,10.451436413247697,16.326819769431033,-1.8391924383115861e-06
2.978226177950877,9.760586874892098,10.24916398513826,9.950303428991015,16.83171654676355,-1.820203555603152e-06
3.0618355900798915,9.674045482525575,10.378051736941055,9.658492986113364,18.55078535496645,-1.801410698571058e-06
2.938813234118414,9.74065326479164,9.879997296056938,9.604553874509735,20.291786143566423,-1.7828118868407634e-06
3.083874761410795,10.229287514422946,9.698991007601167,9.373314608358077,20.135385713093903,-1.7644050441077588e-06
3.067144854420628,9.749209546377624,9.976172971876501,9.352499470709565,19.64020222470362,-1.7461883040309038e-06
3.0748700902518635,9.609452997292461,10.274556537412204,9.029373927780904,20.12839906197689,-1.7281596842013e-06
3.0524558928840544,8.894838162419989,9.139109673699876,9.542399637075093,22.18481529953005,-1.7103171375469253e-06
3.2060893087886253,9.106344173574113,9.555205826380133,9.581643276616024,22.879857358420004,-1.6926588562343773e-06
2.93135502959249,9.023366843612525,10.134522810829367,9.022466005129052,22.84895178231106,-1.6751829151974714e-06
3.111637257234263,9.774107258573364,8.665501985055931,8.619490497215777,26.379736847348337,-1.6578873939905815e-06
2.877584376693194,9.22412443974708,9.342676972722199,8.969742308460265,25.69298267938968,-1.6407703735542495e-06
3.1064684805902196,9.059268829243212,8.99747913322975,9.090762689592763,26.85339399692559,0.08914784307936115
3.0433193657229483,8.803404123679098,9.063520089883948,9.043349828364123,37.392616711394844,0.4387463306623975
3.225403710561365,8.573041498815307,8.927765376007242,7.981103493846961,26.94401509618764,0.902425256371771
2.849279721215721,8.285700748921931,8.065741171295366,8.709530235935803,23.22070131557545,1.3443619060276544
3.1911199496093934,8.555042080555712,8.097596999659359,8.979853571310233,21.105652436004686,1.5
3.37119830616757,7.453117754771056,8.94122671531813,8.838835354176021,17.142073210630905,1.5
3.2943555866245684,8.331965158677697,8.895023750781302,8.216235226562118,16.388652313243355,1.5
3.290825911082113,7.971316680024517,8.617800835643989,9.146468953205934,14.539056564459688,1.5
3.4575284463096705,8.355461442337655,8.38266781690133,8.615326446619637,11.930970228213047,1.5
3.6118577362618445,7.44934583511328,7.857893841447279,8.349894441467459,11.083991704844571,1.1605933559923345
3.66076169065663,7.7532959144989695,8.388533291647331,8.67195914330155,11.171236731357746,0.775228741889723
4.069744080668423,7.114671275841062,7.41729848065206,8.651615050819782,10.927864727188481,0.4647719198432294
3.7266142394439195,7.392445056903263,7.647572125342649,8.84416757792655,10.879403643372209,0.30003344526471654
3.8918882910992787,7.046054258244907,8.15735075576308,8.88844204369715,10.46654231815575,0.30902635170183285
3.8472763518333544,7.222525095593713,7.523528732337196,8.583875209374293,11.063941868350746,0.47458532657002944
3.9852119532123593,6.945214759276145,7.684857287595035,8.197094465514944,10.894983001893433,0.742733002517914
4.220588960702389,6.914876535291771,7.428888492949303,8.576600084573595,10.522352072832613,1.0391535691605371
4.197959477727524,6.588605213039528,7.307886508966994,8.316145923153448,10.21027754715175,1.2891373108399846
4.2799522746507215,6.318567930257207,7.696369617642335,8.342612077834755,9.843303633125542,1.4358393839545551
4.207616408280938,6.321711937397605,7.062225179364005,7.744316322820602,8.977049295206921,1.4525557576196082
4.619898285554208,6.618714747148715,7.175177899395062,8.476529421898553,8.348196429300442,1.346570928621988
4.623802211605231,6.144294058716579,7.6772756553693,8.531754562502927,8.489152003403959,1.154402082305808
5.132317222271881,6.023127134513115,7.331406356568778,8.127277769346103,8.21070642436361,0.930358294192864
4.804548620893703,5.906245108445246,7.632427807112561,8.309188282631906,7.9919255890593535,0.7317740118215958
5.299329176376447,5.739492082492424,6.997831106003807,8.89364771715939,7.6045232728251175,0.6047869789733556
5.449342843034525,6.005314645159865,7.366568687650248,8.332055306744781,7.401405204595087,0.5740705686990437
5.172964306141664,6.195359125758653,6.690952776319937,8.996169402367483,7.930576619576678,0.6386841561850833
5.229911290386632,5.522594061893655,6.940155783388123,8.733806798577465,7.028346861189037,0.7745315939656265
5.586592139236584,5.53916375869274,6.6441494470138185,8.395028196628257,7.457773232447718,0.942258354200937
5.979788534285052,5.704528841484321,7.158742945904488,8.981679947258602,7.214016591806953,1.0981832699251717
5.86133899759537,4.949817660063443,6.665735771199356,8.040728219362325,7.1066425622532226,1.2053258706110423
6.713048653682051,5.529088281316068,7.134909689672749,8.681956939089348,6.824089605487739,1.2418284515112257
6.504460016451199,5.253636902044117,7.482896985120627,8.904282639175172,6.73302925109487,1.2049519204977972
6.169185901009461,5.497918379649195,6.991446324793066,8.51752341161767,6.403620519214886,1.1100666977857632
6.858544130371375,4.898851614999879,7.007980090300393,8.620272559807889,6.124998253530568,0.9853267305461896
7.024873487299759,4.526215118031223,7.075289994877965,8.139804351848477,6.492659468047169,0.8636994238356218
6.717062113529325,4.782787327129563,6.685842852208306,9.343064185407517,5.8304575597210535,0.7745183395258081
6.550513122265332,4.903271430149747,6.779371310834239,8.529239150933288,6.156923421292736,0.7366542481417042
6.380372854593613,4.505773472612339,6.494034672029672,8.855803092554664,6.325922522880051,0.7548277337779367
5.629254064481483,4.920687624464556,6.777760890149456,9.221261301214021,6.2976718341490825,0.8196914839073421
5.391340319803155,4.607430757243579,7.155056328977971,9.523676309286738,6.101346377719404,0.9113362625623603
5.833957188355395,4.690489582399921,6.753780893231813,9.258246397236048,6.072458684112576,1.0050670133881163
5.246755783272165,4.755858672741763,6.586728757770961,8.989398502177202,5.849223006278771,1.0778404198754976
5.098786208922072,4.593046768236104,7.300315698135648,9.22438345900413,5.5007738607534735,1.1137350317301788
4.733787993054517,4.2196807562665235,7.552238321076066,9.646017983427031,5.504645707951554,1.1072058268360583
4.660495257293831,4.660793001377163,7.421545867537823,9.565053727737165,5.17978045107409,1.0635261847966697
4.738656928318489,4.500824892310534,7.5313872715354275,9.758175716776377,5.225697972464022,0.996557502504718
4.325326256700526,4.378322909495319,6.899510593514912,10.316738885606705,5.493841022034868,0.9246234685184529
4.199004449567263,4.311362424966421,7.7958025922031995,10.24532908950587,4.984637274649657,0.8656580603444796
3.9562874762929168,4.300352735744338,7.240200756397595,10.285186734557485,5.205009112125364,0.832871047991133
3.9739190755024563,4.211760145007369,7.5987177984444525,10.359951197115699,5.322188732887316,0.8319414703746912
3.807756606656191,4.440310327931908,7.70089693364536,10.611597439117778,5.332434469530731,0.8602904729612529
3.7907079375115393,4.084510525069565,7.224781683498377,10.790276323996913,5.041984059663727,0.9084303685287962
3.595243781713216,4.247938454170265,7.20008654968606,10.758636683895793,5.159193532355691,0.9628802480815035
3.866969393401581,4.271794063533344,7.791566909455928,11.206330838827713,5.038048205052398,1.0098001982821514
3.428966840279713,4.41904005169026,7.804078481901223,11.91451195701836,4.796152403783598,1.038394916669208
3.4511405354076667,4.0907418016132935,8.185909826857715,10.596255831183482,4.73079354022437,1.043277317801158
3.521580946395924,4.583258424204236,7.716213549674713,11.083872140090449,4.908022427798881,1.0253076947503237
3.379275230233249,4.376201126768099,7.9520340499693996,12.543686156194953,5.01547095698645,0.9908379739791695
3.190209284303997,4.623585856865005,7.914071961286048,12.796540030506774,4.413988627309506,0.949684822019029
3.002714262734472,4.648075441809186,8.070404364380853,12.473027148804874,4.540025943788065,0.9124360723069873
2.9139297070190726,4.462070279551737,9.047397572559728,12.572327486975881,4.630032746747761,0.8878043025629676
2.9815045158669253,4.759122175842436,9.252838300989318,13.560588574373527,4.654640587808191,0.8806678786103312
3.062496056553333,4.810884783983539,9.493815680747014,12.727341794868643,4.4415765834150776,0.8912168932621503
2.8226417395617482,4.701950539581382,9.461078541919447,13.943015706524676,4.526666219127396,0.9153160275919321
2.7849225046981387,4.806077556670854,9.82759192639665,14.088188080314762,4.451363748104426,0.945889898087334
2.687896337272758,4.895401855478349,9.854989699424113,15.365394997502474,4.657044611048798,0.9749039362085694
2.7222778136206864,4.611003971374027,9.826933733078643,14.41688723425261,4.525621917028129,0.995405844632463
2.6101689641652723,5.0941783088695685,9.660468089353836,13.246334259388622,4.116040101211851,1.003124775488257
2.6080623515810437,4.788760677185029,11.03931531128305,16.204901701656578,4.304373696571105,0.997277348808385
2.5819650780333725,4.939162796458,10.97217511417708,15.636200840903557,4.212150904143749,0.9804536863010522
2.6124483494205006,5.336541858073761,11.158171494290112,16.95330432490121,4.229203083964384,0.9576917599126773
2.5230639011025726,5.501434345284364,11.28959012642847,17.898349695880025,3.8480756568238292,0.9350364138007505
2.5377799797287164,5.831754712144162,11.144623644137786,18.32919175275394,4.033747097158594,0.9179789297003369
2.602357614751337,5.786211000010646,11.43881787419715,18.627063243565985,4.090654198818028,0.9101675768427859
2.450806306750253,5.889584701120483,13.862181542616693,20.799265330934976,3.7545798373939117,0.9126796354216977
2.49139567976521,5.907921470970788,14.09284572253148,20.356088058560708,3.6608049293622082,0.9239833479137647
2.7645026669438755,6.558159571020524,15.45531610064184,22.262042055535264,4.013192849438737,0.940538932289426
2.3065899601813387,6.959762697835193,13.94651798806051,21.844492933676538,3.700717756950799,0.9578364220349778
2.4438772584815833,6.933342374614245,15.57829169601531,22.665391179383576,3.657645558758586,0.9715792388984427
2.3529538830157355,7.324609861691969,15.476294638542646,23.348484030571555,3.6566242590986384,0.978712328614057
2.278772953519807,8.051227292566802,16.77888991723632,24.929434225204172,3.6244162519398166,0.9780579496453685
2.6432348714119134,8.299756287870874,18.40020940089631,25.714698026772172,3.6800835487856407,0.970438561071773
2.6305751113753453,8.732453643824057,19.63372125772366,28.328191780445795,3.534823285212814,0.9583017417925899
2.688678550078114,9.09850649588053,21.288289014540826,31.7090518663634,3.661663288406254,0.9449820211870626
2.669194760522905,10.204108536876568,20.080117806481894,33.70762514623841,3.432128193355421,0.9338111137579586
2.6843476415031047,10.912217612093984,24.108819909132553,32.39262295253272,3.1637642630778102,0.9273065035929062
2.642605898145804,11.14618571458178,23.203900843358944,34.80640518681279,3.5634525027435613,0.9266292004074412
2.760126525307311,12.460720887074041,26.808577242594932,34.10625807400553,3.236831446961331,0.9314192988198409
2.7613735334263323,13.621870568142112,30.80425285002952,32.77281510657801,3.2653439264435096,0.9400164555355512
2.6588873636482258,15.565529231594713,29.787613101824626,33.21481837685674,3.4822301182487916,0.9499779717074859
2.8865347173756897,17.563389765186855,33.74174927977806,32.561857868114004,3.2761707981638235,0.9587422499067793
2.786500853810737,19.868133557408193,33.850581216054664,34.730379862184016,3.1876519783390775,0.9642632611148065
2.9016996756276483,22.403875045602778,32.2709855451075,32.58223600063409,3.2180351688228965,0.9654639685603051
2.7740176817505544,25.598750787756785,32.47105695534687,33.86082103290335,3.248188846883176,0.9624140705248039
3.0865840662803086,29.5089527100869,32.37130633554632,32.87929123274105,3.1400732921926897,0.7984939293014046
3.460934795013221,31.796988610780822,30.699679179036195,30.40023711244637,3.0035614889499658,0.4086795596758929
3.143377600158775,30.458216880340668,31.30830155965495,19.65079388467635,2.947484023592161,-0.061619827334306154
3.193008676746353,31.171570066446627,35.32190888129426,19.65206003345897,2.750834288467106,-0.4806586066777766
3.169747893652929,31.714035524201773,33.52877449246554,30.410006545703066,3.035362438545568,-0.7475711042871931
3.032763575612911,29.877351373970928,31.397065243160657,33.82014949945603,2.7216920319880376,-0.8096325539895073
3.0644542955686647,26.299134164516506,31.90667466792508,32.61670907057514,3.0159108211003907,-0.6693408859394724
3.0221264679434623,23.694599288824843,31.49044003410986,33.64311741029618,3.0307699194576627,-0.37846611818321085
3.046366638913758,23.285248169996173,33.228302466775894,31.298459138290113,2.903897473226195,-0.020974309598238594
3.082613988384366,23.343037534961457,31.0002160168398,34.02695021894572,3.1664432052481004,0.3102761891083379
2.9453714337017374,22.561546366379734,33.30444074127162,33.92367390958297,3.0822754349236683,0.5369271926841597
2.8561840636322127,24.926819193855415,33.50410822142146,30.991306844522633,2.864817875847977,0.6129262460203375
3.0626548290263154,27.857292255912746,31.740948316775324,30.962644940867982,2.914775063799956,0.5329099215696335
3.040767546972749,31.791696272149544,31.583631159165073,32.5383275911001,3.059408163644969,0.32995236380067405
3.021153867342839,31.889785736353854,30.415024444900805,31.69067445254077,2.8529625193242345,0.06415721021861809
2.9631677114674484,30.691530667434552,31.822681315796427,32.954545382945376,2.7736946975694083,-0.19433114700860918
3.0694755877647038,30.749259246834526,32.46325210068361,33.454371410239446,3.029174837454344,-0.38327478196259007
3.062621461044646,28.865410297592902,31.77884219453408,29.268456200502744,3.0555465268353785,-0.46279619239331893
3.0030809775422123,25.03400350875126,32.93747632337026,31.78880590525197,3.0012294831115605,-0.42312728417035605
3.062022650094747,26.42935345871811,33.20144500556049,29.363526717190624,2.946489821861104,-0.2843544987984594
2.942420669278341,24.79320028954148,32.05920810282721,32.38368489208053,3.070818521244533,-0.08892181494999814
2.9119892304145742,23.51106262167211,30.719315306621464,30.561428912849387,3.1954431836157053,0.11065143494956543
3.0729980426212293,24.030081927193724,30.905174344870368,31.719480281764913,3.029932801866985,0.2654310408333916
3.237545798961648,26.906794315597466,31.051023021069454,30.886853434235086,3.220934767662743,0.3416618567191535
2.9630913455114167,28.176592723693588,31.09562972132206,28.977874482743157,3.0258157341406484,0.32765455249837233
3.003272598068154,31.833346201738696,28.538501777236718,31.954871778463456,3.068172230995631,0.2347010183473299
3.1909501489113117,28.33404526742401,30.979968114644805,29.17383014165622,3.1816417205495795,0.09231767430568914
2.9122165529484736,29.082340295434065,29.664873312231435,30.618541794486404,2.855252152446819,-0.060530165410597414
3.2434256660849914,30.1337124555515,31.221839542666764,30.186425797074097,2.766937430497418,-0.1857361448985842
2.975371587083504,28.40480288813921,29.83872897562492,29.06178879955374,2.947201930299595,-0.25525057794237116
3.0035735027841417,27.720015144548366,29.951896023463966,30.18318062533041,2.9788320361165606,-0.25702687801302604
2.9150009266167416,26.227141238835713,31.063185681834142,28.590469375066018,3.1281435742855783,-0.19655404774446034
2.794633248311534,25.112628513747758,28.517891560621184,29.98492315284191,3.069135460838965,-0.09398822935879544
2.9453287888088724,26.253011067094565,32.57798666097837,29.769048655251595,3.22815826706642,0.022034041254963117
2.902490237702382,25.018734331034544,30.095307295300742,29.362518348745624,3.2933286278985934,0.12210540697612626
2.9356512941764064,27.280296222422308,28.000117395080668,29.630886674027348,2.965847483034936,0.18327092371311796
3.145639931819905,28.501686634880656,28.63862998307944,31.134489440874415,2.963133865587192,0.19404975837449243
2.9427490204195044,25.293176128031174,28.294626520285185,27.916378360333553,3.1623797344583204,0.15622585018940427
3.1037986335553294,27.506521829290225,28.006212110462148,28.468664522344653,2.8640264260944672,0.08325425644966736
3.225332689304742,27.710289281011548,30.077759116786712,30.6759838778762,3.1279863567513813,-0.004033206667473865
2.9258862477805647,27.319064492257006,30.035882279213066,29.286568020067865,3.1606440991032096,-0.08314198657061717
3.031648177405499,27.226785152747627,30.268088206262142,27.981493266228245,2.971425308834296,-0.13553392664349473
3.168881199798906,27.209446664686887,29.40423510605562,28.410140569498672,3.1044310668012627,-0.1507924427828429
2.922512581290356,29.26369737417163,29.49127601711948,27.908637323052638,3.041116872175791,-0.12844731708735357
2.9965157125036423,24.72433622503056,28.47678801494799,27.945819274667045,3.2316833249943366,-0.07721967622759368
2.912179780948166,25.93486958375506,28.18430940009704,26.604461539507145,3.165180319097763,-0.01209638905741421
2.9470055596248086,27.065587014327107,28.414931861239715,28.26823672449367,2.978162589695772,0.04986448602711274
2.835228422746058,26.11002954429093,29.05128974781176,29.302880140527613,3.1810866388201875,0.09386559348899623
2.9229142055072326,24.38127667477459,27.658699588705044,28.309523660252786,2.7661166163739277,0.11077339198697775
2.9122502101893697,29.078945875804568,27.736294724226166,28.870642526195294,3.1194583952750174,0.09884557089178428
3.0362807469570283,27.74022017452649,27.44736426759779,27.703516618532777,3.0893754778765725,0.06350891120748564
3.0217197770302455,27.970101132628276,27.860679181417417,29.322052227403308,2.8369815238643565,0.015412062417383658
2.909538856359924,27.650531394407583,29.04203294978571,26.892847383973127,2.9683562629064593,-0.032622140362594816
2.827181897766265,25.566023827559675,29.463458375803498,26.95150521480814,3.046922874339936,-0.06890700671146681
3.0171106637827747,27.14180348054696,28.311804235433645,29.362611935659174,2.935370539862386,-0.08563647933015282
2.9460818525308845,27.38006158367678,29.07608643758747,26.15044862022202,2.9589717441607037,-0.0804454098987094
3.0004577120028886,29.12217094962532,27.9637786489322,29.823652380033845,3.153453069508283,-0.05650947316188251
3.017357369449589,28.096065183476018,28.285965623080685,27.926586907322026,3.071210637936197,-0.021288065188143777
3.0425327206533725,26.2140075791108,28.829767986573252,26.504345186950545,3.1539127225299834,0.01566529538803284
2.960300212964995,26.8208115671258,26.82129288345423,28.09617410565982,3.163498420865184,0.045210741997490894
3.0528921771026267,26.13863835368432,28.11515480757416,28.177519125209386,2.8792787117437295,0.06080996334672963
2.840766551266529,29.38718121529739,26.72346756840617,26.622708484717954,3.0361172486572734,0.059889798726569306
3.19329002530949,27.253590480105473,24.495226284530336,25.642317333599806,3.0351212590869334,0.04412176930552111
3.0532196508413167,26.869647236256924,25.70558190444199,27.7854664266246,2.879879354998901,0.018644287818054817
3.073440099032028,27.573282866384936,28.645415745473393,28.29277362631723,3.1799449154983606,-0.009490763977441488
3.0078313659525455,26.55287569641384,25.779335505102182,26.011813575777186,3.134532341128593,-0.033201283566264554
2.9750175471253444,26.634039518341496,27.01885633386933,24.57743467191181,2.923153130139665,-0.04710092551012174
2.8480339401537136,25.738272664838835,24.58899680383231,27.55383516192365,3.0149212695204923,-0.04866156264235555
2.766306958956109,26.855468609007,25.237289467079403,25.385107586957425,3.114473909764187,-0.03857862192923828
2.9710464273344335,25.94853869807085,26.32259387889619,26.48267530031223,2.9510480888840567,-0.020320076665990654
2.841669876446626,25.17973967406685,24.950551344516025,25.30654241860852,3.0671345762113047,0.0009597982845877366
2.7555634185084386,26.231457672970336,24.800096745690126,25.81470313396827,3.198268236446668,0.019822056855970435
2.9088134606823224,22.656311417500373,27.939133655983444,25.820207075331542,2.886323864641619,0.03189146064425285
3.128263616507884,25.0687097605889,25.074600677083037,25.896821895154712,3.179017273067296,0.03482815107406396
3.059808378264865,24.600401082905886,24.543930989200085,24.963939363014852,3.0993893878650467,0.028719100942668545
